run_timestamp_utc,dataset,missingness_type,missing_rate,imputation_method,model_name,row_index,column_name,prediction,ground_truth,abs_error,source
2026-05-08T13:28:00.467103+00:00,Telco,MNAR,"tenure, 10%",Mean/Mode,,10,tenure,30.851869380028397,13.0,17.851869380028397,tabular_imputer
2026-05-08T13:28:00.467103+00:00,Telco,MNAR,"tenure, 10%",Mean/Mode,,12,tenure,30.851869380028397,58.0,27.148130619971603,tabular_imputer
2026-05-08T13:28:00.467103+00:00,Telco,MNAR,"tenure, 10%",Mean/Mode,,35,tenure,30.851869380028397,72.0,41.1481306199716,tabular_imputer
2026-05-08T13:28:00.467103+00:00,Telco,MNAR,"tenure, 10%",Mean/Mode,,41,tenure,30.851869380028397,70.0,39.1481306199716,tabular_imputer
2026-05-08T13:28:00.467103+00:00,Telco,MNAR,"tenure, 10%",Mean/Mode,,54,tenure,30.851869380028397,60.0,29.148130619971603,tabular_imputer
2026-05-08T13:28:00.467103+00:00,Telco,MNAR,"tenure, 10%",Mean/Mode,,55,tenure,30.851869380028397,18.0,12.851869380028395,tabular_imputer
2026-05-08T13:28:00.467103+00:00,Telco,MNAR,"tenure, 10%",Mean/Mode,,75,tenure,30.851869380028397,56.0,25.148130619971603,tabular_imputer
2026-05-08T13:28:00.467103+00:00,Telco,MNAR,"tenure, 10%",Mean/Mode,,87,tenure,30.851869380028397,48.0,17.148130619971603,tabular_imputer
2026-05-08T13:28:00.467103+00:00,Telco,MNAR,"tenure, 10%",Mean/Mode,,96,tenure,30.851869380028397,71.0,40.1481306199716,tabular_imputer
2026-05-08T13:28:00.467103+00:00,Telco,MNAR,"tenure, 10%",Mean/Mode,,103,tenure,30.851869380028397,66.0,35.1481306199716,tabular_imputer
2026-05-08T13:28:00.467103+00:00,Telco,MNAR,"tenure, 10%",Mean/Mode,,120,tenure,30.851869380028397,56.0,25.148130619971603,tabular_imputer
2026-05-08T13:28:00.467103+00:00,Telco,MNAR,"tenure, 10%",Mean/Mode,,121,tenure,30.851869380028397,6.0,24.851869380028397,tabular_imputer
2026-05-08T13:28:00.467103+00:00,Telco,MNAR,"tenure, 10%",Mean/Mode,,144,tenure,30.851869380028397,71.0,40.1481306199716,tabular_imputer
2026-05-08T13:28:00.467103+00:00,Telco,MNAR,"tenure, 10%",Mean/Mode,,148,tenure,30.851869380028397,30.0,0.851869380028397,tabular_imputer
2026-05-08T13:28:00.467103+00:00,Telco,MNAR,"tenure, 10%",Mean/Mode,,157,tenure,30.851869380028397,22.0,8.851869380028397,tabular_imputer
2026-05-08T13:28:00.467103+00:00,Telco,MNAR,"tenure, 10%",Mean/Mode,,158,tenure,30.851869380028397,16.0,14.851869380028395,tabular_imputer
2026-05-08T13:28:00.467103+00:00,Telco,MNAR,"tenure, 10%",Mean/Mode,,173,tenure,30.851869380028397,53.0,22.148130619971603,tabular_imputer
2026-05-08T13:28:00.467103+00:00,Telco,MNAR,"tenure, 10%",Mean/Mode,,205,tenure,30.851869380028397,33.0,2.148130619971603,tabular_imputer
2026-05-08T13:28:00.467103+00:00,Telco,MNAR,"tenure, 10%",Mean/Mode,,209,tenure,30.851869380028397,64.0,33.1481306199716,tabular_imputer
2026-05-08T13:28:00.467103+00:00,Telco,MNAR,"tenure, 10%",Mean/Mode,,217,tenure,30.851869380028397,66.0,35.1481306199716,tabular_imputer
2026-05-08T13:28:00.467103+00:00,Telco,MNAR,"tenure, 10%",Mean/Mode,,247,tenure,30.851869380028397,15.0,15.851869380028395,tabular_imputer
2026-05-08T13:28:00.467103+00:00,Telco,MNAR,"tenure, 10%",Mean/Mode,,256,tenure,30.851869380028397,61.0,30.148130619971603,tabular_imputer
2026-05-08T13:28:00.467103+00:00,Telco,MNAR,"tenure, 10%",Mean/Mode,,257,tenure,30.851869380028397,50.0,19.148130619971603,tabular_imputer
2026-05-08T13:28:00.467103+00:00,Telco,MNAR,"tenure, 10%",Mean/Mode,,263,tenure,30.851869380028397,31.0,0.148130619971603,tabular_imputer
2026-05-08T13:28:00.467103+00:00,Telco,MNAR,"tenure, 10%",Mean/Mode,,265,tenure,30.851869380028397,61.0,30.148130619971603,tabular_imputer
2026-05-08T13:28:00.467103+00:00,Telco,MNAR,"tenure, 10%",Mean/Mode,,290,tenure,30.851869380028397,24.0,6.851869380028397,tabular_imputer
2026-05-08T13:28:00.467103+00:00,Telco,MNAR,"tenure, 10%",Mean/Mode,,292,tenure,30.851869380028397,23.0,7.851869380028397,tabular_imputer
2026-05-08T13:28:00.467103+00:00,Telco,MNAR,"tenure, 10%",Mean/Mode,,297,tenure,30.851869380028397,35.0,4.148130619971603,tabular_imputer
2026-05-08T13:28:00.467103+00:00,Telco,MNAR,"tenure, 10%",Mean/Mode,,303,tenure,30.851869380028397,68.0,37.1481306199716,tabular_imputer
2026-05-08T13:28:00.467103+00:00,Telco,MNAR,"tenure, 10%",Mean/Mode,,307,tenure,30.851869380028397,29.0,1.851869380028397,tabular_imputer
2026-05-08T13:28:00.467103+00:00,Telco,MNAR,"tenure, 10%",Mean/Mode,,316,tenure,30.851869380028397,71.0,40.1481306199716,tabular_imputer
2026-05-08T13:28:00.467103+00:00,Telco,MNAR,"tenure, 10%",Mean/Mode,,317,tenure,30.851869380028397,38.0,7.148130619971603,tabular_imputer
2026-05-08T13:28:00.467103+00:00,Telco,MNAR,"tenure, 10%",Mean/Mode,,323,tenure,30.851869380028397,9.0,21.851869380028397,tabular_imputer
2026-05-08T13:28:00.467103+00:00,Telco,MNAR,"tenure, 10%",Mean/Mode,,324,tenure,30.851869380028397,69.0,38.1481306199716,tabular_imputer
2026-05-08T13:28:00.467103+00:00,Telco,MNAR,"tenure, 10%",Mean/Mode,,349,tenure,30.851869380028397,64.0,33.1481306199716,tabular_imputer
2026-05-08T13:28:00.467103+00:00,Telco,MNAR,"tenure, 10%",Mean/Mode,,350,tenure,30.851869380028397,37.0,6.148130619971603,tabular_imputer
2026-05-08T13:28:00.467103+00:00,Telco,MNAR,"tenure, 10%",Mean/Mode,,354,tenure,30.851869380028397,21.0,9.851869380028395,tabular_imputer
2026-05-08T13:28:00.467103+00:00,Telco,MNAR,"tenure, 10%",Mean/Mode,,368,tenure,30.851869380028397,71.0,40.1481306199716,tabular_imputer
2026-05-08T13:28:00.467103+00:00,Telco,MNAR,"tenure, 10%",Mean/Mode,,370,tenure,30.851869380028397,33.0,2.148130619971603,tabular_imputer
2026-05-08T13:28:00.467103+00:00,Telco,MNAR,"tenure, 10%",Mean/Mode,,373,tenure,30.851869380028397,56.0,25.148130619971603,tabular_imputer
2026-05-08T13:28:00.467103+00:00,Telco,MNAR,"tenure, 10%",Mean/Mode,,384,tenure,30.851869380028397,48.0,17.148130619971603,tabular_imputer
2026-05-08T13:28:00.467103+00:00,Telco,MNAR,"tenure, 10%",Mean/Mode,,392,tenure,30.851869380028397,2.0,28.851869380028397,tabular_imputer
2026-05-08T13:28:00.467103+00:00,Telco,MNAR,"tenure, 10%",Mean/Mode,,398,tenure,30.851869380028397,33.0,2.148130619971603,tabular_imputer
2026-05-08T13:28:00.467103+00:00,Telco,MNAR,"tenure, 10%",Mean/Mode,,399,tenure,30.851869380028397,23.0,7.851869380028397,tabular_imputer
2026-05-08T13:28:00.467103+00:00,Telco,MNAR,"tenure, 10%",Mean/Mode,,411,tenure,30.851869380028397,46.0,15.148130619971605,tabular_imputer
2026-05-08T13:28:00.467103+00:00,Telco,MNAR,"tenure, 10%",Mean/Mode,,416,tenure,30.851869380028397,70.0,39.1481306199716,tabular_imputer
2026-05-08T13:28:00.467103+00:00,Telco,MNAR,"tenure, 10%",Mean/Mode,,417,tenure,30.851869380028397,40.0,9.148130619971605,tabular_imputer
2026-05-08T13:28:00.467103+00:00,Telco,MNAR,"tenure, 10%",Mean/Mode,,436,tenure,30.851869380028397,36.0,5.148130619971603,tabular_imputer
2026-05-08T13:28:00.467103+00:00,Telco,MNAR,"tenure, 10%",Mean/Mode,,454,tenure,30.851869380028397,61.0,30.148130619971603,tabular_imputer
2026-05-08T13:28:00.467103+00:00,Telco,MNAR,"tenure, 10%",Mean/Mode,,466,tenure,30.851869380028397,64.0,33.1481306199716,tabular_imputer
2026-05-08T13:28:00.467103+00:00,Telco,MNAR,"tenure, 10%",Mean/Mode,,476,tenure,30.851869380028397,35.0,4.148130619971603,tabular_imputer
2026-05-08T13:28:00.467103+00:00,Telco,MNAR,"tenure, 10%",Mean/Mode,,481,tenure,30.851869380028397,48.0,17.148130619971603,tabular_imputer
2026-05-08T13:28:00.467103+00:00,Telco,MNAR,"tenure, 10%",Mean/Mode,,518,tenure,30.851869380028397,27.0,3.851869380028397,tabular_imputer
2026-05-08T13:28:00.467103+00:00,Telco,MNAR,"tenure, 10%",Mean/Mode,,568,tenure,30.851869380028397,35.0,4.148130619971603,tabular_imputer
2026-05-08T13:28:00.467103+00:00,Telco,MNAR,"tenure, 10%",Mean/Mode,,589,tenure,30.851869380028397,71.0,40.1481306199716,tabular_imputer
2026-05-08T13:28:00.467103+00:00,Telco,MNAR,"tenure, 10%",Mean/Mode,,599,tenure,30.851869380028397,65.0,34.1481306199716,tabular_imputer
2026-05-08T13:28:00.467103+00:00,Telco,MNAR,"tenure, 10%",Mean/Mode,,602,tenure,30.851869380028397,66.0,35.1481306199716,tabular_imputer
2026-05-08T13:28:00.467103+00:00,Telco,MNAR,"tenure, 10%",Mean/Mode,,603,tenure,30.851869380028397,46.0,15.148130619971605,tabular_imputer
2026-05-08T13:28:00.467103+00:00,Telco,MNAR,"tenure, 10%",Mean/Mode,,620,tenure,30.851869380028397,10.0,20.851869380028397,tabular_imputer
2026-05-08T13:28:00.467103+00:00,Telco,MNAR,"tenure, 10%",Mean/Mode,,634,tenure,30.851869380028397,40.0,9.148130619971605,tabular_imputer
2026-05-08T13:28:00.467103+00:00,Telco,MNAR,"tenure, 10%",Mean/Mode,,636,tenure,30.851869380028397,31.0,0.148130619971603,tabular_imputer
2026-05-08T13:28:00.467103+00:00,Telco,MNAR,"tenure, 10%",Mean/Mode,,643,tenure,30.851869380028397,49.0,18.148130619971603,tabular_imputer
2026-05-08T13:28:00.467103+00:00,Telco,MNAR,"tenure, 10%",Mean/Mode,,667,tenure,30.851869380028397,49.0,18.148130619971603,tabular_imputer
2026-05-08T13:28:00.467103+00:00,Telco,MNAR,"tenure, 10%",Mean/Mode,,669,tenure,30.851869380028397,70.0,39.1481306199716,tabular_imputer
2026-05-08T13:28:00.467103+00:00,Telco,MNAR,"tenure, 10%",Mean/Mode,,673,tenure,30.851869380028397,22.0,8.851869380028397,tabular_imputer
2026-05-08T13:28:00.467103+00:00,Telco,MNAR,"tenure, 10%",Mean/Mode,,683,tenure,30.851869380028397,40.0,9.148130619971605,tabular_imputer
2026-05-08T13:28:00.467103+00:00,Telco,MNAR,"tenure, 10%",Mean/Mode,,705,tenure,30.851869380028397,25.0,5.851869380028397,tabular_imputer
2026-05-08T13:28:00.467103+00:00,Telco,MNAR,"tenure, 10%",Mean/Mode,,714,tenure,30.851869380028397,72.0,41.1481306199716,tabular_imputer
2026-05-08T13:28:00.467103+00:00,Telco,MNAR,"tenure, 10%",Mean/Mode,,719,tenure,30.851869380028397,68.0,37.1481306199716,tabular_imputer
2026-05-08T13:28:00.467103+00:00,Telco,MNAR,"tenure, 10%",Mean/Mode,,721,tenure,30.851869380028397,61.0,30.148130619971603,tabular_imputer
2026-05-08T13:28:00.467103+00:00,Telco,MNAR,"tenure, 10%",Mean/Mode,,734,tenure,30.851869380028397,27.0,3.851869380028397,tabular_imputer
2026-05-08T13:28:00.467103+00:00,Telco,MNAR,"tenure, 10%",Mean/Mode,,743,tenure,30.851869380028397,61.0,30.148130619971603,tabular_imputer
2026-05-08T13:28:00.467103+00:00,Telco,MNAR,"tenure, 10%",Mean/Mode,,745,tenure,30.851869380028397,72.0,41.1481306199716,tabular_imputer
2026-05-08T13:28:00.467103+00:00,Telco,MNAR,"tenure, 10%",Mean/Mode,,749,tenure,30.851869380028397,63.0,32.1481306199716,tabular_imputer
2026-05-08T13:28:00.467103+00:00,Telco,MNAR,"tenure, 10%",Mean/Mode,,751,tenure,30.851869380028397,70.0,39.1481306199716,tabular_imputer
2026-05-08T13:28:00.467103+00:00,Telco,MNAR,"tenure, 10%",Mean/Mode,,763,tenure,30.851869380028397,72.0,41.1481306199716,tabular_imputer
2026-05-08T13:28:00.467103+00:00,Telco,MNAR,"tenure, 10%",Mean/Mode,,769,tenure,30.851869380028397,17.0,13.851869380028395,tabular_imputer
2026-05-08T13:28:00.467103+00:00,Telco,MNAR,"tenure, 10%",Mean/Mode,,775,tenure,30.851869380028397,72.0,41.1481306199716,tabular_imputer
2026-05-08T13:28:00.467103+00:00,Telco,MNAR,"tenure, 10%",Mean/Mode,,776,tenure,30.851869380028397,3.0,27.851869380028397,tabular_imputer
2026-05-08T13:28:00.467103+00:00,Telco,MNAR,"tenure, 10%",Mean/Mode,,786,tenure,30.851869380028397,72.0,41.1481306199716,tabular_imputer
2026-05-08T13:28:00.467103+00:00,Telco,MNAR,"tenure, 10%",Mean/Mode,,790,tenure,30.851869380028397,60.0,29.148130619971603,tabular_imputer
2026-05-08T13:28:00.467103+00:00,Telco,MNAR,"tenure, 10%",Mean/Mode,,791,tenure,30.851869380028397,68.0,37.1481306199716,tabular_imputer
2026-05-08T13:28:00.467103+00:00,Telco,MNAR,"tenure, 10%",Mean/Mode,,808,tenure,30.851869380028397,40.0,9.148130619971605,tabular_imputer
2026-05-08T13:28:00.467103+00:00,Telco,MNAR,"tenure, 10%",Mean/Mode,,811,tenure,30.851869380028397,70.0,39.1481306199716,tabular_imputer
2026-05-08T13:28:00.467103+00:00,Telco,MNAR,"tenure, 10%",Mean/Mode,,818,tenure,30.851869380028397,21.0,9.851869380028395,tabular_imputer
2026-05-08T13:28:00.467103+00:00,Telco,MNAR,"tenure, 10%",Mean/Mode,,820,tenure,30.851869380028397,61.0,30.148130619971603,tabular_imputer
2026-05-08T13:28:00.467103+00:00,Telco,MNAR,"tenure, 10%",Mean/Mode,,828,tenure,30.851869380028397,60.0,29.148130619971603,tabular_imputer
2026-05-08T13:28:00.467103+00:00,Telco,MNAR,"tenure, 10%",Mean/Mode,,833,tenure,30.851869380028397,37.0,6.148130619971603,tabular_imputer
2026-05-08T13:28:00.467103+00:00,Telco,MNAR,"tenure, 10%",Mean/Mode,,836,tenure,30.851869380028397,62.0,31.148130619971603,tabular_imputer
2026-05-08T13:28:00.467103+00:00,Telco,MNAR,"tenure, 10%",Mean/Mode,,841,tenure,30.851869380028397,72.0,41.1481306199716,tabular_imputer
2026-05-08T13:28:00.467103+00:00,Telco,MNAR,"tenure, 10%",Mean/Mode,,845,tenure,30.851869380028397,15.0,15.851869380028395,tabular_imputer
2026-05-08T13:28:00.467103+00:00,Telco,MNAR,"tenure, 10%",Mean/Mode,,856,tenure,30.851869380028397,72.0,41.1481306199716,tabular_imputer
2026-05-08T13:28:00.467103+00:00,Telco,MNAR,"tenure, 10%",Mean/Mode,,861,tenure,30.851869380028397,64.0,33.1481306199716,tabular_imputer
2026-05-08T13:28:00.467103+00:00,Telco,MNAR,"tenure, 10%",Mean/Mode,,870,tenure,30.851869380028397,72.0,41.1481306199716,tabular_imputer
2026-05-08T13:28:00.467103+00:00,Telco,MNAR,"tenure, 10%",Mean/Mode,,876,tenure,30.851869380028397,15.0,15.851869380028395,tabular_imputer
2026-05-08T13:28:00.467103+00:00,Telco,MNAR,"tenure, 10%",Mean/Mode,,897,tenure,30.851869380028397,53.0,22.148130619971603,tabular_imputer
2026-05-08T13:28:00.467103+00:00,Telco,MNAR,"tenure, 10%",Mean/Mode,,911,tenure,30.851869380028397,15.0,15.851869380028395,tabular_imputer
2026-05-08T13:28:00.467103+00:00,Telco,MNAR,"tenure, 10%",Mean/Mode,,918,tenure,30.851869380028397,26.0,4.851869380028397,tabular_imputer
2026-05-08T13:28:00.467103+00:00,Telco,MNAR,"tenure, 10%",Mean/Mode,,923,tenure,30.851869380028397,63.0,32.1481306199716,tabular_imputer
2026-05-08T13:28:00.467103+00:00,Telco,MNAR,"tenure, 10%",Mean/Mode,,925,tenure,30.851869380028397,32.0,1.148130619971603,tabular_imputer
2026-05-08T13:28:00.467103+00:00,Telco,MNAR,"tenure, 10%",Mean/Mode,,942,tenure,30.851869380028397,24.0,6.851869380028397,tabular_imputer
2026-05-08T13:28:00.467103+00:00,Telco,MNAR,"tenure, 10%",Mean/Mode,,943,tenure,30.851869380028397,72.0,41.1481306199716,tabular_imputer
2026-05-08T13:28:00.467103+00:00,Telco,MNAR,"tenure, 10%",Mean/Mode,,944,tenure,30.851869380028397,54.0,23.148130619971603,tabular_imputer
2026-05-08T13:28:00.467103+00:00,Telco,MNAR,"tenure, 10%",Mean/Mode,,966,tenure,30.851869380028397,7.0,23.851869380028397,tabular_imputer
2026-05-08T13:28:00.467103+00:00,Telco,MNAR,"tenure, 10%",Mean/Mode,,972,tenure,30.851869380028397,58.0,27.148130619971603,tabular_imputer
2026-05-08T13:28:00.467103+00:00,Telco,MNAR,"tenure, 10%",Mean/Mode,,987,tenure,30.851869380028397,1.0,29.851869380028397,tabular_imputer
2026-05-08T13:28:00.467103+00:00,Telco,MNAR,"tenure, 10%",Mean/Mode,,988,tenure,30.851869380028397,27.0,3.851869380028397,tabular_imputer
2026-05-08T13:28:00.467103+00:00,Telco,MNAR,"tenure, 10%",Mean/Mode,,990,tenure,30.851869380028397,56.0,25.148130619971603,tabular_imputer
2026-05-08T13:28:00.467103+00:00,Telco,MNAR,"tenure, 10%",Mean/Mode,,991,tenure,30.851869380028397,58.0,27.148130619971603,tabular_imputer
2026-05-08T13:28:00.467103+00:00,Telco,MNAR,"tenure, 10%",Mean/Mode,,1001,tenure,30.851869380028397,27.0,3.851869380028397,tabular_imputer
2026-05-08T13:28:00.467103+00:00,Telco,MNAR,"tenure, 10%",Mean/Mode,,1014,tenure,30.851869380028397,18.0,12.851869380028395,tabular_imputer
2026-05-08T13:28:00.467103+00:00,Telco,MNAR,"tenure, 10%",Mean/Mode,,1020,tenure,30.851869380028397,39.0,8.148130619971603,tabular_imputer
2026-05-08T13:28:00.467103+00:00,Telco,MNAR,"tenure, 10%",Mean/Mode,,1024,tenure,30.851869380028397,37.0,6.148130619971603,tabular_imputer
2026-05-08T13:28:00.467103+00:00,Telco,MNAR,"tenure, 10%",Mean/Mode,,1028,tenure,30.851869380028397,26.0,4.851869380028397,tabular_imputer
2026-05-08T13:28:00.467103+00:00,Telco,MNAR,"tenure, 10%",Mean/Mode,,1035,tenure,30.851869380028397,66.0,35.1481306199716,tabular_imputer
2026-05-08T13:28:00.467103+00:00,Telco,MNAR,"tenure, 10%",Mean/Mode,,1046,tenure,30.851869380028397,52.0,21.148130619971603,tabular_imputer
2026-05-08T13:28:00.467103+00:00,Telco,MNAR,"tenure, 10%",Mean/Mode,,1052,tenure,30.851869380028397,40.0,9.148130619971605,tabular_imputer
2026-05-08T13:28:00.467103+00:00,Telco,MNAR,"tenure, 10%",Mean/Mode,,1069,tenure,30.851869380028397,20.0,10.851869380028395,tabular_imputer
2026-05-08T13:28:00.467103+00:00,Telco,MNAR,"tenure, 10%",Mean/Mode,,1084,tenure,30.851869380028397,52.0,21.148130619971603,tabular_imputer
2026-05-08T13:28:00.467103+00:00,Telco,MNAR,"tenure, 10%",Mean/Mode,,1092,tenure,30.851869380028397,70.0,39.1481306199716,tabular_imputer
2026-05-08T13:28:00.467103+00:00,Telco,MNAR,"tenure, 10%",Mean/Mode,,1093,tenure,30.851869380028397,71.0,40.1481306199716,tabular_imputer
2026-05-08T13:28:00.467103+00:00,Telco,MNAR,"tenure, 10%",Mean/Mode,,1098,tenure,30.851869380028397,67.0,36.1481306199716,tabular_imputer
2026-05-08T13:28:00.467103+00:00,Telco,MNAR,"tenure, 10%",Mean/Mode,,1106,tenure,30.851869380028397,63.0,32.1481306199716,tabular_imputer
2026-05-08T13:28:00.467103+00:00,Telco,MNAR,"tenure, 10%",Mean/Mode,,1107,tenure,30.851869380028397,69.0,38.1481306199716,tabular_imputer
2026-05-08T13:28:00.467103+00:00,Telco,MNAR,"tenure, 10%",Mean/Mode,,1118,tenure,30.851869380028397,48.0,17.148130619971603,tabular_imputer
2026-05-08T13:28:00.467103+00:00,Telco,MNAR,"tenure, 10%",Mean/Mode,,1146,tenure,30.851869380028397,29.0,1.851869380028397,tabular_imputer
2026-05-08T13:28:00.467103+00:00,Telco,MNAR,"tenure, 10%",Mean/Mode,,1164,tenure,30.851869380028397,71.0,40.1481306199716,tabular_imputer
2026-05-08T13:28:00.467103+00:00,Telco,MNAR,"tenure, 10%",Mean/Mode,,1170,tenure,30.851869380028397,72.0,41.1481306199716,tabular_imputer
2026-05-08T13:28:00.467103+00:00,Telco,MNAR,"tenure, 10%",Mean/Mode,,1178,tenure,30.851869380028397,15.0,15.851869380028395,tabular_imputer
2026-05-08T13:28:00.467103+00:00,Telco,MNAR,"tenure, 10%",Mean/Mode,,1180,tenure,30.851869380028397,39.0,8.148130619971603,tabular_imputer
2026-05-08T13:28:00.467103+00:00,Telco,MNAR,"tenure, 10%",Mean/Mode,,1187,tenure,30.851869380028397,71.0,40.1481306199716,tabular_imputer
2026-05-08T13:28:00.467103+00:00,Telco,MNAR,"tenure, 10%",Mean/Mode,,1216,tenure,30.851869380028397,54.0,23.148130619971603,tabular_imputer
2026-05-08T13:28:00.467103+00:00,Telco,MNAR,"tenure, 10%",Mean/Mode,,1219,tenure,30.851869380028397,62.0,31.148130619971603,tabular_imputer
2026-05-08T13:28:00.467103+00:00,Telco,MNAR,"tenure, 10%",Mean/Mode,,1231,tenure,30.851869380028397,20.0,10.851869380028395,tabular_imputer
2026-05-08T13:28:00.467103+00:00,Telco,MNAR,"tenure, 10%",Mean/Mode,,1232,tenure,30.851869380028397,34.0,3.148130619971603,tabular_imputer
2026-05-08T13:28:00.467103+00:00,Telco,MNAR,"tenure, 10%",Mean/Mode,,1244,tenure,30.851869380028397,15.0,15.851869380028395,tabular_imputer
2026-05-08T13:28:00.467103+00:00,Telco,MNAR,"tenure, 10%",Mean/Mode,,1263,tenure,30.851869380028397,68.0,37.1481306199716,tabular_imputer
2026-05-08T13:28:00.467103+00:00,Telco,MNAR,"tenure, 10%",Mean/Mode,,1267,tenure,30.851869380028397,64.0,33.1481306199716,tabular_imputer
2026-05-08T13:28:00.467103+00:00,Telco,MNAR,"tenure, 10%",Mean/Mode,,1275,tenure,30.851869380028397,55.0,24.148130619971603,tabular_imputer
2026-05-08T13:28:00.467103+00:00,Telco,MNAR,"tenure, 10%",Mean/Mode,,1284,tenure,30.851869380028397,59.0,28.148130619971603,tabular_imputer
2026-05-08T13:28:00.467103+00:00,Telco,MNAR,"tenure, 10%",Mean/Mode,,1288,tenure,30.851869380028397,64.0,33.1481306199716,tabular_imputer
2026-05-08T13:28:00.467103+00:00,Telco,MNAR,"tenure, 10%",Mean/Mode,,1300,tenure,30.851869380028397,72.0,41.1481306199716,tabular_imputer
2026-05-08T13:28:00.467103+00:00,Telco,MNAR,"tenure, 10%",Mean/Mode,,1327,tenure,30.851869380028397,59.0,28.148130619971603,tabular_imputer
2026-05-08T13:28:00.467103+00:00,Telco,MNAR,"tenure, 10%",Mean/Mode,,1329,tenure,30.851869380028397,72.0,41.1481306199716,tabular_imputer
2026-05-08T13:28:00.467103+00:00,Telco,MNAR,"tenure, 10%",Mean/Mode,,1345,tenure,30.851869380028397,57.0,26.148130619971603,tabular_imputer
2026-05-08T13:28:00.467103+00:00,Telco,MNAR,"tenure, 10%",Mean/Mode,,1359,tenure,30.851869380028397,9.0,21.851869380028397,tabular_imputer
2026-05-08T13:28:00.467103+00:00,Telco,MNAR,"tenure, 10%",Mean/Mode,,1369,tenure,30.851869380028397,33.0,2.148130619971603,tabular_imputer
2026-05-08T13:28:00.467103+00:00,Telco,MNAR,"tenure, 10%",Mean/Mode,,1380,tenure,30.851869380028397,61.0,30.148130619971603,tabular_imputer
2026-05-08T13:28:00.467103+00:00,Telco,MNAR,"tenure, 10%",Mean/Mode,,1391,tenure,30.851869380028397,29.0,1.851869380028397,tabular_imputer
2026-05-08T13:28:00.467103+00:00,Telco,MNAR,"tenure, 10%",Mean/Mode,,1406,tenure,30.851869380028397,66.0,35.1481306199716,tabular_imputer
2026-05-08T13:28:00.467103+00:00,Telco,MNAR,"tenure, 10%",Mean/Mode,,1416,tenure,30.851869380028397,58.0,27.148130619971603,tabular_imputer
2026-05-08T13:28:00.467103+00:00,Telco,MNAR,"tenure, 10%",Mean/Mode,,1427,tenure,30.851869380028397,44.0,13.148130619971605,tabular_imputer
2026-05-08T13:28:00.467103+00:00,Telco,MNAR,"tenure, 10%",Mean/Mode,,1429,tenure,30.851869380028397,45.0,14.148130619971605,tabular_imputer
2026-05-08T13:28:00.467103+00:00,Telco,MNAR,"tenure, 10%",Mean/Mode,,1431,tenure,30.851869380028397,43.0,12.148130619971605,tabular_imputer
2026-05-08T13:28:00.467103+00:00,Telco,MNAR,"tenure, 10%",Mean/Mode,,1481,tenure,30.851869380028397,72.0,41.1481306199716,tabular_imputer
2026-05-08T13:28:00.467103+00:00,Telco,MNAR,"tenure, 10%",Mean/Mode,,1483,tenure,30.851869380028397,51.0,20.148130619971603,tabular_imputer
2026-05-08T13:28:00.467103+00:00,Telco,MNAR,"tenure, 10%",Mean/Mode,,1524,tenure,30.851869380028397,63.0,32.1481306199716,tabular_imputer
2026-05-08T13:28:00.467103+00:00,Telco,MNAR,"tenure, 10%",Mean/Mode,,1545,tenure,30.851869380028397,63.0,32.1481306199716,tabular_imputer
2026-05-08T13:28:00.467103+00:00,Telco,MNAR,"tenure, 10%",Mean/Mode,,1604,tenure,30.851869380028397,69.0,38.1481306199716,tabular_imputer
2026-05-08T13:28:00.467103+00:00,Telco,MNAR,"tenure, 10%",Mean/Mode,,1611,tenure,30.851869380028397,72.0,41.1481306199716,tabular_imputer
2026-05-08T13:28:00.467103+00:00,Telco,MNAR,"tenure, 10%",Mean/Mode,,1612,tenure,30.851869380028397,67.0,36.1481306199716,tabular_imputer
2026-05-08T13:28:00.467103+00:00,Telco,MNAR,"tenure, 10%",Mean/Mode,,1628,tenure,30.851869380028397,30.0,0.851869380028397,tabular_imputer
2026-05-08T13:28:00.467103+00:00,Telco,MNAR,"tenure, 10%",Mean/Mode,,1630,tenure,30.851869380028397,38.0,7.148130619971603,tabular_imputer
2026-05-08T13:28:00.467103+00:00,Telco,MNAR,"tenure, 10%",Mean/Mode,,1645,tenure,30.851869380028397,42.0,11.148130619971605,tabular_imputer
2026-05-08T13:28:00.467103+00:00,Telco,MNAR,"tenure, 10%",Mean/Mode,,1646,tenure,30.851869380028397,59.0,28.148130619971603,tabular_imputer
2026-05-08T13:28:00.467103+00:00,Telco,MNAR,"tenure, 10%",Mean/Mode,,1647,tenure,30.851869380028397,11.0,19.851869380028397,tabular_imputer
2026-05-08T13:28:00.467103+00:00,Telco,MNAR,"tenure, 10%",Mean/Mode,,1657,tenure,30.851869380028397,35.0,4.148130619971603,tabular_imputer
2026-05-08T13:28:00.467103+00:00,Telco,MNAR,"tenure, 10%",Mean/Mode,,1660,tenure,30.851869380028397,47.0,16.148130619971603,tabular_imputer
2026-05-08T13:28:00.467103+00:00,Telco,MNAR,"tenure, 10%",Mean/Mode,,1663,tenure,30.851869380028397,51.0,20.148130619971603,tabular_imputer
2026-05-08T13:28:00.467103+00:00,Telco,MNAR,"tenure, 10%",Mean/Mode,,1675,tenure,30.851869380028397,29.0,1.851869380028397,tabular_imputer
2026-05-08T13:28:00.467103+00:00,Telco,MNAR,"tenure, 10%",Mean/Mode,,1681,tenure,30.851869380028397,72.0,41.1481306199716,tabular_imputer
2026-05-08T13:28:00.467103+00:00,Telco,MNAR,"tenure, 10%",Mean/Mode,,1687,tenure,30.851869380028397,12.0,18.851869380028397,tabular_imputer
2026-05-08T13:28:00.467103+00:00,Telco,MNAR,"tenure, 10%",Mean/Mode,,1700,tenure,30.851869380028397,47.0,16.148130619971603,tabular_imputer
2026-05-08T13:28:00.467103+00:00,Telco,MNAR,"tenure, 10%",Mean/Mode,,1701,tenure,30.851869380028397,66.0,35.1481306199716,tabular_imputer
2026-05-08T13:28:00.467103+00:00,Telco,MNAR,"tenure, 10%",Mean/Mode,,1705,tenure,30.851869380028397,55.0,24.148130619971603,tabular_imputer
2026-05-08T13:28:00.467103+00:00,Telco,MNAR,"tenure, 10%",Mean/Mode,,1720,tenure,30.851869380028397,2.0,28.851869380028397,tabular_imputer
2026-05-08T13:28:00.467103+00:00,Telco,MNAR,"tenure, 10%",Mean/Mode,,1746,tenure,30.851869380028397,72.0,41.1481306199716,tabular_imputer
2026-05-08T13:28:00.467103+00:00,Telco,MNAR,"tenure, 10%",Mean/Mode,,1752,tenure,30.851869380028397,27.0,3.851869380028397,tabular_imputer
2026-05-08T13:28:00.467103+00:00,Telco,MNAR,"tenure, 10%",Mean/Mode,,1760,tenure,30.851869380028397,50.0,19.148130619971603,tabular_imputer
2026-05-08T13:28:00.467103+00:00,Telco,MNAR,"tenure, 10%",Mean/Mode,,1785,tenure,30.851869380028397,68.0,37.1481306199716,tabular_imputer
2026-05-08T13:28:00.467103+00:00,Telco,MNAR,"tenure, 10%",Mean/Mode,,1801,tenure,30.851869380028397,22.0,8.851869380028397,tabular_imputer
2026-05-08T13:28:00.467103+00:00,Telco,MNAR,"tenure, 10%",Mean/Mode,,1828,tenure,30.851869380028397,42.0,11.148130619971605,tabular_imputer
2026-05-08T13:28:00.467103+00:00,Telco,MNAR,"tenure, 10%",Mean/Mode,,1845,tenure,30.851869380028397,69.0,38.1481306199716,tabular_imputer
2026-05-08T13:28:00.467103+00:00,Telco,MNAR,"tenure, 10%",Mean/Mode,,1871,tenure,30.851869380028397,51.0,20.148130619971603,tabular_imputer
2026-05-08T13:28:00.467103+00:00,Telco,MNAR,"tenure, 10%",Mean/Mode,,1873,tenure,30.851869380028397,72.0,41.1481306199716,tabular_imputer
2026-05-08T13:28:00.467103+00:00,Telco,MNAR,"tenure, 10%",Mean/Mode,,1876,tenure,30.851869380028397,47.0,16.148130619971603,tabular_imputer
2026-05-08T13:28:00.467103+00:00,Telco,MNAR,"tenure, 10%",Mean/Mode,,1905,tenure,30.851869380028397,41.0,10.148130619971605,tabular_imputer
2026-05-08T13:28:00.467103+00:00,Telco,MNAR,"tenure, 10%",Mean/Mode,,1906,tenure,30.851869380028397,40.0,9.148130619971605,tabular_imputer
2026-05-08T13:28:00.467103+00:00,Telco,MNAR,"tenure, 10%",Mean/Mode,,1916,tenure,30.851869380028397,44.0,13.148130619971605,tabular_imputer
2026-05-08T13:28:00.467103+00:00,Telco,MNAR,"tenure, 10%",Mean/Mode,,1935,tenure,30.851869380028397,51.0,20.148130619971603,tabular_imputer
2026-05-08T13:28:00.467103+00:00,Telco,MNAR,"tenure, 10%",Mean/Mode,,1958,tenure,30.851869380028397,24.0,6.851869380028397,tabular_imputer
2026-05-08T13:28:00.467103+00:00,Telco,MNAR,"tenure, 10%",Mean/Mode,,1959,tenure,30.851869380028397,5.0,25.851869380028397,tabular_imputer
2026-05-08T13:28:00.467103+00:00,Telco,MNAR,"tenure, 10%",Mean/Mode,,1977,tenure,30.851869380028397,31.0,0.148130619971603,tabular_imputer
2026-05-08T13:28:00.467103+00:00,Telco,MNAR,"tenure, 10%",Mean/Mode,,1981,tenure,30.851869380028397,58.0,27.148130619971603,tabular_imputer
2026-05-08T13:28:00.467103+00:00,Telco,MNAR,"tenure, 10%",Mean/Mode,,1988,tenure,30.851869380028397,58.0,27.148130619971603,tabular_imputer
2026-05-08T13:28:00.467103+00:00,Telco,MNAR,"tenure, 10%",Mean/Mode,,2001,tenure,30.851869380028397,5.0,25.851869380028397,tabular_imputer
2026-05-08T13:28:00.467103+00:00,Telco,MNAR,"tenure, 10%",Mean/Mode,,2005,tenure,30.851869380028397,49.0,18.148130619971603,tabular_imputer
2026-05-08T13:28:00.467103+00:00,Telco,MNAR,"tenure, 10%",Mean/Mode,,2006,tenure,30.851869380028397,5.0,25.851869380028397,tabular_imputer
2026-05-08T13:28:00.467103+00:00,Telco,MNAR,"tenure, 10%",Mean/Mode,,2020,tenure,30.851869380028397,52.0,21.148130619971603,tabular_imputer
2026-05-08T13:28:00.467103+00:00,Telco,MNAR,"tenure, 10%",Mean/Mode,,2031,tenure,30.851869380028397,5.0,25.851869380028397,tabular_imputer
2026-05-08T13:28:00.467103+00:00,Telco,MNAR,"tenure, 10%",Mean/Mode,,2032,tenure,30.851869380028397,15.0,15.851869380028395,tabular_imputer
2026-05-08T13:28:00.467103+00:00,Telco,MNAR,"tenure, 10%",Mean/Mode,,2034,tenure,30.851869380028397,41.0,10.148130619971605,tabular_imputer
2026-05-08T13:28:00.467103+00:00,Telco,MNAR,"tenure, 10%",Mean/Mode,,2052,tenure,30.851869380028397,48.0,17.148130619971603,tabular_imputer
2026-05-08T13:28:00.467103+00:00,Telco,MNAR,"tenure, 10%",Mean/Mode,,2059,tenure,30.851869380028397,37.0,6.148130619971603,tabular_imputer
2026-05-08T13:28:00.467103+00:00,Telco,MNAR,"tenure, 10%",Mean/Mode,,2067,tenure,30.851869380028397,65.0,34.1481306199716,tabular_imputer
2026-05-08T13:28:00.467103+00:00,Telco,MNAR,"tenure, 10%",Mean/Mode,,2079,tenure,30.851869380028397,70.0,39.1481306199716,tabular_imputer
2026-05-08T13:28:00.467103+00:00,Telco,MNAR,"tenure, 10%",Mean/Mode,,2088,tenure,30.851869380028397,36.0,5.148130619971603,tabular_imputer
2026-05-08T13:28:00.467103+00:00,Telco,MNAR,"tenure, 10%",Mean/Mode,,2091,tenure,30.851869380028397,50.0,19.148130619971603,tabular_imputer
2026-05-08T13:28:00.467103+00:00,Telco,MNAR,"tenure, 10%",Mean/Mode,,2108,tenure,30.851869380028397,46.0,15.148130619971605,tabular_imputer
2026-05-08T13:28:00.467103+00:00,Telco,MNAR,"tenure, 10%",Mean/Mode,,2111,tenure,30.851869380028397,30.0,0.851869380028397,tabular_imputer
2026-05-08T13:28:00.467103+00:00,Telco,MNAR,"tenure, 10%",Mean/Mode,,2120,tenure,30.851869380028397,55.0,24.148130619971603,tabular_imputer
2026-05-08T13:28:00.467103+00:00,Telco,MNAR,"tenure, 10%",Mean/Mode,,2125,tenure,30.851869380028397,67.0,36.1481306199716,tabular_imputer
2026-05-08T13:28:00.467103+00:00,Telco,MNAR,"tenure, 10%",Mean/Mode,,2128,tenure,30.851869380028397,41.0,10.148130619971605,tabular_imputer
2026-05-08T13:28:00.467103+00:00,Telco,MNAR,"tenure, 10%",Mean/Mode,,2130,tenure,30.851869380028397,51.0,20.148130619971603,tabular_imputer
2026-05-08T13:28:00.467103+00:00,Telco,MNAR,"tenure, 10%",Mean/Mode,,2146,tenure,30.851869380028397,62.0,31.148130619971603,tabular_imputer
2026-05-08T13:28:00.467103+00:00,Telco,MNAR,"tenure, 10%",Mean/Mode,,2153,tenure,30.851869380028397,25.0,5.851869380028397,tabular_imputer
2026-05-08T13:28:00.467103+00:00,Telco,MNAR,"tenure, 10%",Mean/Mode,,2162,tenure,30.851869380028397,28.0,2.851869380028397,tabular_imputer
2026-05-08T13:28:00.467103+00:00,Telco,MNAR,"tenure, 10%",Mean/Mode,,2175,tenure,30.851869380028397,30.0,0.851869380028397,tabular_imputer
2026-05-08T13:28:00.467103+00:00,Telco,MNAR,"tenure, 10%",Mean/Mode,,2190,tenure,30.851869380028397,71.0,40.1481306199716,tabular_imputer
2026-05-08T13:28:00.467103+00:00,Telco,MNAR,"tenure, 10%",Mean/Mode,,2195,tenure,30.851869380028397,28.0,2.851869380028397,tabular_imputer
2026-05-08T13:28:00.467103+00:00,Telco,MNAR,"tenure, 10%",Mean/Mode,,2203,tenure,30.851869380028397,72.0,41.1481306199716,tabular_imputer
2026-05-08T13:28:00.467103+00:00,Telco,MNAR,"tenure, 10%",Mean/Mode,,2204,tenure,30.851869380028397,67.0,36.1481306199716,tabular_imputer
2026-05-08T13:28:00.467103+00:00,Telco,MNAR,"tenure, 10%",Mean/Mode,,2215,tenure,30.851869380028397,70.0,39.1481306199716,tabular_imputer
2026-05-08T13:28:00.467103+00:00,Telco,MNAR,"tenure, 10%",Mean/Mode,,2217,tenure,30.851869380028397,66.0,35.1481306199716,tabular_imputer
2026-05-08T13:28:00.467103+00:00,Telco,MNAR,"tenure, 10%",Mean/Mode,,2225,tenure,30.851869380028397,33.0,2.148130619971603,tabular_imputer
2026-05-08T13:28:00.467103+00:00,Telco,MNAR,"tenure, 10%",Mean/Mode,,2227,tenure,30.851869380028397,58.0,27.148130619971603,tabular_imputer
2026-05-08T13:28:00.467103+00:00,Telco,MNAR,"tenure, 10%",Mean/Mode,,2232,tenure,30.851869380028397,36.0,5.148130619971603,tabular_imputer
2026-05-08T13:28:00.467103+00:00,Telco,MNAR,"tenure, 10%",Mean/Mode,,2233,tenure,30.851869380028397,54.0,23.148130619971603,tabular_imputer
2026-05-08T13:28:00.467103+00:00,Telco,MNAR,"tenure, 10%",Mean/Mode,,2239,tenure,30.851869380028397,67.0,36.1481306199716,tabular_imputer
2026-05-08T13:28:00.467103+00:00,Telco,MNAR,"tenure, 10%",Mean/Mode,,2267,tenure,30.851869380028397,72.0,41.1481306199716,tabular_imputer
2026-05-08T13:28:00.467103+00:00,Telco,MNAR,"tenure, 10%",Mean/Mode,,2273,tenure,30.851869380028397,30.0,0.851869380028397,tabular_imputer
2026-05-08T13:28:00.467103+00:00,Telco,MNAR,"tenure, 10%",Mean/Mode,,2290,tenure,30.851869380028397,13.0,17.851869380028397,tabular_imputer
2026-05-08T13:28:00.467103+00:00,Telco,MNAR,"tenure, 10%",Mean/Mode,,2293,tenure,30.851869380028397,72.0,41.1481306199716,tabular_imputer
2026-05-08T13:28:00.467103+00:00,Telco,MNAR,"tenure, 10%",Mean/Mode,,2305,tenure,30.851869380028397,34.0,3.148130619971603,tabular_imputer
2026-05-08T13:28:00.467103+00:00,Telco,MNAR,"tenure, 10%",Mean/Mode,,2310,tenure,30.851869380028397,72.0,41.1481306199716,tabular_imputer
2026-05-08T13:28:00.467103+00:00,Telco,MNAR,"tenure, 10%",Mean/Mode,,2318,tenure,30.851869380028397,71.0,40.1481306199716,tabular_imputer
2026-05-08T13:28:00.467103+00:00,Telco,MNAR,"tenure, 10%",Mean/Mode,,2329,tenure,30.851869380028397,57.0,26.148130619971603,tabular_imputer
2026-05-08T13:28:00.467103+00:00,Telco,MNAR,"tenure, 10%",Mean/Mode,,2341,tenure,30.851869380028397,68.0,37.1481306199716,tabular_imputer
2026-05-08T13:28:00.467103+00:00,Telco,MNAR,"tenure, 10%",Mean/Mode,,2342,tenure,30.851869380028397,30.0,0.851869380028397,tabular_imputer
2026-05-08T13:28:00.467103+00:00,Telco,MNAR,"tenure, 10%",Mean/Mode,,2346,tenure,30.851869380028397,71.0,40.1481306199716,tabular_imputer
2026-05-08T13:28:00.467103+00:00,Telco,MNAR,"tenure, 10%",Mean/Mode,,2375,tenure,30.851869380028397,71.0,40.1481306199716,tabular_imputer
2026-05-08T13:28:00.467103+00:00,Telco,MNAR,"tenure, 10%",Mean/Mode,,2377,tenure,30.851869380028397,47.0,16.148130619971603,tabular_imputer
2026-05-08T13:28:00.467103+00:00,Telco,MNAR,"tenure, 10%",Mean/Mode,,2390,tenure,30.851869380028397,8.0,22.851869380028397,tabular_imputer
2026-05-08T13:28:00.467103+00:00,Telco,MNAR,"tenure, 10%",Mean/Mode,,2403,tenure,30.851869380028397,71.0,40.1481306199716,tabular_imputer
2026-05-08T13:28:00.467103+00:00,Telco,MNAR,"tenure, 10%",Mean/Mode,,2412,tenure,30.851869380028397,42.0,11.148130619971605,tabular_imputer
2026-05-08T13:28:00.467103+00:00,Telco,MNAR,"tenure, 10%",Mean/Mode,,2440,tenure,30.851869380028397,32.0,1.148130619971603,tabular_imputer
2026-05-08T13:28:00.467103+00:00,Telco,MNAR,"tenure, 10%",Mean/Mode,,2443,tenure,30.851869380028397,72.0,41.1481306199716,tabular_imputer
2026-05-08T13:28:00.467103+00:00,Telco,MNAR,"tenure, 10%",Mean/Mode,,2452,tenure,30.851869380028397,15.0,15.851869380028395,tabular_imputer
2026-05-08T13:28:00.467103+00:00,Telco,MNAR,"tenure, 10%",Mean/Mode,,2498,tenure,30.851869380028397,27.0,3.851869380028397,tabular_imputer
2026-05-08T13:28:00.467103+00:00,Telco,MNAR,"tenure, 10%",Mean/Mode,,2534,tenure,30.851869380028397,69.0,38.1481306199716,tabular_imputer
2026-05-08T13:28:00.467103+00:00,Telco,MNAR,"tenure, 10%",Mean/Mode,,2540,tenure,30.851869380028397,70.0,39.1481306199716,tabular_imputer
2026-05-08T13:28:00.467103+00:00,Telco,MNAR,"tenure, 10%",Mean/Mode,,2557,tenure,30.851869380028397,3.0,27.851869380028397,tabular_imputer
2026-05-08T13:28:00.467103+00:00,Telco,MNAR,"tenure, 10%",Mean/Mode,,2561,tenure,30.851869380028397,71.0,40.1481306199716,tabular_imputer
2026-05-08T13:28:00.467103+00:00,Telco,MNAR,"tenure, 10%",Mean/Mode,,2563,tenure,30.851869380028397,25.0,5.851869380028397,tabular_imputer
2026-05-08T13:28:00.467103+00:00,Telco,MNAR,"tenure, 10%",Mean/Mode,,2569,tenure,30.851869380028397,72.0,41.1481306199716,tabular_imputer
2026-05-08T13:28:00.467103+00:00,Telco,MNAR,"tenure, 10%",Mean/Mode,,2570,tenure,30.851869380028397,30.0,0.851869380028397,tabular_imputer
2026-05-08T13:28:00.467103+00:00,Telco,MNAR,"tenure, 10%",Mean/Mode,,2576,tenure,30.851869380028397,53.0,22.148130619971603,tabular_imputer
2026-05-08T13:28:00.467103+00:00,Telco,MNAR,"tenure, 10%",Mean/Mode,,2595,tenure,30.851869380028397,71.0,40.1481306199716,tabular_imputer
2026-05-08T13:28:00.467103+00:00,Telco,MNAR,"tenure, 10%",Mean/Mode,,2597,tenure,30.851869380028397,71.0,40.1481306199716,tabular_imputer
2026-05-08T13:28:00.467103+00:00,Telco,MNAR,"tenure, 10%",Mean/Mode,,2598,tenure,30.851869380028397,7.0,23.851869380028397,tabular_imputer
2026-05-08T13:28:00.467103+00:00,Telco,MNAR,"tenure, 10%",Mean/Mode,,2606,tenure,30.851869380028397,31.0,0.148130619971603,tabular_imputer
2026-05-08T13:28:00.467103+00:00,Telco,MNAR,"tenure, 10%",Mean/Mode,,2609,tenure,30.851869380028397,61.0,30.148130619971603,tabular_imputer
2026-05-08T13:28:00.467103+00:00,Telco,MNAR,"tenure, 10%",Mean/Mode,,2616,tenure,30.851869380028397,6.0,24.851869380028397,tabular_imputer
2026-05-08T13:28:00.467103+00:00,Telco,MNAR,"tenure, 10%",Mean/Mode,,2617,tenure,30.851869380028397,1.0,29.851869380028397,tabular_imputer
2026-05-08T13:28:00.467103+00:00,Telco,MNAR,"tenure, 10%",Mean/Mode,,2621,tenure,30.851869380028397,71.0,40.1481306199716,tabular_imputer
2026-05-08T13:28:00.467103+00:00,Telco,MNAR,"tenure, 10%",Mean/Mode,,2636,tenure,30.851869380028397,70.0,39.1481306199716,tabular_imputer
2026-05-08T13:28:00.467103+00:00,Telco,MNAR,"tenure, 10%",Mean/Mode,,2660,tenure,30.851869380028397,13.0,17.851869380028397,tabular_imputer
2026-05-08T13:28:00.467103+00:00,Telco,MNAR,"tenure, 10%",Mean/Mode,,2669,tenure,30.851869380028397,19.0,11.851869380028395,tabular_imputer
2026-05-08T13:28:00.467103+00:00,Telco,MNAR,"tenure, 10%",Mean/Mode,,2685,tenure,30.851869380028397,72.0,41.1481306199716,tabular_imputer
2026-05-08T13:28:00.467103+00:00,Telco,MNAR,"tenure, 10%",Mean/Mode,,2693,tenure,30.851869380028397,72.0,41.1481306199716,tabular_imputer
2026-05-08T13:28:00.467103+00:00,Telco,MNAR,"tenure, 10%",Mean/Mode,,2697,tenure,30.851869380028397,71.0,40.1481306199716,tabular_imputer
2026-05-08T13:28:00.467103+00:00,Telco,MNAR,"tenure, 10%",Mean/Mode,,2715,tenure,30.851869380028397,41.0,10.148130619971605,tabular_imputer
2026-05-08T13:28:00.467103+00:00,Telco,MNAR,"tenure, 10%",Mean/Mode,,2717,tenure,30.851869380028397,72.0,41.1481306199716,tabular_imputer
2026-05-08T13:28:00.467103+00:00,Telco,MNAR,"tenure, 10%",Mean/Mode,,2752,tenure,30.851869380028397,31.0,0.148130619971603,tabular_imputer
2026-05-08T13:28:00.467103+00:00,Telco,MNAR,"tenure, 10%",Mean/Mode,,2755,tenure,30.851869380028397,46.0,15.148130619971605,tabular_imputer
2026-05-08T13:28:00.467103+00:00,Telco,MNAR,"tenure, 10%",Mean/Mode,,2763,tenure,30.851869380028397,64.0,33.1481306199716,tabular_imputer
2026-05-08T13:28:00.467103+00:00,Telco,MNAR,"tenure, 10%",Mean/Mode,,2767,tenure,30.851869380028397,46.0,15.148130619971605,tabular_imputer
2026-05-08T13:28:00.467103+00:00,Telco,MNAR,"tenure, 10%",Mean/Mode,,2788,tenure,30.851869380028397,71.0,40.1481306199716,tabular_imputer
2026-05-08T13:28:00.467103+00:00,Telco,MNAR,"tenure, 10%",Mean/Mode,,2791,tenure,30.851869380028397,57.0,26.148130619971603,tabular_imputer
2026-05-08T13:28:00.467103+00:00,Telco,MNAR,"tenure, 10%",Mean/Mode,,2800,tenure,30.851869380028397,20.0,10.851869380028395,tabular_imputer
2026-05-08T13:28:00.467103+00:00,Telco,MNAR,"tenure, 10%",Mean/Mode,,2816,tenure,30.851869380028397,72.0,41.1481306199716,tabular_imputer
2026-05-08T13:28:00.467103+00:00,Telco,MNAR,"tenure, 10%",Mean/Mode,,2836,tenure,30.851869380028397,49.0,18.148130619971603,tabular_imputer
2026-05-08T13:28:00.467103+00:00,Telco,MNAR,"tenure, 10%",Mean/Mode,,2853,tenure,30.851869380028397,60.0,29.148130619971603,tabular_imputer
2026-05-08T13:28:00.467103+00:00,Telco,MNAR,"tenure, 10%",Mean/Mode,,2867,tenure,30.851869380028397,24.0,6.851869380028397,tabular_imputer
2026-05-08T13:28:00.467103+00:00,Telco,MNAR,"tenure, 10%",Mean/Mode,,2871,tenure,30.851869380028397,14.0,16.851869380028397,tabular_imputer
2026-05-08T13:28:00.467103+00:00,Telco,MNAR,"tenure, 10%",Mean/Mode,,2873,tenure,30.851869380028397,25.0,5.851869380028397,tabular_imputer
2026-05-08T13:28:00.467103+00:00,Telco,MNAR,"tenure, 10%",Mean/Mode,,2890,tenure,30.851869380028397,47.0,16.148130619971603,tabular_imputer
2026-05-08T13:28:00.467103+00:00,Telco,MNAR,"tenure, 10%",Mean/Mode,,2893,tenure,30.851869380028397,22.0,8.851869380028397,tabular_imputer
2026-05-08T13:28:00.467103+00:00,Telco,MNAR,"tenure, 10%",Mean/Mode,,2899,tenure,30.851869380028397,71.0,40.1481306199716,tabular_imputer
2026-05-08T13:28:00.467103+00:00,Telco,MNAR,"tenure, 10%",Mean/Mode,,2920,tenure,30.851869380028397,72.0,41.1481306199716,tabular_imputer
2026-05-08T13:28:00.467103+00:00,Telco,MNAR,"tenure, 10%",Mean/Mode,,2923,tenure,30.851869380028397,54.0,23.148130619971603,tabular_imputer
2026-05-08T13:28:00.467103+00:00,Telco,MNAR,"tenure, 10%",Mean/Mode,,2926,tenure,30.851869380028397,69.0,38.1481306199716,tabular_imputer
2026-05-08T13:28:00.467103+00:00,Telco,MNAR,"tenure, 10%",Mean/Mode,,2928,tenure,30.851869380028397,68.0,37.1481306199716,tabular_imputer
2026-05-08T13:28:00.467103+00:00,Telco,MNAR,"tenure, 10%",Mean/Mode,,2936,tenure,30.851869380028397,40.0,9.148130619971605,tabular_imputer
2026-05-08T13:28:00.467103+00:00,Telco,MNAR,"tenure, 10%",Mean/Mode,,2937,tenure,30.851869380028397,64.0,33.1481306199716,tabular_imputer
2026-05-08T13:28:00.467103+00:00,Telco,MNAR,"tenure, 10%",Mean/Mode,,2940,tenure,30.851869380028397,53.0,22.148130619971603,tabular_imputer
2026-05-08T13:28:00.467103+00:00,Telco,MNAR,"tenure, 10%",Mean/Mode,,2947,tenure,30.851869380028397,49.0,18.148130619971603,tabular_imputer
2026-05-08T13:28:00.467103+00:00,Telco,MNAR,"tenure, 10%",Mean/Mode,,2986,tenure,30.851869380028397,55.0,24.148130619971603,tabular_imputer
2026-05-08T13:28:00.467103+00:00,Telco,MNAR,"tenure, 10%",Mean/Mode,,3003,tenure,30.851869380028397,27.0,3.851869380028397,tabular_imputer
2026-05-08T13:28:00.467103+00:00,Telco,MNAR,"tenure, 10%",Mean/Mode,,3026,tenure,30.851869380028397,16.0,14.851869380028395,tabular_imputer
2026-05-08T13:28:00.467103+00:00,Telco,MNAR,"tenure, 10%",Mean/Mode,,3032,tenure,30.851869380028397,17.0,13.851869380028395,tabular_imputer
2026-05-08T13:28:00.467103+00:00,Telco,MNAR,"tenure, 10%",Mean/Mode,,3036,tenure,30.851869380028397,67.0,36.1481306199716,tabular_imputer
2026-05-08T13:28:00.467103+00:00,Telco,MNAR,"tenure, 10%",Mean/Mode,,3039,tenure,30.851869380028397,72.0,41.1481306199716,tabular_imputer
2026-05-08T13:28:00.467103+00:00,Telco,MNAR,"tenure, 10%",Mean/Mode,,3047,tenure,30.851869380028397,32.0,1.148130619971603,tabular_imputer
2026-05-08T13:28:00.467103+00:00,Telco,MNAR,"tenure, 10%",Mean/Mode,,3055,tenure,30.851869380028397,49.0,18.148130619971603,tabular_imputer
2026-05-08T13:28:00.467103+00:00,Telco,MNAR,"tenure, 10%",Mean/Mode,,3068,tenure,30.851869380028397,51.0,20.148130619971603,tabular_imputer
2026-05-08T13:28:00.467103+00:00,Telco,MNAR,"tenure, 10%",Mean/Mode,,3071,tenure,30.851869380028397,47.0,16.148130619971603,tabular_imputer
2026-05-08T13:28:00.467103+00:00,Telco,MNAR,"tenure, 10%",Mean/Mode,,3075,tenure,30.851869380028397,71.0,40.1481306199716,tabular_imputer
2026-05-08T13:28:00.467103+00:00,Telco,MNAR,"tenure, 10%",Mean/Mode,,3082,tenure,30.851869380028397,51.0,20.148130619971603,tabular_imputer
2026-05-08T13:28:00.467103+00:00,Telco,MNAR,"tenure, 10%",Mean/Mode,,3084,tenure,30.851869380028397,9.0,21.851869380028397,tabular_imputer
2026-05-08T13:28:00.467103+00:00,Telco,MNAR,"tenure, 10%",Mean/Mode,,3085,tenure,30.851869380028397,3.0,27.851869380028397,tabular_imputer
2026-05-08T13:28:00.467103+00:00,Telco,MNAR,"tenure, 10%",Mean/Mode,,3096,tenure,30.851869380028397,71.0,40.1481306199716,tabular_imputer
2026-05-08T13:28:00.467103+00:00,Telco,MNAR,"tenure, 10%",Mean/Mode,,3111,tenure,30.851869380028397,72.0,41.1481306199716,tabular_imputer
2026-05-08T13:28:00.467103+00:00,Telco,MNAR,"tenure, 10%",Mean/Mode,,3117,tenure,30.851869380028397,70.0,39.1481306199716,tabular_imputer
2026-05-08T13:28:00.467103+00:00,Telco,MNAR,"tenure, 10%",Mean/Mode,,3134,tenure,30.851869380028397,36.0,5.148130619971603,tabular_imputer
2026-05-08T13:28:00.467103+00:00,Telco,MNAR,"tenure, 10%",Mean/Mode,,3156,tenure,30.851869380028397,25.0,5.851869380028397,tabular_imputer
2026-05-08T13:28:00.467103+00:00,Telco,MNAR,"tenure, 10%",Mean/Mode,,3157,tenure,30.851869380028397,9.0,21.851869380028397,tabular_imputer
2026-05-08T13:28:00.467103+00:00,Telco,MNAR,"tenure, 10%",Mean/Mode,,3166,tenure,30.851869380028397,14.0,16.851869380028397,tabular_imputer
2026-05-08T13:28:00.467103+00:00,Telco,MNAR,"tenure, 10%",Mean/Mode,,3172,tenure,30.851869380028397,25.0,5.851869380028397,tabular_imputer
2026-05-08T13:28:00.467103+00:00,Telco,MNAR,"tenure, 10%",Mean/Mode,,3190,tenure,30.851869380028397,66.0,35.1481306199716,tabular_imputer
2026-05-08T13:28:00.467103+00:00,Telco,MNAR,"tenure, 10%",Mean/Mode,,3196,tenure,30.851869380028397,3.0,27.851869380028397,tabular_imputer
2026-05-08T13:28:00.467103+00:00,Telco,MNAR,"tenure, 10%",Mean/Mode,,3199,tenure,30.851869380028397,68.0,37.1481306199716,tabular_imputer
2026-05-08T13:28:00.467103+00:00,Telco,MNAR,"tenure, 10%",Mean/Mode,,3204,tenure,30.851869380028397,40.0,9.148130619971605,tabular_imputer
2026-05-08T13:28:00.467103+00:00,Telco,MNAR,"tenure, 10%",Mean/Mode,,3208,tenure,30.851869380028397,48.0,17.148130619971603,tabular_imputer
2026-05-08T13:28:00.467103+00:00,Telco,MNAR,"tenure, 10%",Mean/Mode,,3230,tenure,30.851869380028397,63.0,32.1481306199716,tabular_imputer
2026-05-08T13:28:00.467103+00:00,Telco,MNAR,"tenure, 10%",Mean/Mode,,3234,tenure,30.851869380028397,24.0,6.851869380028397,tabular_imputer
2026-05-08T13:28:00.467103+00:00,Telco,MNAR,"tenure, 10%",Mean/Mode,,3256,tenure,30.851869380028397,61.0,30.148130619971603,tabular_imputer
2026-05-08T13:28:00.467103+00:00,Telco,MNAR,"tenure, 10%",Mean/Mode,,3263,tenure,30.851869380028397,52.0,21.148130619971603,tabular_imputer
2026-05-08T13:28:00.467103+00:00,Telco,MNAR,"tenure, 10%",Mean/Mode,,3279,tenure,30.851869380028397,23.0,7.851869380028397,tabular_imputer
2026-05-08T13:28:00.467103+00:00,Telco,MNAR,"tenure, 10%",Mean/Mode,,3284,tenure,30.851869380028397,40.0,9.148130619971605,tabular_imputer
2026-05-08T13:28:00.467103+00:00,Telco,MNAR,"tenure, 10%",Mean/Mode,,3289,tenure,30.851869380028397,41.0,10.148130619971605,tabular_imputer
2026-05-08T13:28:00.467103+00:00,Telco,MNAR,"tenure, 10%",Mean/Mode,,3295,tenure,30.851869380028397,72.0,41.1481306199716,tabular_imputer
2026-05-08T13:28:00.467103+00:00,Telco,MNAR,"tenure, 10%",Mean/Mode,,3311,tenure,30.851869380028397,48.0,17.148130619971603,tabular_imputer
2026-05-08T13:28:00.467103+00:00,Telco,MNAR,"tenure, 10%",Mean/Mode,,3314,tenure,30.851869380028397,37.0,6.148130619971603,tabular_imputer
2026-05-08T13:28:00.467103+00:00,Telco,MNAR,"tenure, 10%",Mean/Mode,,3326,tenure,30.851869380028397,38.0,7.148130619971603,tabular_imputer
2026-05-08T13:28:00.467103+00:00,Telco,MNAR,"tenure, 10%",Mean/Mode,,3345,tenure,30.851869380028397,72.0,41.1481306199716,tabular_imputer
2026-05-08T13:28:00.467103+00:00,Telco,MNAR,"tenure, 10%",Mean/Mode,,3351,tenure,30.851869380028397,16.0,14.851869380028395,tabular_imputer
2026-05-08T13:28:00.467103+00:00,Telco,MNAR,"tenure, 10%",Mean/Mode,,3364,tenure,30.851869380028397,21.0,9.851869380028395,tabular_imputer
2026-05-08T13:28:00.467103+00:00,Telco,MNAR,"tenure, 10%",Mean/Mode,,3369,tenure,30.851869380028397,11.0,19.851869380028397,tabular_imputer
2026-05-08T13:28:00.467103+00:00,Telco,MNAR,"tenure, 10%",Mean/Mode,,3377,tenure,30.851869380028397,68.0,37.1481306199716,tabular_imputer
2026-05-08T13:28:00.467103+00:00,Telco,MNAR,"tenure, 10%",Mean/Mode,,3378,tenure,30.851869380028397,72.0,41.1481306199716,tabular_imputer
2026-05-08T13:28:00.467103+00:00,Telco,MNAR,"tenure, 10%",Mean/Mode,,3392,tenure,30.851869380028397,58.0,27.148130619971603,tabular_imputer
2026-05-08T13:28:00.467103+00:00,Telco,MNAR,"tenure, 10%",Mean/Mode,,3399,tenure,30.851869380028397,42.0,11.148130619971605,tabular_imputer
2026-05-08T13:28:00.467103+00:00,Telco,MNAR,"tenure, 10%",Mean/Mode,,3408,tenure,30.851869380028397,4.0,26.851869380028397,tabular_imputer
2026-05-08T13:28:00.467103+00:00,Telco,MNAR,"tenure, 10%",Mean/Mode,,3409,tenure,30.851869380028397,70.0,39.1481306199716,tabular_imputer
2026-05-08T13:28:00.467103+00:00,Telco,MNAR,"tenure, 10%",Mean/Mode,,3437,tenure,30.851869380028397,41.0,10.148130619971605,tabular_imputer
2026-05-08T13:28:00.467103+00:00,Telco,MNAR,"tenure, 10%",Mean/Mode,,3447,tenure,30.851869380028397,39.0,8.148130619971603,tabular_imputer
2026-05-08T13:28:00.467103+00:00,Telco,MNAR,"tenure, 10%",Mean/Mode,,3454,tenure,30.851869380028397,29.0,1.851869380028397,tabular_imputer
2026-05-08T13:28:00.467103+00:00,Telco,MNAR,"tenure, 10%",Mean/Mode,,3456,tenure,30.851869380028397,67.0,36.1481306199716,tabular_imputer
2026-05-08T13:28:00.467103+00:00,Telco,MNAR,"tenure, 10%",Mean/Mode,,3459,tenure,30.851869380028397,30.0,0.851869380028397,tabular_imputer
2026-05-08T13:28:00.467103+00:00,Telco,MNAR,"tenure, 10%",Mean/Mode,,3461,tenure,30.851869380028397,55.0,24.148130619971603,tabular_imputer
2026-05-08T13:28:00.467103+00:00,Telco,MNAR,"tenure, 10%",Mean/Mode,,3473,tenure,30.851869380028397,42.0,11.148130619971605,tabular_imputer
2026-05-08T13:28:00.467103+00:00,Telco,MNAR,"tenure, 10%",Mean/Mode,,3481,tenure,30.851869380028397,4.0,26.851869380028397,tabular_imputer
2026-05-08T13:28:00.467103+00:00,Telco,MNAR,"tenure, 10%",Mean/Mode,,3487,tenure,30.851869380028397,52.0,21.148130619971603,tabular_imputer
2026-05-08T13:28:00.467103+00:00,Telco,MNAR,"tenure, 10%",Mean/Mode,,3488,tenure,30.851869380028397,9.0,21.851869380028397,tabular_imputer
2026-05-08T13:28:00.467103+00:00,Telco,MNAR,"tenure, 10%",Mean/Mode,,3511,tenure,30.851869380028397,53.0,22.148130619971603,tabular_imputer
2026-05-08T13:28:00.467103+00:00,Telco,MNAR,"tenure, 10%",Mean/Mode,,3523,tenure,30.851869380028397,72.0,41.1481306199716,tabular_imputer
2026-05-08T13:28:00.467103+00:00,Telco,MNAR,"tenure, 10%",Mean/Mode,,3540,tenure,30.851869380028397,72.0,41.1481306199716,tabular_imputer
2026-05-08T13:28:00.467103+00:00,Telco,MNAR,"tenure, 10%",Mean/Mode,,3541,tenure,30.851869380028397,49.0,18.148130619971603,tabular_imputer
2026-05-08T13:28:00.467103+00:00,Telco,MNAR,"tenure, 10%",Mean/Mode,,3555,tenure,30.851869380028397,20.0,10.851869380028395,tabular_imputer
2026-05-08T13:28:00.467103+00:00,Telco,MNAR,"tenure, 10%",Mean/Mode,,3563,tenure,30.851869380028397,30.0,0.851869380028397,tabular_imputer
2026-05-08T13:28:00.467103+00:00,Telco,MNAR,"tenure, 10%",Mean/Mode,,3565,tenure,30.851869380028397,1.0,29.851869380028397,tabular_imputer
2026-05-08T13:28:00.467103+00:00,Telco,MNAR,"tenure, 10%",Mean/Mode,,3576,tenure,30.851869380028397,72.0,41.1481306199716,tabular_imputer
2026-05-08T13:28:00.467103+00:00,Telco,MNAR,"tenure, 10%",Mean/Mode,,3594,tenure,30.851869380028397,9.0,21.851869380028397,tabular_imputer
2026-05-08T13:28:00.467103+00:00,Telco,MNAR,"tenure, 10%",Mean/Mode,,3599,tenure,30.851869380028397,45.0,14.148130619971605,tabular_imputer
2026-05-08T13:28:00.467103+00:00,Telco,MNAR,"tenure, 10%",Mean/Mode,,3622,tenure,30.851869380028397,72.0,41.1481306199716,tabular_imputer
2026-05-08T13:28:00.467103+00:00,Telco,MNAR,"tenure, 10%",Mean/Mode,,3623,tenure,30.851869380028397,37.0,6.148130619971603,tabular_imputer
2026-05-08T13:28:00.467103+00:00,Telco,MNAR,"tenure, 10%",Mean/Mode,,3634,tenure,30.851869380028397,72.0,41.1481306199716,tabular_imputer
2026-05-08T13:28:00.467103+00:00,Telco,MNAR,"tenure, 10%",Mean/Mode,,3637,tenure,30.851869380028397,9.0,21.851869380028397,tabular_imputer
2026-05-08T13:28:00.467103+00:00,Telco,MNAR,"tenure, 10%",Mean/Mode,,3640,tenure,30.851869380028397,29.0,1.851869380028397,tabular_imputer
2026-05-08T13:28:00.467103+00:00,Telco,MNAR,"tenure, 10%",Mean/Mode,,3648,tenure,30.851869380028397,51.0,20.148130619971603,tabular_imputer
2026-05-08T13:28:00.467103+00:00,Telco,MNAR,"tenure, 10%",Mean/Mode,,3665,tenure,30.851869380028397,71.0,40.1481306199716,tabular_imputer
2026-05-08T13:28:00.467103+00:00,Telco,MNAR,"tenure, 10%",Mean/Mode,,3676,tenure,30.851869380028397,30.0,0.851869380028397,tabular_imputer
2026-05-08T13:28:00.467103+00:00,Telco,MNAR,"tenure, 10%",Mean/Mode,,3681,tenure,30.851869380028397,46.0,15.148130619971605,tabular_imputer
2026-05-08T13:28:00.467103+00:00,Telco,MNAR,"tenure, 10%",Mean/Mode,,3695,tenure,30.851869380028397,32.0,1.148130619971603,tabular_imputer
2026-05-08T13:28:00.467103+00:00,Telco,MNAR,"tenure, 10%",Mean/Mode,,3704,tenure,30.851869380028397,68.0,37.1481306199716,tabular_imputer
2026-05-08T13:28:00.467103+00:00,Telco,MNAR,"tenure, 10%",Mean/Mode,,3712,tenure,30.851869380028397,44.0,13.148130619971605,tabular_imputer
2026-05-08T13:28:00.467103+00:00,Telco,MNAR,"tenure, 10%",Mean/Mode,,3748,tenure,30.851869380028397,48.0,17.148130619971603,tabular_imputer
2026-05-08T13:28:00.467103+00:00,Telco,MNAR,"tenure, 10%",Mean/Mode,,3761,tenure,30.851869380028397,72.0,41.1481306199716,tabular_imputer
2026-05-08T13:28:00.467103+00:00,Telco,MNAR,"tenure, 10%",Mean/Mode,,3767,tenure,30.851869380028397,72.0,41.1481306199716,tabular_imputer
2026-05-08T13:28:00.467103+00:00,Telco,MNAR,"tenure, 10%",Mean/Mode,,3777,tenure,30.851869380028397,47.0,16.148130619971603,tabular_imputer
2026-05-08T13:28:00.467103+00:00,Telco,MNAR,"tenure, 10%",Mean/Mode,,3797,tenure,30.851869380028397,43.0,12.148130619971605,tabular_imputer
2026-05-08T13:28:00.467103+00:00,Telco,MNAR,"tenure, 10%",Mean/Mode,,3801,tenure,30.851869380028397,18.0,12.851869380028395,tabular_imputer
2026-05-08T13:28:00.467103+00:00,Telco,MNAR,"tenure, 10%",Mean/Mode,,3828,tenure,30.851869380028397,65.0,34.1481306199716,tabular_imputer
2026-05-08T13:28:00.467103+00:00,Telco,MNAR,"tenure, 10%",Mean/Mode,,3837,tenure,30.851869380028397,4.0,26.851869380028397,tabular_imputer
2026-05-08T13:28:00.467103+00:00,Telco,MNAR,"tenure, 10%",Mean/Mode,,3897,tenure,30.851869380028397,72.0,41.1481306199716,tabular_imputer
2026-05-08T13:28:00.467103+00:00,Telco,MNAR,"tenure, 10%",Mean/Mode,,3924,tenure,30.851869380028397,48.0,17.148130619971603,tabular_imputer
2026-05-08T13:28:00.467103+00:00,Telco,MNAR,"tenure, 10%",Mean/Mode,,3929,tenure,30.851869380028397,50.0,19.148130619971603,tabular_imputer
2026-05-08T13:28:00.467103+00:00,Telco,MNAR,"tenure, 10%",Mean/Mode,,3931,tenure,30.851869380028397,25.0,5.851869380028397,tabular_imputer
2026-05-08T13:28:00.467103+00:00,Telco,MNAR,"tenure, 10%",Mean/Mode,,3936,tenure,30.851869380028397,9.0,21.851869380028397,tabular_imputer
2026-05-08T13:28:00.467103+00:00,Telco,MNAR,"tenure, 10%",Mean/Mode,,3941,tenure,30.851869380028397,7.0,23.851869380028397,tabular_imputer
2026-05-08T13:28:00.467103+00:00,Telco,MNAR,"tenure, 10%",Mean/Mode,,3948,tenure,30.851869380028397,56.0,25.148130619971603,tabular_imputer
2026-05-08T13:28:00.467103+00:00,Telco,MNAR,"tenure, 10%",Mean/Mode,,3949,tenure,30.851869380028397,18.0,12.851869380028395,tabular_imputer
2026-05-08T13:28:00.467103+00:00,Telco,MNAR,"tenure, 10%",Mean/Mode,,3952,tenure,30.851869380028397,72.0,41.1481306199716,tabular_imputer
2026-05-08T13:28:00.467103+00:00,Telco,MNAR,"tenure, 10%",Mean/Mode,,3959,tenure,30.851869380028397,59.0,28.148130619971603,tabular_imputer
2026-05-08T13:28:00.467103+00:00,Telco,MNAR,"tenure, 10%",Mean/Mode,,3972,tenure,30.851869380028397,45.0,14.148130619971605,tabular_imputer
2026-05-08T13:28:00.467103+00:00,Telco,MNAR,"tenure, 10%",Mean/Mode,,3982,tenure,30.851869380028397,71.0,40.1481306199716,tabular_imputer
2026-05-08T13:28:00.467103+00:00,Telco,MNAR,"tenure, 10%",Mean/Mode,,3986,tenure,30.851869380028397,66.0,35.1481306199716,tabular_imputer
2026-05-08T13:28:00.467103+00:00,Telco,MNAR,"tenure, 10%",Mean/Mode,,4008,tenure,30.851869380028397,51.0,20.148130619971603,tabular_imputer
2026-05-08T13:28:00.467103+00:00,Telco,MNAR,"tenure, 10%",Mean/Mode,,4009,tenure,30.851869380028397,63.0,32.1481306199716,tabular_imputer
2026-05-08T13:28:00.467103+00:00,Telco,MNAR,"tenure, 10%",Mean/Mode,,4015,tenure,30.851869380028397,36.0,5.148130619971603,tabular_imputer
2026-05-08T13:28:00.467103+00:00,Telco,MNAR,"tenure, 10%",Mean/Mode,,4035,tenure,30.851869380028397,52.0,21.148130619971603,tabular_imputer
2026-05-08T13:28:00.467103+00:00,Telco,MNAR,"tenure, 10%",Mean/Mode,,4049,tenure,30.851869380028397,46.0,15.148130619971605,tabular_imputer
2026-05-08T13:28:00.467103+00:00,Telco,MNAR,"tenure, 10%",Mean/Mode,,4051,tenure,30.851869380028397,72.0,41.1481306199716,tabular_imputer
2026-05-08T13:28:00.467103+00:00,Telco,MNAR,"tenure, 10%",Mean/Mode,,4057,tenure,30.851869380028397,72.0,41.1481306199716,tabular_imputer
2026-05-08T13:28:00.467103+00:00,Telco,MNAR,"tenure, 10%",Mean/Mode,,4075,tenure,30.851869380028397,53.0,22.148130619971603,tabular_imputer
2026-05-08T13:28:00.467103+00:00,Telco,MNAR,"tenure, 10%",Mean/Mode,,4103,tenure,30.851869380028397,72.0,41.1481306199716,tabular_imputer
2026-05-08T13:28:00.467103+00:00,Telco,MNAR,"tenure, 10%",Mean/Mode,,4110,tenure,30.851869380028397,70.0,39.1481306199716,tabular_imputer
2026-05-08T13:28:00.467103+00:00,Telco,MNAR,"tenure, 10%",Mean/Mode,,4121,tenure,30.851869380028397,27.0,3.851869380028397,tabular_imputer
2026-05-08T13:28:00.467103+00:00,Telco,MNAR,"tenure, 10%",Mean/Mode,,4142,tenure,30.851869380028397,67.0,36.1481306199716,tabular_imputer
2026-05-08T13:28:00.467103+00:00,Telco,MNAR,"tenure, 10%",Mean/Mode,,4155,tenure,30.851869380028397,72.0,41.1481306199716,tabular_imputer
2026-05-08T13:28:00.467103+00:00,Telco,MNAR,"tenure, 10%",Mean/Mode,,4162,tenure,30.851869380028397,72.0,41.1481306199716,tabular_imputer
2026-05-08T13:28:00.467103+00:00,Telco,MNAR,"tenure, 10%",Mean/Mode,,4164,tenure,30.851869380028397,72.0,41.1481306199716,tabular_imputer
2026-05-08T13:28:00.467103+00:00,Telco,MNAR,"tenure, 10%",Mean/Mode,,4167,tenure,30.851869380028397,50.0,19.148130619971603,tabular_imputer
2026-05-08T13:28:00.467103+00:00,Telco,MNAR,"tenure, 10%",Mean/Mode,,4181,tenure,30.851869380028397,62.0,31.148130619971603,tabular_imputer
2026-05-08T13:28:00.467103+00:00,Telco,MNAR,"tenure, 10%",Mean/Mode,,4182,tenure,30.851869380028397,29.0,1.851869380028397,tabular_imputer
2026-05-08T13:28:00.467103+00:00,Telco,MNAR,"tenure, 10%",Mean/Mode,,4186,tenure,30.851869380028397,62.0,31.148130619971603,tabular_imputer
2026-05-08T13:28:00.467103+00:00,Telco,MNAR,"tenure, 10%",Mean/Mode,,4187,tenure,30.851869380028397,36.0,5.148130619971603,tabular_imputer
2026-05-08T13:28:00.467103+00:00,Telco,MNAR,"tenure, 10%",Mean/Mode,,4189,tenure,30.851869380028397,69.0,38.1481306199716,tabular_imputer
2026-05-08T13:28:00.467103+00:00,Telco,MNAR,"tenure, 10%",Mean/Mode,,4203,tenure,30.851869380028397,7.0,23.851869380028397,tabular_imputer
2026-05-08T13:28:00.467103+00:00,Telco,MNAR,"tenure, 10%",Mean/Mode,,4208,tenure,30.851869380028397,69.0,38.1481306199716,tabular_imputer
2026-05-08T13:28:00.467103+00:00,Telco,MNAR,"tenure, 10%",Mean/Mode,,4214,tenure,30.851869380028397,4.0,26.851869380028397,tabular_imputer
2026-05-08T13:28:00.467103+00:00,Telco,MNAR,"tenure, 10%",Mean/Mode,,4219,tenure,30.851869380028397,48.0,17.148130619971603,tabular_imputer
2026-05-08T13:28:00.467103+00:00,Telco,MNAR,"tenure, 10%",Mean/Mode,,4238,tenure,30.851869380028397,57.0,26.148130619971603,tabular_imputer
2026-05-08T13:28:00.467103+00:00,Telco,MNAR,"tenure, 10%",Mean/Mode,,4245,tenure,30.851869380028397,63.0,32.1481306199716,tabular_imputer
2026-05-08T13:28:00.467103+00:00,Telco,MNAR,"tenure, 10%",Mean/Mode,,4252,tenure,30.851869380028397,19.0,11.851869380028395,tabular_imputer
2026-05-08T13:28:00.467103+00:00,Telco,MNAR,"tenure, 10%",Mean/Mode,,4266,tenure,30.851869380028397,62.0,31.148130619971603,tabular_imputer
2026-05-08T13:28:00.467103+00:00,Telco,MNAR,"tenure, 10%",Mean/Mode,,4284,tenure,30.851869380028397,32.0,1.148130619971603,tabular_imputer
2026-05-08T13:28:00.467103+00:00,Telco,MNAR,"tenure, 10%",Mean/Mode,,4318,tenure,30.851869380028397,56.0,25.148130619971603,tabular_imputer
2026-05-08T13:28:00.467103+00:00,Telco,MNAR,"tenure, 10%",Mean/Mode,,4320,tenure,30.851869380028397,71.0,40.1481306199716,tabular_imputer
2026-05-08T13:28:00.467103+00:00,Telco,MNAR,"tenure, 10%",Mean/Mode,,4343,tenure,30.851869380028397,8.0,22.851869380028397,tabular_imputer
2026-05-08T13:28:00.467103+00:00,Telco,MNAR,"tenure, 10%",Mean/Mode,,4357,tenure,30.851869380028397,15.0,15.851869380028395,tabular_imputer
2026-05-08T13:28:00.467103+00:00,Telco,MNAR,"tenure, 10%",Mean/Mode,,4359,tenure,30.851869380028397,23.0,7.851869380028397,tabular_imputer
2026-05-08T13:28:00.467103+00:00,Telco,MNAR,"tenure, 10%",Mean/Mode,,4386,tenure,30.851869380028397,55.0,24.148130619971603,tabular_imputer
2026-05-08T13:28:00.467103+00:00,Telco,MNAR,"tenure, 10%",Mean/Mode,,4398,tenure,30.851869380028397,70.0,39.1481306199716,tabular_imputer
2026-05-08T13:28:00.467103+00:00,Telco,MNAR,"tenure, 10%",Mean/Mode,,4427,tenure,30.851869380028397,49.0,18.148130619971603,tabular_imputer
2026-05-08T13:28:00.467103+00:00,Telco,MNAR,"tenure, 10%",Mean/Mode,,4436,tenure,30.851869380028397,19.0,11.851869380028395,tabular_imputer
2026-05-08T13:28:00.467103+00:00,Telco,MNAR,"tenure, 10%",Mean/Mode,,4456,tenure,30.851869380028397,68.0,37.1481306199716,tabular_imputer
2026-05-08T13:28:00.467103+00:00,Telco,MNAR,"tenure, 10%",Mean/Mode,,4457,tenure,30.851869380028397,22.0,8.851869380028397,tabular_imputer
2026-05-08T13:28:00.467103+00:00,Telco,MNAR,"tenure, 10%",Mean/Mode,,4462,tenure,30.851869380028397,16.0,14.851869380028395,tabular_imputer
2026-05-08T13:28:00.467103+00:00,Telco,MNAR,"tenure, 10%",Mean/Mode,,4470,tenure,30.851869380028397,7.0,23.851869380028397,tabular_imputer
2026-05-08T13:28:00.467103+00:00,Telco,MNAR,"tenure, 10%",Mean/Mode,,4481,tenure,30.851869380028397,42.0,11.148130619971605,tabular_imputer
2026-05-08T13:28:00.467103+00:00,Telco,MNAR,"tenure, 10%",Mean/Mode,,4486,tenure,30.851869380028397,61.0,30.148130619971603,tabular_imputer
2026-05-08T13:28:00.467103+00:00,Telco,MNAR,"tenure, 10%",Mean/Mode,,4488,tenure,30.851869380028397,42.0,11.148130619971605,tabular_imputer
2026-05-08T13:28:00.467103+00:00,Telco,MNAR,"tenure, 10%",Mean/Mode,,4491,tenure,30.851869380028397,1.0,29.851869380028397,tabular_imputer
2026-05-08T13:28:00.467103+00:00,Telco,MNAR,"tenure, 10%",Mean/Mode,,4492,tenure,30.851869380028397,54.0,23.148130619971603,tabular_imputer
2026-05-08T13:28:00.467103+00:00,Telco,MNAR,"tenure, 10%",Mean/Mode,,4504,tenure,30.851869380028397,37.0,6.148130619971603,tabular_imputer
2026-05-08T13:28:00.467103+00:00,Telco,MNAR,"tenure, 10%",Mean/Mode,,4507,tenure,30.851869380028397,8.0,22.851869380028397,tabular_imputer
2026-05-08T13:28:00.467103+00:00,Telco,MNAR,"tenure, 10%",Mean/Mode,,4512,tenure,30.851869380028397,70.0,39.1481306199716,tabular_imputer
2026-05-08T13:28:00.467103+00:00,Telco,MNAR,"tenure, 10%",Mean/Mode,,4525,tenure,30.851869380028397,32.0,1.148130619971603,tabular_imputer
2026-05-08T13:28:00.467103+00:00,Telco,MNAR,"tenure, 10%",Mean/Mode,,4535,tenure,30.851869380028397,30.0,0.851869380028397,tabular_imputer
2026-05-08T13:28:00.467103+00:00,Telco,MNAR,"tenure, 10%",Mean/Mode,,4550,tenure,30.851869380028397,72.0,41.1481306199716,tabular_imputer
2026-05-08T13:28:00.467103+00:00,Telco,MNAR,"tenure, 10%",Mean/Mode,,4561,tenure,30.851869380028397,8.0,22.851869380028397,tabular_imputer
2026-05-08T13:28:00.467103+00:00,Telco,MNAR,"tenure, 10%",Mean/Mode,,4584,tenure,30.851869380028397,69.0,38.1481306199716,tabular_imputer
2026-05-08T13:28:00.467103+00:00,Telco,MNAR,"tenure, 10%",Mean/Mode,,4592,tenure,30.851869380028397,39.0,8.148130619971603,tabular_imputer
2026-05-08T13:28:00.467103+00:00,Telco,MNAR,"tenure, 10%",Mean/Mode,,4593,tenure,30.851869380028397,11.0,19.851869380028397,tabular_imputer
2026-05-08T13:28:00.467103+00:00,Telco,MNAR,"tenure, 10%",Mean/Mode,,4598,tenure,30.851869380028397,18.0,12.851869380028395,tabular_imputer
2026-05-08T13:28:00.467103+00:00,Telco,MNAR,"tenure, 10%",Mean/Mode,,4600,tenure,30.851869380028397,56.0,25.148130619971603,tabular_imputer
2026-05-08T13:28:00.467103+00:00,Telco,MNAR,"tenure, 10%",Mean/Mode,,4610,tenure,30.851869380028397,72.0,41.1481306199716,tabular_imputer
2026-05-08T13:28:00.467103+00:00,Telco,MNAR,"tenure, 10%",Mean/Mode,,4612,tenure,30.851869380028397,65.0,34.1481306199716,tabular_imputer
2026-05-08T13:28:00.467103+00:00,Telco,MNAR,"tenure, 10%",Mean/Mode,,4613,tenure,30.851869380028397,54.0,23.148130619971603,tabular_imputer
2026-05-08T13:28:00.467103+00:00,Telco,MNAR,"tenure, 10%",Mean/Mode,,4614,tenure,30.851869380028397,7.0,23.851869380028397,tabular_imputer
2026-05-08T13:28:00.467103+00:00,Telco,MNAR,"tenure, 10%",Mean/Mode,,4620,tenure,30.851869380028397,72.0,41.1481306199716,tabular_imputer
2026-05-08T13:28:00.467103+00:00,Telco,MNAR,"tenure, 10%",Mean/Mode,,4624,tenure,30.851869380028397,8.0,22.851869380028397,tabular_imputer
2026-05-08T13:28:00.467103+00:00,Telco,MNAR,"tenure, 10%",Mean/Mode,,4642,tenure,30.851869380028397,65.0,34.1481306199716,tabular_imputer
2026-05-08T13:28:00.467103+00:00,Telco,MNAR,"tenure, 10%",Mean/Mode,,4655,tenure,30.851869380028397,32.0,1.148130619971603,tabular_imputer
2026-05-08T13:28:00.467103+00:00,Telco,MNAR,"tenure, 10%",Mean/Mode,,4667,tenure,30.851869380028397,20.0,10.851869380028395,tabular_imputer
2026-05-08T13:28:00.467103+00:00,Telco,MNAR,"tenure, 10%",Mean/Mode,,4684,tenure,30.851869380028397,69.0,38.1481306199716,tabular_imputer
2026-05-08T13:28:00.467103+00:00,Telco,MNAR,"tenure, 10%",Mean/Mode,,4685,tenure,30.851869380028397,46.0,15.148130619971605,tabular_imputer
2026-05-08T13:28:00.467103+00:00,Telco,MNAR,"tenure, 10%",Mean/Mode,,4691,tenure,30.851869380028397,56.0,25.148130619971603,tabular_imputer
2026-05-08T13:28:00.467103+00:00,Telco,MNAR,"tenure, 10%",Mean/Mode,,4699,tenure,30.851869380028397,49.0,18.148130619971603,tabular_imputer
2026-05-08T13:28:00.467103+00:00,Telco,MNAR,"tenure, 10%",Mean/Mode,,4703,tenure,30.851869380028397,24.0,6.851869380028397,tabular_imputer
2026-05-08T13:28:00.467103+00:00,Telco,MNAR,"tenure, 10%",Mean/Mode,,4710,tenure,30.851869380028397,6.0,24.851869380028397,tabular_imputer
2026-05-08T13:28:00.467103+00:00,Telco,MNAR,"tenure, 10%",Mean/Mode,,4726,tenure,30.851869380028397,72.0,41.1481306199716,tabular_imputer
2026-05-08T13:28:00.467103+00:00,Telco,MNAR,"tenure, 10%",Mean/Mode,,4734,tenure,30.851869380028397,39.0,8.148130619971603,tabular_imputer
2026-05-08T13:28:00.467103+00:00,Telco,MNAR,"tenure, 10%",Mean/Mode,,4736,tenure,30.851869380028397,56.0,25.148130619971603,tabular_imputer
2026-05-08T13:28:00.467103+00:00,Telco,MNAR,"tenure, 10%",Mean/Mode,,4743,tenure,30.851869380028397,56.0,25.148130619971603,tabular_imputer
2026-05-08T13:28:00.467103+00:00,Telco,MNAR,"tenure, 10%",Mean/Mode,,4744,tenure,30.851869380028397,64.0,33.1481306199716,tabular_imputer
2026-05-08T13:28:00.467103+00:00,Telco,MNAR,"tenure, 10%",Mean/Mode,,4751,tenure,30.851869380028397,11.0,19.851869380028397,tabular_imputer
2026-05-08T13:28:00.467103+00:00,Telco,MNAR,"tenure, 10%",Mean/Mode,,4768,tenure,30.851869380028397,71.0,40.1481306199716,tabular_imputer
2026-05-08T13:28:00.467103+00:00,Telco,MNAR,"tenure, 10%",Mean/Mode,,4772,tenure,30.851869380028397,69.0,38.1481306199716,tabular_imputer
2026-05-08T13:28:00.467103+00:00,Telco,MNAR,"tenure, 10%",Mean/Mode,,4786,tenure,30.851869380028397,72.0,41.1481306199716,tabular_imputer
2026-05-08T13:28:00.467103+00:00,Telco,MNAR,"tenure, 10%",Mean/Mode,,4790,tenure,30.851869380028397,31.0,0.148130619971603,tabular_imputer
2026-05-08T13:28:00.467103+00:00,Telco,MNAR,"tenure, 10%",Mean/Mode,,4808,tenure,30.851869380028397,54.0,23.148130619971603,tabular_imputer
2026-05-08T13:28:00.467103+00:00,Telco,MNAR,"tenure, 10%",Mean/Mode,,4821,tenure,30.851869380028397,56.0,25.148130619971603,tabular_imputer
2026-05-08T13:28:00.467103+00:00,Telco,MNAR,"tenure, 10%",Mean/Mode,,4824,tenure,30.851869380028397,72.0,41.1481306199716,tabular_imputer
2026-05-08T13:28:00.467103+00:00,Telco,MNAR,"tenure, 10%",Mean/Mode,,4842,tenure,30.851869380028397,9.0,21.851869380028397,tabular_imputer
2026-05-08T13:28:00.467103+00:00,Telco,MNAR,"tenure, 10%",Mean/Mode,,4844,tenure,30.851869380028397,37.0,6.148130619971603,tabular_imputer
2026-05-08T13:28:00.467103+00:00,Telco,MNAR,"tenure, 10%",Mean/Mode,,4855,tenure,30.851869380028397,64.0,33.1481306199716,tabular_imputer
2026-05-08T13:28:00.467103+00:00,Telco,MNAR,"tenure, 10%",Mean/Mode,,4897,tenure,30.851869380028397,15.0,15.851869380028395,tabular_imputer
2026-05-08T13:28:00.467103+00:00,Telco,MNAR,"tenure, 10%",Mean/Mode,,4904,tenure,30.851869380028397,33.0,2.148130619971603,tabular_imputer
2026-05-08T13:28:00.467103+00:00,Telco,MNAR,"tenure, 10%",Mean/Mode,,4911,tenure,30.851869380028397,72.0,41.1481306199716,tabular_imputer
2026-05-08T13:28:00.467103+00:00,Telco,MNAR,"tenure, 10%",Mean/Mode,,4918,tenure,30.851869380028397,51.0,20.148130619971603,tabular_imputer
2026-05-08T13:28:00.467103+00:00,Telco,MNAR,"tenure, 10%",Mean/Mode,,4922,tenure,30.851869380028397,61.0,30.148130619971603,tabular_imputer
2026-05-08T13:28:00.467103+00:00,Telco,MNAR,"tenure, 10%",Mean/Mode,,4923,tenure,30.851869380028397,52.0,21.148130619971603,tabular_imputer
2026-05-08T13:28:00.467103+00:00,Telco,MNAR,"tenure, 10%",Mean/Mode,,4933,tenure,30.851869380028397,4.0,26.851869380028397,tabular_imputer
2026-05-08T13:28:00.467103+00:00,Telco,MNAR,"tenure, 10%",Mean/Mode,,4934,tenure,30.851869380028397,72.0,41.1481306199716,tabular_imputer
2026-05-08T13:28:00.467103+00:00,Telco,MNAR,"tenure, 10%",Mean/Mode,,4936,tenure,30.851869380028397,45.0,14.148130619971605,tabular_imputer
2026-05-08T13:28:00.467103+00:00,Telco,MNAR,"tenure, 10%",Mean/Mode,,4943,tenure,30.851869380028397,71.0,40.1481306199716,tabular_imputer
2026-05-08T13:28:00.467103+00:00,Telco,MNAR,"tenure, 10%",Mean/Mode,,4956,tenure,30.851869380028397,8.0,22.851869380028397,tabular_imputer
2026-05-08T13:28:00.467103+00:00,Telco,MNAR,"tenure, 10%",Mean/Mode,,4964,tenure,30.851869380028397,26.0,4.851869380028397,tabular_imputer
2026-05-08T13:28:00.467103+00:00,Telco,MNAR,"tenure, 10%",Mean/Mode,,4981,tenure,30.851869380028397,14.0,16.851869380028397,tabular_imputer
2026-05-08T13:28:00.467103+00:00,Telco,MNAR,"tenure, 10%",Mean/Mode,,4982,tenure,30.851869380028397,61.0,30.148130619971603,tabular_imputer
2026-05-08T13:28:00.467103+00:00,Telco,MNAR,"tenure, 10%",Mean/Mode,,5010,tenure,30.851869380028397,61.0,30.148130619971603,tabular_imputer
2026-05-08T13:28:00.467103+00:00,Telco,MNAR,"tenure, 10%",Mean/Mode,,5011,tenure,30.851869380028397,43.0,12.148130619971605,tabular_imputer
2026-05-08T13:28:00.467103+00:00,Telco,MNAR,"tenure, 10%",Mean/Mode,,5036,tenure,30.851869380028397,16.0,14.851869380028395,tabular_imputer
2026-05-08T13:28:00.467103+00:00,Telco,MNAR,"tenure, 10%",Mean/Mode,,5054,tenure,30.851869380028397,68.0,37.1481306199716,tabular_imputer
2026-05-08T13:28:00.467103+00:00,Telco,MNAR,"tenure, 10%",Mean/Mode,,5063,tenure,30.851869380028397,21.0,9.851869380028395,tabular_imputer
2026-05-08T13:28:00.467103+00:00,Telco,MNAR,"tenure, 10%",Mean/Mode,,5068,tenure,30.851869380028397,71.0,40.1481306199716,tabular_imputer
2026-05-08T13:28:00.467103+00:00,Telco,MNAR,"tenure, 10%",Mean/Mode,,5069,tenure,30.851869380028397,4.0,26.851869380028397,tabular_imputer
2026-05-08T13:28:00.467103+00:00,Telco,MNAR,"tenure, 10%",Mean/Mode,,5081,tenure,30.851869380028397,53.0,22.148130619971603,tabular_imputer
2026-05-08T13:28:00.467103+00:00,Telco,MNAR,"tenure, 10%",Mean/Mode,,5090,tenure,30.851869380028397,7.0,23.851869380028397,tabular_imputer
2026-05-08T13:28:00.467103+00:00,Telco,MNAR,"tenure, 10%",Mean/Mode,,5102,tenure,30.851869380028397,72.0,41.1481306199716,tabular_imputer
2026-05-08T13:28:00.467103+00:00,Telco,MNAR,"tenure, 10%",Mean/Mode,,5126,tenure,30.851869380028397,57.0,26.148130619971603,tabular_imputer
2026-05-08T13:28:00.467103+00:00,Telco,MNAR,"tenure, 10%",Mean/Mode,,5133,tenure,30.851869380028397,24.0,6.851869380028397,tabular_imputer
2026-05-08T13:28:00.467103+00:00,Telco,MNAR,"tenure, 10%",Mean/Mode,,5153,tenure,30.851869380028397,41.0,10.148130619971605,tabular_imputer
2026-05-08T13:28:00.467103+00:00,Telco,MNAR,"tenure, 10%",Mean/Mode,,5177,tenure,30.851869380028397,36.0,5.148130619971603,tabular_imputer
2026-05-08T13:28:00.467103+00:00,Telco,MNAR,"tenure, 10%",Mean/Mode,,5185,tenure,30.851869380028397,50.0,19.148130619971603,tabular_imputer
2026-05-08T13:28:00.467103+00:00,Telco,MNAR,"tenure, 10%",Mean/Mode,,5192,tenure,30.851869380028397,60.0,29.148130619971603,tabular_imputer
2026-05-08T13:28:00.467103+00:00,Telco,MNAR,"tenure, 10%",Mean/Mode,,5193,tenure,30.851869380028397,72.0,41.1481306199716,tabular_imputer
2026-05-08T13:28:00.467103+00:00,Telco,MNAR,"tenure, 10%",Mean/Mode,,5202,tenure,30.851869380028397,59.0,28.148130619971603,tabular_imputer
2026-05-08T13:28:00.467103+00:00,Telco,MNAR,"tenure, 10%",Mean/Mode,,5220,tenure,30.851869380028397,29.0,1.851869380028397,tabular_imputer
2026-05-08T13:28:00.467103+00:00,Telco,MNAR,"tenure, 10%",Mean/Mode,,5222,tenure,30.851869380028397,8.0,22.851869380028397,tabular_imputer
2026-05-08T13:28:00.467103+00:00,Telco,MNAR,"tenure, 10%",Mean/Mode,,5241,tenure,30.851869380028397,55.0,24.148130619971603,tabular_imputer
2026-05-08T13:28:00.467103+00:00,Telco,MNAR,"tenure, 10%",Mean/Mode,,5244,tenure,30.851869380028397,45.0,14.148130619971605,tabular_imputer
2026-05-08T13:28:00.467103+00:00,Telco,MNAR,"tenure, 10%",Mean/Mode,,5257,tenure,30.851869380028397,37.0,6.148130619971603,tabular_imputer
2026-05-08T13:28:00.467103+00:00,Telco,MNAR,"tenure, 10%",Mean/Mode,,5259,tenure,30.851869380028397,30.0,0.851869380028397,tabular_imputer
2026-05-08T13:28:00.467103+00:00,Telco,MNAR,"tenure, 10%",Mean/Mode,,5263,tenure,30.851869380028397,55.0,24.148130619971603,tabular_imputer
2026-05-08T13:28:00.467103+00:00,Telco,MNAR,"tenure, 10%",Mean/Mode,,5267,tenure,30.851869380028397,9.0,21.851869380028397,tabular_imputer
2026-05-08T13:28:00.467103+00:00,Telco,MNAR,"tenure, 10%",Mean/Mode,,5279,tenure,30.851869380028397,70.0,39.1481306199716,tabular_imputer
2026-05-08T13:28:00.467103+00:00,Telco,MNAR,"tenure, 10%",Mean/Mode,,5289,tenure,30.851869380028397,61.0,30.148130619971603,tabular_imputer
2026-05-08T13:28:00.467103+00:00,Telco,MNAR,"tenure, 10%",Mean/Mode,,5299,tenure,30.851869380028397,28.0,2.851869380028397,tabular_imputer
2026-05-08T13:28:00.467103+00:00,Telco,MNAR,"tenure, 10%",Mean/Mode,,5323,tenure,30.851869380028397,58.0,27.148130619971603,tabular_imputer
2026-05-08T13:28:00.467103+00:00,Telco,MNAR,"tenure, 10%",Mean/Mode,,5343,tenure,30.851869380028397,52.0,21.148130619971603,tabular_imputer
2026-05-08T13:28:00.467103+00:00,Telco,MNAR,"tenure, 10%",Mean/Mode,,5344,tenure,30.851869380028397,71.0,40.1481306199716,tabular_imputer
2026-05-08T13:28:00.467103+00:00,Telco,MNAR,"tenure, 10%",Mean/Mode,,5362,tenure,30.851869380028397,65.0,34.1481306199716,tabular_imputer
2026-05-08T13:28:00.467103+00:00,Telco,MNAR,"tenure, 10%",Mean/Mode,,5363,tenure,30.851869380028397,70.0,39.1481306199716,tabular_imputer
2026-05-08T13:28:00.467103+00:00,Telco,MNAR,"tenure, 10%",Mean/Mode,,5370,tenure,30.851869380028397,16.0,14.851869380028395,tabular_imputer
2026-05-08T13:28:00.467103+00:00,Telco,MNAR,"tenure, 10%",Mean/Mode,,5372,tenure,30.851869380028397,50.0,19.148130619971603,tabular_imputer
2026-05-08T13:28:00.467103+00:00,Telco,MNAR,"tenure, 10%",Mean/Mode,,5379,tenure,30.851869380028397,56.0,25.148130619971603,tabular_imputer
2026-05-08T13:28:00.467103+00:00,Telco,MNAR,"tenure, 10%",Mean/Mode,,5389,tenure,30.851869380028397,51.0,20.148130619971603,tabular_imputer
2026-05-08T13:28:00.467103+00:00,Telco,MNAR,"tenure, 10%",Mean/Mode,,5414,tenure,30.851869380028397,64.0,33.1481306199716,tabular_imputer
2026-05-08T13:28:00.467103+00:00,Telco,MNAR,"tenure, 10%",Mean/Mode,,5434,tenure,30.851869380028397,33.0,2.148130619971603,tabular_imputer
2026-05-08T13:28:00.467103+00:00,Telco,MNAR,"tenure, 10%",Mean/Mode,,5435,tenure,30.851869380028397,46.0,15.148130619971605,tabular_imputer
2026-05-08T13:28:00.467103+00:00,Telco,MNAR,"tenure, 10%",Mean/Mode,,5445,tenure,30.851869380028397,62.0,31.148130619971603,tabular_imputer
2026-05-08T13:28:00.467103+00:00,Telco,MNAR,"tenure, 10%",Mean/Mode,,5449,tenure,30.851869380028397,67.0,36.1481306199716,tabular_imputer
2026-05-08T13:28:00.467103+00:00,Telco,MNAR,"tenure, 10%",Mean/Mode,,5451,tenure,30.851869380028397,71.0,40.1481306199716,tabular_imputer
2026-05-08T13:28:00.467103+00:00,Telco,MNAR,"tenure, 10%",Mean/Mode,,5470,tenure,30.851869380028397,71.0,40.1481306199716,tabular_imputer
2026-05-08T13:28:00.467103+00:00,Telco,MNAR,"tenure, 10%",Mean/Mode,,5475,tenure,30.851869380028397,54.0,23.148130619971603,tabular_imputer
2026-05-08T13:28:00.467103+00:00,Telco,MNAR,"tenure, 10%",Mean/Mode,,5483,tenure,30.851869380028397,55.0,24.148130619971603,tabular_imputer
2026-05-08T13:28:00.467103+00:00,Telco,MNAR,"tenure, 10%",Mean/Mode,,5484,tenure,30.851869380028397,69.0,38.1481306199716,tabular_imputer
2026-05-08T13:28:00.467103+00:00,Telco,MNAR,"tenure, 10%",Mean/Mode,,5486,tenure,30.851869380028397,54.0,23.148130619971603,tabular_imputer
2026-05-08T13:28:00.467103+00:00,Telco,MNAR,"tenure, 10%",Mean/Mode,,5491,tenure,30.851869380028397,21.0,9.851869380028395,tabular_imputer
2026-05-08T13:28:00.467103+00:00,Telco,MNAR,"tenure, 10%",Mean/Mode,,5497,tenure,30.851869380028397,49.0,18.148130619971603,tabular_imputer
2026-05-08T13:28:00.467103+00:00,Telco,MNAR,"tenure, 10%",Mean/Mode,,5500,tenure,30.851869380028397,60.0,29.148130619971603,tabular_imputer
2026-05-08T13:28:00.467103+00:00,Telco,MNAR,"tenure, 10%",Mean/Mode,,5504,tenure,30.851869380028397,44.0,13.148130619971605,tabular_imputer
2026-05-08T13:28:00.467103+00:00,Telco,MNAR,"tenure, 10%",Mean/Mode,,5511,tenure,30.851869380028397,70.0,39.1481306199716,tabular_imputer
2026-05-08T13:28:00.467103+00:00,Telco,MNAR,"tenure, 10%",Mean/Mode,,5513,tenure,30.851869380028397,67.0,36.1481306199716,tabular_imputer
2026-05-08T13:28:00.467103+00:00,Telco,MNAR,"tenure, 10%",Mean/Mode,,5515,tenure,30.851869380028397,18.0,12.851869380028395,tabular_imputer
2026-05-08T13:28:00.467103+00:00,Telco,MNAR,"tenure, 10%",Mean/Mode,,5517,tenure,30.851869380028397,71.0,40.1481306199716,tabular_imputer
2026-05-08T13:28:00.467103+00:00,Telco,MNAR,"tenure, 10%",Mean/Mode,,5525,tenure,30.851869380028397,54.0,23.148130619971603,tabular_imputer
2026-05-08T13:28:00.467103+00:00,Telco,MNAR,"tenure, 10%",Mean/Mode,,5526,tenure,30.851869380028397,51.0,20.148130619971603,tabular_imputer
2026-05-08T13:28:00.467103+00:00,Telco,MNAR,"tenure, 10%",Mean/Mode,,5530,tenure,30.851869380028397,66.0,35.1481306199716,tabular_imputer
2026-05-08T13:28:00.467103+00:00,Telco,MNAR,"tenure, 10%",Mean/Mode,,5537,tenure,30.851869380028397,71.0,40.1481306199716,tabular_imputer
2026-05-08T13:28:00.467103+00:00,Telco,MNAR,"tenure, 10%",Mean/Mode,,5542,tenure,30.851869380028397,67.0,36.1481306199716,tabular_imputer
2026-05-08T13:28:00.467103+00:00,Telco,MNAR,"tenure, 10%",Mean/Mode,,5544,tenure,30.851869380028397,59.0,28.148130619971603,tabular_imputer
2026-05-08T13:28:00.467103+00:00,Telco,MNAR,"tenure, 10%",Mean/Mode,,5548,tenure,30.851869380028397,70.0,39.1481306199716,tabular_imputer
2026-05-08T13:28:00.467103+00:00,Telco,MNAR,"tenure, 10%",Mean/Mode,,5568,tenure,30.851869380028397,44.0,13.148130619971605,tabular_imputer
2026-05-08T13:28:00.467103+00:00,Telco,MNAR,"tenure, 10%",Mean/Mode,,5590,tenure,30.851869380028397,25.0,5.851869380028397,tabular_imputer
2026-05-08T13:28:00.467103+00:00,Telco,MNAR,"tenure, 10%",Mean/Mode,,5596,tenure,30.851869380028397,65.0,34.1481306199716,tabular_imputer
2026-05-08T13:28:00.467103+00:00,Telco,MNAR,"tenure, 10%",Mean/Mode,,5604,tenure,30.851869380028397,17.0,13.851869380028395,tabular_imputer
2026-05-08T13:28:00.467103+00:00,Telco,MNAR,"tenure, 10%",Mean/Mode,,5616,tenure,30.851869380028397,38.0,7.148130619971603,tabular_imputer
2026-05-08T13:28:00.467103+00:00,Telco,MNAR,"tenure, 10%",Mean/Mode,,5637,tenure,30.851869380028397,64.0,33.1481306199716,tabular_imputer
2026-05-08T13:28:00.467103+00:00,Telco,MNAR,"tenure, 10%",Mean/Mode,,5645,tenure,30.851869380028397,64.0,33.1481306199716,tabular_imputer
2026-05-08T13:28:00.467103+00:00,Telco,MNAR,"tenure, 10%",Mean/Mode,,5654,tenure,30.851869380028397,70.0,39.1481306199716,tabular_imputer
2026-05-08T13:28:00.467103+00:00,Telco,MNAR,"tenure, 10%",Mean/Mode,,5658,tenure,30.851869380028397,24.0,6.851869380028397,tabular_imputer
2026-05-08T13:28:00.467103+00:00,Telco,MNAR,"tenure, 10%",Mean/Mode,,5661,tenure,30.851869380028397,4.0,26.851869380028397,tabular_imputer
2026-05-08T13:28:00.467103+00:00,Telco,MNAR,"tenure, 10%",Mean/Mode,,5663,tenure,30.851869380028397,37.0,6.148130619971603,tabular_imputer
2026-05-08T13:28:00.467103+00:00,Telco,MNAR,"tenure, 10%",Mean/Mode,,5679,tenure,30.851869380028397,8.0,22.851869380028397,tabular_imputer
2026-05-08T13:28:00.467103+00:00,Telco,MNAR,"tenure, 10%",Mean/Mode,,5683,tenure,30.851869380028397,39.0,8.148130619971603,tabular_imputer
2026-05-08T13:28:00.467103+00:00,Telco,MNAR,"tenure, 10%",Mean/Mode,,5685,tenure,30.851869380028397,45.0,14.148130619971605,tabular_imputer
2026-05-08T13:28:00.467103+00:00,Telco,MNAR,"tenure, 10%",Mean/Mode,,5702,tenure,30.851869380028397,71.0,40.1481306199716,tabular_imputer
2026-05-08T13:28:00.467103+00:00,Telco,MNAR,"tenure, 10%",Mean/Mode,,5710,tenure,30.851869380028397,70.0,39.1481306199716,tabular_imputer
2026-05-08T13:28:00.467103+00:00,Telco,MNAR,"tenure, 10%",Mean/Mode,,5748,tenure,30.851869380028397,21.0,9.851869380028395,tabular_imputer
2026-05-08T13:28:00.467103+00:00,Telco,MNAR,"tenure, 10%",Mean/Mode,,5766,tenure,30.851869380028397,23.0,7.851869380028397,tabular_imputer
2026-05-08T13:28:00.467103+00:00,Telco,MNAR,"tenure, 10%",Mean/Mode,,5767,tenure,30.851869380028397,65.0,34.1481306199716,tabular_imputer
2026-05-08T13:28:00.467103+00:00,Telco,MNAR,"tenure, 10%",Mean/Mode,,5805,tenure,30.851869380028397,19.0,11.851869380028395,tabular_imputer
2026-05-08T13:28:00.467103+00:00,Telco,MNAR,"tenure, 10%",Mean/Mode,,5807,tenure,30.851869380028397,57.0,26.148130619971603,tabular_imputer
2026-05-08T13:28:00.467103+00:00,Telco,MNAR,"tenure, 10%",Mean/Mode,,5820,tenure,30.851869380028397,60.0,29.148130619971603,tabular_imputer
2026-05-08T13:28:00.467103+00:00,Telco,MNAR,"tenure, 10%",Mean/Mode,,5824,tenure,30.851869380028397,66.0,35.1481306199716,tabular_imputer
2026-05-08T13:28:00.467103+00:00,Telco,MNAR,"tenure, 10%",Mean/Mode,,5831,tenure,30.851869380028397,9.0,21.851869380028397,tabular_imputer
2026-05-08T13:28:00.467103+00:00,Telco,MNAR,"tenure, 10%",Mean/Mode,,5838,tenure,30.851869380028397,53.0,22.148130619971603,tabular_imputer
2026-05-08T13:28:00.467103+00:00,Telco,MNAR,"tenure, 10%",Mean/Mode,,5841,tenure,30.851869380028397,70.0,39.1481306199716,tabular_imputer
2026-05-08T13:28:00.467103+00:00,Telco,MNAR,"tenure, 10%",Mean/Mode,,5853,tenure,30.851869380028397,62.0,31.148130619971603,tabular_imputer
2026-05-08T13:28:00.467103+00:00,Telco,MNAR,"tenure, 10%",Mean/Mode,,5855,tenure,30.851869380028397,55.0,24.148130619971603,tabular_imputer
2026-05-08T13:28:00.467103+00:00,Telco,MNAR,"tenure, 10%",Mean/Mode,,5865,tenure,30.851869380028397,3.0,27.851869380028397,tabular_imputer
2026-05-08T13:28:00.467103+00:00,Telco,MNAR,"tenure, 10%",Mean/Mode,,5877,tenure,30.851869380028397,53.0,22.148130619971603,tabular_imputer
2026-05-08T13:28:00.467103+00:00,Telco,MNAR,"tenure, 10%",Mean/Mode,,5881,tenure,30.851869380028397,34.0,3.148130619971603,tabular_imputer
2026-05-08T13:28:00.467103+00:00,Telco,MNAR,"tenure, 10%",Mean/Mode,,5886,tenure,30.851869380028397,47.0,16.148130619971603,tabular_imputer
2026-05-08T13:28:00.467103+00:00,Telco,MNAR,"tenure, 10%",Mean/Mode,,5903,tenure,30.851869380028397,52.0,21.148130619971603,tabular_imputer
2026-05-08T13:28:00.467103+00:00,Telco,MNAR,"tenure, 10%",Mean/Mode,,5909,tenure,30.851869380028397,52.0,21.148130619971603,tabular_imputer
2026-05-08T13:28:00.467103+00:00,Telco,MNAR,"tenure, 10%",Mean/Mode,,5913,tenure,30.851869380028397,26.0,4.851869380028397,tabular_imputer
2026-05-08T13:28:00.467103+00:00,Telco,MNAR,"tenure, 10%",Mean/Mode,,5916,tenure,30.851869380028397,72.0,41.1481306199716,tabular_imputer
2026-05-08T13:28:00.467103+00:00,Telco,MNAR,"tenure, 10%",Mean/Mode,,5922,tenure,30.851869380028397,72.0,41.1481306199716,tabular_imputer
2026-05-08T13:28:00.467103+00:00,Telco,MNAR,"tenure, 10%",Mean/Mode,,5944,tenure,30.851869380028397,12.0,18.851869380028397,tabular_imputer
2026-05-08T13:28:00.467103+00:00,Telco,MNAR,"tenure, 10%",Mean/Mode,,5955,tenure,30.851869380028397,72.0,41.1481306199716,tabular_imputer
2026-05-08T13:28:00.467103+00:00,Telco,MNAR,"tenure, 10%",Mean/Mode,,5957,tenure,30.851869380028397,18.0,12.851869380028395,tabular_imputer
2026-05-08T13:28:00.467103+00:00,Telco,MNAR,"tenure, 10%",Mean/Mode,,5962,tenure,30.851869380028397,16.0,14.851869380028395,tabular_imputer
2026-05-08T13:28:00.467103+00:00,Telco,MNAR,"tenure, 10%",Mean/Mode,,5993,tenure,30.851869380028397,2.0,28.851869380028397,tabular_imputer
2026-05-08T13:28:00.467103+00:00,Telco,MNAR,"tenure, 10%",Mean/Mode,,5998,tenure,30.851869380028397,48.0,17.148130619971603,tabular_imputer
2026-05-08T13:28:00.467103+00:00,Telco,MNAR,"tenure, 10%",Mean/Mode,,6004,tenure,30.851869380028397,67.0,36.1481306199716,tabular_imputer
2026-05-08T13:28:00.467103+00:00,Telco,MNAR,"tenure, 10%",Mean/Mode,,6005,tenure,30.851869380028397,60.0,29.148130619971603,tabular_imputer
2026-05-08T13:28:00.467103+00:00,Telco,MNAR,"tenure, 10%",Mean/Mode,,6009,tenure,30.851869380028397,53.0,22.148130619971603,tabular_imputer
2026-05-08T13:28:00.467103+00:00,Telco,MNAR,"tenure, 10%",Mean/Mode,,6014,tenure,30.851869380028397,54.0,23.148130619971603,tabular_imputer
2026-05-08T13:28:00.467103+00:00,Telco,MNAR,"tenure, 10%",Mean/Mode,,6020,tenure,30.851869380028397,34.0,3.148130619971603,tabular_imputer
2026-05-08T13:28:00.467103+00:00,Telco,MNAR,"tenure, 10%",Mean/Mode,,6025,tenure,30.851869380028397,41.0,10.148130619971605,tabular_imputer
2026-05-08T13:28:00.467103+00:00,Telco,MNAR,"tenure, 10%",Mean/Mode,,6049,tenure,30.851869380028397,47.0,16.148130619971603,tabular_imputer
2026-05-08T13:28:00.467103+00:00,Telco,MNAR,"tenure, 10%",Mean/Mode,,6056,tenure,30.851869380028397,58.0,27.148130619971603,tabular_imputer
2026-05-08T13:28:00.467103+00:00,Telco,MNAR,"tenure, 10%",Mean/Mode,,6059,tenure,30.851869380028397,39.0,8.148130619971603,tabular_imputer
2026-05-08T13:28:00.467103+00:00,Telco,MNAR,"tenure, 10%",Mean/Mode,,6063,tenure,30.851869380028397,70.0,39.1481306199716,tabular_imputer
2026-05-08T13:28:00.467103+00:00,Telco,MNAR,"tenure, 10%",Mean/Mode,,6077,tenure,30.851869380028397,62.0,31.148130619971603,tabular_imputer
2026-05-08T13:28:00.467103+00:00,Telco,MNAR,"tenure, 10%",Mean/Mode,,6111,tenure,30.851869380028397,40.0,9.148130619971605,tabular_imputer
2026-05-08T13:28:00.467103+00:00,Telco,MNAR,"tenure, 10%",Mean/Mode,,6112,tenure,30.851869380028397,66.0,35.1481306199716,tabular_imputer
2026-05-08T13:28:00.467103+00:00,Telco,MNAR,"tenure, 10%",Mean/Mode,,6118,tenure,30.851869380028397,72.0,41.1481306199716,tabular_imputer
2026-05-08T13:28:00.467103+00:00,Telco,MNAR,"tenure, 10%",Mean/Mode,,6124,tenure,30.851869380028397,57.0,26.148130619971603,tabular_imputer
2026-05-08T13:28:00.467103+00:00,Telco,MNAR,"tenure, 10%",Mean/Mode,,6125,tenure,30.851869380028397,13.0,17.851869380028397,tabular_imputer
2026-05-08T13:28:00.467103+00:00,Telco,MNAR,"tenure, 10%",Mean/Mode,,6175,tenure,30.851869380028397,32.0,1.148130619971603,tabular_imputer
2026-05-08T13:28:00.467103+00:00,Telco,MNAR,"tenure, 10%",Mean/Mode,,6176,tenure,30.851869380028397,43.0,12.148130619971605,tabular_imputer
2026-05-08T13:28:00.467103+00:00,Telco,MNAR,"tenure, 10%",Mean/Mode,,6180,tenure,30.851869380028397,66.0,35.1481306199716,tabular_imputer
2026-05-08T13:28:00.467103+00:00,Telco,MNAR,"tenure, 10%",Mean/Mode,,6206,tenure,30.851869380028397,52.0,21.148130619971603,tabular_imputer
2026-05-08T13:28:00.467103+00:00,Telco,MNAR,"tenure, 10%",Mean/Mode,,6239,tenure,30.851869380028397,72.0,41.1481306199716,tabular_imputer
2026-05-08T13:28:00.467103+00:00,Telco,MNAR,"tenure, 10%",Mean/Mode,,6252,tenure,30.851869380028397,50.0,19.148130619971603,tabular_imputer
2026-05-08T13:28:00.467103+00:00,Telco,MNAR,"tenure, 10%",Mean/Mode,,6253,tenure,30.851869380028397,56.0,25.148130619971603,tabular_imputer
2026-05-08T13:28:00.467103+00:00,Telco,MNAR,"tenure, 10%",Mean/Mode,,6287,tenure,30.851869380028397,26.0,4.851869380028397,tabular_imputer
2026-05-08T13:28:00.467103+00:00,Telco,MNAR,"tenure, 10%",Mean/Mode,,6292,tenure,30.851869380028397,39.0,8.148130619971603,tabular_imputer
2026-05-08T13:28:00.467103+00:00,Telco,MNAR,"tenure, 10%",Mean/Mode,,6300,tenure,30.851869380028397,67.0,36.1481306199716,tabular_imputer
2026-05-08T13:28:00.467103+00:00,Telco,MNAR,"tenure, 10%",Mean/Mode,,6302,tenure,30.851869380028397,5.0,25.851869380028397,tabular_imputer
2026-05-08T13:28:00.467103+00:00,Telco,MNAR,"tenure, 10%",Mean/Mode,,6316,tenure,30.851869380028397,63.0,32.1481306199716,tabular_imputer
2026-05-08T13:28:00.467103+00:00,Telco,MNAR,"tenure, 10%",Mean/Mode,,6320,tenure,30.851869380028397,30.0,0.851869380028397,tabular_imputer
2026-05-08T13:28:00.467103+00:00,Telco,MNAR,"tenure, 10%",Mean/Mode,,6326,tenure,30.851869380028397,62.0,31.148130619971603,tabular_imputer
2026-05-08T13:28:00.467103+00:00,Telco,MNAR,"tenure, 10%",Mean/Mode,,6333,tenure,30.851869380028397,60.0,29.148130619971603,tabular_imputer
2026-05-08T13:28:00.467103+00:00,Telco,MNAR,"tenure, 10%",Mean/Mode,,6366,tenure,30.851869380028397,64.0,33.1481306199716,tabular_imputer
2026-05-08T13:28:00.467103+00:00,Telco,MNAR,"tenure, 10%",Mean/Mode,,6370,tenure,30.851869380028397,45.0,14.148130619971605,tabular_imputer
2026-05-08T13:28:00.467103+00:00,Telco,MNAR,"tenure, 10%",Mean/Mode,,6378,tenure,30.851869380028397,13.0,17.851869380028397,tabular_imputer
2026-05-08T13:28:00.467103+00:00,Telco,MNAR,"tenure, 10%",Mean/Mode,,6396,tenure,30.851869380028397,36.0,5.148130619971603,tabular_imputer
2026-05-08T13:28:00.467103+00:00,Telco,MNAR,"tenure, 10%",Mean/Mode,,6403,tenure,30.851869380028397,72.0,41.1481306199716,tabular_imputer
2026-05-08T13:28:00.467103+00:00,Telco,MNAR,"tenure, 10%",Mean/Mode,,6406,tenure,30.851869380028397,39.0,8.148130619971603,tabular_imputer
2026-05-08T13:28:00.467103+00:00,Telco,MNAR,"tenure, 10%",Mean/Mode,,6409,tenure,30.851869380028397,43.0,12.148130619971605,tabular_imputer
2026-05-08T13:28:00.467103+00:00,Telco,MNAR,"tenure, 10%",Mean/Mode,,6415,tenure,30.851869380028397,58.0,27.148130619971603,tabular_imputer
2026-05-08T13:28:00.467103+00:00,Telco,MNAR,"tenure, 10%",Mean/Mode,,6442,tenure,30.851869380028397,67.0,36.1481306199716,tabular_imputer
2026-05-08T13:28:00.467103+00:00,Telco,MNAR,"tenure, 10%",Mean/Mode,,6447,tenure,30.851869380028397,60.0,29.148130619971603,tabular_imputer
2026-05-08T13:28:00.467103+00:00,Telco,MNAR,"tenure, 10%",Mean/Mode,,6450,tenure,30.851869380028397,27.0,3.851869380028397,tabular_imputer
2026-05-08T13:28:00.467103+00:00,Telco,MNAR,"tenure, 10%",Mean/Mode,,6455,tenure,30.851869380028397,59.0,28.148130619971603,tabular_imputer
2026-05-08T13:28:00.467103+00:00,Telco,MNAR,"tenure, 10%",Mean/Mode,,6463,tenure,30.851869380028397,59.0,28.148130619971603,tabular_imputer
2026-05-08T13:28:00.467103+00:00,Telco,MNAR,"tenure, 10%",Mean/Mode,,6483,tenure,30.851869380028397,13.0,17.851869380028397,tabular_imputer
2026-05-08T13:28:00.467103+00:00,Telco,MNAR,"tenure, 10%",Mean/Mode,,6484,tenure,30.851869380028397,37.0,6.148130619971603,tabular_imputer
2026-05-08T13:28:00.467103+00:00,Telco,MNAR,"tenure, 10%",Mean/Mode,,6512,tenure,30.851869380028397,11.0,19.851869380028397,tabular_imputer
2026-05-08T13:28:00.467103+00:00,Telco,MNAR,"tenure, 10%",Mean/Mode,,6514,tenure,30.851869380028397,72.0,41.1481306199716,tabular_imputer
2026-05-08T13:28:00.467103+00:00,Telco,MNAR,"tenure, 10%",Mean/Mode,,6515,tenure,30.851869380028397,29.0,1.851869380028397,tabular_imputer
2026-05-08T13:28:00.467103+00:00,Telco,MNAR,"tenure, 10%",Mean/Mode,,6529,tenure,30.851869380028397,2.0,28.851869380028397,tabular_imputer
2026-05-08T13:28:00.467103+00:00,Telco,MNAR,"tenure, 10%",Mean/Mode,,6534,tenure,30.851869380028397,53.0,22.148130619971603,tabular_imputer
2026-05-08T13:28:00.467103+00:00,Telco,MNAR,"tenure, 10%",Mean/Mode,,6537,tenure,30.851869380028397,70.0,39.1481306199716,tabular_imputer
2026-05-08T13:28:00.467103+00:00,Telco,MNAR,"tenure, 10%",Mean/Mode,,6564,tenure,30.851869380028397,5.0,25.851869380028397,tabular_imputer
2026-05-08T13:28:00.467103+00:00,Telco,MNAR,"tenure, 10%",Mean/Mode,,6577,tenure,30.851869380028397,70.0,39.1481306199716,tabular_imputer
2026-05-08T13:28:00.467103+00:00,Telco,MNAR,"tenure, 10%",Mean/Mode,,6595,tenure,30.851869380028397,71.0,40.1481306199716,tabular_imputer
2026-05-08T13:28:00.467103+00:00,Telco,MNAR,"tenure, 10%",Mean/Mode,,6600,tenure,30.851869380028397,3.0,27.851869380028397,tabular_imputer
2026-05-08T13:28:00.467103+00:00,Telco,MNAR,"tenure, 10%",Mean/Mode,,6606,tenure,30.851869380028397,38.0,7.148130619971603,tabular_imputer
2026-05-08T13:28:00.467103+00:00,Telco,MNAR,"tenure, 10%",Mean/Mode,,6632,tenure,30.851869380028397,34.0,3.148130619971603,tabular_imputer
2026-05-08T13:28:00.467103+00:00,Telco,MNAR,"tenure, 10%",Mean/Mode,,6671,tenure,30.851869380028397,59.0,28.148130619971603,tabular_imputer
2026-05-08T13:28:00.467103+00:00,Telco,MNAR,"tenure, 10%",Mean/Mode,,6690,tenure,30.851869380028397,37.0,6.148130619971603,tabular_imputer
2026-05-08T13:28:00.467103+00:00,Telco,MNAR,"tenure, 10%",Mean/Mode,,6706,tenure,30.851869380028397,1.0,29.851869380028397,tabular_imputer
2026-05-08T13:28:00.467103+00:00,Telco,MNAR,"tenure, 10%",Mean/Mode,,6717,tenure,30.851869380028397,57.0,26.148130619971603,tabular_imputer
2026-05-08T13:28:00.467103+00:00,Telco,MNAR,"tenure, 10%",Mean/Mode,,6733,tenure,30.851869380028397,27.0,3.851869380028397,tabular_imputer
2026-05-08T13:28:00.467103+00:00,Telco,MNAR,"tenure, 10%",Mean/Mode,,6734,tenure,30.851869380028397,12.0,18.851869380028397,tabular_imputer
2026-05-08T13:28:00.467103+00:00,Telco,MNAR,"tenure, 10%",Mean/Mode,,6751,tenure,30.851869380028397,52.0,21.148130619971603,tabular_imputer
2026-05-08T13:28:00.467103+00:00,Telco,MNAR,"tenure, 10%",Mean/Mode,,6752,tenure,30.851869380028397,12.0,18.851869380028397,tabular_imputer
2026-05-08T13:28:00.467103+00:00,Telco,MNAR,"tenure, 10%",Mean/Mode,,6755,tenure,30.851869380028397,42.0,11.148130619971605,tabular_imputer
2026-05-08T13:28:00.467103+00:00,Telco,MNAR,"tenure, 10%",Mean/Mode,,6757,tenure,30.851869380028397,51.0,20.148130619971603,tabular_imputer
2026-05-08T13:28:00.467103+00:00,Telco,MNAR,"tenure, 10%",Mean/Mode,,6765,tenure,30.851869380028397,69.0,38.1481306199716,tabular_imputer
2026-05-08T13:28:00.467103+00:00,Telco,MNAR,"tenure, 10%",Mean/Mode,,6775,tenure,30.851869380028397,57.0,26.148130619971603,tabular_imputer
2026-05-08T13:28:00.467103+00:00,Telco,MNAR,"tenure, 10%",Mean/Mode,,6785,tenure,30.851869380028397,61.0,30.148130619971603,tabular_imputer
2026-05-08T13:28:00.467103+00:00,Telco,MNAR,"tenure, 10%",Mean/Mode,,6805,tenure,30.851869380028397,70.0,39.1481306199716,tabular_imputer
2026-05-08T13:28:00.467103+00:00,Telco,MNAR,"tenure, 10%",Mean/Mode,,6815,tenure,30.851869380028397,72.0,41.1481306199716,tabular_imputer
2026-05-08T13:28:00.467103+00:00,Telco,MNAR,"tenure, 10%",Mean/Mode,,6825,tenure,30.851869380028397,27.0,3.851869380028397,tabular_imputer
2026-05-08T13:28:00.467103+00:00,Telco,MNAR,"tenure, 10%",Mean/Mode,,6831,tenure,30.851869380028397,7.0,23.851869380028397,tabular_imputer
2026-05-08T13:28:00.467103+00:00,Telco,MNAR,"tenure, 10%",Mean/Mode,,6839,tenure,30.851869380028397,11.0,19.851869380028397,tabular_imputer
2026-05-08T13:28:00.467103+00:00,Telco,MNAR,"tenure, 10%",Mean/Mode,,6851,tenure,30.851869380028397,38.0,7.148130619971603,tabular_imputer
2026-05-08T13:28:00.467103+00:00,Telco,MNAR,"tenure, 10%",Mean/Mode,,6875,tenure,30.851869380028397,64.0,33.1481306199716,tabular_imputer
2026-05-08T13:28:00.467103+00:00,Telco,MNAR,"tenure, 10%",Mean/Mode,,6894,tenure,30.851869380028397,3.0,27.851869380028397,tabular_imputer
2026-05-08T13:28:00.467103+00:00,Telco,MNAR,"tenure, 10%",Mean/Mode,,6905,tenure,30.851869380028397,30.0,0.851869380028397,tabular_imputer
2026-05-08T13:28:00.467103+00:00,Telco,MNAR,"tenure, 10%",Mean/Mode,,6910,tenure,30.851869380028397,70.0,39.1481306199716,tabular_imputer
2026-05-08T13:28:00.467103+00:00,Telco,MNAR,"tenure, 10%",Mean/Mode,,6918,tenure,30.851869380028397,33.0,2.148130619971603,tabular_imputer
2026-05-08T13:28:00.467103+00:00,Telco,MNAR,"tenure, 10%",Mean/Mode,,6938,tenure,30.851869380028397,67.0,36.1481306199716,tabular_imputer
2026-05-08T13:28:00.467103+00:00,Telco,MNAR,"tenure, 10%",Mean/Mode,,6942,tenure,30.851869380028397,68.0,37.1481306199716,tabular_imputer
2026-05-08T13:28:00.467103+00:00,Telco,MNAR,"tenure, 10%",Mean/Mode,,6949,tenure,30.851869380028397,32.0,1.148130619971603,tabular_imputer
2026-05-08T13:28:00.467103+00:00,Telco,MNAR,"tenure, 10%",Mean/Mode,,6967,tenure,30.851869380028397,25.0,5.851869380028397,tabular_imputer
2026-05-08T13:28:00.467103+00:00,Telco,MNAR,"tenure, 10%",Mean/Mode,,6976,tenure,30.851869380028397,62.0,31.148130619971603,tabular_imputer
2026-05-08T13:28:00.467103+00:00,Telco,MNAR,"tenure, 10%",Mean/Mode,,6990,tenure,30.851869380028397,36.0,5.148130619971603,tabular_imputer
2026-05-08T13:28:00.467103+00:00,Telco,MNAR,"tenure, 10%",Mean/Mode,,7002,tenure,30.851869380028397,64.0,33.1481306199716,tabular_imputer
2026-05-08T13:28:00.467103+00:00,Telco,MNAR,"tenure, 10%",Mean/Mode,,7011,tenure,30.851869380028397,4.0,26.851869380028397,tabular_imputer
2026-05-08T13:28:00.467103+00:00,Telco,MNAR,"tenure, 10%",Mean/Mode,,7022,tenure,30.851869380028397,72.0,41.1481306199716,tabular_imputer
2026-05-08T13:28:00.467103+00:00,Telco,MNAR,"tenure, 10%",Mean/Mode,,7025,tenure,30.851869380028397,18.0,12.851869380028395,tabular_imputer
2026-05-08T13:28:00.467103+00:00,Telco,MNAR,"tenure, 10%",Mean/Mode,,7034,tenure,30.851869380028397,67.0,36.1481306199716,tabular_imputer
2026-05-08T13:28:00.467103+00:00,Telco,MNAR,"tenure, 10%",Mean/Mode,,7037,tenure,30.851869380028397,72.0,41.1481306199716,tabular_imputer
2026-05-08T13:28:00.506933+00:00,Telco,MNAR,"totalcharges, 10%",Mean/Mode,,9,TotalCharges,2151.457569532238,3487.95,1336.492430467762,tabular_imputer
2026-05-08T13:28:00.506933+00:00,Telco,MNAR,"totalcharges, 10%",Mean/Mode,,12,TotalCharges,2151.457569532238,5681.1,3529.6424304677626,tabular_imputer
2026-05-08T13:28:00.506933+00:00,Telco,MNAR,"totalcharges, 10%",Mean/Mode,,32,TotalCharges,2151.457569532238,1874.45,277.00756953223777,tabular_imputer
2026-05-08T13:28:00.506933+00:00,Telco,MNAR,"totalcharges, 10%",Mean/Mode,,39,TotalCharges,2151.457569532238,1105.4,1046.0575695322377,tabular_imputer
2026-05-08T13:28:00.506933+00:00,Telco,MNAR,"totalcharges, 10%",Mean/Mode,,51,TotalCharges,2151.457569532238,1426.4,725.0575695322377,tabular_imputer
2026-05-08T13:28:00.506933+00:00,Telco,MNAR,"totalcharges, 10%",Mean/Mode,,52,TotalCharges,2151.457569532238,1752.65,398.8075695322377,tabular_imputer
2026-05-08T13:28:00.506933+00:00,Telco,MNAR,"totalcharges, 10%",Mean/Mode,,72,TotalCharges,2151.457569532238,7099.0,4947.542430467762,tabular_imputer
2026-05-08T13:28:00.506933+00:00,Telco,MNAR,"totalcharges, 10%",Mean/Mode,,83,TotalCharges,2151.457569532238,4327.5,2176.042430467762,tabular_imputer
2026-05-08T13:28:00.506933+00:00,Telco,MNAR,"totalcharges, 10%",Mean/Mode,,94,TotalCharges,2151.457569532238,7459.05,5307.592430467763,tabular_imputer
2026-05-08T13:28:00.506933+00:00,Telco,MNAR,"totalcharges, 10%",Mean/Mode,,99,TotalCharges,2151.457569532238,2514.5,363.0424304677622,tabular_imputer
2026-05-08T13:28:00.506933+00:00,Telco,MNAR,"totalcharges, 10%",Mean/Mode,,118,TotalCharges,2151.457569532238,835.15,1316.3075695322377,tabular_imputer
2026-05-08T13:28:00.506933+00:00,Telco,MNAR,"totalcharges, 10%",Mean/Mode,,119,TotalCharges,2151.457569532238,2151.6,0.14243046776209667,tabular_imputer
2026-05-08T13:28:00.506933+00:00,Telco,MNAR,"totalcharges, 10%",Mean/Mode,,145,TotalCharges,2151.457569532238,6416.7,4265.2424304677625,tabular_imputer
2026-05-08T13:28:00.506933+00:00,Telco,MNAR,"totalcharges, 10%",Mean/Mode,,149,TotalCharges,2151.457569532238,1071.4,1080.0575695322377,tabular_imputer
2026-05-08T13:28:00.506933+00:00,Telco,MNAR,"totalcharges, 10%",Mean/Mode,,156,TotalCharges,2151.457569532238,1821.95,329.50756953223777,tabular_imputer
2026-05-08T13:28:00.506933+00:00,Telco,MNAR,"totalcharges, 10%",Mean/Mode,,157,TotalCharges,2151.457569532238,419.9,1731.5575695322377,tabular_imputer
2026-05-08T13:28:00.506933+00:00,Telco,MNAR,"totalcharges, 10%",Mean/Mode,,173,TotalCharges,2151.457569532238,5000.2,2848.742430467762,tabular_imputer
2026-05-08T13:28:00.506933+00:00,Telco,MNAR,"totalcharges, 10%",Mean/Mode,,205,TotalCharges,2151.457569532238,2684.85,533.3924304677621,tabular_imputer
2026-05-08T13:28:00.506933+00:00,Telco,MNAR,"totalcharges, 10%",Mean/Mode,,209,TotalCharges,2151.457569532238,6654.1,4502.642430467762,tabular_imputer
2026-05-08T13:28:00.506933+00:00,Telco,MNAR,"totalcharges, 10%",Mean/Mode,,217,TotalCharges,2151.457569532238,3789.2,1637.742430467762,tabular_imputer
2026-05-08T13:28:00.506933+00:00,Telco,MNAR,"totalcharges, 10%",Mean/Mode,,247,TotalCharges,2151.457569532238,1074.3,1077.1575695322379,tabular_imputer
2026-05-08T13:28:00.506933+00:00,Telco,MNAR,"totalcharges, 10%",Mean/Mode,,256,TotalCharges,2151.457569532238,7008.15,4856.692430467761,tabular_imputer
2026-05-08T13:28:00.506933+00:00,Telco,MNAR,"totalcharges, 10%",Mean/Mode,,257,TotalCharges,2151.457569532238,5791.1,3639.6424304677626,tabular_imputer
2026-05-08T13:28:00.506933+00:00,Telco,MNAR,"totalcharges, 10%",Mean/Mode,,263,TotalCharges,2151.457569532238,1520.1,631.3575695322379,tabular_imputer
2026-05-08T13:28:00.506933+00:00,Telco,MNAR,"totalcharges, 10%",Mean/Mode,,265,TotalCharges,2151.457569532238,5526.75,3375.292430467762,tabular_imputer
2026-05-08T13:28:00.506933+00:00,Telco,MNAR,"totalcharges, 10%",Mean/Mode,,288,TotalCharges,2151.457569532238,606.55,1544.9075695322379,tabular_imputer
2026-05-08T13:28:00.506933+00:00,Telco,MNAR,"totalcharges, 10%",Mean/Mode,,290,TotalCharges,2151.457569532238,1712.7,438.75756953223777,tabular_imputer
2026-05-08T13:28:00.506933+00:00,Telco,MNAR,"totalcharges, 10%",Mean/Mode,,296,TotalCharges,2151.457569532238,5436.45,3284.992430467762,tabular_imputer
2026-05-08T13:28:00.506933+00:00,Telco,MNAR,"totalcharges, 10%",Mean/Mode,,300,TotalCharges,2151.457569532238,1509.8,641.6575695322379,tabular_imputer
2026-05-08T13:28:00.506933+00:00,Telco,MNAR,"totalcharges, 10%",Mean/Mode,,305,TotalCharges,2151.457569532238,1229.1,922.3575695322379,tabular_imputer
2026-05-08T13:28:00.506933+00:00,Telco,MNAR,"totalcharges, 10%",Mean/Mode,,312,TotalCharges,2151.457569532238,4895.1,2743.6424304677626,tabular_imputer
2026-05-08T13:28:00.506933+00:00,Telco,MNAR,"totalcharges, 10%",Mean/Mode,,315,TotalCharges,2151.457569532238,5686.4,3534.942430467762,tabular_imputer
2026-05-08T13:28:00.506933+00:00,Telco,MNAR,"totalcharges, 10%",Mean/Mode,,319,TotalCharges,2151.457569532238,3236.35,1084.892430467762,tabular_imputer
2026-05-08T13:28:00.506933+00:00,Telco,MNAR,"totalcharges, 10%",Mean/Mode,,320,TotalCharges,2151.457569532238,4350.1,2198.6424304677626,tabular_imputer
2026-05-08T13:28:00.506933+00:00,Telco,MNAR,"totalcharges, 10%",Mean/Mode,,344,TotalCharges,2151.457569532238,865.0,1286.4575695322378,tabular_imputer
2026-05-08T13:28:00.506933+00:00,Telco,MNAR,"totalcharges, 10%",Mean/Mode,,348,TotalCharges,2151.457569532238,996.85,1154.607569532238,tabular_imputer
2026-05-08T13:28:00.506933+00:00,Telco,MNAR,"totalcharges, 10%",Mean/Mode,,349,TotalCharges,2151.457569532238,6430.9,4279.442430467761,tabular_imputer
2026-05-08T13:28:00.506933+00:00,Telco,MNAR,"totalcharges, 10%",Mean/Mode,,362,TotalCharges,2151.457569532238,2878.55,727.0924304677624,tabular_imputer
2026-05-08T13:28:00.506933+00:00,Telco,MNAR,"totalcharges, 10%",Mean/Mode,,368,TotalCharges,2151.457569532238,6962.85,4811.392430467762,tabular_imputer
2026-05-08T13:28:00.506933+00:00,Telco,MNAR,"totalcharges, 10%",Mean/Mode,,369,TotalCharges,2151.457569532238,8126.65,5975.192430467761,tabular_imputer
2026-05-08T13:28:00.506933+00:00,Telco,MNAR,"totalcharges, 10%",Mean/Mode,,378,TotalCharges,2151.457569532238,5308.7,3157.242430467762,tabular_imputer
2026-05-08T13:28:00.506933+00:00,Telco,MNAR,"totalcharges, 10%",Mean/Mode,,386,TotalCharges,2151.457569532238,4874.7,2723.242430467762,tabular_imputer
2026-05-08T13:28:00.506933+00:00,Telco,MNAR,"totalcharges, 10%",Mean/Mode,,392,TotalCharges,2151.457569532238,89.3,2062.1575695322376,tabular_imputer
2026-05-08T13:28:00.506933+00:00,Telco,MNAR,"totalcharges, 10%",Mean/Mode,,394,TotalCharges,2151.457569532238,3944.5,1793.0424304677622,tabular_imputer
2026-05-08T13:28:00.506933+00:00,Telco,MNAR,"totalcharges, 10%",Mean/Mode,,404,TotalCharges,2151.457569532238,419.4,1732.0575695322377,tabular_imputer
2026-05-08T13:28:00.506933+00:00,Telco,MNAR,"totalcharges, 10%",Mean/Mode,,412,TotalCharges,2151.457569532238,2149.05,2.4075695322376305,tabular_imputer
2026-05-08T13:28:00.506933+00:00,Telco,MNAR,"totalcharges, 10%",Mean/Mode,,413,TotalCharges,2151.457569532238,4473.0,2321.542430467762,tabular_imputer
2026-05-08T13:28:00.506933+00:00,Telco,MNAR,"totalcharges, 10%",Mean/Mode,,431,TotalCharges,2151.457569532238,4784.45,2632.992430467762,tabular_imputer
2026-05-08T13:28:00.506933+00:00,Telco,MNAR,"totalcharges, 10%",Mean/Mode,,449,TotalCharges,2151.457569532238,7611.55,5460.092430467763,tabular_imputer
2026-05-08T13:28:00.506933+00:00,Telco,MNAR,"totalcharges, 10%",Mean/Mode,,464,TotalCharges,2151.457569532238,8404.9,6253.442430467761,tabular_imputer
2026-05-08T13:28:00.506933+00:00,Telco,MNAR,"totalcharges, 10%",Mean/Mode,,467,TotalCharges,2151.457569532238,6588.95,4437.4924304677625,tabular_imputer
2026-05-08T13:28:00.506933+00:00,Telco,MNAR,"totalcharges, 10%",Mean/Mode,,473,TotalCharges,2151.457569532238,1315.35,836.1075695322379,tabular_imputer
2026-05-08T13:28:00.506933+00:00,Telco,MNAR,"totalcharges, 10%",Mean/Mode,,510,TotalCharges,2151.457569532238,1818.3,333.15756953223786,tabular_imputer
2026-05-08T13:28:00.506933+00:00,Telco,MNAR,"totalcharges, 10%",Mean/Mode,,557,TotalCharges,2151.457569532238,2708.2,556.742430467762,tabular_imputer
2026-05-08T13:28:00.506933+00:00,Telco,MNAR,"totalcharges, 10%",Mean/Mode,,574,TotalCharges,2151.457569532238,3204.4,1052.9424304677623,tabular_imputer
2026-05-08T13:28:00.506933+00:00,Telco,MNAR,"totalcharges, 10%",Mean/Mode,,588,TotalCharges,2151.457569532238,7422.1,5270.642430467762,tabular_imputer
2026-05-08T13:28:00.506933+00:00,Telco,MNAR,"totalcharges, 10%",Mean/Mode,,589,TotalCharges,2151.457569532238,6668.05,4516.592430467763,tabular_imputer
2026-05-08T13:28:00.506933+00:00,Telco,MNAR,"totalcharges, 10%",Mean/Mode,,590,TotalCharges,2151.457569532238,8071.05,5919.592430467763,tabular_imputer
2026-05-08T13:28:00.506933+00:00,Telco,MNAR,"totalcharges, 10%",Mean/Mode,,591,TotalCharges,2151.457569532238,1174.8,976.6575695322379,tabular_imputer
2026-05-08T13:28:00.506933+00:00,Telco,MNAR,"totalcharges, 10%",Mean/Mode,,608,TotalCharges,2151.457569532238,8306.05,6154.592430467761,tabular_imputer
2026-05-08T13:28:00.506933+00:00,Telco,MNAR,"totalcharges, 10%",Mean/Mode,,609,TotalCharges,2151.457569532238,6786.4,4634.942430467761,tabular_imputer
2026-05-08T13:28:00.506933+00:00,Telco,MNAR,"totalcharges, 10%",Mean/Mode,,624,TotalCharges,2151.457569532238,137.6,2013.857569532238,tabular_imputer
2026-05-08T13:28:00.506933+00:00,Telco,MNAR,"totalcharges, 10%",Mean/Mode,,627,TotalCharges,2151.457569532238,6819.45,4667.9924304677625,tabular_imputer
2026-05-08T13:28:00.506933+00:00,Telco,MNAR,"totalcharges, 10%",Mean/Mode,,632,TotalCharges,2151.457569532238,6562.9,4411.442430467761,tabular_imputer
2026-05-08T13:28:00.506933+00:00,Telco,MNAR,"totalcharges, 10%",Mean/Mode,,647,TotalCharges,2151.457569532238,3442.15,1290.6924304677623,tabular_imputer
2026-05-08T13:28:00.506933+00:00,Telco,MNAR,"totalcharges, 10%",Mean/Mode,,651,TotalCharges,2151.457569532238,74.6,2076.857569532238,tabular_imputer
2026-05-08T13:28:00.506933+00:00,Telco,MNAR,"totalcharges, 10%",Mean/Mode,,656,TotalCharges,2151.457569532238,6132.7,3981.242430467762,tabular_imputer
2026-05-08T13:28:00.506933+00:00,Telco,MNAR,"totalcharges, 10%",Mean/Mode,,657,TotalCharges,2151.457569532238,3597.5,1446.0424304677622,tabular_imputer
2026-05-08T13:28:00.506933+00:00,Telco,MNAR,"totalcharges, 10%",Mean/Mode,,670,TotalCharges,2151.457569532238,1039.45,1112.0075695322378,tabular_imputer
2026-05-08T13:28:00.506933+00:00,Telco,MNAR,"totalcharges, 10%",Mean/Mode,,694,TotalCharges,2151.457569532238,417.0,1734.4575695322378,tabular_imputer
2026-05-08T13:28:00.506933+00:00,Telco,MNAR,"totalcharges, 10%",Mean/Mode,,711,TotalCharges,2151.457569532238,1683.7,467.75756953223777,tabular_imputer
2026-05-08T13:28:00.506933+00:00,Telco,MNAR,"totalcharges, 10%",Mean/Mode,,712,TotalCharges,2151.457569532238,1519.0,632.4575695322378,tabular_imputer
2026-05-08T13:28:00.506933+00:00,Telco,MNAR,"totalcharges, 10%",Mean/Mode,,717,TotalCharges,2151.457569532238,2664.3,512.8424304677624,tabular_imputer
2026-05-08T13:28:00.506933+00:00,Telco,MNAR,"totalcharges, 10%",Mean/Mode,,724,TotalCharges,2151.457569532238,3105.55,954.0924304677624,tabular_imputer
2026-05-08T13:28:00.506933+00:00,Telco,MNAR,"totalcharges, 10%",Mean/Mode,,734,TotalCharges,2151.457569532238,2423.4,271.9424304677623,tabular_imputer
2026-05-08T13:28:00.506933+00:00,Telco,MNAR,"totalcharges, 10%",Mean/Mode,,736,TotalCharges,2151.457569532238,3327.05,1175.5924304677624,tabular_imputer
2026-05-08T13:28:00.506933+00:00,Telco,MNAR,"totalcharges, 10%",Mean/Mode,,739,TotalCharges,2151.457569532238,6697.35,4545.892430467762,tabular_imputer
2026-05-08T13:28:00.506933+00:00,Telco,MNAR,"totalcharges, 10%",Mean/Mode,,742,TotalCharges,2151.457569532238,1008.55,1142.9075695322379,tabular_imputer
2026-05-08T13:28:00.506933+00:00,Telco,MNAR,"totalcharges, 10%",Mean/Mode,,750,TotalCharges,2151.457569532238,1652.95,498.50756953223777,tabular_imputer
2026-05-08T13:28:00.506933+00:00,Telco,MNAR,"totalcharges, 10%",Mean/Mode,,758,TotalCharges,2151.457569532238,1269.55,881.9075695322379,tabular_imputer
2026-05-08T13:28:00.506933+00:00,Telco,MNAR,"totalcharges, 10%",Mean/Mode,,763,TotalCharges,2151.457569532238,4758.8,2607.3424304677624,tabular_imputer
2026-05-08T13:28:00.506933+00:00,Telco,MNAR,"totalcharges, 10%",Mean/Mode,,775,TotalCharges,2151.457569532238,8065.65,5914.192430467761,tabular_imputer
2026-05-08T13:28:00.506933+00:00,Telco,MNAR,"totalcharges, 10%",Mean/Mode,,785,TotalCharges,2151.457569532238,4874.8,2723.3424304677624,tabular_imputer
2026-05-08T13:28:00.506933+00:00,Telco,MNAR,"totalcharges, 10%",Mean/Mode,,787,TotalCharges,2151.457569532238,2003.6,147.8575695322379,tabular_imputer
2026-05-08T13:28:00.506933+00:00,Telco,MNAR,"totalcharges, 10%",Mean/Mode,,799,TotalCharges,2151.457569532238,6125.4,3973.942430467762,tabular_imputer
2026-05-08T13:28:00.506933+00:00,Telco,MNAR,"totalcharges, 10%",Mean/Mode,,802,TotalCharges,2151.457569532238,903.8,1247.6575695322379,tabular_imputer
2026-05-08T13:28:00.506933+00:00,Telco,MNAR,"totalcharges, 10%",Mean/Mode,,807,TotalCharges,2151.457569532238,7616.0,5464.542430467762,tabular_imputer
2026-05-08T13:28:00.506933+00:00,Telco,MNAR,"totalcharges, 10%",Mean/Mode,,810,TotalCharges,2151.457569532238,6017.65,3866.192430467762,tabular_imputer
2026-05-08T13:28:00.506933+00:00,Telco,MNAR,"totalcharges, 10%",Mean/Mode,,818,TotalCharges,2151.457569532238,2317.1,165.6424304677621,tabular_imputer
2026-05-08T13:28:00.506933+00:00,Telco,MNAR,"totalcharges, 10%",Mean/Mode,,822,TotalCharges,2151.457569532238,4889.3,2737.8424304677624,tabular_imputer
2026-05-08T13:28:00.506933+00:00,Telco,MNAR,"totalcharges, 10%",Mean/Mode,,825,TotalCharges,2151.457569532238,1430.25,721.2075695322378,tabular_imputer
2026-05-08T13:28:00.506933+00:00,Telco,MNAR,"totalcharges, 10%",Mean/Mode,,830,TotalCharges,2151.457569532238,5610.7,3459.242430467762,tabular_imputer
2026-05-08T13:28:00.506933+00:00,Telco,MNAR,"totalcharges, 10%",Mean/Mode,,832,TotalCharges,2151.457569532238,5222.3,3070.8424304677624,tabular_imputer
2026-05-08T13:28:00.506933+00:00,Telco,MNAR,"totalcharges, 10%",Mean/Mode,,833,TotalCharges,2151.457569532238,3340.55,1189.0924304677624,tabular_imputer
2026-05-08T13:28:00.506933+00:00,Telco,MNAR,"totalcharges, 10%",Mean/Mode,,848,TotalCharges,2151.457569532238,6782.15,4630.692430467761,tabular_imputer
2026-05-08T13:28:00.506933+00:00,Telco,MNAR,"totalcharges, 10%",Mean/Mode,,851,TotalCharges,2151.457569532238,4461.85,2310.3924304677626,tabular_imputer
2026-05-08T13:28:00.506933+00:00,Telco,MNAR,"totalcharges, 10%",Mean/Mode,,858,TotalCharges,2151.457569532238,5898.6,3747.1424304677626,tabular_imputer
2026-05-08T13:28:00.506933+00:00,Telco,MNAR,"totalcharges, 10%",Mean/Mode,,866,TotalCharges,2151.457569532238,2337.45,185.992430467762,tabular_imputer
2026-05-08T13:28:00.506933+00:00,Telco,MNAR,"totalcharges, 10%",Mean/Mode,,887,TotalCharges,2151.457569532238,2857.6,706.1424304677621,tabular_imputer
2026-05-08T13:28:00.506933+00:00,Telco,MNAR,"totalcharges, 10%",Mean/Mode,,896,TotalCharges,2151.457569532238,8310.55,6159.092430467761,tabular_imputer
2026-05-08T13:28:00.506933+00:00,Telco,MNAR,"totalcharges, 10%",Mean/Mode,,903,TotalCharges,2151.457569532238,6068.65,3917.192430467762,tabular_imputer
2026-05-08T13:28:00.506933+00:00,Telco,MNAR,"totalcharges, 10%",Mean/Mode,,909,TotalCharges,2151.457569532238,7984.15,5832.692430467761,tabular_imputer
2026-05-08T13:28:00.506933+00:00,Telco,MNAR,"totalcharges, 10%",Mean/Mode,,910,TotalCharges,2151.457569532238,688.65,1462.8075695322377,tabular_imputer
2026-05-08T13:28:00.506933+00:00,Telco,MNAR,"totalcharges, 10%",Mean/Mode,,924,TotalCharges,2151.457569532238,1820.9,330.5575695322377,tabular_imputer
2026-05-08T13:28:00.506933+00:00,Telco,MNAR,"totalcharges, 10%",Mean/Mode,,925,TotalCharges,2151.457569532238,2404.15,252.69243046776228,tabular_imputer
2026-05-08T13:28:00.506933+00:00,Telco,MNAR,"totalcharges, 10%",Mean/Mode,,927,TotalCharges,2151.457569532238,952.3,1199.1575695322379,tabular_imputer
2026-05-08T13:28:00.506933+00:00,Telco,MNAR,"totalcharges, 10%",Mean/Mode,,944,TotalCharges,2151.457569532238,5645.8,3494.3424304677624,tabular_imputer
2026-05-08T13:28:00.506933+00:00,Telco,MNAR,"totalcharges, 10%",Mean/Mode,,949,TotalCharges,2151.457569532238,759.35,1392.107569532238,tabular_imputer
2026-05-08T13:28:00.506933+00:00,Telco,MNAR,"totalcharges, 10%",Mean/Mode,,971,TotalCharges,2151.457569532238,4733.1,2581.6424304677626,tabular_imputer
2026-05-08T13:28:00.506933+00:00,Telco,MNAR,"totalcharges, 10%",Mean/Mode,,972,TotalCharges,2151.457569532238,4048.95,1897.492430467762,tabular_imputer
2026-05-08T13:28:00.506933+00:00,Telco,MNAR,"totalcharges, 10%",Mean/Mode,,974,TotalCharges,2151.457569532238,4542.35,2390.8924304677626,tabular_imputer
2026-05-08T13:28:00.506933+00:00,Telco,MNAR,"totalcharges, 10%",Mean/Mode,,984,TotalCharges,2151.457569532238,1679.25,472.2075695322378,tabular_imputer
2026-05-08T13:28:00.506933+00:00,Telco,MNAR,"totalcharges, 10%",Mean/Mode,,996,TotalCharges,2151.457569532238,2416.1,264.6424304677621,tabular_imputer
2026-05-08T13:28:00.506933+00:00,Telco,MNAR,"totalcharges, 10%",Mean/Mode,,1005,TotalCharges,2151.457569532238,5016.25,2864.792430467762,tabular_imputer
2026-05-08T13:28:00.506933+00:00,Telco,MNAR,"totalcharges, 10%",Mean/Mode,,1009,TotalCharges,2151.457569532238,485.2,1666.2575695322378,tabular_imputer
2026-05-08T13:28:00.506933+00:00,Telco,MNAR,"totalcharges, 10%",Mean/Mode,,1015,TotalCharges,2151.457569532238,696.35,1455.107569532238,tabular_imputer
2026-05-08T13:28:00.506933+00:00,Telco,MNAR,"totalcharges, 10%",Mean/Mode,,1023,TotalCharges,2151.457569532238,3861.45,1709.992430467762,tabular_imputer
2026-05-08T13:28:00.506933+00:00,Telco,MNAR,"totalcharges, 10%",Mean/Mode,,1033,TotalCharges,2151.457569532238,1416.75,734.7075695322378,tabular_imputer
2026-05-08T13:28:00.506933+00:00,Telco,MNAR,"totalcharges, 10%",Mean/Mode,,1036,TotalCharges,2151.457569532238,7849.85,5698.392430467762,tabular_imputer
2026-05-08T13:28:00.506933+00:00,Telco,MNAR,"totalcharges, 10%",Mean/Mode,,1053,TotalCharges,2151.457569532238,210.75,1940.7075695322378,tabular_imputer
2026-05-08T13:28:00.506933+00:00,Telco,MNAR,"totalcharges, 10%",Mean/Mode,,1066,TotalCharges,2151.457569532238,973.1,1178.357569532238,tabular_imputer
2026-05-08T13:28:00.506933+00:00,Telco,MNAR,"totalcharges, 10%",Mean/Mode,,1075,TotalCharges,2151.457569532238,5580.8,3429.3424304677624,tabular_imputer
2026-05-08T13:28:00.506933+00:00,Telco,MNAR,"totalcharges, 10%",Mean/Mode,,1076,TotalCharges,2151.457569532238,1497.9,653.5575695322377,tabular_imputer
2026-05-08T13:28:00.506933+00:00,Telco,MNAR,"totalcharges, 10%",Mean/Mode,,1081,TotalCharges,2151.457569532238,4564.9,2413.442430467762,tabular_imputer
2026-05-08T13:28:00.506933+00:00,Telco,MNAR,"totalcharges, 10%",Mean/Mode,,1089,TotalCharges,2151.457569532238,1129.35,1022.1075695322379,tabular_imputer
2026-05-08T13:28:00.506933+00:00,Telco,MNAR,"totalcharges, 10%",Mean/Mode,,1090,TotalCharges,2151.457569532238,5680.9,3529.442430467762,tabular_imputer
2026-05-08T13:28:00.506933+00:00,Telco,MNAR,"totalcharges, 10%",Mean/Mode,,1105,TotalCharges,2151.457569532238,769.1,1382.357569532238,tabular_imputer
2026-05-08T13:28:00.506933+00:00,Telco,MNAR,"totalcharges, 10%",Mean/Mode,,1126,TotalCharges,2151.457569532238,544.55,1606.9075695322379,tabular_imputer
2026-05-08T13:28:00.506933+00:00,Telco,MNAR,"totalcharges, 10%",Mean/Mode,,1148,TotalCharges,2151.457569532238,196.9,1954.5575695322377,tabular_imputer
2026-05-08T13:28:00.506933+00:00,Telco,MNAR,"totalcharges, 10%",Mean/Mode,,1155,TotalCharges,2151.457569532238,5264.25,3112.792430467762,tabular_imputer
2026-05-08T13:28:00.506933+00:00,Telco,MNAR,"totalcharges, 10%",Mean/Mode,,1160,TotalCharges,2151.457569532238,2326.05,174.59243046776237,tabular_imputer
2026-05-08T13:28:00.506933+00:00,Telco,MNAR,"totalcharges, 10%",Mean/Mode,,1163,TotalCharges,2151.457569532238,1052.4,1099.0575695322377,tabular_imputer
2026-05-08T13:28:00.506933+00:00,Telco,MNAR,"totalcharges, 10%",Mean/Mode,,1171,TotalCharges,2151.457569532238,5610.25,3458.792430467762,tabular_imputer
2026-05-08T13:28:00.506933+00:00,Telco,MNAR,"totalcharges, 10%",Mean/Mode,,1193,TotalCharges,2151.457569532238,3510.3,1358.8424304677624,tabular_imputer
2026-05-08T13:28:00.506933+00:00,Telco,MNAR,"totalcharges, 10%",Mean/Mode,,1199,TotalCharges,2151.457569532238,1348.95,802.5075695322378,tabular_imputer
2026-05-08T13:28:00.506933+00:00,Telco,MNAR,"totalcharges, 10%",Mean/Mode,,1213,TotalCharges,2151.457569532238,1412.65,738.8075695322377,tabular_imputer
2026-05-08T13:28:00.506933+00:00,Telco,MNAR,"totalcharges, 10%",Mean/Mode,,1214,TotalCharges,2151.457569532238,1532.45,619.0075695322378,tabular_imputer
2026-05-08T13:28:00.506933+00:00,Telco,MNAR,"totalcharges, 10%",Mean/Mode,,1227,TotalCharges,2151.457569532238,2820.65,669.1924304677623,tabular_imputer
2026-05-08T13:28:00.506933+00:00,Telco,MNAR,"totalcharges, 10%",Mean/Mode,,1239,TotalCharges,2151.457569532238,168.6,1982.857569532238,tabular_imputer
2026-05-08T13:28:00.506933+00:00,Telco,MNAR,"totalcharges, 10%",Mean/Mode,,1246,TotalCharges,2151.457569532238,4730.9,2579.442430467762,tabular_imputer
2026-05-08T13:28:00.506933+00:00,Telco,MNAR,"totalcharges, 10%",Mean/Mode,,1259,TotalCharges,2151.457569532238,4424.2,2272.742430467762,tabular_imputer
2026-05-08T13:28:00.506933+00:00,Telco,MNAR,"totalcharges, 10%",Mean/Mode,,1269,TotalCharges,2151.457569532238,7159.05,5007.592430467763,tabular_imputer
2026-05-08T13:28:00.506933+00:00,Telco,MNAR,"totalcharges, 10%",Mean/Mode,,1273,TotalCharges,2151.457569532238,4159.45,2007.992430467762,tabular_imputer
2026-05-08T13:28:00.506933+00:00,Telco,MNAR,"totalcharges, 10%",Mean/Mode,,1284,TotalCharges,2151.457569532238,1188.25,963.2075695322378,tabular_imputer
2026-05-08T13:28:00.506933+00:00,Telco,MNAR,"totalcharges, 10%",Mean/Mode,,1308,TotalCharges,2151.457569532238,1281.0,870.4575695322378,tabular_imputer
2026-05-08T13:28:00.506933+00:00,Telco,MNAR,"totalcharges, 10%",Mean/Mode,,1309,TotalCharges,2151.457569532238,1553.9,597.5575695322377,tabular_imputer
2026-05-08T13:28:00.506933+00:00,Telco,MNAR,"totalcharges, 10%",Mean/Mode,,1323,TotalCharges,2151.457569532238,1710.15,441.3075695322377,tabular_imputer
2026-05-08T13:28:00.506933+00:00,Telco,MNAR,"totalcharges, 10%",Mean/Mode,,1343,TotalCharges,2151.457569532238,4688.65,2537.192430467762,tabular_imputer
2026-05-08T13:28:00.506933+00:00,Telco,MNAR,"totalcharges, 10%",Mean/Mode,,1353,TotalCharges,2151.457569532238,1359.5,791.9575695322378,tabular_imputer
2026-05-08T13:28:00.506933+00:00,Telco,MNAR,"totalcharges, 10%",Mean/Mode,,1364,TotalCharges,2151.457569532238,4421.95,2270.492430467762,tabular_imputer
2026-05-08T13:28:00.506933+00:00,Telco,MNAR,"totalcharges, 10%",Mean/Mode,,1377,TotalCharges,2151.457569532238,5815.15,3663.692430467762,tabular_imputer
2026-05-08T13:28:00.506933+00:00,Telco,MNAR,"totalcharges, 10%",Mean/Mode,,1388,TotalCharges,2151.457569532238,740.55,1410.9075695322379,tabular_imputer
2026-05-08T13:28:00.506933+00:00,Telco,MNAR,"totalcharges, 10%",Mean/Mode,,1398,TotalCharges,2151.457569532238,1938.05,213.40756953223786,tabular_imputer
2026-05-08T13:28:00.506933+00:00,Telco,MNAR,"totalcharges, 10%",Mean/Mode,,1414,TotalCharges,2151.457569532238,3418.2,1266.742430467762,tabular_imputer
2026-05-08T13:28:00.506933+00:00,Telco,MNAR,"totalcharges, 10%",Mean/Mode,,1415,TotalCharges,2151.457569532238,6603.8,4452.342430467763,tabular_imputer
2026-05-08T13:28:00.506933+00:00,Telco,MNAR,"totalcharges, 10%",Mean/Mode,,1416,TotalCharges,2151.457569532238,3166.9,1015.4424304677623,tabular_imputer
2026-05-08T13:28:00.506933+00:00,Telco,MNAR,"totalcharges, 10%",Mean/Mode,,1417,TotalCharges,2151.457569532238,865.75,1285.7075695322378,tabular_imputer
2026-05-08T13:28:00.506933+00:00,Telco,MNAR,"totalcharges, 10%",Mean/Mode,,1464,TotalCharges,2151.457569532238,547.8,1603.6575695322379,tabular_imputer
2026-05-08T13:28:00.506933+00:00,Telco,MNAR,"totalcharges, 10%",Mean/Mode,,1467,TotalCharges,2151.457569532238,1756.6,394.8575695322379,tabular_imputer
2026-05-08T13:28:00.506933+00:00,Telco,MNAR,"totalcharges, 10%",Mean/Mode,,1502,TotalCharges,2151.457569532238,2633.95,482.492430467762,tabular_imputer
2026-05-08T13:28:00.506933+00:00,Telco,MNAR,"totalcharges, 10%",Mean/Mode,,1524,TotalCharges,2151.457569532238,7002.95,4851.4924304677625,tabular_imputer
2026-05-08T13:28:00.506933+00:00,Telco,MNAR,"totalcharges, 10%",Mean/Mode,,1586,TotalCharges,2151.457569532238,7508.55,5357.092430467763,tabular_imputer
2026-05-08T13:28:00.506933+00:00,Telco,MNAR,"totalcharges, 10%",Mean/Mode,,1596,TotalCharges,2151.457569532238,120.25,2031.2075695322378,tabular_imputer
2026-05-08T13:28:00.506933+00:00,Telco,MNAR,"totalcharges, 10%",Mean/Mode,,1598,TotalCharges,2151.457569532238,520.55,1630.9075695322379,tabular_imputer
2026-05-08T13:28:00.506933+00:00,Telco,MNAR,"totalcharges, 10%",Mean/Mode,,1612,TotalCharges,2151.457569532238,5918.8,3767.3424304677624,tabular_imputer
2026-05-08T13:28:00.506933+00:00,Telco,MNAR,"totalcharges, 10%",Mean/Mode,,1615,TotalCharges,2151.457569532238,923.1,1228.357569532238,tabular_imputer
2026-05-08T13:28:00.506933+00:00,Telco,MNAR,"totalcharges, 10%",Mean/Mode,,1629,TotalCharges,2151.457569532238,4741.45,2589.992430467762,tabular_imputer
2026-05-08T13:28:00.506933+00:00,Telco,MNAR,"totalcharges, 10%",Mean/Mode,,1630,TotalCharges,2151.457569532238,4009.2,1857.742430467762,tabular_imputer
2026-05-08T13:28:00.506933+00:00,Telco,MNAR,"totalcharges, 10%",Mean/Mode,,1638,TotalCharges,2151.457569532238,5746.75,3595.292430467762,tabular_imputer
2026-05-08T13:28:00.506933+00:00,Telco,MNAR,"totalcharges, 10%",Mean/Mode,,1642,TotalCharges,2151.457569532238,573.05,1578.4075695322379,tabular_imputer
2026-05-08T13:28:00.506933+00:00,Telco,MNAR,"totalcharges, 10%",Mean/Mode,,1645,TotalCharges,2151.457569532238,3541.35,1389.892430467762,tabular_imputer
2026-05-08T13:28:00.506933+00:00,Telco,MNAR,"totalcharges, 10%",Mean/Mode,,1658,TotalCharges,2151.457569532238,5341.8,3190.3424304677624,tabular_imputer
2026-05-08T13:28:00.506933+00:00,Telco,MNAR,"totalcharges, 10%",Mean/Mode,,1663,TotalCharges,2151.457569532238,4812.75,2661.292430467762,tabular_imputer
2026-05-08T13:28:00.506933+00:00,Telco,MNAR,"totalcharges, 10%",Mean/Mode,,1671,TotalCharges,2151.457569532238,7031.3,4879.842430467763,tabular_imputer
2026-05-08T13:28:00.506933+00:00,Telco,MNAR,"totalcharges, 10%",Mean/Mode,,1685,TotalCharges,2151.457569532238,1943.9,207.55756953223772,tabular_imputer
2026-05-08T13:28:00.506933+00:00,Telco,MNAR,"totalcharges, 10%",Mean/Mode,,1686,TotalCharges,2151.457569532238,1616.15,535.3075695322377,tabular_imputer
2026-05-08T13:28:00.506933+00:00,Telco,MNAR,"totalcharges, 10%",Mean/Mode,,1690,TotalCharges,2151.457569532238,6669.05,4517.592430467763,tabular_imputer
2026-05-08T13:28:00.506933+00:00,Telco,MNAR,"totalcharges, 10%",Mean/Mode,,1705,TotalCharges,2151.457569532238,5044.8,2893.3424304677624,tabular_imputer
2026-05-08T13:28:00.506933+00:00,Telco,MNAR,"totalcharges, 10%",Mean/Mode,,1729,TotalCharges,2151.457569532238,5692.65,3541.192430467762,tabular_imputer
2026-05-08T13:28:00.506933+00:00,Telco,MNAR,"totalcharges, 10%",Mean/Mode,,1738,TotalCharges,2151.457569532238,6130.95,3979.492430467762,tabular_imputer
2026-05-08T13:28:00.506933+00:00,Telco,MNAR,"totalcharges, 10%",Mean/Mode,,1749,TotalCharges,2151.457569532238,5832.0,3680.542430467762,tabular_imputer
2026-05-08T13:28:00.506933+00:00,Telco,MNAR,"totalcharges, 10%",Mean/Mode,,1770,TotalCharges,2151.457569532238,4689.5,2538.042430467762,tabular_imputer
2026-05-08T13:28:00.506933+00:00,Telco,MNAR,"totalcharges, 10%",Mean/Mode,,1789,TotalCharges,2151.457569532238,1621.35,530.1075695322379,tabular_imputer
2026-05-08T13:28:00.506933+00:00,Telco,MNAR,"totalcharges, 10%",Mean/Mode,,1838,TotalCharges,2151.457569532238,4931.8,2780.3424304677624,tabular_imputer
2026-05-08T13:28:00.506933+00:00,Telco,MNAR,"totalcharges, 10%",Mean/Mode,,1864,TotalCharges,2151.457569532238,1597.4,554.0575695322377,tabular_imputer
2026-05-08T13:28:00.506933+00:00,Telco,MNAR,"totalcharges, 10%",Mean/Mode,,1869,TotalCharges,2151.457569532238,1734.65,416.8075695322377,tabular_imputer
2026-05-08T13:28:00.506933+00:00,Telco,MNAR,"totalcharges, 10%",Mean/Mode,,1873,TotalCharges,2151.457569532238,5011.15,2859.692430467762,tabular_imputer
2026-05-08T13:28:00.506933+00:00,Telco,MNAR,"totalcharges, 10%",Mean/Mode,,1897,TotalCharges,2151.457569532238,1527.5,623.9575695322378,tabular_imputer
2026-05-08T13:28:00.506933+00:00,Telco,MNAR,"totalcharges, 10%",Mean/Mode,,1899,TotalCharges,2151.457569532238,1612.2,539.2575695322378,tabular_imputer
2026-05-08T13:28:00.506933+00:00,Telco,MNAR,"totalcharges, 10%",Mean/Mode,,1911,TotalCharges,2151.457569532238,7657.4,5505.942430467761,tabular_imputer
2026-05-08T13:28:00.506933+00:00,Telco,MNAR,"totalcharges, 10%",Mean/Mode,,1927,TotalCharges,2151.457569532238,5118.95,2967.492430467762,tabular_imputer
2026-05-08T13:28:00.506933+00:00,Telco,MNAR,"totalcharges, 10%",Mean/Mode,,1956,TotalCharges,2151.457569532238,7261.25,5109.792430467762,tabular_imputer
2026-05-08T13:28:00.506933+00:00,Telco,MNAR,"totalcharges, 10%",Mean/Mode,,1971,TotalCharges,2151.457569532238,433.75,1717.7075695322378,tabular_imputer
2026-05-08T13:28:00.506933+00:00,Telco,MNAR,"totalcharges, 10%",Mean/Mode,,1975,TotalCharges,2151.457569532238,390.4,1761.0575695322377,tabular_imputer
2026-05-08T13:28:00.506933+00:00,Telco,MNAR,"totalcharges, 10%",Mean/Mode,,1977,TotalCharges,2151.457569532238,2845.15,693.6924304677623,tabular_imputer
2026-05-08T13:28:00.506933+00:00,Telco,MNAR,"totalcharges, 10%",Mean/Mode,,1986,TotalCharges,2151.457569532238,6398.05,4246.592430467763,tabular_imputer
2026-05-08T13:28:00.506933+00:00,Telco,MNAR,"totalcharges, 10%",Mean/Mode,,1992,TotalCharges,2151.457569532238,1329.15,822.3075695322377,tabular_imputer
2026-05-08T13:28:00.506933+00:00,Telco,MNAR,"totalcharges, 10%",Mean/Mode,,1998,TotalCharges,2151.457569532238,97.1,2054.357569532238,tabular_imputer
2026-05-08T13:28:00.506933+00:00,Telco,MNAR,"totalcharges, 10%",Mean/Mode,,2000,TotalCharges,2151.457569532238,637.4,1514.0575695322377,tabular_imputer
2026-05-08T13:28:00.506933+00:00,Telco,MNAR,"totalcharges, 10%",Mean/Mode,,2012,TotalCharges,2151.457569532238,4533.7,2382.242430467762,tabular_imputer
2026-05-08T13:28:00.506933+00:00,Telco,MNAR,"totalcharges, 10%",Mean/Mode,,2024,TotalCharges,2151.457569532238,1184.0,967.4575695322378,tabular_imputer
2026-05-08T13:28:00.506933+00:00,Telco,MNAR,"totalcharges, 10%",Mean/Mode,,2025,TotalCharges,2151.457569532238,8477.7,6326.2424304677625,tabular_imputer
2026-05-08T13:28:00.506933+00:00,Telco,MNAR,"totalcharges, 10%",Mean/Mode,,2045,TotalCharges,2151.457569532238,7455.45,5303.9924304677625,tabular_imputer
2026-05-08T13:28:00.506933+00:00,Telco,MNAR,"totalcharges, 10%",Mean/Mode,,2052,TotalCharges,2151.457569532238,4946.05,2794.5924304677624,tabular_imputer
2026-05-08T13:28:00.506933+00:00,Telco,MNAR,"totalcharges, 10%",Mean/Mode,,2060,TotalCharges,2151.457569532238,6325.25,4173.792430467762,tabular_imputer
2026-05-08T13:28:00.506933+00:00,Telco,MNAR,"totalcharges, 10%",Mean/Mode,,2071,TotalCharges,2151.457569532238,6302.8,4151.342430467763,tabular_imputer
2026-05-08T13:28:00.506933+00:00,Telco,MNAR,"totalcharges, 10%",Mean/Mode,,2077,TotalCharges,2151.457569532238,71.35,2080.107569532238,tabular_imputer
2026-05-08T13:28:00.506933+00:00,Telco,MNAR,"totalcharges, 10%",Mean/Mode,,2080,TotalCharges,2151.457569532238,5981.65,3830.192430467762,tabular_imputer
2026-05-08T13:28:00.506933+00:00,Telco,MNAR,"totalcharges, 10%",Mean/Mode,,2099,TotalCharges,2151.457569532238,3126.85,975.3924304677621,tabular_imputer
2026-05-08T13:28:00.506933+00:00,Telco,MNAR,"totalcharges, 10%",Mean/Mode,,2101,TotalCharges,2151.457569532238,3754.6,1603.142430467762,tabular_imputer
2026-05-08T13:28:00.506933+00:00,Telco,MNAR,"totalcharges, 10%",Mean/Mode,,2113,TotalCharges,2151.457569532238,4368.85,2217.3924304677626,tabular_imputer
2026-05-08T13:28:00.506933+00:00,Telco,MNAR,"totalcharges, 10%",Mean/Mode,,2115,TotalCharges,2151.457569532238,8477.6,6326.142430467762,tabular_imputer
2026-05-08T13:28:00.506933+00:00,Telco,MNAR,"totalcharges, 10%",Mean/Mode,,2118,TotalCharges,2151.457569532238,1790.65,360.8075695322377,tabular_imputer
2026-05-08T13:28:00.506933+00:00,Telco,MNAR,"totalcharges, 10%",Mean/Mode,,2123,TotalCharges,2151.457569532238,2429.1,277.6424304677621,tabular_imputer
2026-05-08T13:28:00.506933+00:00,Telco,MNAR,"totalcharges, 10%",Mean/Mode,,2136,TotalCharges,2151.457569532238,1430.05,721.4075695322379,tabular_imputer
2026-05-08T13:28:00.506933+00:00,Telco,MNAR,"totalcharges, 10%",Mean/Mode,,2142,TotalCharges,2151.457569532238,1336.8,814.6575695322379,tabular_imputer
2026-05-08T13:28:00.506933+00:00,Telco,MNAR,"totalcharges, 10%",Mean/Mode,,2151,TotalCharges,2151.457569532238,1498.85,652.6075695322379,tabular_imputer
2026-05-08T13:28:00.506933+00:00,Telco,MNAR,"totalcharges, 10%",Mean/Mode,,2162,TotalCharges,2151.457569532238,2684.35,532.8924304677621,tabular_imputer
2026-05-08T13:28:00.506933+00:00,Telco,MNAR,"totalcharges, 10%",Mean/Mode,,2181,TotalCharges,2151.457569532238,4164.4,2012.9424304677618,tabular_imputer
2026-05-08T13:28:00.506933+00:00,Telco,MNAR,"totalcharges, 10%",Mean/Mode,,2182,TotalCharges,2151.457569532238,5873.75,3722.292430467762,tabular_imputer
2026-05-08T13:28:00.506933+00:00,Telco,MNAR,"totalcharges, 10%",Mean/Mode,,2187,TotalCharges,2151.457569532238,8564.75,6413.292430467762,tabular_imputer
2026-05-08T13:28:00.506933+00:00,Telco,MNAR,"totalcharges, 10%",Mean/Mode,,2197,TotalCharges,2151.457569532238,4264.6,2113.1424304677626,tabular_imputer
2026-05-08T13:28:00.506933+00:00,Telco,MNAR,"totalcharges, 10%",Mean/Mode,,2203,TotalCharges,2151.457569532238,7537.5,5386.042430467762,tabular_imputer
2026-05-08T13:28:00.506933+00:00,Telco,MNAR,"totalcharges, 10%",Mean/Mode,,2205,TotalCharges,2151.457569532238,3343.15,1191.6924304677623,tabular_imputer
2026-05-08T13:28:00.506933+00:00,Telco,MNAR,"totalcharges, 10%",Mean/Mode,,2210,TotalCharges,2151.457569532238,7028.5,4877.042430467762,tabular_imputer
2026-05-08T13:28:00.506933+00:00,Telco,MNAR,"totalcharges, 10%",Mean/Mode,,2218,TotalCharges,2151.457569532238,5999.85,3848.3924304677626,tabular_imputer
2026-05-08T13:28:00.506933+00:00,Telco,MNAR,"totalcharges, 10%",Mean/Mode,,2219,TotalCharges,2151.457569532238,1648.45,503.00756953223777,tabular_imputer
2026-05-08T13:28:00.506933+00:00,Telco,MNAR,"totalcharges, 10%",Mean/Mode,,2223,TotalCharges,2151.457569532238,2625.55,474.09243046776237,tabular_imputer
2026-05-08T13:28:00.506933+00:00,Telco,MNAR,"totalcharges, 10%",Mean/Mode,,2224,TotalCharges,2151.457569532238,1233.4,918.0575695322377,tabular_imputer
2026-05-08T13:28:00.506933+00:00,Telco,MNAR,"totalcharges, 10%",Mean/Mode,,2230,TotalCharges,2151.457569532238,929.2,1222.2575695322378,tabular_imputer
2026-05-08T13:28:00.506933+00:00,Telco,MNAR,"totalcharges, 10%",Mean/Mode,,2261,TotalCharges,2151.457569532238,2583.75,432.2924304677622,tabular_imputer
2026-05-08T13:28:00.506933+00:00,Telco,MNAR,"totalcharges, 10%",Mean/Mode,,2282,TotalCharges,2151.457569532238,6822.15,4670.692430467761,tabular_imputer
2026-05-08T13:28:00.506933+00:00,Telco,MNAR,"totalcharges, 10%",Mean/Mode,,2285,TotalCharges,2151.457569532238,5029.2,2877.742430467762,tabular_imputer
2026-05-08T13:28:00.506933+00:00,Telco,MNAR,"totalcharges, 10%",Mean/Mode,,2297,TotalCharges,2151.457569532238,5893.15,3741.692430467762,tabular_imputer
2026-05-08T13:28:00.506933+00:00,Telco,MNAR,"totalcharges, 10%",Mean/Mode,,2301,TotalCharges,2151.457569532238,743.75,1407.7075695322378,tabular_imputer
2026-05-08T13:28:00.506933+00:00,Telco,MNAR,"totalcharges, 10%",Mean/Mode,,2310,TotalCharges,2151.457569532238,4464.8,2313.3424304677624,tabular_imputer
2026-05-08T13:28:00.506933+00:00,Telco,MNAR,"totalcharges, 10%",Mean/Mode,,2320,TotalCharges,2151.457569532238,5597.65,3446.192430467762,tabular_imputer
2026-05-08T13:28:00.506933+00:00,Telco,MNAR,"totalcharges, 10%",Mean/Mode,,2331,TotalCharges,2151.457569532238,733.55,1417.9075695322379,tabular_imputer
2026-05-08T13:28:00.506933+00:00,Telco,MNAR,"totalcharges, 10%",Mean/Mode,,2334,TotalCharges,2151.457569532238,1391.15,760.3075695322377,tabular_imputer
2026-05-08T13:28:00.506933+00:00,Telco,MNAR,"totalcharges, 10%",Mean/Mode,,2365,TotalCharges,2151.457569532238,1743.9,407.5575695322377,tabular_imputer
2026-05-08T13:28:00.506933+00:00,Telco,MNAR,"totalcharges, 10%",Mean/Mode,,2368,TotalCharges,2151.457569532238,8529.5,6378.042430467762,tabular_imputer
2026-05-08T13:28:00.506933+00:00,Telco,MNAR,"totalcharges, 10%",Mean/Mode,,2378,TotalCharges,2151.457569532238,2416.55,265.09243046776237,tabular_imputer
2026-05-08T13:28:00.506933+00:00,Telco,MNAR,"totalcharges, 10%",Mean/Mode,,2389,TotalCharges,2151.457569532238,6300.85,4149.392430467762,tabular_imputer
2026-05-08T13:28:00.506933+00:00,Telco,MNAR,"totalcharges, 10%",Mean/Mode,,2397,TotalCharges,2151.457569532238,88.35,2063.107569532238,tabular_imputer
2026-05-08T13:28:00.506933+00:00,Telco,MNAR,"totalcharges, 10%",Mean/Mode,,2424,TotalCharges,2151.457569532238,6465.0,4313.542430467762,tabular_imputer
2026-05-08T13:28:00.506933+00:00,Telco,MNAR,"totalcharges, 10%",Mean/Mode,,2428,TotalCharges,2151.457569532238,3777.15,1625.6924304677623,tabular_imputer
2026-05-08T13:28:00.506933+00:00,Telco,MNAR,"totalcharges, 10%",Mean/Mode,,2437,TotalCharges,2151.457569532238,438.9,1712.5575695322377,tabular_imputer
2026-05-08T13:28:00.506933+00:00,Telco,MNAR,"totalcharges, 10%",Mean/Mode,,2485,TotalCharges,2151.457569532238,1072.0,1079.4575695322378,tabular_imputer
2026-05-08T13:28:00.506933+00:00,Telco,MNAR,"totalcharges, 10%",Mean/Mode,,2527,TotalCharges,2151.457569532238,803.3,1348.1575695322379,tabular_imputer
2026-05-08T13:28:00.506933+00:00,Telco,MNAR,"totalcharges, 10%",Mean/Mode,,2534,TotalCharges,2151.457569532238,7317.1,5165.642430467762,tabular_imputer
2026-05-08T13:28:00.506933+00:00,Telco,MNAR,"totalcharges, 10%",Mean/Mode,,2547,TotalCharges,2151.457569532238,1982.1,169.3575695322379,tabular_imputer
2026-05-08T13:28:00.506933+00:00,Telco,MNAR,"totalcharges, 10%",Mean/Mode,,2556,TotalCharges,2151.457569532238,3713.95,1562.492430467762,tabular_imputer
2026-05-08T13:28:00.506933+00:00,Telco,MNAR,"totalcharges, 10%",Mean/Mode,,2559,TotalCharges,2151.457569532238,8425.3,6273.842430467761,tabular_imputer
2026-05-08T13:28:00.506933+00:00,Telco,MNAR,"totalcharges, 10%",Mean/Mode,,2563,TotalCharges,2151.457569532238,2655.25,503.7924304677622,tabular_imputer
2026-05-08T13:28:00.506933+00:00,Telco,MNAR,"totalcharges, 10%",Mean/Mode,,2565,TotalCharges,2151.457569532238,332.5,1818.9575695322378,tabular_imputer
2026-05-08T13:28:00.506933+00:00,Telco,MNAR,"totalcharges, 10%",Mean/Mode,,2570,TotalCharges,2151.457569532238,2866.45,714.992430467762,tabular_imputer
2026-05-08T13:28:00.506933+00:00,Telco,MNAR,"totalcharges, 10%",Mean/Mode,,2591,TotalCharges,2151.457569532238,5611.7,3460.242430467762,tabular_imputer
2026-05-08T13:28:00.506933+00:00,Telco,MNAR,"totalcharges, 10%",Mean/Mode,,2594,TotalCharges,2151.457569532238,7082.85,4931.392430467762,tabular_imputer
2026-05-08T13:28:00.506933+00:00,Telco,MNAR,"totalcharges, 10%",Mean/Mode,,2602,TotalCharges,2151.457569532238,7266.95,5115.4924304677625,tabular_imputer
2026-05-08T13:28:00.506933+00:00,Telco,MNAR,"totalcharges, 10%",Mean/Mode,,2603,TotalCharges,2151.457569532238,8496.7,6345.2424304677625,tabular_imputer
2026-05-08T13:28:00.506933+00:00,Telco,MNAR,"totalcharges, 10%",Mean/Mode,,2610,TotalCharges,2151.457569532238,1131.3,1020.1575695322379,tabular_imputer
2026-05-08T13:28:00.506933+00:00,Telco,MNAR,"totalcharges, 10%",Mean/Mode,,2614,TotalCharges,2151.457569532238,6341.45,4189.9924304677625,tabular_imputer
2026-05-08T13:28:00.506933+00:00,Telco,MNAR,"totalcharges, 10%",Mean/Mode,,2630,TotalCharges,2151.457569532238,5377.8,3226.3424304677624,tabular_imputer
2026-05-08T13:28:00.506933+00:00,Telco,MNAR,"totalcharges, 10%",Mean/Mode,,2651,TotalCharges,2151.457569532238,2238.5,87.04243046776219,tabular_imputer
2026-05-08T13:28:00.506933+00:00,Telco,MNAR,"totalcharges, 10%",Mean/Mode,,2663,TotalCharges,2151.457569532238,6557.75,4406.292430467762,tabular_imputer
2026-05-08T13:28:00.506933+00:00,Telco,MNAR,"totalcharges, 10%",Mean/Mode,,2677,TotalCharges,2151.457569532238,266.9,1884.5575695322377,tabular_imputer
2026-05-08T13:28:00.506933+00:00,Telco,MNAR,"totalcharges, 10%",Mean/Mode,,2686,TotalCharges,2151.457569532238,1471.75,679.7075695322378,tabular_imputer
2026-05-08T13:28:00.506933+00:00,Telco,MNAR,"totalcharges, 10%",Mean/Mode,,2689,TotalCharges,2151.457569532238,8277.05,6125.592430467761,tabular_imputer
2026-05-08T13:28:00.506933+00:00,Telco,MNAR,"totalcharges, 10%",Mean/Mode,,2708,TotalCharges,2151.457569532238,1308.1,843.3575695322379,tabular_imputer
2026-05-08T13:28:00.506933+00:00,Telco,MNAR,"totalcharges, 10%",Mean/Mode,,2711,TotalCharges,2151.457569532238,2598.95,447.492430467762,tabular_imputer
2026-05-08T13:28:00.506933+00:00,Telco,MNAR,"totalcharges, 10%",Mean/Mode,,2743,TotalCharges,2151.457569532238,7321.05,5169.592430467763,tabular_imputer
2026-05-08T13:28:00.506933+00:00,Telco,MNAR,"totalcharges, 10%",Mean/Mode,,2744,TotalCharges,2151.457569532238,4135.0,1983.5424304677622,tabular_imputer
2026-05-08T13:28:00.506933+00:00,Telco,MNAR,"totalcharges, 10%",Mean/Mode,,2757,TotalCharges,2151.457569532238,5848.6,3697.1424304677626,tabular_imputer
2026-05-08T13:28:00.506933+00:00,Telco,MNAR,"totalcharges, 10%",Mean/Mode,,2764,TotalCharges,2151.457569532238,2000.2,151.25756953223777,tabular_imputer
2026-05-08T13:28:00.506933+00:00,Telco,MNAR,"totalcharges, 10%",Mean/Mode,,2783,TotalCharges,2151.457569532238,4107.3,1955.8424304677624,tabular_imputer
2026-05-08T13:28:00.506933+00:00,Telco,MNAR,"totalcharges, 10%",Mean/Mode,,2787,TotalCharges,2151.457569532238,1851.45,300.00756953223777,tabular_imputer
2026-05-08T13:28:00.506933+00:00,Telco,MNAR,"totalcharges, 10%",Mean/Mode,,2792,TotalCharges,2151.457569532238,736.8,1414.6575695322379,tabular_imputer
2026-05-08T13:28:00.506933+00:00,Telco,MNAR,"totalcharges, 10%",Mean/Mode,,2812,TotalCharges,2151.457569532238,6890.0,4738.542430467762,tabular_imputer
2026-05-08T13:28:00.506933+00:00,Telco,MNAR,"totalcharges, 10%",Mean/Mode,,2833,TotalCharges,2151.457569532238,4017.45,1865.992430467762,tabular_imputer
2026-05-08T13:28:00.506933+00:00,Telco,MNAR,"totalcharges, 10%",Mean/Mode,,2852,TotalCharges,2151.457569532238,5595.3,3443.8424304677624,tabular_imputer
2026-05-08T13:28:00.506933+00:00,Telco,MNAR,"totalcharges, 10%",Mean/Mode,,2862,TotalCharges,2151.457569532238,451.1,1700.357569532238,tabular_imputer
2026-05-08T13:28:00.506933+00:00,Telco,MNAR,"totalcharges, 10%",Mean/Mode,,2868,TotalCharges,2151.457569532238,2146.5,4.957569532237812,tabular_imputer
2026-05-08T13:28:00.506933+00:00,Telco,MNAR,"totalcharges, 10%",Mean/Mode,,2870,TotalCharges,2151.457569532238,5969.85,3818.3924304677626,tabular_imputer
2026-05-08T13:28:00.506933+00:00,Telco,MNAR,"totalcharges, 10%",Mean/Mode,,2885,TotalCharges,2151.457569532238,7839.85,5688.392430467762,tabular_imputer
2026-05-08T13:28:00.506933+00:00,Telco,MNAR,"totalcharges, 10%",Mean/Mode,,2886,TotalCharges,2151.457569532238,6236.75,4085.292430467762,tabular_imputer
2026-05-08T13:28:00.506933+00:00,Telco,MNAR,"totalcharges, 10%",Mean/Mode,,2894,TotalCharges,2151.457569532238,2896.4,744.9424304677623,tabular_imputer
2026-05-08T13:28:00.506933+00:00,Telco,MNAR,"totalcharges, 10%",Mean/Mode,,2918,TotalCharges,2151.457569532238,371.4,1780.0575695322377,tabular_imputer
2026-05-08T13:28:00.506933+00:00,Telco,MNAR,"totalcharges, 10%",Mean/Mode,,2920,TotalCharges,2151.457569532238,6155.4,4003.942430467762,tabular_imputer
2026-05-08T13:28:00.506933+00:00,Telco,MNAR,"totalcharges, 10%",Mean/Mode,,2924,TotalCharges,2151.457569532238,824.75,1326.7075695322378,tabular_imputer
2026-05-08T13:28:00.506933+00:00,Telco,MNAR,"totalcharges, 10%",Mean/Mode,,2925,TotalCharges,2151.457569532238,5153.5,3002.042430467762,tabular_imputer
2026-05-08T13:28:00.506933+00:00,Telco,MNAR,"totalcharges, 10%",Mean/Mode,,2932,TotalCharges,2151.457569532238,6292.7,4141.2424304677625,tabular_imputer
2026-05-08T13:28:00.506933+00:00,Telco,MNAR,"totalcharges, 10%",Mean/Mode,,2934,TotalCharges,2151.457569532238,198.1,1953.357569532238,tabular_imputer
2026-05-08T13:28:00.506933+00:00,Telco,MNAR,"totalcharges, 10%",Mean/Mode,,2937,TotalCharges,2151.457569532238,5980.75,3829.292430467762,tabular_imputer
2026-05-08T13:28:00.506933+00:00,Telco,MNAR,"totalcharges, 10%",Mean/Mode,,2943,TotalCharges,2151.457569532238,973.95,1177.5075695322378,tabular_imputer
2026-05-08T13:28:00.506933+00:00,Telco,MNAR,"totalcharges, 10%",Mean/Mode,,2982,TotalCharges,2151.457569532238,1071.6,1079.857569532238,tabular_imputer
2026-05-08T13:28:00.506933+00:00,Telco,MNAR,"totalcharges, 10%",Mean/Mode,,2997,TotalCharges,2151.457569532238,6143.15,3991.692430467762,tabular_imputer
2026-05-08T13:28:00.506933+00:00,Telco,MNAR,"totalcharges, 10%",Mean/Mode,,3027,TotalCharges,2151.457569532238,137.6,2013.857569532238,tabular_imputer
2026-05-08T13:28:00.506933+00:00,Telco,MNAR,"totalcharges, 10%",Mean/Mode,,3033,TotalCharges,2151.457569532238,7553.6,5402.142430467762,tabular_imputer
2026-05-08T13:28:00.506933+00:00,Telco,MNAR,"totalcharges, 10%",Mean/Mode,,3038,TotalCharges,2151.457569532238,7112.15,4960.692430467761,tabular_imputer
2026-05-08T13:28:00.506933+00:00,Telco,MNAR,"totalcharges, 10%",Mean/Mode,,3045,TotalCharges,2151.457569532238,3094.65,943.1924304677623,tabular_imputer
2026-05-08T13:28:00.506933+00:00,Telco,MNAR,"totalcharges, 10%",Mean/Mode,,3053,TotalCharges,2151.457569532238,6700.05,4548.592430467763,tabular_imputer
2026-05-08T13:28:00.506933+00:00,Telco,MNAR,"totalcharges, 10%",Mean/Mode,,3063,TotalCharges,2151.457569532238,3810.55,1659.0924304677624,tabular_imputer
2026-05-08T13:28:00.506933+00:00,Telco,MNAR,"totalcharges, 10%",Mean/Mode,,3068,TotalCharges,2151.457569532238,4911.05,2759.5924304677624,tabular_imputer
2026-05-08T13:28:00.506933+00:00,Telco,MNAR,"totalcharges, 10%",Mean/Mode,,3072,TotalCharges,2151.457569532238,4820.55,2669.0924304677624,tabular_imputer
2026-05-08T13:28:00.506933+00:00,Telco,MNAR,"totalcharges, 10%",Mean/Mode,,3076,TotalCharges,2151.457569532238,389.1,1762.357569532238,tabular_imputer
2026-05-08T13:28:00.506933+00:00,Telco,MNAR,"totalcharges, 10%",Mean/Mode,,3079,TotalCharges,2151.457569532238,261.25,1890.2075695322378,tabular_imputer
2026-05-08T13:28:00.506933+00:00,Telco,MNAR,"totalcharges, 10%",Mean/Mode,,3080,TotalCharges,2151.457569532238,38.45,2113.007569532238,tabular_imputer
2026-05-08T13:28:00.506933+00:00,Telco,MNAR,"totalcharges, 10%",Mean/Mode,,3089,TotalCharges,2151.457569532238,5646.6,3495.1424304677626,tabular_imputer
2026-05-08T13:28:00.506933+00:00,Telco,MNAR,"totalcharges, 10%",Mean/Mode,,3108,TotalCharges,2151.457569532238,4532.3,2380.8424304677624,tabular_imputer
2026-05-08T13:28:00.506933+00:00,Telco,MNAR,"totalcharges, 10%",Mean/Mode,,3114,TotalCharges,2151.457569532238,392.65,1758.8075695322377,tabular_imputer
2026-05-08T13:28:00.506933+00:00,Telco,MNAR,"totalcharges, 10%",Mean/Mode,,3132,TotalCharges,2151.457569532238,74.3,2077.1575695322376,tabular_imputer
2026-05-08T13:28:00.506933+00:00,Telco,MNAR,"totalcharges, 10%",Mean/Mode,,3152,TotalCharges,2151.457569532238,2475.35,323.8924304677621,tabular_imputer
2026-05-08T13:28:00.506933+00:00,Telco,MNAR,"totalcharges, 10%",Mean/Mode,,3162,TotalCharges,2151.457569532238,1394.55,756.9075695322379,tabular_imputer
2026-05-08T13:28:00.506933+00:00,Telco,MNAR,"totalcharges, 10%",Mean/Mode,,3169,TotalCharges,2151.457569532238,3482.85,1331.392430467762,tabular_imputer
2026-05-08T13:28:00.506933+00:00,Telco,MNAR,"totalcharges, 10%",Mean/Mode,,3190,TotalCharges,2151.457569532238,3632.0,1480.5424304677622,tabular_imputer
2026-05-08T13:28:00.506933+00:00,Telco,MNAR,"totalcharges, 10%",Mean/Mode,,3195,TotalCharges,2151.457569532238,653.9,1497.5575695322377,tabular_imputer
2026-05-08T13:28:00.506933+00:00,Telco,MNAR,"totalcharges, 10%",Mean/Mode,,3199,TotalCharges,2151.457569532238,1821.8,329.65756953223786,tabular_imputer
2026-05-08T13:28:00.506933+00:00,Telco,MNAR,"totalcharges, 10%",Mean/Mode,,3201,TotalCharges,2151.457569532238,4024.2,1872.742430467762,tabular_imputer
2026-05-08T13:28:00.506933+00:00,Telco,MNAR,"totalcharges, 10%",Mean/Mode,,3208,TotalCharges,2151.457569532238,3420.5,1269.0424304677622,tabular_imputer
2026-05-08T13:28:00.506933+00:00,Telco,MNAR,"totalcharges, 10%",Mean/Mode,,3231,TotalCharges,2151.457569532238,1287.85,863.6075695322379,tabular_imputer
2026-05-08T13:28:00.506933+00:00,Telco,MNAR,"totalcharges, 10%",Mean/Mode,,3235,TotalCharges,2151.457569532238,2696.55,545.0924304677624,tabular_imputer
2026-05-08T13:28:00.506933+00:00,Telco,MNAR,"totalcharges, 10%",Mean/Mode,,3256,TotalCharges,2151.457569532238,5264.5,3113.042430467762,tabular_imputer
2026-05-08T13:28:00.506933+00:00,Telco,MNAR,"totalcharges, 10%",Mean/Mode,,3262,TotalCharges,2151.457569532238,2874.15,722.6924304677623,tabular_imputer
2026-05-08T13:28:00.506933+00:00,Telco,MNAR,"totalcharges, 10%",Mean/Mode,,3279,TotalCharges,2151.457569532238,1423.35,728.1075695322379,tabular_imputer
2026-05-08T13:28:00.506933+00:00,Telco,MNAR,"totalcharges, 10%",Mean/Mode,,3284,TotalCharges,2151.457569532238,3369.05,1217.5924304677624,tabular_imputer
2026-05-08T13:28:00.506933+00:00,Telco,MNAR,"totalcharges, 10%",Mean/Mode,,3288,TotalCharges,2151.457569532238,272.35,1879.107569532238,tabular_imputer
2026-05-08T13:28:00.506933+00:00,Telco,MNAR,"totalcharges, 10%",Mean/Mode,,3295,TotalCharges,2151.457569532238,5714.2,3562.742430467762,tabular_imputer
2026-05-08T13:28:00.506933+00:00,Telco,MNAR,"totalcharges, 10%",Mean/Mode,,3308,TotalCharges,2151.457569532238,387.9,1763.5575695322377,tabular_imputer
2026-05-08T13:28:00.506933+00:00,Telco,MNAR,"totalcharges, 10%",Mean/Mode,,3311,TotalCharges,2151.457569532238,2104.55,46.90756953223763,tabular_imputer
2026-05-08T13:28:00.506933+00:00,Telco,MNAR,"totalcharges, 10%",Mean/Mode,,3325,TotalCharges,2151.457569532238,338.9,1812.5575695322377,tabular_imputer
2026-05-08T13:28:00.506933+00:00,Telco,MNAR,"totalcharges, 10%",Mean/Mode,,3344,TotalCharges,2151.457569532238,811.8,1339.6575695322379,tabular_imputer
2026-05-08T13:28:00.506933+00:00,Telco,MNAR,"totalcharges, 10%",Mean/Mode,,3348,TotalCharges,2151.457569532238,7521.95,5370.4924304677625,tabular_imputer
2026-05-08T13:28:00.506933+00:00,Telco,MNAR,"totalcharges, 10%",Mean/Mode,,3349,TotalCharges,2151.457569532238,1056.95,1094.5075695322378,tabular_imputer
2026-05-08T13:28:00.506933+00:00,Telco,MNAR,"totalcharges, 10%",Mean/Mode,,3363,TotalCharges,2151.457569532238,3265.95,1114.492430467762,tabular_imputer
2026-05-08T13:28:00.506933+00:00,Telco,MNAR,"totalcharges, 10%",Mean/Mode,,3364,TotalCharges,2151.457569532238,2254.2,102.742430467762,tabular_imputer
2026-05-08T13:28:00.506933+00:00,Telco,MNAR,"totalcharges, 10%",Mean/Mode,,3375,TotalCharges,2151.457569532238,1389.35,762.1075695322379,tabular_imputer
2026-05-08T13:28:00.506933+00:00,Telco,MNAR,"totalcharges, 10%",Mean/Mode,,3378,TotalCharges,2151.457569532238,6033.1,3881.6424304677626,tabular_imputer
2026-05-08T13:28:00.506933+00:00,Telco,MNAR,"totalcharges, 10%",Mean/Mode,,3392,TotalCharges,2151.457569532238,2413.05,261.59243046776237,tabular_imputer
2026-05-08T13:28:00.506933+00:00,Telco,MNAR,"totalcharges, 10%",Mean/Mode,,3399,TotalCharges,2151.457569532238,3373.4,1221.9424304677623,tabular_imputer
2026-05-08T13:28:00.506933+00:00,Telco,MNAR,"totalcharges, 10%",Mean/Mode,,3409,TotalCharges,2151.457569532238,7714.65,5563.192430467761,tabular_imputer
2026-05-08T13:28:00.506933+00:00,Telco,MNAR,"totalcharges, 10%",Mean/Mode,,3411,TotalCharges,2151.457569532238,5549.4,3397.942430467762,tabular_imputer
2026-05-08T13:28:00.506933+00:00,Telco,MNAR,"totalcharges, 10%",Mean/Mode,,3436,TotalCharges,2151.457569532238,516.3,1635.1575695322379,tabular_imputer
2026-05-08T13:28:00.506933+00:00,Telco,MNAR,"totalcharges, 10%",Mean/Mode,,3446,TotalCharges,2151.457569532238,6332.75,4181.292430467762,tabular_imputer
2026-05-08T13:28:00.506933+00:00,Telco,MNAR,"totalcharges, 10%",Mean/Mode,,3451,TotalCharges,2151.457569532238,4555.2,2403.742430467762,tabular_imputer
2026-05-08T13:28:00.506933+00:00,Telco,MNAR,"totalcharges, 10%",Mean/Mode,,3455,TotalCharges,2151.457569532238,90.55,2060.9075695322376,tabular_imputer
2026-05-08T13:28:00.506933+00:00,Telco,MNAR,"totalcharges, 10%",Mean/Mode,,3459,TotalCharges,2151.457569532238,789.55,1361.9075695322379,tabular_imputer
2026-05-08T13:28:00.506933+00:00,Telco,MNAR,"totalcharges, 10%",Mean/Mode,,3470,TotalCharges,2151.457569532238,411.6,1739.857569532238,tabular_imputer
2026-05-08T13:28:00.506933+00:00,Telco,MNAR,"totalcharges, 10%",Mean/Mode,,3477,TotalCharges,2151.457569532238,1345.75,805.7075695322378,tabular_imputer
2026-05-08T13:28:00.506933+00:00,Telco,MNAR,"totalcharges, 10%",Mean/Mode,,3483,TotalCharges,2151.457569532238,1358.6,792.8575695322379,tabular_imputer
2026-05-08T13:28:00.506933+00:00,Telco,MNAR,"totalcharges, 10%",Mean/Mode,,3484,TotalCharges,2151.457569532238,3147.15,995.6924304677623,tabular_imputer
2026-05-08T13:28:00.506933+00:00,Telco,MNAR,"totalcharges, 10%",Mean/Mode,,3506,TotalCharges,2151.457569532238,1651.95,499.50756953223777,tabular_imputer
2026-05-08T13:28:00.506933+00:00,Telco,MNAR,"totalcharges, 10%",Mean/Mode,,3521,TotalCharges,2151.457569532238,3053.0,901.5424304677622,tabular_imputer
2026-05-08T13:28:00.506933+00:00,Telco,MNAR,"totalcharges, 10%",Mean/Mode,,3537,TotalCharges,2151.457569532238,1355.45,796.0075695322378,tabular_imputer
2026-05-08T13:28:00.506933+00:00,Telco,MNAR,"totalcharges, 10%",Mean/Mode,,3538,TotalCharges,2151.457569532238,7209.0,5057.542430467762,tabular_imputer
2026-05-08T13:28:00.506933+00:00,Telco,MNAR,"totalcharges, 10%",Mean/Mode,,3550,TotalCharges,2151.457569532238,3183.4,1031.9424304677623,tabular_imputer
2026-05-08T13:28:00.506933+00:00,Telco,MNAR,"totalcharges, 10%",Mean/Mode,,3557,TotalCharges,2151.457569532238,1884.65,266.8075695322377,tabular_imputer
2026-05-08T13:28:00.506933+00:00,Telco,MNAR,"totalcharges, 10%",Mean/Mode,,3558,TotalCharges,2151.457569532238,2568.15,416.6924304677623,tabular_imputer
2026-05-08T13:28:00.506933+00:00,Telco,MNAR,"totalcharges, 10%",Mean/Mode,,3571,TotalCharges,2151.457569532238,2096.1,55.3575695322379,tabular_imputer
2026-05-08T13:28:00.506933+00:00,Telco,MNAR,"totalcharges, 10%",Mean/Mode,,3582,TotalCharges,2151.457569532238,232.35,1919.107569532238,tabular_imputer
2026-05-08T13:28:00.506933+00:00,Telco,MNAR,"totalcharges, 10%",Mean/Mode,,3585,TotalCharges,2151.457569532238,3128.8,977.3424304677624,tabular_imputer
2026-05-08T13:28:00.506933+00:00,Telco,MNAR,"totalcharges, 10%",Mean/Mode,,3614,TotalCharges,2151.457569532238,4055.5,1904.0424304677622,tabular_imputer
2026-05-08T13:28:00.506933+00:00,Telco,MNAR,"totalcharges, 10%",Mean/Mode,,3617,TotalCharges,2151.457569532238,810.7,1340.7575695322378,tabular_imputer
2026-05-08T13:28:00.506933+00:00,Telco,MNAR,"totalcharges, 10%",Mean/Mode,,3625,TotalCharges,2151.457569532238,1379.6,771.8575695322379,tabular_imputer
2026-05-08T13:28:00.506933+00:00,Telco,MNAR,"totalcharges, 10%",Mean/Mode,,3629,TotalCharges,2151.457569532238,412.6,1738.857569532238,tabular_imputer
2026-05-08T13:28:00.506933+00:00,Telco,MNAR,"totalcharges, 10%",Mean/Mode,,3634,TotalCharges,2151.457569532238,7845.8,5694.342430467763,tabular_imputer
2026-05-08T13:28:00.506933+00:00,Telco,MNAR,"totalcharges, 10%",Mean/Mode,,3640,TotalCharges,2151.457569532238,2745.2,593.742430467762,tabular_imputer
2026-05-08T13:28:00.506933+00:00,Telco,MNAR,"totalcharges, 10%",Mean/Mode,,3661,TotalCharges,2151.457569532238,4475.9,2324.442430467762,tabular_imputer
2026-05-08T13:28:00.506933+00:00,Telco,MNAR,"totalcharges, 10%",Mean/Mode,,3670,TotalCharges,2151.457569532238,838.5,1312.9575695322378,tabular_imputer
2026-05-08T13:28:00.506933+00:00,Telco,MNAR,"totalcharges, 10%",Mean/Mode,,3673,TotalCharges,2151.457569532238,4273.45,2121.992430467762,tabular_imputer
2026-05-08T13:28:00.506933+00:00,Telco,MNAR,"totalcharges, 10%",Mean/Mode,,3690,TotalCharges,2151.457569532238,1240.25,911.2075695322378,tabular_imputer
2026-05-08T13:28:00.506933+00:00,Telco,MNAR,"totalcharges, 10%",Mean/Mode,,3697,TotalCharges,2151.457569532238,2901.8,750.3424304677624,tabular_imputer
2026-05-08T13:28:00.506933+00:00,Telco,MNAR,"totalcharges, 10%",Mean/Mode,,3706,TotalCharges,2151.457569532238,2281.6,130.1424304677621,tabular_imputer
2026-05-08T13:28:00.506933+00:00,Telco,MNAR,"totalcharges, 10%",Mean/Mode,,3741,TotalCharges,2151.457569532238,7732.65,5581.192430467761,tabular_imputer
2026-05-08T13:28:00.506933+00:00,Telco,MNAR,"totalcharges, 10%",Mean/Mode,,3751,TotalCharges,2151.457569532238,6572.85,4421.392430467762,tabular_imputer
2026-05-08T13:28:00.506933+00:00,Telco,MNAR,"totalcharges, 10%",Mean/Mode,,3757,TotalCharges,2151.457569532238,2762.75,611.2924304677622,tabular_imputer
2026-05-08T13:28:00.506933+00:00,Telco,MNAR,"totalcharges, 10%",Mean/Mode,,3769,TotalCharges,2151.457569532238,1077.5,1073.9575695322378,tabular_imputer
2026-05-08T13:28:00.506933+00:00,Telco,MNAR,"totalcharges, 10%",Mean/Mode,,3788,TotalCharges,2151.457569532238,6110.2,3958.742430467762,tabular_imputer
2026-05-08T13:28:00.506933+00:00,Telco,MNAR,"totalcharges, 10%",Mean/Mode,,3795,TotalCharges,2151.457569532238,912.0,1239.4575695322378,tabular_imputer
2026-05-08T13:28:00.506933+00:00,Telco,MNAR,"totalcharges, 10%",Mean/Mode,,3819,TotalCharges,2151.457569532238,1489.3,662.1575695322379,tabular_imputer
2026-05-08T13:28:00.506933+00:00,Telco,MNAR,"totalcharges, 10%",Mean/Mode,,3831,TotalCharges,2151.457569532238,2177.45,25.992430467762006,tabular_imputer
2026-05-08T13:28:00.506933+00:00,Telco,MNAR,"totalcharges, 10%",Mean/Mode,,3888,TotalCharges,2151.457569532238,80.15,2071.3075695322377,tabular_imputer
2026-05-08T13:28:00.506933+00:00,Telco,MNAR,"totalcharges, 10%",Mean/Mode,,3913,TotalCharges,2151.457569532238,1874.3,277.15756953223786,tabular_imputer
2026-05-08T13:28:00.506933+00:00,Telco,MNAR,"totalcharges, 10%",Mean/Mode,,3914,TotalCharges,2151.457569532238,791.15,1360.3075695322377,tabular_imputer
2026-05-08T13:28:00.506933+00:00,Telco,MNAR,"totalcharges, 10%",Mean/Mode,,3919,TotalCharges,2151.457569532238,536.4,1615.0575695322377,tabular_imputer
2026-05-08T13:28:00.506933+00:00,Telco,MNAR,"totalcharges, 10%",Mean/Mode,,3921,TotalCharges,2151.457569532238,1559.45,592.0075695322378,tabular_imputer
2026-05-08T13:28:00.506933+00:00,Telco,MNAR,"totalcharges, 10%",Mean/Mode,,3925,TotalCharges,2151.457569532238,2658.4,506.9424304677623,tabular_imputer
2026-05-08T13:28:00.506933+00:00,Telco,MNAR,"totalcharges, 10%",Mean/Mode,,3928,TotalCharges,2151.457569532238,1745.5,405.9575695322378,tabular_imputer
2026-05-08T13:28:00.506933+00:00,Telco,MNAR,"totalcharges, 10%",Mean/Mode,,3930,TotalCharges,2151.457569532238,7281.6,5130.142430467762,tabular_imputer
2026-05-08T13:28:00.506933+00:00,Telco,MNAR,"totalcharges, 10%",Mean/Mode,,3931,TotalCharges,2151.457569532238,1837.7,313.75756953223777,tabular_imputer
2026-05-08T13:28:00.506933+00:00,Telco,MNAR,"totalcharges, 10%",Mean/Mode,,3936,TotalCharges,2151.457569532238,576.95,1574.5075695322378,tabular_imputer
2026-05-08T13:28:00.506933+00:00,Telco,MNAR,"totalcharges, 10%",Mean/Mode,,3950,TotalCharges,2151.457569532238,4718.25,2566.792430467762,tabular_imputer
2026-05-08T13:28:00.506933+00:00,Telco,MNAR,"totalcharges, 10%",Mean/Mode,,3964,TotalCharges,2151.457569532238,7511.3,5359.842430467763,tabular_imputer
2026-05-08T13:28:00.506933+00:00,Telco,MNAR,"totalcharges, 10%",Mean/Mode,,3970,TotalCharges,2151.457569532238,2763.35,611.8924304677621,tabular_imputer
2026-05-08T13:28:00.506933+00:00,Telco,MNAR,"totalcharges, 10%",Mean/Mode,,3973,TotalCharges,2151.457569532238,2640.55,489.09243046776237,tabular_imputer
2026-05-08T13:28:00.506933+00:00,Telco,MNAR,"totalcharges, 10%",Mean/Mode,,4001,TotalCharges,2151.457569532238,4900.65,2749.192430467762,tabular_imputer
2026-05-08T13:28:00.506933+00:00,Telco,MNAR,"totalcharges, 10%",Mean/Mode,,4003,TotalCharges,2151.457569532238,743.05,1408.4075695322379,tabular_imputer
2026-05-08T13:28:00.506933+00:00,Telco,MNAR,"totalcharges, 10%",Mean/Mode,,4007,TotalCharges,2151.457569532238,1443.65,707.8075695322377,tabular_imputer
2026-05-08T13:28:00.506933+00:00,Telco,MNAR,"totalcharges, 10%",Mean/Mode,,4031,TotalCharges,2151.457569532238,7982.5,5831.042430467762,tabular_imputer
2026-05-08T13:28:00.506933+00:00,Telco,MNAR,"totalcharges, 10%",Mean/Mode,,4046,TotalCharges,2151.457569532238,2139.1,12.357569532237903,tabular_imputer
2026-05-08T13:28:00.506933+00:00,Telco,MNAR,"totalcharges, 10%",Mean/Mode,,4049,TotalCharges,2151.457569532238,4753.85,2602.3924304677626,tabular_imputer
2026-05-08T13:28:00.506933+00:00,Telco,MNAR,"totalcharges, 10%",Mean/Mode,,4051,TotalCharges,2151.457569532238,6869.7,4718.2424304677625,tabular_imputer
2026-05-08T13:28:00.506933+00:00,Telco,MNAR,"totalcharges, 10%",Mean/Mode,,4070,TotalCharges,2151.457569532238,4052.4,1900.9424304677623,tabular_imputer
2026-05-08T13:28:00.506933+00:00,Telco,MNAR,"totalcharges, 10%",Mean/Mode,,4096,TotalCharges,2151.457569532238,1871.15,280.3075695322377,tabular_imputer
2026-05-08T13:28:00.506933+00:00,Telco,MNAR,"totalcharges, 10%",Mean/Mode,,4105,TotalCharges,2151.457569532238,7009.5,4858.042430467762,tabular_imputer
2026-05-08T13:28:00.506933+00:00,Telco,MNAR,"totalcharges, 10%",Mean/Mode,,4117,TotalCharges,2151.457569532238,6330.4,4178.942430467761,tabular_imputer
2026-05-08T13:28:00.506933+00:00,Telco,MNAR,"totalcharges, 10%",Mean/Mode,,4136,TotalCharges,2151.457569532238,942.95,1208.5075695322378,tabular_imputer
2026-05-08T13:28:00.506933+00:00,Telco,MNAR,"totalcharges, 10%",Mean/Mode,,4152,TotalCharges,2151.457569532238,4929.55,2778.0924304677624,tabular_imputer
2026-05-08T13:28:00.506933+00:00,Telco,MNAR,"totalcharges, 10%",Mean/Mode,,4157,TotalCharges,2151.457569532238,492.0,1659.4575695322378,tabular_imputer
2026-05-08T13:28:00.506933+00:00,Telco,MNAR,"totalcharges, 10%",Mean/Mode,,4160,TotalCharges,2151.457569532238,1908.35,243.1075695322379,tabular_imputer
2026-05-08T13:28:00.506933+00:00,Telco,MNAR,"totalcharges, 10%",Mean/Mode,,4164,TotalCharges,2151.457569532238,7922.75,5771.292430467762,tabular_imputer
2026-05-08T13:28:00.506933+00:00,Telco,MNAR,"totalcharges, 10%",Mean/Mode,,4177,TotalCharges,2151.457569532238,985.05,1166.4075695322379,tabular_imputer
2026-05-08T13:28:00.506933+00:00,Telco,MNAR,"totalcharges, 10%",Mean/Mode,,4178,TotalCharges,2151.457569532238,3948.45,1796.992430467762,tabular_imputer
2026-05-08T13:28:00.506933+00:00,Telco,MNAR,"totalcharges, 10%",Mean/Mode,,4182,TotalCharges,2151.457569532238,2862.75,711.2924304677622,tabular_imputer
2026-05-08T13:28:00.506933+00:00,Telco,MNAR,"totalcharges, 10%",Mean/Mode,,4184,TotalCharges,2151.457569532238,343.95,1807.5075695322378,tabular_imputer
2026-05-08T13:28:00.506933+00:00,Telco,MNAR,"totalcharges, 10%",Mean/Mode,,4186,TotalCharges,2151.457569532238,6590.5,4439.042430467762,tabular_imputer
2026-05-08T13:28:00.506933+00:00,Telco,MNAR,"totalcharges, 10%",Mean/Mode,,4201,TotalCharges,2151.457569532238,1463.45,688.0075695322378,tabular_imputer
2026-05-08T13:28:00.506933+00:00,Telco,MNAR,"totalcharges, 10%",Mean/Mode,,4208,TotalCharges,2151.457569532238,4263.4,2111.942430467762,tabular_imputer
2026-05-08T13:28:00.506933+00:00,Telco,MNAR,"totalcharges, 10%",Mean/Mode,,4211,TotalCharges,2151.457569532238,2496.7,345.242430467762,tabular_imputer
2026-05-08T13:28:00.506933+00:00,Telco,MNAR,"totalcharges, 10%",Mean/Mode,,4217,TotalCharges,2151.457569532238,1013.35,1138.107569532238,tabular_imputer
2026-05-08T13:28:00.506933+00:00,Telco,MNAR,"totalcharges, 10%",Mean/Mode,,4238,TotalCharges,2151.457569532238,1061.6,1089.857569532238,tabular_imputer
2026-05-08T13:28:00.506933+00:00,Telco,MNAR,"totalcharges, 10%",Mean/Mode,,4245,TotalCharges,2151.457569532238,1275.85,875.6075695322379,tabular_imputer
2026-05-08T13:28:00.506933+00:00,Telco,MNAR,"totalcharges, 10%",Mean/Mode,,4246,TotalCharges,2151.457569532238,7467.5,5316.042430467762,tabular_imputer
2026-05-08T13:28:00.506933+00:00,Telco,MNAR,"totalcharges, 10%",Mean/Mode,,4253,TotalCharges,2151.457569532238,1885.15,266.3075695322377,tabular_imputer
2026-05-08T13:28:00.506933+00:00,Telco,MNAR,"totalcharges, 10%",Mean/Mode,,4265,TotalCharges,2151.457569532238,6871.9,4720.442430467761,tabular_imputer
2026-05-08T13:28:00.506933+00:00,Telco,MNAR,"totalcharges, 10%",Mean/Mode,,4284,TotalCharges,2151.457569532238,2897.95,746.492430467762,tabular_imputer
2026-05-08T13:28:00.506933+00:00,Telco,MNAR,"totalcharges, 10%",Mean/Mode,,4285,TotalCharges,2151.457569532238,3371.0,1219.5424304677622,tabular_imputer
2026-05-08T13:28:00.506933+00:00,Telco,MNAR,"totalcharges, 10%",Mean/Mode,,4318,TotalCharges,2151.457569532238,4284.65,2133.192430467762,tabular_imputer
2026-05-08T13:28:00.506933+00:00,Telco,MNAR,"totalcharges, 10%",Mean/Mode,,4321,TotalCharges,2151.457569532238,1058.1,1093.357569532238,tabular_imputer
2026-05-08T13:28:00.506933+00:00,Telco,MNAR,"totalcharges, 10%",Mean/Mode,,4342,TotalCharges,2151.457569532238,3103.25,951.7924304677622,tabular_imputer
2026-05-08T13:28:00.506933+00:00,Telco,MNAR,"totalcharges, 10%",Mean/Mode,,4358,TotalCharges,2151.457569532238,877.35,1274.107569532238,tabular_imputer
2026-05-08T13:28:00.506933+00:00,Telco,MNAR,"totalcharges, 10%",Mean/Mode,,4359,TotalCharges,2151.457569532238,2249.1,97.6424304677621,tabular_imputer
2026-05-08T13:28:00.506933+00:00,Telco,MNAR,"totalcharges, 10%",Mean/Mode,,4386,TotalCharges,2151.457569532238,3046.4,894.9424304677623,tabular_imputer
2026-05-08T13:28:00.506933+00:00,Telco,MNAR,"totalcharges, 10%",Mean/Mode,,4398,TotalCharges,2151.457569532238,4858.7,2707.242430467762,tabular_imputer
2026-05-08T13:28:00.506933+00:00,Telco,MNAR,"totalcharges, 10%",Mean/Mode,,4426,TotalCharges,2151.457569532238,1264.2,887.2575695322378,tabular_imputer
2026-05-08T13:28:00.506933+00:00,Telco,MNAR,"totalcharges, 10%",Mean/Mode,,4434,TotalCharges,2151.457569532238,1374.9,776.5575695322377,tabular_imputer
2026-05-08T13:28:00.506933+00:00,Telco,MNAR,"totalcharges, 10%",Mean/Mode,,4452,TotalCharges,2151.457569532238,5950.2,3798.742430467762,tabular_imputer
2026-05-08T13:28:00.506933+00:00,Telco,MNAR,"totalcharges, 10%",Mean/Mode,,4453,TotalCharges,2151.457569532238,1037.75,1113.7075695322378,tabular_imputer
2026-05-08T13:28:00.506933+00:00,Telco,MNAR,"totalcharges, 10%",Mean/Mode,,4458,TotalCharges,2151.457569532238,3624.3,1472.8424304677624,tabular_imputer
2026-05-08T13:28:00.506933+00:00,Telco,MNAR,"totalcharges, 10%",Mean/Mode,,4466,TotalCharges,2151.457569532238,324.3,1827.1575695322379,tabular_imputer
2026-05-08T13:28:00.506933+00:00,Telco,MNAR,"totalcharges, 10%",Mean/Mode,,4474,TotalCharges,2151.457569532238,3090.05,938.5924304677624,tabular_imputer
2026-05-08T13:28:00.506933+00:00,Telco,MNAR,"totalcharges, 10%",Mean/Mode,,4483,TotalCharges,2151.457569532238,1784.9,366.5575695322377,tabular_imputer
2026-05-08T13:28:00.506933+00:00,Telco,MNAR,"totalcharges, 10%",Mean/Mode,,4485,TotalCharges,2151.457569532238,6075.9,3924.442430467762,tabular_imputer
2026-05-08T13:28:00.506933+00:00,Telco,MNAR,"totalcharges, 10%",Mean/Mode,,4488,TotalCharges,2151.457569532238,3229.4,1077.9424304677623,tabular_imputer
2026-05-08T13:28:00.506933+00:00,Telco,MNAR,"totalcharges, 10%",Mean/Mode,,4489,TotalCharges,2151.457569532238,3399.85,1248.392430467762,tabular_imputer
2026-05-08T13:28:00.506933+00:00,Telco,MNAR,"totalcharges, 10%",Mean/Mode,,4502,TotalCharges,2151.457569532238,5283.95,3132.492430467762,tabular_imputer
2026-05-08T13:28:00.506933+00:00,Telco,MNAR,"totalcharges, 10%",Mean/Mode,,4506,TotalCharges,2151.457569532238,5396.25,3244.792430467762,tabular_imputer
2026-05-08T13:28:00.506933+00:00,Telco,MNAR,"totalcharges, 10%",Mean/Mode,,4510,TotalCharges,2151.457569532238,2656.3,504.84243046776237,tabular_imputer
2026-05-08T13:28:00.506933+00:00,Telco,MNAR,"totalcharges, 10%",Mean/Mode,,4522,TotalCharges,2151.457569532238,587.1,1564.357569532238,tabular_imputer
2026-05-08T13:28:00.506933+00:00,Telco,MNAR,"totalcharges, 10%",Mean/Mode,,4531,TotalCharges,2151.457569532238,661.25,1490.2075695322378,tabular_imputer
2026-05-08T13:28:00.506933+00:00,Telco,MNAR,"totalcharges, 10%",Mean/Mode,,4547,TotalCharges,2151.457569532238,6487.2,4335.7424304677625,tabular_imputer
2026-05-08T13:28:00.506933+00:00,Telco,MNAR,"totalcharges, 10%",Mean/Mode,,4554,TotalCharges,2151.457569532238,2203.7,52.242430467762006,tabular_imputer
2026-05-08T13:28:00.506933+00:00,Telco,MNAR,"totalcharges, 10%",Mean/Mode,,4582,TotalCharges,2151.457569532238,6237.05,4085.5924304677624,tabular_imputer
2026-05-08T13:28:00.506933+00:00,Telco,MNAR,"totalcharges, 10%",Mean/Mode,,4588,TotalCharges,2151.457569532238,3008.15,856.6924304677623,tabular_imputer
2026-05-08T13:28:00.506933+00:00,Telco,MNAR,"totalcharges, 10%",Mean/Mode,,4589,TotalCharges,2151.457569532238,220.8,1930.6575695322379,tabular_imputer
2026-05-08T13:28:00.506933+00:00,Telco,MNAR,"totalcharges, 10%",Mean/Mode,,4594,TotalCharges,2151.457569532238,2110.15,41.30756953223772,tabular_imputer
2026-05-08T13:28:00.506933+00:00,Telco,MNAR,"totalcharges, 10%",Mean/Mode,,4595,TotalCharges,2151.457569532238,5560.0,3408.542430467762,tabular_imputer
2026-05-08T13:28:00.506933+00:00,Telco,MNAR,"totalcharges, 10%",Mean/Mode,,4604,TotalCharges,2151.457569532238,6496.15,4344.692430467761,tabular_imputer
2026-05-08T13:28:00.506933+00:00,Telco,MNAR,"totalcharges, 10%",Mean/Mode,,4606,TotalCharges,2151.457569532238,300.7,1850.7575695322378,tabular_imputer
2026-05-08T13:28:00.506933+00:00,Telco,MNAR,"totalcharges, 10%",Mean/Mode,,4610,TotalCharges,2151.457569532238,8684.8,6533.342430467761,tabular_imputer
2026-05-08T13:28:00.506933+00:00,Telco,MNAR,"totalcharges, 10%",Mean/Mode,,4615,TotalCharges,2151.457569532238,4804.75,2653.292430467762,tabular_imputer
2026-05-08T13:28:00.506933+00:00,Telco,MNAR,"totalcharges, 10%",Mean/Mode,,4622,TotalCharges,2151.457569532238,4331.4,2179.942430467762,tabular_imputer
2026-05-08T13:28:00.506933+00:00,Telco,MNAR,"totalcharges, 10%",Mean/Mode,,4637,TotalCharges,2151.457569532238,5012.1,2860.6424304677626,tabular_imputer
2026-05-08T13:28:00.506933+00:00,Telco,MNAR,"totalcharges, 10%",Mean/Mode,,4653,TotalCharges,2151.457569532238,1561.5,589.9575695322378,tabular_imputer
2026-05-08T13:28:00.506933+00:00,Telco,MNAR,"totalcharges, 10%",Mean/Mode,,4665,TotalCharges,2151.457569532238,2434.45,282.992430467762,tabular_imputer
2026-05-08T13:28:00.506933+00:00,Telco,MNAR,"totalcharges, 10%",Mean/Mode,,4683,TotalCharges,2151.457569532238,2322.85,171.3924304677621,tabular_imputer
2026-05-08T13:28:00.506933+00:00,Telco,MNAR,"totalcharges, 10%",Mean/Mode,,4684,TotalCharges,2151.457569532238,7262.0,5110.542430467762,tabular_imputer
2026-05-08T13:28:00.506933+00:00,Telco,MNAR,"totalcharges, 10%",Mean/Mode,,4688,TotalCharges,2151.457569532238,6470.1,4318.642430467762,tabular_imputer
2026-05-08T13:28:00.506933+00:00,Telco,MNAR,"totalcharges, 10%",Mean/Mode,,4697,TotalCharges,2151.457569532238,6747.35,4595.892430467762,tabular_imputer
2026-05-08T13:28:00.506933+00:00,Telco,MNAR,"totalcharges, 10%",Mean/Mode,,4699,TotalCharges,2151.457569532238,5174.35,3022.8924304677626,tabular_imputer
2026-05-08T13:28:00.506933+00:00,Telco,MNAR,"totalcharges, 10%",Mean/Mode,,4707,TotalCharges,2151.457569532238,5290.45,3138.992430467762,tabular_imputer
2026-05-08T13:28:00.506933+00:00,Telco,MNAR,"totalcharges, 10%",Mean/Mode,,4720,TotalCharges,2151.457569532238,6688.1,4536.642430467762,tabular_imputer
2026-05-08T13:28:00.506933+00:00,Telco,MNAR,"totalcharges, 10%",Mean/Mode,,4731,TotalCharges,2151.457569532238,357.7,1793.7575695322378,tabular_imputer
2026-05-08T13:28:00.506933+00:00,Telco,MNAR,"totalcharges, 10%",Mean/Mode,,4734,TotalCharges,2151.457569532238,3182.95,1031.492430467762,tabular_imputer
2026-05-08T13:28:00.506933+00:00,Telco,MNAR,"totalcharges, 10%",Mean/Mode,,4739,TotalCharges,2151.457569532238,929.3,1222.1575695322379,tabular_imputer
2026-05-08T13:28:00.506933+00:00,Telco,MNAR,"totalcharges, 10%",Mean/Mode,,4742,TotalCharges,2151.457569532238,1521.2,630.2575695322378,tabular_imputer
2026-05-08T13:28:00.506933+00:00,Telco,MNAR,"totalcharges, 10%",Mean/Mode,,4747,TotalCharges,2151.457569532238,754.0,1397.4575695322378,tabular_imputer
2026-05-08T13:28:00.506933+00:00,Telco,MNAR,"totalcharges, 10%",Mean/Mode,,4765,TotalCharges,2151.457569532238,1316.9,834.5575695322377,tabular_imputer
2026-05-08T13:28:00.506933+00:00,Telco,MNAR,"totalcharges, 10%",Mean/Mode,,4773,TotalCharges,2151.457569532238,2375.4,223.94243046776228,tabular_imputer
2026-05-08T13:28:00.506933+00:00,Telco,MNAR,"totalcharges, 10%",Mean/Mode,,4788,TotalCharges,2151.457569532238,3116.15,964.6924304677623,tabular_imputer
2026-05-08T13:28:00.506933+00:00,Telco,MNAR,"totalcharges, 10%",Mean/Mode,,4791,TotalCharges,2151.457569532238,49.65,2101.8075695322377,tabular_imputer
2026-05-08T13:28:00.506933+00:00,Telco,MNAR,"totalcharges, 10%",Mean/Mode,,4810,TotalCharges,2151.457569532238,1424.95,726.5075695322378,tabular_imputer
2026-05-08T13:28:00.506933+00:00,Telco,MNAR,"totalcharges, 10%",Mean/Mode,,4821,TotalCharges,2151.457569532238,2959.8,808.3424304677624,tabular_imputer
2026-05-08T13:28:00.506933+00:00,Telco,MNAR,"totalcharges, 10%",Mean/Mode,,4824,TotalCharges,2151.457569532238,7133.1,4981.642430467762,tabular_imputer
2026-05-08T13:28:00.506933+00:00,Telco,MNAR,"totalcharges, 10%",Mean/Mode,,4842,TotalCharges,2151.457569532238,494.05,1657.4075695322379,tabular_imputer
2026-05-08T13:28:00.506933+00:00,Telco,MNAR,"totalcharges, 10%",Mean/Mode,,4846,TotalCharges,2151.457569532238,488.65,1662.8075695322377,tabular_imputer
2026-05-08T13:28:00.506933+00:00,Telco,MNAR,"totalcharges, 10%",Mean/Mode,,4856,TotalCharges,2151.457569532238,2995.45,843.992430467762,tabular_imputer
2026-05-08T13:28:00.506933+00:00,Telco,MNAR,"totalcharges, 10%",Mean/Mode,,4895,TotalCharges,2151.457569532238,3670.5,1519.0424304677622,tabular_imputer
2026-05-08T13:28:00.506933+00:00,Telco,MNAR,"totalcharges, 10%",Mean/Mode,,4902,TotalCharges,2151.457569532238,1381.2,770.2575695322378,tabular_imputer
2026-05-08T13:28:00.506933+00:00,Telco,MNAR,"totalcharges, 10%",Mean/Mode,,4910,TotalCharges,2151.457569532238,2530.4,378.9424304677623,tabular_imputer
2026-05-08T13:28:00.506933+00:00,Telco,MNAR,"totalcharges, 10%",Mean/Mode,,4913,TotalCharges,2151.457569532238,1054.8,1096.6575695322379,tabular_imputer
2026-05-08T13:28:00.506933+00:00,Telco,MNAR,"totalcharges, 10%",Mean/Mode,,4917,TotalCharges,2151.457569532238,299.4,1852.0575695322377,tabular_imputer
2026-05-08T13:28:00.506933+00:00,Telco,MNAR,"totalcharges, 10%",Mean/Mode,,4922,TotalCharges,2151.457569532238,3641.5,1490.0424304677622,tabular_imputer
2026-05-08T13:28:00.506933+00:00,Telco,MNAR,"totalcharges, 10%",Mean/Mode,,4933,TotalCharges,2151.457569532238,223.75,1927.7075695322378,tabular_imputer
2026-05-08T13:28:00.506933+00:00,Telco,MNAR,"totalcharges, 10%",Mean/Mode,,4934,TotalCharges,2151.457569532238,7751.7,5600.2424304677625,tabular_imputer
2026-05-08T13:28:00.506933+00:00,Telco,MNAR,"totalcharges, 10%",Mean/Mode,,4936,TotalCharges,2151.457569532238,4385.05,2233.5924304677624,tabular_imputer
2026-05-08T13:28:00.506933+00:00,Telco,MNAR,"totalcharges, 10%",Mean/Mode,,4942,TotalCharges,2151.457569532238,225.6,1925.857569532238,tabular_imputer
2026-05-08T13:28:00.506933+00:00,Telco,MNAR,"totalcharges, 10%",Mean/Mode,,4953,TotalCharges,2151.457569532238,554.25,1597.2075695322378,tabular_imputer
2026-05-08T13:28:00.506933+00:00,Telco,MNAR,"totalcharges, 10%",Mean/Mode,,4963,TotalCharges,2151.457569532238,3522.65,1371.1924304677623,tabular_imputer
2026-05-08T13:28:00.506933+00:00,Telco,MNAR,"totalcharges, 10%",Mean/Mode,,4982,TotalCharges,2151.457569532238,6405.0,4253.542430467762,tabular_imputer
2026-05-08T13:28:00.506933+00:00,Telco,MNAR,"totalcharges, 10%",Mean/Mode,,4983,TotalCharges,2151.457569532238,1637.4,514.0575695322377,tabular_imputer
2026-05-08T13:28:00.506933+00:00,Telco,MNAR,"totalcharges, 10%",Mean/Mode,,5010,TotalCharges,2151.457569532238,5321.25,3169.792430467762,tabular_imputer
2026-05-08T13:28:00.506933+00:00,Telco,MNAR,"totalcharges, 10%",Mean/Mode,,5013,TotalCharges,2151.457569532238,768.45,1383.0075695322378,tabular_imputer
2026-05-08T13:28:00.506933+00:00,Telco,MNAR,"totalcharges, 10%",Mean/Mode,,5041,TotalCharges,2151.457569532238,417.5,1733.9575695322378,tabular_imputer
2026-05-08T13:28:00.506933+00:00,Telco,MNAR,"totalcharges, 10%",Mean/Mode,,5055,TotalCharges,2151.457569532238,1275.6,875.8575695322379,tabular_imputer
2026-05-08T13:28:00.506933+00:00,Telco,MNAR,"totalcharges, 10%",Mean/Mode,,5065,TotalCharges,2151.457569532238,847.8,1303.6575695322379,tabular_imputer
2026-05-08T13:28:00.506933+00:00,Telco,MNAR,"totalcharges, 10%",Mean/Mode,,5070,TotalCharges,2151.457569532238,3030.6,879.1424304677621,tabular_imputer
2026-05-08T13:28:00.506933+00:00,Telco,MNAR,"totalcharges, 10%",Mean/Mode,,5072,TotalCharges,2151.457569532238,2184.85,33.3924304677621,tabular_imputer
2026-05-08T13:28:00.506933+00:00,Telco,MNAR,"totalcharges, 10%",Mean/Mode,,5082,TotalCharges,2151.457569532238,350.1,1801.357569532238,tabular_imputer
2026-05-08T13:28:00.506933+00:00,Telco,MNAR,"totalcharges, 10%",Mean/Mode,,5094,TotalCharges,2151.457569532238,5844.65,3693.192430467762,tabular_imputer
2026-05-08T13:28:00.506933+00:00,Telco,MNAR,"totalcharges, 10%",Mean/Mode,,5105,TotalCharges,2151.457569532238,4062.2,1910.742430467762,tabular_imputer
2026-05-08T13:28:00.506933+00:00,Telco,MNAR,"totalcharges, 10%",Mean/Mode,,5126,TotalCharges,2151.457569532238,5925.75,3774.292430467762,tabular_imputer
2026-05-08T13:28:00.506933+00:00,Telco,MNAR,"totalcharges, 10%",Mean/Mode,,5133,TotalCharges,2151.457569532238,2433.9,282.4424304677623,tabular_imputer
2026-05-08T13:28:00.506933+00:00,Telco,MNAR,"totalcharges, 10%",Mean/Mode,,5153,TotalCharges,2151.457569532238,3851.45,1699.992430467762,tabular_imputer
2026-05-08T13:28:00.506933+00:00,Telco,MNAR,"totalcharges, 10%",Mean/Mode,,5178,TotalCharges,2151.457569532238,5718.2,3566.742430467762,tabular_imputer
2026-05-08T13:28:00.506933+00:00,Telco,MNAR,"totalcharges, 10%",Mean/Mode,,5185,TotalCharges,2151.457569532238,3478.15,1326.6924304677623,tabular_imputer
2026-05-08T13:28:00.506933+00:00,Telco,MNAR,"totalcharges, 10%",Mean/Mode,,5191,TotalCharges,2151.457569532238,2198.3,46.84243046776237,tabular_imputer
2026-05-08T13:28:00.506933+00:00,Telco,MNAR,"totalcharges, 10%",Mean/Mode,,5193,TotalCharges,2151.457569532238,1914.5,236.9575695322378,tabular_imputer
2026-05-08T13:28:00.506933+00:00,Telco,MNAR,"totalcharges, 10%",Mean/Mode,,5201,TotalCharges,2151.457569532238,164.6,1986.857569532238,tabular_imputer
2026-05-08T13:28:00.506933+00:00,Telco,MNAR,"totalcharges, 10%",Mean/Mode,,5220,TotalCharges,2151.457569532238,1734.5,416.9575695322378,tabular_imputer
2026-05-08T13:28:00.506933+00:00,Telco,MNAR,"totalcharges, 10%",Mean/Mode,,5222,TotalCharges,2151.457569532238,573.15,1578.3075695322377,tabular_imputer
2026-05-08T13:28:00.506933+00:00,Telco,MNAR,"totalcharges, 10%",Mean/Mode,,5240,TotalCharges,2151.457569532238,6725.5,4574.042430467762,tabular_imputer
2026-05-08T13:28:00.506933+00:00,Telco,MNAR,"totalcharges, 10%",Mean/Mode,,5242,TotalCharges,2151.457569532238,1761.45,390.00756953223777,tabular_imputer
2026-05-08T13:28:00.506933+00:00,Telco,MNAR,"totalcharges, 10%",Mean/Mode,,5254,TotalCharges,2151.457569532238,7842.3,5690.842430467763,tabular_imputer
2026-05-08T13:28:00.506933+00:00,Telco,MNAR,"totalcharges, 10%",Mean/Mode,,5256,TotalCharges,2151.457569532238,4990.25,2838.792430467762,tabular_imputer
2026-05-08T13:28:00.506933+00:00,Telco,MNAR,"totalcharges, 10%",Mean/Mode,,5260,TotalCharges,2151.457569532238,2989.6,838.1424304677621,tabular_imputer
2026-05-08T13:28:00.506933+00:00,Telco,MNAR,"totalcharges, 10%",Mean/Mode,,5264,TotalCharges,2151.457569532238,2134.3,17.15756953223763,tabular_imputer
2026-05-08T13:28:00.506933+00:00,Telco,MNAR,"totalcharges, 10%",Mean/Mode,,5275,TotalCharges,2151.457569532238,608.0,1543.4575695322378,tabular_imputer
2026-05-08T13:28:00.506933+00:00,Telco,MNAR,"totalcharges, 10%",Mean/Mode,,5285,TotalCharges,2151.457569532238,5705.05,3553.5924304677624,tabular_imputer
2026-05-08T13:28:00.506933+00:00,Telco,MNAR,"totalcharges, 10%",Mean/Mode,,5296,TotalCharges,2151.457569532238,2258.25,106.79243046776219,tabular_imputer
2026-05-08T13:28:00.506933+00:00,Telco,MNAR,"totalcharges, 10%",Mean/Mode,,5319,TotalCharges,2151.457569532238,8075.35,5923.892430467762,tabular_imputer
2026-05-08T13:28:00.506933+00:00,Telco,MNAR,"totalcharges, 10%",Mean/Mode,,5335,TotalCharges,2151.457569532238,6314.35,4162.892430467762,tabular_imputer
2026-05-08T13:28:00.506933+00:00,Telco,MNAR,"totalcharges, 10%",Mean/Mode,,5339,TotalCharges,2151.457569532238,2509.95,358.492430467762,tabular_imputer
2026-05-08T13:28:00.506933+00:00,Telco,MNAR,"totalcharges, 10%",Mean/Mode,,5353,TotalCharges,2151.457569532238,1393.6,757.8575695322379,tabular_imputer
2026-05-08T13:28:00.506933+00:00,Telco,MNAR,"totalcharges, 10%",Mean/Mode,,5356,TotalCharges,2151.457569532238,978.6,1172.857569532238,tabular_imputer
2026-05-08T13:28:00.506933+00:00,Telco,MNAR,"totalcharges, 10%",Mean/Mode,,5366,TotalCharges,2151.457569532238,3996.8,1845.3424304677624,tabular_imputer
2026-05-08T13:28:00.506933+00:00,Telco,MNAR,"totalcharges, 10%",Mean/Mode,,5367,TotalCharges,2151.457569532238,5215.1,3063.6424304677626,tabular_imputer
2026-05-08T13:28:00.506933+00:00,Telco,MNAR,"totalcharges, 10%",Mean/Mode,,5373,TotalCharges,2151.457569532238,7291.75,5140.292430467762,tabular_imputer
2026-05-08T13:28:00.506933+00:00,Telco,MNAR,"totalcharges, 10%",Mean/Mode,,5382,TotalCharges,2151.457569532238,2884.9,733.4424304677623,tabular_imputer
2026-05-08T13:28:00.506933+00:00,Telco,MNAR,"totalcharges, 10%",Mean/Mode,,5409,TotalCharges,2151.457569532238,2277.65,126.19243046776228,tabular_imputer
2026-05-08T13:28:00.506933+00:00,Telco,MNAR,"totalcharges, 10%",Mean/Mode,,5427,TotalCharges,2151.457569532238,2613.4,461.9424304677623,tabular_imputer
2026-05-08T13:28:00.506933+00:00,Telco,MNAR,"totalcharges, 10%",Mean/Mode,,5428,TotalCharges,2151.457569532238,853.1,1298.357569532238,tabular_imputer
2026-05-08T13:28:00.506933+00:00,Telco,MNAR,"totalcharges, 10%",Mean/Mode,,5439,TotalCharges,2151.457569532238,3019.25,867.7924304677622,tabular_imputer
2026-05-08T13:28:00.506933+00:00,Telco,MNAR,"totalcharges, 10%",Mean/Mode,,5441,TotalCharges,2151.457569532238,4759.75,2608.292430467762,tabular_imputer
2026-05-08T13:28:00.506933+00:00,Telco,MNAR,"totalcharges, 10%",Mean/Mode,,5443,TotalCharges,2151.457569532238,1233.15,918.3075695322377,tabular_imputer
2026-05-08T13:28:00.506933+00:00,Telco,MNAR,"totalcharges, 10%",Mean/Mode,,5461,TotalCharges,2151.457569532238,3846.75,1695.2924304677622,tabular_imputer
2026-05-08T13:28:00.506933+00:00,Telco,MNAR,"totalcharges, 10%",Mean/Mode,,5466,TotalCharges,2151.457569532238,219.5,1931.9575695322378,tabular_imputer
2026-05-08T13:28:00.506933+00:00,Telco,MNAR,"totalcharges, 10%",Mean/Mode,,5467,TotalCharges,2151.457569532238,5311.85,3160.3924304677626,tabular_imputer
2026-05-08T13:28:00.506933+00:00,Telco,MNAR,"totalcharges, 10%",Mean/Mode,,5472,TotalCharges,2151.457569532238,1923.85,227.6075695322379,tabular_imputer
2026-05-08T13:28:00.506933+00:00,Telco,MNAR,"totalcharges, 10%",Mean/Mode,,5475,TotalCharges,2151.457569532238,3092.65,941.1924304677623,tabular_imputer
2026-05-08T13:28:00.506933+00:00,Telco,MNAR,"totalcharges, 10%",Mean/Mode,,5477,TotalCharges,2151.457569532238,5986.55,3835.0924304677624,tabular_imputer
2026-05-08T13:28:00.506933+00:00,Telco,MNAR,"totalcharges, 10%",Mean/Mode,,5479,TotalCharges,2151.457569532238,651.5,1499.9575695322378,tabular_imputer
2026-05-08T13:28:00.506933+00:00,Telco,MNAR,"totalcharges, 10%",Mean/Mode,,5486,TotalCharges,2151.457569532238,4735.2,2583.742430467762,tabular_imputer
2026-05-08T13:28:00.506933+00:00,Telco,MNAR,"totalcharges, 10%",Mean/Mode,,5488,TotalCharges,2151.457569532238,4525.8,2374.3424304677624,tabular_imputer
2026-05-08T13:28:00.506933+00:00,Telco,MNAR,"totalcharges, 10%",Mean/Mode,,5494,TotalCharges,2151.457569532238,668.4,1483.0575695322377,tabular_imputer
2026-05-08T13:28:00.506933+00:00,Telco,MNAR,"totalcharges, 10%",Mean/Mode,,5500,TotalCharges,2151.457569532238,3694.45,1542.992430467762,tabular_imputer
2026-05-08T13:28:00.506933+00:00,Telco,MNAR,"totalcharges, 10%",Mean/Mode,,5504,TotalCharges,2151.457569532238,3912.9,1761.4424304677623,tabular_imputer
2026-05-08T13:28:00.506933+00:00,Telco,MNAR,"totalcharges, 10%",Mean/Mode,,5507,TotalCharges,2151.457569532238,1654.7,496.75756953223777,tabular_imputer
2026-05-08T13:28:00.506933+00:00,Telco,MNAR,"totalcharges, 10%",Mean/Mode,,5515,TotalCharges,2151.457569532238,309.25,1842.2075695322378,tabular_imputer
2026-05-08T13:28:00.506933+00:00,Telco,MNAR,"totalcharges, 10%",Mean/Mode,,5517,TotalCharges,2151.457569532238,6179.35,4027.8924304677626,tabular_imputer
2026-05-08T13:28:00.506933+00:00,Telco,MNAR,"totalcharges, 10%",Mean/Mode,,5518,TotalCharges,2151.457569532238,2838.7,687.242430467762,tabular_imputer
2026-05-08T13:28:00.506933+00:00,Telco,MNAR,"totalcharges, 10%",Mean/Mode,,5521,TotalCharges,2151.457569532238,3735.45,1583.992430467762,tabular_imputer
2026-05-08T13:28:00.506933+00:00,Telco,MNAR,"totalcharges, 10%",Mean/Mode,,5530,TotalCharges,2151.457569532238,6056.9,3905.442430467762,tabular_imputer
2026-05-08T13:28:00.506933+00:00,Telco,MNAR,"totalcharges, 10%",Mean/Mode,,5535,TotalCharges,2151.457569532238,4657.95,2506.492430467762,tabular_imputer
2026-05-08T13:28:00.506933+00:00,Telco,MNAR,"totalcharges, 10%",Mean/Mode,,5539,TotalCharges,2151.457569532238,433.5,1717.9575695322378,tabular_imputer
2026-05-08T13:28:00.506933+00:00,Telco,MNAR,"totalcharges, 10%",Mean/Mode,,5544,TotalCharges,2151.457569532238,6252.9,4101.442430467761,tabular_imputer
2026-05-08T13:28:00.506933+00:00,Telco,MNAR,"totalcharges, 10%",Mean/Mode,,5574,TotalCharges,2151.457569532238,775.6,1375.857569532238,tabular_imputer
2026-05-08T13:28:00.506933+00:00,Telco,MNAR,"totalcharges, 10%",Mean/Mode,,5583,TotalCharges,2151.457569532238,2169.75,18.292430467762188,tabular_imputer
2026-05-08T13:28:00.506933+00:00,Telco,MNAR,"totalcharges, 10%",Mean/Mode,,5597,TotalCharges,2151.457569532238,1910.6,240.8575695322379,tabular_imputer
2026-05-08T13:28:00.506933+00:00,Telco,MNAR,"totalcharges, 10%",Mean/Mode,,5612,TotalCharges,2151.457569532238,2796.45,644.992430467762,tabular_imputer
2026-05-08T13:28:00.506933+00:00,Telco,MNAR,"totalcharges, 10%",Mean/Mode,,5630,TotalCharges,2151.457569532238,3994.45,1842.992430467762,tabular_imputer
2026-05-08T13:28:00.506933+00:00,Telco,MNAR,"totalcharges, 10%",Mean/Mode,,5637,TotalCharges,2151.457569532238,5629.15,3477.692430467762,tabular_imputer
2026-05-08T13:28:00.506933+00:00,Telco,MNAR,"totalcharges, 10%",Mean/Mode,,5648,TotalCharges,2151.457569532238,1096.6,1054.857569532238,tabular_imputer
2026-05-08T13:28:00.506933+00:00,Telco,MNAR,"totalcharges, 10%",Mean/Mode,,5649,TotalCharges,2151.457569532238,669.45,1482.0075695322378,tabular_imputer
2026-05-08T13:28:00.506933+00:00,Telco,MNAR,"totalcharges, 10%",Mean/Mode,,5653,TotalCharges,2151.457569532238,522.95,1628.5075695322378,tabular_imputer
2026-05-08T13:28:00.506933+00:00,Telco,MNAR,"totalcharges, 10%",Mean/Mode,,5657,TotalCharges,2151.457569532238,1691.9,459.5575695322377,tabular_imputer
2026-05-08T13:28:00.506933+00:00,Telco,MNAR,"totalcharges, 10%",Mean/Mode,,5672,TotalCharges,2151.457569532238,3472.05,1320.5924304677624,tabular_imputer
2026-05-08T13:28:00.506933+00:00,Telco,MNAR,"totalcharges, 10%",Mean/Mode,,5674,TotalCharges,2151.457569532238,3210.35,1058.892430467762,tabular_imputer
2026-05-08T13:28:00.506933+00:00,Telco,MNAR,"totalcharges, 10%",Mean/Mode,,5677,TotalCharges,2151.457569532238,3132.75,981.2924304677622,tabular_imputer
2026-05-08T13:28:00.506933+00:00,Telco,MNAR,"totalcharges, 10%",Mean/Mode,,5697,TotalCharges,2151.457569532238,7674.55,5523.092430467763,tabular_imputer
2026-05-08T13:28:00.506933+00:00,Telco,MNAR,"totalcharges, 10%",Mean/Mode,,5702,TotalCharges,2151.457569532238,7548.1,5396.642430467762,tabular_imputer
2026-05-08T13:28:00.506933+00:00,Telco,MNAR,"totalcharges, 10%",Mean/Mode,,5744,TotalCharges,2151.457569532238,2283.3,131.84243046776237,tabular_imputer
2026-05-08T13:28:00.506933+00:00,Telco,MNAR,"totalcharges, 10%",Mean/Mode,,5749,TotalCharges,2151.457569532238,5890.0,3738.542430467762,tabular_imputer
2026-05-08T13:28:00.506933+00:00,Telco,MNAR,"totalcharges, 10%",Mean/Mode,,5764,TotalCharges,2151.457569532238,5625.55,3474.0924304677624,tabular_imputer
2026-05-08T13:28:00.506933+00:00,Telco,MNAR,"totalcharges, 10%",Mean/Mode,,5801,TotalCharges,2151.457569532238,2425.4,273.9424304677623,tabular_imputer
2026-05-08T13:28:00.506933+00:00,Telco,MNAR,"totalcharges, 10%",Mean/Mode,,5802,TotalCharges,2151.457569532238,2077.95,73.507569532238,tabular_imputer
2026-05-08T13:28:00.506933+00:00,Telco,MNAR,"totalcharges, 10%",Mean/Mode,,5818,TotalCharges,2151.457569532238,6631.85,4480.392430467762,tabular_imputer
2026-05-08T13:28:00.506933+00:00,Telco,MNAR,"totalcharges, 10%",Mean/Mode,,5821,TotalCharges,2151.457569532238,1763.55,387.90756953223786,tabular_imputer
2026-05-08T13:28:00.506933+00:00,Telco,MNAR,"totalcharges, 10%",Mean/Mode,,5828,TotalCharges,2151.457569532238,1709.1,442.3575695322379,tabular_imputer
2026-05-08T13:28:00.506933+00:00,Telco,MNAR,"totalcharges, 10%",Mean/Mode,,5834,TotalCharges,2151.457569532238,6914.95,4763.4924304677625,tabular_imputer
2026-05-08T13:28:00.506933+00:00,Telco,MNAR,"totalcharges, 10%",Mean/Mode,,5839,TotalCharges,2151.457569532238,533.05,1618.4075695322379,tabular_imputer
2026-05-08T13:28:00.506933+00:00,Telco,MNAR,"totalcharges, 10%",Mean/Mode,,5851,TotalCharges,2151.457569532238,3836.3,1684.8424304677624,tabular_imputer
2026-05-08T13:28:00.506933+00:00,Telco,MNAR,"totalcharges, 10%",Mean/Mode,,5853,TotalCharges,2151.457569532238,6001.45,3849.992430467762,tabular_imputer
2026-05-08T13:28:00.506933+00:00,Telco,MNAR,"totalcharges, 10%",Mean/Mode,,5862,TotalCharges,2151.457569532238,1165.6,985.8575695322379,tabular_imputer
2026-05-08T13:28:00.506933+00:00,Telco,MNAR,"totalcharges, 10%",Mean/Mode,,5875,TotalCharges,2151.457569532238,4386.2,2234.742430467762,tabular_imputer
2026-05-08T13:28:00.506933+00:00,Telco,MNAR,"totalcharges, 10%",Mean/Mode,,5877,TotalCharges,2151.457569532238,5785.5,3634.042430467762,tabular_imputer
2026-05-08T13:28:00.506933+00:00,Telco,MNAR,"totalcharges, 10%",Mean/Mode,,5884,TotalCharges,2151.457569532238,2816.65,665.1924304677623,tabular_imputer
2026-05-08T13:28:00.506933+00:00,Telco,MNAR,"totalcharges, 10%",Mean/Mode,,5903,TotalCharges,2151.457569532238,4627.8,2476.3424304677624,tabular_imputer
2026-05-08T13:28:00.506933+00:00,Telco,MNAR,"totalcharges, 10%",Mean/Mode,,5909,TotalCharges,2151.457569532238,4297.6,2146.1424304677626,tabular_imputer
2026-05-08T13:28:00.506933+00:00,Telco,MNAR,"totalcharges, 10%",Mean/Mode,,5912,TotalCharges,2151.457569532238,3969.35,1817.892430467762,tabular_imputer
2026-05-08T13:28:00.506933+00:00,Telco,MNAR,"totalcharges, 10%",Mean/Mode,,5916,TotalCharges,2151.457569532238,8192.6,6041.142430467762,tabular_imputer
2026-05-08T13:28:00.506933+00:00,Telco,MNAR,"totalcharges, 10%",Mean/Mode,,5922,TotalCharges,2151.457569532238,7609.75,5458.292430467762,tabular_imputer
2026-05-08T13:28:00.506933+00:00,Telco,MNAR,"totalcharges, 10%",Mean/Mode,,5945,TotalCharges,2151.457569532238,5567.45,3415.992430467762,tabular_imputer
2026-05-08T13:28:00.506933+00:00,Telco,MNAR,"totalcharges, 10%",Mean/Mode,,5955,TotalCharges,2151.457569532238,4855.35,2703.8924304677626,tabular_imputer
2026-05-08T13:28:00.506933+00:00,Telco,MNAR,"totalcharges, 10%",Mean/Mode,,5956,TotalCharges,2151.457569532238,2806.9,655.4424304677623,tabular_imputer
2026-05-08T13:28:00.506933+00:00,Telco,MNAR,"totalcharges, 10%",Mean/Mode,,5963,TotalCharges,2151.457569532238,1663.75,487.7075695322378,tabular_imputer
2026-05-08T13:28:00.506933+00:00,Telco,MNAR,"totalcharges, 10%",Mean/Mode,,5994,TotalCharges,2151.457569532238,4400.75,2249.292430467762,tabular_imputer
2026-05-08T13:28:00.506933+00:00,Telco,MNAR,"totalcharges, 10%",Mean/Mode,,5999,TotalCharges,2151.457569532238,4025.5,1874.0424304677622,tabular_imputer
2026-05-08T13:28:00.506933+00:00,Telco,MNAR,"totalcharges, 10%",Mean/Mode,,6005,TotalCharges,2151.457569532238,4374.55,2223.0924304677624,tabular_imputer
2026-05-08T13:28:00.506933+00:00,Telco,MNAR,"totalcharges, 10%",Mean/Mode,,6006,TotalCharges,2151.457569532238,678.75,1472.7075695322378,tabular_imputer
2026-05-08T13:28:00.506933+00:00,Telco,MNAR,"totalcharges, 10%",Mean/Mode,,6010,TotalCharges,2151.457569532238,609.05,1542.4075695322379,tabular_imputer
2026-05-08T13:28:00.506933+00:00,Telco,MNAR,"totalcharges, 10%",Mean/Mode,,6016,TotalCharges,2151.457569532238,7176.55,5025.092430467763,tabular_imputer
2026-05-08T13:28:00.506933+00:00,Telco,MNAR,"totalcharges, 10%",Mean/Mode,,6023,TotalCharges,2151.457569532238,967.9,1183.5575695322377,tabular_imputer
2026-05-08T13:28:00.506933+00:00,Telco,MNAR,"totalcharges, 10%",Mean/Mode,,6028,TotalCharges,2151.457569532238,866.45,1285.0075695322378,tabular_imputer
2026-05-08T13:28:00.506933+00:00,Telco,MNAR,"totalcharges, 10%",Mean/Mode,,6029,TotalCharges,2151.457569532238,360.55,1790.9075695322379,tabular_imputer
2026-05-08T13:28:00.506933+00:00,Telco,MNAR,"totalcharges, 10%",Mean/Mode,,6051,TotalCharges,2151.457569532238,275.7,1875.7575695322378,tabular_imputer
2026-05-08T13:28:00.506933+00:00,Telco,MNAR,"totalcharges, 10%",Mean/Mode,,6052,TotalCharges,2151.457569532238,3126.45,974.992430467762,tabular_imputer
2026-05-08T13:28:00.506933+00:00,Telco,MNAR,"totalcharges, 10%",Mean/Mode,,6058,TotalCharges,2151.457569532238,521.9,1629.5575695322377,tabular_imputer
2026-05-08T13:28:00.506933+00:00,Telco,MNAR,"totalcharges, 10%",Mean/Mode,,6062,TotalCharges,2151.457569532238,4003.85,1852.392430467762,tabular_imputer
2026-05-08T13:28:00.506933+00:00,Telco,MNAR,"totalcharges, 10%",Mean/Mode,,6067,TotalCharges,2151.457569532238,264.8,1886.6575695322379,tabular_imputer
2026-05-08T13:28:00.506933+00:00,Telco,MNAR,"totalcharges, 10%",Mean/Mode,,6082,TotalCharges,2151.457569532238,6039.9,3888.442430467762,tabular_imputer
2026-05-08T13:28:00.506933+00:00,Telco,MNAR,"totalcharges, 10%",Mean/Mode,,6105,TotalCharges,2151.457569532238,5916.45,3764.992430467762,tabular_imputer
2026-05-08T13:28:00.506933+00:00,Telco,MNAR,"totalcharges, 10%",Mean/Mode,,6115,TotalCharges,2151.457569532238,7854.9,5703.442430467761,tabular_imputer
2026-05-08T13:28:00.506933+00:00,Telco,MNAR,"totalcharges, 10%",Mean/Mode,,6124,TotalCharges,2151.457569532238,3274.35,1122.892430467762,tabular_imputer
2026-05-08T13:28:00.506933+00:00,Telco,MNAR,"totalcharges, 10%",Mean/Mode,,6128,TotalCharges,2151.457569532238,1122.4,1029.0575695322377,tabular_imputer
2026-05-08T13:28:00.506933+00:00,Telco,MNAR,"totalcharges, 10%",Mean/Mode,,6129,TotalCharges,2151.457569532238,2020.9,130.55756953223772,tabular_imputer
2026-05-08T13:28:00.506933+00:00,Telco,MNAR,"totalcharges, 10%",Mean/Mode,,6178,TotalCharges,2151.457569532238,1031.1,1120.357569532238,tabular_imputer
2026-05-08T13:28:00.506933+00:00,Telco,MNAR,"totalcharges, 10%",Mean/Mode,,6180,TotalCharges,2151.457569532238,6471.85,4320.392430467762,tabular_imputer
2026-05-08T13:28:00.506933+00:00,Telco,MNAR,"totalcharges, 10%",Mean/Mode,,6182,TotalCharges,2151.457569532238,6501.35,4349.892430467762,tabular_imputer
2026-05-08T13:28:00.506933+00:00,Telco,MNAR,"totalcharges, 10%",Mean/Mode,,6207,TotalCharges,2151.457569532238,3969.4,1817.9424304677623,tabular_imputer
2026-05-08T13:28:00.506933+00:00,Telco,MNAR,"totalcharges, 10%",Mean/Mode,,6243,TotalCharges,2151.457569532238,5959.3,3807.8424304677624,tabular_imputer
2026-05-08T13:28:00.506933+00:00,Telco,MNAR,"totalcharges, 10%",Mean/Mode,,6255,TotalCharges,2151.457569532238,7610.1,5458.642430467762,tabular_imputer
2026-05-08T13:28:00.506933+00:00,Telco,MNAR,"totalcharges, 10%",Mean/Mode,,6290,TotalCharges,2151.457569532238,6585.35,4433.892430467762,tabular_imputer
2026-05-08T13:28:00.506933+00:00,Telco,MNAR,"totalcharges, 10%",Mean/Mode,,6296,TotalCharges,2151.457569532238,1580.1,571.3575695322379,tabular_imputer
2026-05-08T13:28:00.506933+00:00,Telco,MNAR,"totalcharges, 10%",Mean/Mode,,6303,TotalCharges,2151.457569532238,7707.7,5556.2424304677625,tabular_imputer
2026-05-08T13:28:00.506933+00:00,Telco,MNAR,"totalcharges, 10%",Mean/Mode,,6306,TotalCharges,2151.457569532238,8309.55,6158.092430467761,tabular_imputer
2026-05-08T13:28:00.506933+00:00,Telco,MNAR,"totalcharges, 10%",Mean/Mode,,6321,TotalCharges,2151.457569532238,655.85,1495.607569532238,tabular_imputer
2026-05-08T13:28:00.506933+00:00,Telco,MNAR,"totalcharges, 10%",Mean/Mode,,6325,TotalCharges,2151.457569532238,1574.45,577.0075695322378,tabular_imputer
2026-05-08T13:28:00.506933+00:00,Telco,MNAR,"totalcharges, 10%",Mean/Mode,,6329,TotalCharges,2151.457569532238,4904.2,2752.742430467762,tabular_imputer
2026-05-08T13:28:00.506933+00:00,Telco,MNAR,"totalcharges, 10%",Mean/Mode,,6336,TotalCharges,2151.457569532238,4018.35,1866.892430467762,tabular_imputer
2026-05-08T13:28:00.506933+00:00,Telco,MNAR,"totalcharges, 10%",Mean/Mode,,6366,TotalCharges,2151.457569532238,4378.8,2227.3424304677624,tabular_imputer
2026-05-08T13:28:00.506933+00:00,Telco,MNAR,"totalcharges, 10%",Mean/Mode,,6367,TotalCharges,2151.457569532238,3442.8,1291.3424304677624,tabular_imputer
2026-05-08T13:28:00.506933+00:00,Telco,MNAR,"totalcharges, 10%",Mean/Mode,,6370,TotalCharges,2151.457569532238,4016.85,1865.392430467762,tabular_imputer
2026-05-08T13:28:00.506933+00:00,Telco,MNAR,"totalcharges, 10%",Mean/Mode,,6371,TotalCharges,2151.457569532238,553.0,1598.4575695322378,tabular_imputer
2026-05-08T13:28:00.506933+00:00,Telco,MNAR,"totalcharges, 10%",Mean/Mode,,6398,TotalCharges,2151.457569532238,7723.7,5572.2424304677625,tabular_imputer
2026-05-08T13:28:00.506933+00:00,Telco,MNAR,"totalcharges, 10%",Mean/Mode,,6405,TotalCharges,2151.457569532238,6176.6,4025.1424304677626,tabular_imputer
2026-05-08T13:28:00.506933+00:00,Telco,MNAR,"totalcharges, 10%",Mean/Mode,,6407,TotalCharges,2151.457569532238,931.9,1219.5575695322377,tabular_imputer
2026-05-08T13:28:00.506933+00:00,Telco,MNAR,"totalcharges, 10%",Mean/Mode,,6410,TotalCharges,2151.457569532238,5243.05,3091.5924304677624,tabular_imputer
2026-05-08T13:28:00.506933+00:00,Telco,MNAR,"totalcharges, 10%",Mean/Mode,,6416,TotalCharges,2151.457569532238,3097.2,945.742430467762,tabular_imputer
2026-05-08T13:28:00.506933+00:00,Telco,MNAR,"totalcharges, 10%",Mean/Mode,,6447,TotalCharges,2151.457569532238,4801.1,2649.6424304677626,tabular_imputer
2026-05-08T13:28:00.506933+00:00,Telco,MNAR,"totalcharges, 10%",Mean/Mode,,6451,TotalCharges,2151.457569532238,7862.25,5710.792430467762,tabular_imputer
2026-05-08T13:28:00.506933+00:00,Telco,MNAR,"totalcharges, 10%",Mean/Mode,,6453,TotalCharges,2151.457569532238,4871.05,2719.5924304677624,tabular_imputer
2026-05-08T13:28:00.506933+00:00,Telco,MNAR,"totalcharges, 10%",Mean/Mode,,6459,TotalCharges,2151.457569532238,1459.35,692.1075695322379,tabular_imputer
2026-05-08T13:28:00.506933+00:00,Telco,MNAR,"totalcharges, 10%",Mean/Mode,,6465,TotalCharges,2151.457569532238,1286.0,865.4575695322378,tabular_imputer
2026-05-08T13:28:00.506933+00:00,Telco,MNAR,"totalcharges, 10%",Mean/Mode,,6485,TotalCharges,2151.457569532238,4764.0,2612.542430467762,tabular_imputer
2026-05-08T13:28:00.506933+00:00,Telco,MNAR,"totalcharges, 10%",Mean/Mode,,6486,TotalCharges,2151.457569532238,350.3,1801.1575695322379,tabular_imputer
2026-05-08T13:28:00.506933+00:00,Telco,MNAR,"totalcharges, 10%",Mean/Mode,,6514,TotalCharges,2151.457569532238,4746.05,2594.5924304677624,tabular_imputer
2026-05-08T13:28:00.506933+00:00,Telco,MNAR,"totalcharges, 10%",Mean/Mode,,6515,TotalCharges,2151.457569532238,712.85,1438.607569532238,tabular_imputer
2026-05-08T13:28:00.506933+00:00,Telco,MNAR,"totalcharges, 10%",Mean/Mode,,6519,TotalCharges,2151.457569532238,5764.7,3613.242430467762,tabular_imputer
2026-05-08T13:28:00.506933+00:00,Telco,MNAR,"totalcharges, 10%",Mean/Mode,,6533,TotalCharges,2151.457569532238,2998.0,846.5424304677622,tabular_imputer
2026-05-08T13:28:00.506933+00:00,Telco,MNAR,"totalcharges, 10%",Mean/Mode,,6537,TotalCharges,2151.457569532238,7968.85,5817.392430467762,tabular_imputer
2026-05-08T13:28:00.506933+00:00,Telco,MNAR,"totalcharges, 10%",Mean/Mode,,6539,TotalCharges,2151.457569532238,1959.5,191.9575695322378,tabular_imputer
2026-05-08T13:28:00.506933+00:00,Telco,MNAR,"totalcharges, 10%",Mean/Mode,,6565,TotalCharges,2151.457569532238,6375.2,4223.7424304677625,tabular_imputer
2026-05-08T13:28:00.506933+00:00,Telco,MNAR,"totalcharges, 10%",Mean/Mode,,6578,TotalCharges,2151.457569532238,693.3,1458.1575695322379,tabular_imputer
2026-05-08T13:28:00.506933+00:00,Telco,MNAR,"totalcharges, 10%",Mean/Mode,,6597,TotalCharges,2151.457569532238,450.8,1700.6575695322379,tabular_imputer
2026-05-08T13:28:00.506933+00:00,Telco,MNAR,"totalcharges, 10%",Mean/Mode,,6598,TotalCharges,2151.457569532238,4166.35,2014.8924304677626,tabular_imputer
2026-05-08T13:28:00.506933+00:00,Telco,MNAR,"totalcharges, 10%",Mean/Mode,,6602,TotalCharges,2151.457569532238,3915.4,1763.9424304677623,tabular_imputer
2026-05-08T13:28:00.506933+00:00,Telco,MNAR,"totalcharges, 10%",Mean/Mode,,6611,TotalCharges,2151.457569532238,1958.45,193.00756953223777,tabular_imputer
2026-05-08T13:28:00.506933+00:00,Telco,MNAR,"totalcharges, 10%",Mean/Mode,,6635,TotalCharges,2151.457569532238,533.9,1617.5575695322377,tabular_imputer
2026-05-08T13:28:00.506933+00:00,Telco,MNAR,"totalcharges, 10%",Mean/Mode,,6676,TotalCharges,2151.457569532238,3893.6,1742.142430467762,tabular_imputer
2026-05-08T13:28:00.506933+00:00,Telco,MNAR,"totalcharges, 10%",Mean/Mode,,6695,TotalCharges,2151.457569532238,5224.95,3073.492430467762,tabular_imputer
2026-05-08T13:28:00.506933+00:00,Telco,MNAR,"totalcharges, 10%",Mean/Mode,,6709,TotalCharges,2151.457569532238,5059.75,2908.292430467762,tabular_imputer
2026-05-08T13:28:00.506933+00:00,Telco,MNAR,"totalcharges, 10%",Mean/Mode,,6720,TotalCharges,2151.457569532238,5979.7,3828.242430467762,tabular_imputer
2026-05-08T13:28:00.506933+00:00,Telco,MNAR,"totalcharges, 10%",Mean/Mode,,6735,TotalCharges,2151.457569532238,6328.7,4177.2424304677625,tabular_imputer
2026-05-08T13:28:00.506933+00:00,Telco,MNAR,"totalcharges, 10%",Mean/Mode,,6736,TotalCharges,2151.457569532238,1411.9,739.5575695322377,tabular_imputer
2026-05-08T13:28:00.506933+00:00,Telco,MNAR,"totalcharges, 10%",Mean/Mode,,6756,TotalCharges,2151.457569532238,1938.9,212.55756953223772,tabular_imputer
2026-05-08T13:28:00.506933+00:00,Telco,MNAR,"totalcharges, 10%",Mean/Mode,,6757,TotalCharges,2151.457569532238,3014.65,863.1924304677623,tabular_imputer
2026-05-08T13:28:00.506933+00:00,Telco,MNAR,"totalcharges, 10%",Mean/Mode,,6759,TotalCharges,2151.457569532238,4839.15,2687.692430467762,tabular_imputer
2026-05-08T13:28:00.506933+00:00,Telco,MNAR,"totalcharges, 10%",Mean/Mode,,6762,TotalCharges,2151.457569532238,2010.55,140.90756953223786,tabular_imputer
2026-05-08T13:28:00.506933+00:00,Telco,MNAR,"totalcharges, 10%",Mean/Mode,,6768,TotalCharges,2151.457569532238,8670.1,6518.642430467762,tabular_imputer
2026-05-08T13:28:00.506933+00:00,Telco,MNAR,"totalcharges, 10%",Mean/Mode,,6783,TotalCharges,2151.457569532238,1183.2,968.2575695322378,tabular_imputer
2026-05-08T13:28:00.506933+00:00,Telco,MNAR,"totalcharges, 10%",Mean/Mode,,6793,TotalCharges,2151.457569532238,7767.25,5615.792430467762,tabular_imputer
2026-05-08T13:28:00.506933+00:00,Telco,MNAR,"totalcharges, 10%",Mean/Mode,,6813,TotalCharges,2151.457569532238,3147.5,996.0424304677622,tabular_imputer
2026-05-08T13:28:00.506933+00:00,Telco,MNAR,"totalcharges, 10%",Mean/Mode,,6821,TotalCharges,2151.457569532238,1776.95,374.50756953223777,tabular_imputer
2026-05-08T13:28:00.506933+00:00,Telco,MNAR,"totalcharges, 10%",Mean/Mode,,6834,TotalCharges,2151.457569532238,603.0,1548.4575695322378,tabular_imputer
2026-05-08T13:28:00.506933+00:00,Telco,MNAR,"totalcharges, 10%",Mean/Mode,,6839,TotalCharges,2151.457569532238,1129.75,1021.7075695322378,tabular_imputer
2026-05-08T13:28:00.506933+00:00,Telco,MNAR,"totalcharges, 10%",Mean/Mode,,6850,TotalCharges,2151.457569532238,4378.9,2227.442430467762,tabular_imputer
2026-05-08T13:28:00.506933+00:00,Telco,MNAR,"totalcharges, 10%",Mean/Mode,,6856,TotalCharges,2151.457569532238,1509.9,641.5575695322377,tabular_imputer
2026-05-08T13:28:00.506933+00:00,Telco,MNAR,"totalcharges, 10%",Mean/Mode,,6880,TotalCharges,2151.457569532238,1787.35,364.1075695322379,tabular_imputer
2026-05-08T13:28:00.506933+00:00,Telco,MNAR,"totalcharges, 10%",Mean/Mode,,6898,TotalCharges,2151.457569532238,2090.25,61.20756953223781,tabular_imputer
2026-05-08T13:28:00.506933+00:00,Telco,MNAR,"totalcharges, 10%",Mean/Mode,,6910,TotalCharges,2151.457569532238,7882.5,5731.042430467762,tabular_imputer
2026-05-08T13:28:00.506933+00:00,Telco,MNAR,"totalcharges, 10%",Mean/Mode,,6913,TotalCharges,2151.457569532238,7493.05,5341.592430467763,tabular_imputer
2026-05-08T13:28:00.506933+00:00,Telco,MNAR,"totalcharges, 10%",Mean/Mode,,6921,TotalCharges,2151.457569532238,4308.25,2156.792430467762,tabular_imputer
2026-05-08T13:28:00.506933+00:00,Telco,MNAR,"totalcharges, 10%",Mean/Mode,,6941,TotalCharges,2151.457569532238,3088.75,937.2924304677622,tabular_imputer
2026-05-08T13:28:00.506933+00:00,Telco,MNAR,"totalcharges, 10%",Mean/Mode,,6947,TotalCharges,2151.457569532238,6770.5,4619.042430467762,tabular_imputer
2026-05-08T13:28:00.506933+00:00,Telco,MNAR,"totalcharges, 10%",Mean/Mode,,6955,TotalCharges,2151.457569532238,523.1,1628.357569532238,tabular_imputer
2026-05-08T13:28:00.506933+00:00,Telco,MNAR,"totalcharges, 10%",Mean/Mode,,6972,TotalCharges,2151.457569532238,6418.9,4267.442430467761,tabular_imputer
2026-05-08T13:28:00.506933+00:00,Telco,MNAR,"totalcharges, 10%",Mean/Mode,,6977,TotalCharges,2151.457569532238,1218.25,933.2075695322378,tabular_imputer
2026-05-08T13:28:00.506933+00:00,Telco,MNAR,"totalcharges, 10%",Mean/Mode,,6991,TotalCharges,2151.457569532238,778.1,1373.357569532238,tabular_imputer
2026-05-08T13:28:00.506933+00:00,Telco,MNAR,"totalcharges, 10%",Mean/Mode,,7003,TotalCharges,2151.457569532238,1022.5,1128.9575695322378,tabular_imputer
2026-05-08T13:28:00.506933+00:00,Telco,MNAR,"totalcharges, 10%",Mean/Mode,,7012,TotalCharges,2151.457569532238,5150.55,2999.0924304677624,tabular_imputer
2026-05-08T13:28:00.506933+00:00,Telco,MNAR,"totalcharges, 10%",Mean/Mode,,7023,TotalCharges,2151.457569532238,6479.4,4327.942430467761,tabular_imputer
2026-05-08T13:28:00.506933+00:00,Telco,MNAR,"totalcharges, 10%",Mean/Mode,,7025,TotalCharges,2151.457569532238,1679.4,472.0575695322377,tabular_imputer
2026-05-08T13:28:00.506933+00:00,Telco,MNAR,"totalcharges, 10%",Mean/Mode,,7034,TotalCharges,2151.457569532238,6886.25,4734.792430467762,tabular_imputer
2026-05-08T13:28:00.506933+00:00,Telco,MNAR,"totalcharges, 10%",Mean/Mode,,7037,TotalCharges,2151.457569532238,1419.4,732.0575695322377,tabular_imputer
