run_timestamp_utc,dataset,missingness_type,missing_rate,imputation_method,model_name,row_index,column_name,prediction,ground_truth,abs_error,source
2026-05-08T13:28:00.449791+00:00,Telco,MAR,"missing totalCharges -> tenure, 10%",Mean/Mode,,10,TotalCharges,2162.7894042351454,587.45,1575.3394042351454,tabular_imputer
2026-05-08T13:28:00.449791+00:00,Telco,MAR,"missing totalCharges -> tenure, 10%",Mean/Mode,,12,TotalCharges,2162.7894042351454,5681.1,3518.310595764855,tabular_imputer
2026-05-08T13:28:00.449791+00:00,Telco,MAR,"missing totalCharges -> tenure, 10%",Mean/Mode,,35,TotalCharges,2162.7894042351454,7251.7,5088.910595764854,tabular_imputer
2026-05-08T13:28:00.449791+00:00,Telco,MAR,"missing totalCharges -> tenure, 10%",Mean/Mode,,41,TotalCharges,2162.7894042351454,4872.35,2709.560595764855,tabular_imputer
2026-05-08T13:28:00.449791+00:00,Telco,MAR,"missing totalCharges -> tenure, 10%",Mean/Mode,,54,TotalCharges,2162.7894042351454,4456.35,2293.560595764855,tabular_imputer
2026-05-08T13:28:00.449791+00:00,Telco,MAR,"missing totalCharges -> tenure, 10%",Mean/Mode,,55,TotalCharges,2162.7894042351454,1752.55,410.23940423514546,tabular_imputer
2026-05-08T13:28:00.449791+00:00,Telco,MAR,"missing totalCharges -> tenure, 10%",Mean/Mode,,75,TotalCharges,2162.7894042351454,6139.5,3976.7105957648546,tabular_imputer
2026-05-08T13:28:00.449791+00:00,Telco,MAR,"missing totalCharges -> tenure, 10%",Mean/Mode,,87,TotalCharges,2162.7894042351454,1057.0,1105.7894042351454,tabular_imputer
2026-05-08T13:28:00.449791+00:00,Telco,MAR,"missing totalCharges -> tenure, 10%",Mean/Mode,,96,TotalCharges,2162.7894042351454,4748.7,2585.9105957648544,tabular_imputer
2026-05-08T13:28:00.449791+00:00,Telco,MAR,"missing totalCharges -> tenure, 10%",Mean/Mode,,103,TotalCharges,2162.7894042351454,3027.25,864.4605957648546,tabular_imputer
2026-05-08T13:28:00.449791+00:00,Telco,MAR,"missing totalCharges -> tenure, 10%",Mean/Mode,,120,TotalCharges,2162.7894042351454,5515.45,3352.6605957648544,tabular_imputer
2026-05-08T13:28:00.449791+00:00,Telco,MAR,"missing totalCharges -> tenure, 10%",Mean/Mode,,121,TotalCharges,2162.7894042351454,112.75,2050.0394042351454,tabular_imputer
2026-05-08T13:28:00.449791+00:00,Telco,MAR,"missing totalCharges -> tenure, 10%",Mean/Mode,,144,TotalCharges,2162.7894042351454,1756.2,406.58940423514537,tabular_imputer
2026-05-08T13:28:00.449791+00:00,Telco,MAR,"missing totalCharges -> tenure, 10%",Mean/Mode,,148,TotalCharges,2162.7894042351454,1929.95,232.83940423514537,tabular_imputer
2026-05-08T13:28:00.449791+00:00,Telco,MAR,"missing totalCharges -> tenure, 10%",Mean/Mode,,157,TotalCharges,2162.7894042351454,419.9,1742.8894042351453,tabular_imputer
2026-05-08T13:28:00.449791+00:00,Telco,MAR,"missing totalCharges -> tenure, 10%",Mean/Mode,,158,TotalCharges,2162.7894042351454,1024.0,1138.7894042351454,tabular_imputer
2026-05-08T13:28:00.449791+00:00,Telco,MAR,"missing totalCharges -> tenure, 10%",Mean/Mode,,173,TotalCharges,2162.7894042351454,5000.2,2837.4105957648544,tabular_imputer
2026-05-08T13:28:00.449791+00:00,Telco,MAR,"missing totalCharges -> tenure, 10%",Mean/Mode,,205,TotalCharges,2162.7894042351454,2684.85,522.0605957648545,tabular_imputer
2026-05-08T13:28:00.449791+00:00,Telco,MAR,"missing totalCharges -> tenure, 10%",Mean/Mode,,209,TotalCharges,2162.7894042351454,6654.1,4491.310595764855,tabular_imputer
2026-05-08T13:28:00.449791+00:00,Telco,MAR,"missing totalCharges -> tenure, 10%",Mean/Mode,,217,TotalCharges,2162.7894042351454,3789.2,1626.4105957648544,tabular_imputer
2026-05-08T13:28:00.449791+00:00,Telco,MAR,"missing totalCharges -> tenure, 10%",Mean/Mode,,247,TotalCharges,2162.7894042351454,1074.3,1088.4894042351455,tabular_imputer
2026-05-08T13:28:00.449791+00:00,Telco,MAR,"missing totalCharges -> tenure, 10%",Mean/Mode,,256,TotalCharges,2162.7894042351454,7008.15,4845.360595764854,tabular_imputer
2026-05-08T13:28:00.449791+00:00,Telco,MAR,"missing totalCharges -> tenure, 10%",Mean/Mode,,257,TotalCharges,2162.7894042351454,5791.1,3628.310595764855,tabular_imputer
2026-05-08T13:28:00.449791+00:00,Telco,MAR,"missing totalCharges -> tenure, 10%",Mean/Mode,,263,TotalCharges,2162.7894042351454,1520.1,642.6894042351455,tabular_imputer
2026-05-08T13:28:00.449791+00:00,Telco,MAR,"missing totalCharges -> tenure, 10%",Mean/Mode,,265,TotalCharges,2162.7894042351454,5526.75,3363.9605957648546,tabular_imputer
2026-05-08T13:28:00.449791+00:00,Telco,MAR,"missing totalCharges -> tenure, 10%",Mean/Mode,,290,TotalCharges,2162.7894042351454,1712.7,450.08940423514537,tabular_imputer
2026-05-08T13:28:00.449791+00:00,Telco,MAR,"missing totalCharges -> tenure, 10%",Mean/Mode,,292,TotalCharges,2162.7894042351454,1940.8,221.98940423514546,tabular_imputer
2026-05-08T13:28:00.449791+00:00,Telco,MAR,"missing totalCharges -> tenure, 10%",Mean/Mode,,297,TotalCharges,2162.7894042351454,3437.5,1274.7105957648546,tabular_imputer
2026-05-08T13:28:00.449791+00:00,Telco,MAR,"missing totalCharges -> tenure, 10%",Mean/Mode,,303,TotalCharges,2162.7894042351454,4109.0,1946.2105957648546,tabular_imputer
2026-05-08T13:28:00.449791+00:00,Telco,MAR,"missing totalCharges -> tenure, 10%",Mean/Mode,,307,TotalCharges,2162.7894042351454,2054.4,108.38940423514532,tabular_imputer
2026-05-08T13:28:00.449791+00:00,Telco,MAR,"missing totalCharges -> tenure, 10%",Mean/Mode,,316,TotalCharges,2162.7894042351454,1355.1,807.6894042351455,tabular_imputer
2026-05-08T13:28:00.449791+00:00,Telco,MAR,"missing totalCharges -> tenure, 10%",Mean/Mode,,317,TotalCharges,2162.7894042351454,3058.65,895.8605957648547,tabular_imputer
2026-05-08T13:28:00.449791+00:00,Telco,MAR,"missing totalCharges -> tenure, 10%",Mean/Mode,,323,TotalCharges,2162.7894042351454,422.3,1740.4894042351455,tabular_imputer
2026-05-08T13:28:00.449791+00:00,Telco,MAR,"missing totalCharges -> tenure, 10%",Mean/Mode,,324,TotalCharges,2162.7894042351454,4176.7,2013.9105957648544,tabular_imputer
2026-05-08T13:28:00.449791+00:00,Telco,MAR,"missing totalCharges -> tenure, 10%",Mean/Mode,,349,TotalCharges,2162.7894042351454,6430.9,4268.110595764854,tabular_imputer
2026-05-08T13:28:00.449791+00:00,Telco,MAR,"missing totalCharges -> tenure, 10%",Mean/Mode,,350,TotalCharges,2162.7894042351454,2278.75,115.96059576485459,tabular_imputer
2026-05-08T13:28:00.449791+00:00,Telco,MAR,"missing totalCharges -> tenure, 10%",Mean/Mode,,354,TotalCharges,2162.7894042351454,840.1,1322.6894042351455,tabular_imputer
2026-05-08T13:28:00.449791+00:00,Telco,MAR,"missing totalCharges -> tenure, 10%",Mean/Mode,,368,TotalCharges,2162.7894042351454,6962.85,4800.060595764855,tabular_imputer
2026-05-08T13:28:00.449791+00:00,Telco,MAR,"missing totalCharges -> tenure, 10%",Mean/Mode,,370,TotalCharges,2162.7894042351454,690.25,1472.5394042351454,tabular_imputer
2026-05-08T13:28:00.449791+00:00,Telco,MAR,"missing totalCharges -> tenure, 10%",Mean/Mode,,373,TotalCharges,2162.7894042351454,5608.4,3445.610595764854,tabular_imputer
2026-05-08T13:28:00.449791+00:00,Telco,MAR,"missing totalCharges -> tenure, 10%",Mean/Mode,,384,TotalCharges,2162.7894042351454,5067.45,2904.6605957648544,tabular_imputer
2026-05-08T13:28:00.449791+00:00,Telco,MAR,"missing totalCharges -> tenure, 10%",Mean/Mode,,393,TotalCharges,2162.7894042351454,367.55,1795.2394042351455,tabular_imputer
2026-05-08T13:28:00.449791+00:00,Telco,MAR,"missing totalCharges -> tenure, 10%",Mean/Mode,,398,TotalCharges,2162.7894042351454,1803.7,359.08940423514537,tabular_imputer
2026-05-08T13:28:00.449791+00:00,Telco,MAR,"missing totalCharges -> tenure, 10%",Mean/Mode,,399,TotalCharges,2162.7894042351454,415.1,1747.6894042351455,tabular_imputer
2026-05-08T13:28:00.449791+00:00,Telco,MAR,"missing totalCharges -> tenure, 10%",Mean/Mode,,411,TotalCharges,2162.7894042351454,1066.15,1096.6394042351453,tabular_imputer
2026-05-08T13:28:00.449791+00:00,Telco,MAR,"missing totalCharges -> tenure, 10%",Mean/Mode,,416,TotalCharges,2162.7894042351454,6858.9,4696.110595764854,tabular_imputer
2026-05-08T13:28:00.449791+00:00,Telco,MAR,"missing totalCharges -> tenure, 10%",Mean/Mode,,417,TotalCharges,2162.7894042351454,1024.7,1138.0894042351454,tabular_imputer
2026-05-08T13:28:00.449791+00:00,Telco,MAR,"missing totalCharges -> tenure, 10%",Mean/Mode,,436,TotalCharges,2162.7894042351454,720.05,1442.7394042351455,tabular_imputer
2026-05-08T13:28:00.449791+00:00,Telco,MAR,"missing totalCharges -> tenure, 10%",Mean/Mode,,454,TotalCharges,2162.7894042351454,1417.9,744.8894042351453,tabular_imputer
2026-05-08T13:28:00.449791+00:00,Telco,MAR,"missing totalCharges -> tenure, 10%",Mean/Mode,,467,TotalCharges,2162.7894042351454,6588.95,4426.160595764854,tabular_imputer
2026-05-08T13:28:00.449791+00:00,Telco,MAR,"missing totalCharges -> tenure, 10%",Mean/Mode,,476,TotalCharges,2162.7894042351454,2747.2,584.4105957648544,tabular_imputer
2026-05-08T13:28:00.449791+00:00,Telco,MAR,"missing totalCharges -> tenure, 10%",Mean/Mode,,481,TotalCharges,2162.7894042351454,2145.0,17.789404235145412,tabular_imputer
2026-05-08T13:28:00.449791+00:00,Telco,MAR,"missing totalCharges -> tenure, 10%",Mean/Mode,,518,TotalCharges,2162.7894042351454,1929.35,233.4394042351455,tabular_imputer
2026-05-08T13:28:00.449791+00:00,Telco,MAR,"missing totalCharges -> tenure, 10%",Mean/Mode,,568,TotalCharges,2162.7894042351454,3527.6,1364.8105957648545,tabular_imputer
2026-05-08T13:28:00.449791+00:00,Telco,MAR,"missing totalCharges -> tenure, 10%",Mean/Mode,,589,TotalCharges,2162.7894042351454,6668.05,4505.260595764855,tabular_imputer
2026-05-08T13:28:00.449791+00:00,Telco,MAR,"missing totalCharges -> tenure, 10%",Mean/Mode,,599,TotalCharges,2162.7894042351454,1414.45,748.3394042351454,tabular_imputer
2026-05-08T13:28:00.449791+00:00,Telco,MAR,"missing totalCharges -> tenure, 10%",Mean/Mode,,602,TotalCharges,2162.7894042351454,4859.25,2696.4605957648546,tabular_imputer
2026-05-08T13:28:00.449791+00:00,Telco,MAR,"missing totalCharges -> tenure, 10%",Mean/Mode,,603,TotalCharges,2162.7894042351454,4903.2,2740.4105957648544,tabular_imputer
2026-05-08T13:28:00.449791+00:00,Telco,MAR,"missing totalCharges -> tenure, 10%",Mean/Mode,,620,TotalCharges,2162.7894042351454,362.6,1800.1894042351455,tabular_imputer
2026-05-08T13:28:00.449791+00:00,Telco,MAR,"missing totalCharges -> tenure, 10%",Mean/Mode,,634,TotalCharges,2162.7894042351454,2236.2,73.4105957648544,tabular_imputer
2026-05-08T13:28:00.449791+00:00,Telco,MAR,"missing totalCharges -> tenure, 10%",Mean/Mode,,636,TotalCharges,2162.7894042351454,3109.9,947.1105957648547,tabular_imputer
2026-05-08T13:28:00.449791+00:00,Telco,MAR,"missing totalCharges -> tenure, 10%",Mean/Mode,,643,TotalCharges,2162.7894042351454,4287.2,2124.4105957648544,tabular_imputer
2026-05-08T13:28:00.449791+00:00,Telco,MAR,"missing totalCharges -> tenure, 10%",Mean/Mode,,667,TotalCharges,2162.7894042351454,1453.1,709.6894042351455,tabular_imputer
2026-05-08T13:28:00.449791+00:00,Telco,MAR,"missing totalCharges -> tenure, 10%",Mean/Mode,,669,TotalCharges,2162.7894042351454,4039.3,1876.5105957648548,tabular_imputer
2026-05-08T13:28:00.449791+00:00,Telco,MAR,"missing totalCharges -> tenure, 10%",Mean/Mode,,673,TotalCharges,2162.7894042351454,493.4,1669.3894042351453,tabular_imputer
2026-05-08T13:28:00.449791+00:00,Telco,MAR,"missing totalCharges -> tenure, 10%",Mean/Mode,,683,TotalCharges,2162.7894042351454,4188.4,2025.6105957648542,tabular_imputer
2026-05-08T13:28:00.449791+00:00,Telco,MAR,"missing totalCharges -> tenure, 10%",Mean/Mode,,705,TotalCharges,2162.7894042351454,2015.35,147.4394042351455,tabular_imputer
2026-05-08T13:28:00.449791+00:00,Telco,MAR,"missing totalCharges -> tenure, 10%",Mean/Mode,,714,TotalCharges,2162.7894042351454,1710.9,451.8894042351453,tabular_imputer
2026-05-08T13:28:00.449791+00:00,Telco,MAR,"missing totalCharges -> tenure, 10%",Mean/Mode,,719,TotalCharges,2162.7894042351454,5589.3,3426.5105957648548,tabular_imputer
2026-05-08T13:28:00.449791+00:00,Telco,MAR,"missing totalCharges -> tenure, 10%",Mean/Mode,,721,TotalCharges,2162.7894042351454,1305.95,856.8394042351454,tabular_imputer
2026-05-08T13:28:00.449791+00:00,Telco,MAR,"missing totalCharges -> tenure, 10%",Mean/Mode,,734,TotalCharges,2162.7894042351454,2423.4,260.6105957648547,tabular_imputer
2026-05-08T13:28:00.449791+00:00,Telco,MAR,"missing totalCharges -> tenure, 10%",Mean/Mode,,743,TotalCharges,2162.7894042351454,1551.6,611.1894042351455,tabular_imputer
2026-05-08T13:28:00.449791+00:00,Telco,MAR,"missing totalCharges -> tenure, 10%",Mean/Mode,,745,TotalCharges,2162.7894042351454,7882.25,5719.460595764855,tabular_imputer
2026-05-08T13:28:00.449791+00:00,Telco,MAR,"missing totalCharges -> tenure, 10%",Mean/Mode,,749,TotalCharges,2162.7894042351454,5817.0,3654.2105957648546,tabular_imputer
2026-05-08T13:28:00.449791+00:00,Telco,MAR,"missing totalCharges -> tenure, 10%",Mean/Mode,,751,TotalCharges,2162.7894042351454,5600.15,3437.360595764854,tabular_imputer
2026-05-08T13:28:00.449791+00:00,Telco,MAR,"missing totalCharges -> tenure, 10%",Mean/Mode,,763,TotalCharges,2162.7894042351454,4758.8,2596.0105957648548,tabular_imputer
2026-05-08T13:28:00.449791+00:00,Telco,MAR,"missing totalCharges -> tenure, 10%",Mean/Mode,,769,TotalCharges,2162.7894042351454,1175.6,987.1894042351455,tabular_imputer
2026-05-08T13:28:00.449791+00:00,Telco,MAR,"missing totalCharges -> tenure, 10%",Mean/Mode,,775,TotalCharges,2162.7894042351454,8065.65,5902.860595764854,tabular_imputer
2026-05-08T13:28:00.449791+00:00,Telco,MAR,"missing totalCharges -> tenure, 10%",Mean/Mode,,776,TotalCharges,2162.7894042351454,92.5,2070.2894042351454,tabular_imputer
2026-05-08T13:28:00.449791+00:00,Telco,MAR,"missing totalCharges -> tenure, 10%",Mean/Mode,,786,TotalCharges,2162.7894042351454,3983.6,1820.8105957648545,tabular_imputer
2026-05-08T13:28:00.449791+00:00,Telco,MAR,"missing totalCharges -> tenure, 10%",Mean/Mode,,790,TotalCharges,2162.7894042351454,3590.2,1427.4105957648544,tabular_imputer
2026-05-08T13:28:00.449791+00:00,Telco,MAR,"missing totalCharges -> tenure, 10%",Mean/Mode,,791,TotalCharges,2162.7894042351454,5023.0,2860.2105957648546,tabular_imputer
2026-05-08T13:28:00.449791+00:00,Telco,MAR,"missing totalCharges -> tenure, 10%",Mean/Mode,,808,TotalCharges,2162.7894042351454,4113.1,1950.310595764855,tabular_imputer
2026-05-08T13:28:00.449791+00:00,Telco,MAR,"missing totalCharges -> tenure, 10%",Mean/Mode,,811,TotalCharges,2162.7894042351454,7250.15,5087.360595764854,tabular_imputer
2026-05-08T13:28:00.449791+00:00,Telco,MAR,"missing totalCharges -> tenure, 10%",Mean/Mode,,818,TotalCharges,2162.7894042351454,2317.1,154.3105957648545,tabular_imputer
2026-05-08T13:28:00.449791+00:00,Telco,MAR,"missing totalCharges -> tenure, 10%",Mean/Mode,,820,TotalCharges,2162.7894042351454,6751.35,4588.560595764855,tabular_imputer
2026-05-08T13:28:00.449791+00:00,Telco,MAR,"missing totalCharges -> tenure, 10%",Mean/Mode,,828,TotalCharges,2162.7894042351454,5453.4,3290.610595764854,tabular_imputer
2026-05-08T13:28:00.449791+00:00,Telco,MAR,"missing totalCharges -> tenure, 10%",Mean/Mode,,833,TotalCharges,2162.7894042351454,3340.55,1177.7605957648548,tabular_imputer
2026-05-08T13:28:00.449791+00:00,Telco,MAR,"missing totalCharges -> tenure, 10%",Mean/Mode,,836,TotalCharges,2162.7894042351454,4487.3,2324.5105957648548,tabular_imputer
2026-05-08T13:28:00.449791+00:00,Telco,MAR,"missing totalCharges -> tenure, 10%",Mean/Mode,,841,TotalCharges,2162.7894042351454,7589.8,5427.010595764855,tabular_imputer
2026-05-08T13:28:00.449791+00:00,Telco,MAR,"missing totalCharges -> tenure, 10%",Mean/Mode,,845,TotalCharges,2162.7894042351454,295.95,1866.8394042351454,tabular_imputer
2026-05-08T13:28:00.449791+00:00,Telco,MAR,"missing totalCharges -> tenure, 10%",Mean/Mode,,856,TotalCharges,2162.7894042351454,6309.65,4146.860595764854,tabular_imputer
2026-05-08T13:28:00.449791+00:00,Telco,MAR,"missing totalCharges -> tenure, 10%",Mean/Mode,,861,TotalCharges,2162.7894042351454,5822.3,3659.5105957648548,tabular_imputer
2026-05-08T13:28:00.449791+00:00,Telco,MAR,"missing totalCharges -> tenure, 10%",Mean/Mode,,870,TotalCharges,2162.7894042351454,7015.9,4853.110595764854,tabular_imputer
2026-05-08T13:28:00.449791+00:00,Telco,MAR,"missing totalCharges -> tenure, 10%",Mean/Mode,,876,TotalCharges,2162.7894042351454,1582.75,580.0394042351454,tabular_imputer
2026-05-08T13:28:00.449791+00:00,Telco,MAR,"missing totalCharges -> tenure, 10%",Mean/Mode,,897,TotalCharges,2162.7894042351454,5682.25,3519.4605957648546,tabular_imputer
2026-05-08T13:28:00.449791+00:00,Telco,MAR,"missing totalCharges -> tenure, 10%",Mean/Mode,,911,TotalCharges,2162.7894042351454,1288.3,874.4894042351455,tabular_imputer
2026-05-08T13:28:00.449791+00:00,Telco,MAR,"missing totalCharges -> tenure, 10%",Mean/Mode,,918,TotalCharges,2162.7894042351454,2193.0,30.210595764854588,tabular_imputer
2026-05-08T13:28:00.449791+00:00,Telco,MAR,"missing totalCharges -> tenure, 10%",Mean/Mode,,923,TotalCharges,2162.7894042351454,4786.15,2623.360595764854,tabular_imputer
2026-05-08T13:28:00.449791+00:00,Telco,MAR,"missing totalCharges -> tenure, 10%",Mean/Mode,,925,TotalCharges,2162.7894042351454,2404.15,241.36059576485468,tabular_imputer
2026-05-08T13:28:00.449791+00:00,Telco,MAR,"missing totalCharges -> tenure, 10%",Mean/Mode,,942,TotalCharges,2162.7894042351454,2001.0,161.7894042351454,tabular_imputer
2026-05-08T13:28:00.449791+00:00,Telco,MAR,"missing totalCharges -> tenure, 10%",Mean/Mode,,943,TotalCharges,2162.7894042351454,4919.7,2756.9105957648544,tabular_imputer
2026-05-08T13:28:00.449791+00:00,Telco,MAR,"missing totalCharges -> tenure, 10%",Mean/Mode,,944,TotalCharges,2162.7894042351454,5645.8,3483.0105957648548,tabular_imputer
2026-05-08T13:28:00.449791+00:00,Telco,MAR,"missing totalCharges -> tenure, 10%",Mean/Mode,,966,TotalCharges,2162.7894042351454,112.3,2050.4894042351452,tabular_imputer
2026-05-08T13:28:00.449791+00:00,Telco,MAR,"missing totalCharges -> tenure, 10%",Mean/Mode,,972,TotalCharges,2162.7894042351454,4048.95,1886.1605957648544,tabular_imputer
2026-05-08T13:28:00.449791+00:00,Telco,MAR,"missing totalCharges -> tenure, 10%",Mean/Mode,,987,TotalCharges,2162.7894042351454,19.75,2143.0394042351454,tabular_imputer
2026-05-08T13:28:00.449791+00:00,Telco,MAR,"missing totalCharges -> tenure, 10%",Mean/Mode,,988,TotalCharges,2162.7894042351454,537.35,1625.4394042351455,tabular_imputer
2026-05-08T13:28:00.449791+00:00,Telco,MAR,"missing totalCharges -> tenure, 10%",Mean/Mode,,990,TotalCharges,2162.7894042351454,4513.65,2350.860595764854,tabular_imputer
2026-05-08T13:28:00.449791+00:00,Telco,MAR,"missing totalCharges -> tenure, 10%",Mean/Mode,,991,TotalCharges,2162.7894042351454,1423.85,738.9394042351455,tabular_imputer
2026-05-08T13:28:00.449791+00:00,Telco,MAR,"missing totalCharges -> tenure, 10%",Mean/Mode,,1001,TotalCharges,2162.7894042351454,1893.95,268.83940423514537,tabular_imputer
2026-05-08T13:28:00.449791+00:00,Telco,MAR,"missing totalCharges -> tenure, 10%",Mean/Mode,,1014,TotalCharges,2162.7894042351454,990.85,1171.9394042351455,tabular_imputer
2026-05-08T13:28:00.449791+00:00,Telco,MAR,"missing totalCharges -> tenure, 10%",Mean/Mode,,1020,TotalCharges,2162.7894042351454,2066.0,96.78940423514541,tabular_imputer
2026-05-08T13:28:00.449791+00:00,Telco,MAR,"missing totalCharges -> tenure, 10%",Mean/Mode,,1024,TotalCharges,2162.7894042351454,2552.9,390.1105957648547,tabular_imputer
2026-05-08T13:28:00.449791+00:00,Telco,MAR,"missing totalCharges -> tenure, 10%",Mean/Mode,,1028,TotalCharges,2162.7894042351454,2070.6,92.1894042351455,tabular_imputer
2026-05-08T13:28:00.449791+00:00,Telco,MAR,"missing totalCharges -> tenure, 10%",Mean/Mode,,1035,TotalCharges,2162.7894042351454,1697.7,465.08940423514537,tabular_imputer
2026-05-08T13:28:00.449791+00:00,Telco,MAR,"missing totalCharges -> tenure, 10%",Mean/Mode,,1046,TotalCharges,2162.7894042351454,3877.65,1714.8605957648547,tabular_imputer
2026-05-08T13:28:00.449791+00:00,Telco,MAR,"missing totalCharges -> tenure, 10%",Mean/Mode,,1052,TotalCharges,2162.7894042351454,3208.65,1045.8605957648547,tabular_imputer
2026-05-08T13:28:00.449791+00:00,Telco,MAR,"missing totalCharges -> tenure, 10%",Mean/Mode,,1069,TotalCharges,2162.7894042351454,1055.9,1106.8894042351453,tabular_imputer
2026-05-08T13:28:00.449791+00:00,Telco,MAR,"missing totalCharges -> tenure, 10%",Mean/Mode,,1084,TotalCharges,2162.7894042351454,1012.4,1150.3894042351453,tabular_imputer
2026-05-08T13:28:00.449791+00:00,Telco,MAR,"missing totalCharges -> tenure, 10%",Mean/Mode,,1092,TotalCharges,2162.7894042351454,4523.25,2360.4605957648546,tabular_imputer
2026-05-08T13:28:00.449791+00:00,Telco,MAR,"missing totalCharges -> tenure, 10%",Mean/Mode,,1093,TotalCharges,2162.7894042351454,7159.7,4996.910595764854,tabular_imputer
2026-05-08T13:28:00.449791+00:00,Telco,MAR,"missing totalCharges -> tenure, 10%",Mean/Mode,,1098,TotalCharges,2162.7894042351454,6038.55,3875.7605957648548,tabular_imputer
2026-05-08T13:28:00.449791+00:00,Telco,MAR,"missing totalCharges -> tenure, 10%",Mean/Mode,,1106,TotalCharges,2162.7894042351454,6253.0,4090.2105957648546,tabular_imputer
2026-05-08T13:28:00.449791+00:00,Telco,MAR,"missing totalCharges -> tenure, 10%",Mean/Mode,,1107,TotalCharges,2162.7894042351454,1641.8,520.9894042351455,tabular_imputer
2026-05-08T13:28:00.449791+00:00,Telco,MAR,"missing totalCharges -> tenure, 10%",Mean/Mode,,1118,TotalCharges,2162.7894042351454,4997.5,2834.7105957648546,tabular_imputer
2026-05-08T13:28:00.449791+00:00,Telco,MAR,"missing totalCharges -> tenure, 10%",Mean/Mode,,1146,TotalCharges,2162.7894042351454,1072.6,1090.1894042351455,tabular_imputer
2026-05-08T13:28:00.449791+00:00,Telco,MAR,"missing totalCharges -> tenure, 10%",Mean/Mode,,1164,TotalCharges,2162.7894042351454,5831.2,3668.4105957648544,tabular_imputer
2026-05-08T13:28:00.449791+00:00,Telco,MAR,"missing totalCharges -> tenure, 10%",Mean/Mode,,1170,TotalCharges,2162.7894042351454,8093.15,5930.360595764854,tabular_imputer
2026-05-08T13:28:00.449791+00:00,Telco,MAR,"missing totalCharges -> tenure, 10%",Mean/Mode,,1178,TotalCharges,2162.7894042351454,1553.95,608.8394042351454,tabular_imputer
2026-05-08T13:28:00.449791+00:00,Telco,MAR,"missing totalCharges -> tenure, 10%",Mean/Mode,,1180,TotalCharges,2162.7894042351454,1971.15,191.63940423514532,tabular_imputer
2026-05-08T13:28:00.449791+00:00,Telco,MAR,"missing totalCharges -> tenure, 10%",Mean/Mode,,1187,TotalCharges,2162.7894042351454,7413.55,5250.760595764855,tabular_imputer
2026-05-08T13:28:00.449791+00:00,Telco,MAR,"missing totalCharges -> tenure, 10%",Mean/Mode,,1216,TotalCharges,2162.7894042351454,1090.6,1072.1894042351455,tabular_imputer
2026-05-08T13:28:00.449791+00:00,Telco,MAR,"missing totalCharges -> tenure, 10%",Mean/Mode,,1219,TotalCharges,2162.7894042351454,4300.45,2137.6605957648544,tabular_imputer
2026-05-08T13:28:00.449791+00:00,Telco,MAR,"missing totalCharges -> tenure, 10%",Mean/Mode,,1231,TotalCharges,2162.7894042351454,1398.6,764.1894042351455,tabular_imputer
2026-05-08T13:28:00.449791+00:00,Telco,MAR,"missing totalCharges -> tenure, 10%",Mean/Mode,,1232,TotalCharges,2162.7894042351454,2564.3,401.51059576485477,tabular_imputer
2026-05-08T13:28:00.449791+00:00,Telco,MAR,"missing totalCharges -> tenure, 10%",Mean/Mode,,1245,TotalCharges,2162.7894042351454,2117.25,45.53940423514541,tabular_imputer
2026-05-08T13:28:00.449791+00:00,Telco,MAR,"missing totalCharges -> tenure, 10%",Mean/Mode,,1263,TotalCharges,2162.7894042351454,6127.6,3964.810595764855,tabular_imputer
2026-05-08T13:28:00.449791+00:00,Telco,MAR,"missing totalCharges -> tenure, 10%",Mean/Mode,,1267,TotalCharges,2162.7894042351454,4818.8,2656.0105957648548,tabular_imputer
2026-05-08T13:28:00.449791+00:00,Telco,MAR,"missing totalCharges -> tenure, 10%",Mean/Mode,,1275,TotalCharges,2162.7894042351454,3112.05,949.2605957648548,tabular_imputer
2026-05-08T13:28:00.449791+00:00,Telco,MAR,"missing totalCharges -> tenure, 10%",Mean/Mode,,1284,TotalCharges,2162.7894042351454,1188.25,974.5394042351454,tabular_imputer
2026-05-08T13:28:00.449791+00:00,Telco,MAR,"missing totalCharges -> tenure, 10%",Mean/Mode,,1288,TotalCharges,2162.7894042351454,1240.15,922.6394042351453,tabular_imputer
2026-05-08T13:28:00.449791+00:00,Telco,MAR,"missing totalCharges -> tenure, 10%",Mean/Mode,,1300,TotalCharges,2162.7894042351454,7962.2,5799.410595764854,tabular_imputer
2026-05-08T13:28:00.449791+00:00,Telco,MAR,"missing totalCharges -> tenure, 10%",Mean/Mode,,1327,TotalCharges,2162.7894042351454,5961.1,3798.310595764855,tabular_imputer
2026-05-08T13:28:00.449791+00:00,Telco,MAR,"missing totalCharges -> tenure, 10%",Mean/Mode,,1329,TotalCharges,2162.7894042351454,1496.45,666.3394042351454,tabular_imputer
2026-05-08T13:28:00.449791+00:00,Telco,MAR,"missing totalCharges -> tenure, 10%",Mean/Mode,,1345,TotalCharges,2162.7894042351454,5985.0,3822.2105957648546,tabular_imputer
2026-05-08T13:28:00.449791+00:00,Telco,MAR,"missing totalCharges -> tenure, 10%",Mean/Mode,,1359,TotalCharges,2162.7894042351454,889.9,1272.8894042351453,tabular_imputer
2026-05-08T13:28:00.449791+00:00,Telco,MAR,"missing totalCharges -> tenure, 10%",Mean/Mode,,1369,TotalCharges,2162.7894042351454,2033.85,128.9394042351455,tabular_imputer
2026-05-08T13:28:00.449791+00:00,Telco,MAR,"missing totalCharges -> tenure, 10%",Mean/Mode,,1380,TotalCharges,2162.7894042351454,6145.2,3982.4105957648544,tabular_imputer
2026-05-08T13:28:00.449791+00:00,Telco,MAR,"missing totalCharges -> tenure, 10%",Mean/Mode,,1391,TotalCharges,2162.7894042351454,2440.25,277.4605957648546,tabular_imputer
2026-05-08T13:28:00.449791+00:00,Telco,MAR,"missing totalCharges -> tenure, 10%",Mean/Mode,,1406,TotalCharges,2162.7894042351454,1673.8,488.98940423514546,tabular_imputer
2026-05-08T13:28:00.449791+00:00,Telco,MAR,"missing totalCharges -> tenure, 10%",Mean/Mode,,1416,TotalCharges,2162.7894042351454,3166.9,1004.1105957648547,tabular_imputer
2026-05-08T13:28:00.449791+00:00,Telco,MAR,"missing totalCharges -> tenure, 10%",Mean/Mode,,1427,TotalCharges,2162.7894042351454,3122.4,959.6105957648547,tabular_imputer
2026-05-08T13:28:00.449791+00:00,Telco,MAR,"missing totalCharges -> tenure, 10%",Mean/Mode,,1429,TotalCharges,2162.7894042351454,1088.25,1074.5394042351454,tabular_imputer
2026-05-08T13:28:00.449791+00:00,Telco,MAR,"missing totalCharges -> tenure, 10%",Mean/Mode,,1431,TotalCharges,2162.7894042351454,2908.2,745.4105957648544,tabular_imputer
2026-05-08T13:28:00.449791+00:00,Telco,MAR,"missing totalCharges -> tenure, 10%",Mean/Mode,,1481,TotalCharges,2162.7894042351454,4754.3,2591.5105957648548,tabular_imputer
2026-05-08T13:28:00.449791+00:00,Telco,MAR,"missing totalCharges -> tenure, 10%",Mean/Mode,,1483,TotalCharges,2162.7894042351454,3562.5,1399.7105957648546,tabular_imputer
2026-05-08T13:28:00.449791+00:00,Telco,MAR,"missing totalCharges -> tenure, 10%",Mean/Mode,,1524,TotalCharges,2162.7894042351454,7002.95,4840.160595764854,tabular_imputer
2026-05-08T13:28:00.449791+00:00,Telco,MAR,"missing totalCharges -> tenure, 10%",Mean/Mode,,1545,TotalCharges,2162.7894042351454,6536.5,4373.710595764855,tabular_imputer
2026-05-08T13:28:00.449791+00:00,Telco,MAR,"missing totalCharges -> tenure, 10%",Mean/Mode,,1604,TotalCharges,2162.7894042351454,6511.25,4348.460595764855,tabular_imputer
2026-05-08T13:28:00.449791+00:00,Telco,MAR,"missing totalCharges -> tenure, 10%",Mean/Mode,,1611,TotalCharges,2162.7894042351454,6468.6,4305.810595764855,tabular_imputer
2026-05-08T13:28:00.449791+00:00,Telco,MAR,"missing totalCharges -> tenure, 10%",Mean/Mode,,1612,TotalCharges,2162.7894042351454,5918.8,3756.0105957648548,tabular_imputer
2026-05-08T13:28:00.449791+00:00,Telco,MAR,"missing totalCharges -> tenure, 10%",Mean/Mode,,1628,TotalCharges,2162.7894042351454,2627.2,464.4105957648544,tabular_imputer
2026-05-08T13:28:00.449791+00:00,Telco,MAR,"missing totalCharges -> tenure, 10%",Mean/Mode,,1631,TotalCharges,2162.7894042351454,1463.45,699.3394042351454,tabular_imputer
2026-05-08T13:28:00.449791+00:00,Telco,MAR,"missing totalCharges -> tenure, 10%",Mean/Mode,,1646,TotalCharges,2162.7894042351454,3801.3,1638.5105957648548,tabular_imputer
2026-05-08T13:28:00.449791+00:00,Telco,MAR,"missing totalCharges -> tenure, 10%",Mean/Mode,,1647,TotalCharges,2162.7894042351454,868.5,1294.2894042351454,tabular_imputer
2026-05-08T13:28:00.449791+00:00,Telco,MAR,"missing totalCharges -> tenure, 10%",Mean/Mode,,1657,TotalCharges,2162.7894042351454,901.25,1261.5394042351454,tabular_imputer
2026-05-08T13:28:00.449791+00:00,Telco,MAR,"missing totalCharges -> tenure, 10%",Mean/Mode,,1660,TotalCharges,2162.7894042351454,1139.2,1023.5894042351454,tabular_imputer
2026-05-08T13:28:00.449791+00:00,Telco,MAR,"missing totalCharges -> tenure, 10%",Mean/Mode,,1663,TotalCharges,2162.7894042351454,4812.75,2649.9605957648546,tabular_imputer
2026-05-08T13:28:00.449791+00:00,Telco,MAR,"missing totalCharges -> tenure, 10%",Mean/Mode,,1675,TotalCharges,2162.7894042351454,2384.15,221.36059576485468,tabular_imputer
2026-05-08T13:28:00.449791+00:00,Telco,MAR,"missing totalCharges -> tenure, 10%",Mean/Mode,,1681,TotalCharges,2162.7894042351454,1849.2,313.58940423514537,tabular_imputer
2026-05-08T13:28:00.449791+00:00,Telco,MAR,"missing totalCharges -> tenure, 10%",Mean/Mode,,1687,TotalCharges,2162.7894042351454,314.95,1847.8394042351454,tabular_imputer
2026-05-08T13:28:00.449791+00:00,Telco,MAR,"missing totalCharges -> tenure, 10%",Mean/Mode,,1700,TotalCharges,2162.7894042351454,943.0,1219.7894042351454,tabular_imputer
2026-05-08T13:28:00.449791+00:00,Telco,MAR,"missing totalCharges -> tenure, 10%",Mean/Mode,,1701,TotalCharges,2162.7894042351454,6615.15,4452.360595764854,tabular_imputer
2026-05-08T13:28:00.449791+00:00,Telco,MAR,"missing totalCharges -> tenure, 10%",Mean/Mode,,1705,TotalCharges,2162.7894042351454,5044.8,2882.0105957648548,tabular_imputer
2026-05-08T13:28:00.449791+00:00,Telco,MAR,"missing totalCharges -> tenure, 10%",Mean/Mode,,1717,TotalCharges,2162.7894042351454,1421.9,740.8894042351453,tabular_imputer
2026-05-08T13:28:00.449791+00:00,Telco,MAR,"missing totalCharges -> tenure, 10%",Mean/Mode,,1720,TotalCharges,2162.7894042351454,163.7,1999.0894042351454,tabular_imputer
2026-05-08T13:28:00.449791+00:00,Telco,MAR,"missing totalCharges -> tenure, 10%",Mean/Mode,,1745,TotalCharges,2162.7894042351454,1119.9,1042.8894042351453,tabular_imputer
2026-05-08T13:28:00.449791+00:00,Telco,MAR,"missing totalCharges -> tenure, 10%",Mean/Mode,,1752,TotalCharges,2162.7894042351454,1421.75,741.0394042351454,tabular_imputer
2026-05-08T13:28:00.449791+00:00,Telco,MAR,"missing totalCharges -> tenure, 10%",Mean/Mode,,1760,TotalCharges,2162.7894042351454,2614.1,451.3105957648545,tabular_imputer
2026-05-08T13:28:00.449791+00:00,Telco,MAR,"missing totalCharges -> tenure, 10%",Mean/Mode,,1785,TotalCharges,2162.7894042351454,6392.85,4230.060595764855,tabular_imputer
2026-05-08T13:28:00.449791+00:00,Telco,MAR,"missing totalCharges -> tenure, 10%",Mean/Mode,,1801,TotalCharges,2162.7894042351454,1490.4,672.3894042351453,tabular_imputer
2026-05-08T13:28:00.449791+00:00,Telco,MAR,"missing totalCharges -> tenure, 10%",Mean/Mode,,1826,TotalCharges,2162.7894042351454,5931.0,3768.2105957648546,tabular_imputer
2026-05-08T13:28:00.449791+00:00,Telco,MAR,"missing totalCharges -> tenure, 10%",Mean/Mode,,1845,TotalCharges,2162.7894042351454,2492.25,329.4605957648546,tabular_imputer
2026-05-08T13:28:00.449791+00:00,Telco,MAR,"missing totalCharges -> tenure, 10%",Mean/Mode,,1871,TotalCharges,2162.7894042351454,4539.35,2376.560595764855,tabular_imputer
2026-05-08T13:28:00.449791+00:00,Telco,MAR,"missing totalCharges -> tenure, 10%",Mean/Mode,,1873,TotalCharges,2162.7894042351454,5011.15,2848.360595764854,tabular_imputer
2026-05-08T13:28:00.449791+00:00,Telco,MAR,"missing totalCharges -> tenure, 10%",Mean/Mode,,1876,TotalCharges,2162.7894042351454,4563.0,2400.2105957648546,tabular_imputer
2026-05-08T13:28:00.449791+00:00,Telco,MAR,"missing totalCharges -> tenure, 10%",Mean/Mode,,1905,TotalCharges,2162.7894042351454,962.25,1200.5394042351454,tabular_imputer
2026-05-08T13:28:00.449791+00:00,Telco,MAR,"missing totalCharges -> tenure, 10%",Mean/Mode,,1906,TotalCharges,2162.7894042351454,1382.9,779.8894042351453,tabular_imputer
2026-05-08T13:28:00.449791+00:00,Telco,MAR,"missing totalCharges -> tenure, 10%",Mean/Mode,,1916,TotalCharges,2162.7894042351454,3862.55,1699.7605957648548,tabular_imputer
2026-05-08T13:28:00.449791+00:00,Telco,MAR,"missing totalCharges -> tenure, 10%",Mean/Mode,,1935,TotalCharges,2162.7894042351454,996.95,1165.8394042351454,tabular_imputer
2026-05-08T13:28:00.449791+00:00,Telco,MAR,"missing totalCharges -> tenure, 10%",Mean/Mode,,1958,TotalCharges,2162.7894042351454,2048.8,113.98940423514523,tabular_imputer
2026-05-08T13:28:00.449791+00:00,Telco,MAR,"missing totalCharges -> tenure, 10%",Mean/Mode,,1959,TotalCharges,2162.7894042351454,163.55,1999.2394042351455,tabular_imputer
2026-05-08T13:28:00.449791+00:00,Telco,MAR,"missing totalCharges -> tenure, 10%",Mean/Mode,,1977,TotalCharges,2162.7894042351454,2845.15,682.3605957648547,tabular_imputer
2026-05-08T13:28:00.449791+00:00,Telco,MAR,"missing totalCharges -> tenure, 10%",Mean/Mode,,1981,TotalCharges,2162.7894042351454,5885.4,3722.610595764854,tabular_imputer
2026-05-08T13:28:00.449791+00:00,Telco,MAR,"missing totalCharges -> tenure, 10%",Mean/Mode,,1987,TotalCharges,2162.7894042351454,2257.75,94.96059576485459,tabular_imputer
2026-05-08T13:28:00.449791+00:00,Telco,MAR,"missing totalCharges -> tenure, 10%",Mean/Mode,,2001,TotalCharges,2162.7894042351454,117.95,2044.8394042351454,tabular_imputer
2026-05-08T13:28:00.449791+00:00,Telco,MAR,"missing totalCharges -> tenure, 10%",Mean/Mode,,2005,TotalCharges,2162.7894042351454,4941.8,2779.0105957648548,tabular_imputer
2026-05-08T13:28:00.449791+00:00,Telco,MAR,"missing totalCharges -> tenure, 10%",Mean/Mode,,2006,TotalCharges,2162.7894042351454,223.15,1939.6394042351453,tabular_imputer
2026-05-08T13:28:00.449791+00:00,Telco,MAR,"missing totalCharges -> tenure, 10%",Mean/Mode,,2020,TotalCharges,2162.7894042351454,3865.45,1702.6605957648544,tabular_imputer
2026-05-08T13:28:00.449791+00:00,Telco,MAR,"missing totalCharges -> tenure, 10%",Mean/Mode,,2031,TotalCharges,2162.7894042351454,125.5,2037.2894042351454,tabular_imputer
2026-05-08T13:28:00.449791+00:00,Telco,MAR,"missing totalCharges -> tenure, 10%",Mean/Mode,,2032,TotalCharges,2162.7894042351454,1390.6,772.1894042351455,tabular_imputer
2026-05-08T13:28:00.449791+00:00,Telco,MAR,"missing totalCharges -> tenure, 10%",Mean/Mode,,2034,TotalCharges,2162.7894042351454,2511.3,348.51059576485477,tabular_imputer
2026-05-08T13:28:00.449791+00:00,Telco,MAR,"missing totalCharges -> tenure, 10%",Mean/Mode,,2052,TotalCharges,2162.7894042351454,4946.05,2783.2605957648548,tabular_imputer
2026-05-08T13:28:00.449791+00:00,Telco,MAR,"missing totalCharges -> tenure, 10%",Mean/Mode,,2059,TotalCharges,2162.7894042351454,3415.25,1252.4605957648546,tabular_imputer
2026-05-08T13:28:00.449791+00:00,Telco,MAR,"missing totalCharges -> tenure, 10%",Mean/Mode,,2067,TotalCharges,2162.7894042351454,6792.45,4629.660595764854,tabular_imputer
2026-05-08T13:28:00.449791+00:00,Telco,MAR,"missing totalCharges -> tenure, 10%",Mean/Mode,,2079,TotalCharges,2162.7894042351454,7554.05,5391.260595764855,tabular_imputer
2026-05-08T13:28:00.449791+00:00,Telco,MAR,"missing totalCharges -> tenure, 10%",Mean/Mode,,2088,TotalCharges,2162.7894042351454,1941.5,221.2894042351454,tabular_imputer
2026-05-08T13:28:00.449791+00:00,Telco,MAR,"missing totalCharges -> tenure, 10%",Mean/Mode,,2091,TotalCharges,2162.7894042351454,970.85,1191.9394042351455,tabular_imputer
2026-05-08T13:28:00.449791+00:00,Telco,MAR,"missing totalCharges -> tenure, 10%",Mean/Mode,,2108,TotalCharges,2162.7894042351454,2168.9,6.110595764854679,tabular_imputer
2026-05-08T13:28:00.449791+00:00,Telco,MAR,"missing totalCharges -> tenure, 10%",Mean/Mode,,2111,TotalCharges,2162.7894042351454,711.9,1450.8894042351453,tabular_imputer
2026-05-08T13:28:00.449791+00:00,Telco,MAR,"missing totalCharges -> tenure, 10%",Mean/Mode,,2120,TotalCharges,2162.7894042351454,1210.3,952.4894042351455,tabular_imputer
2026-05-08T13:28:00.449791+00:00,Telco,MAR,"missing totalCharges -> tenure, 10%",Mean/Mode,,2124,TotalCharges,2162.7894042351454,100.4,2062.3894042351453,tabular_imputer
2026-05-08T13:28:00.449791+00:00,Telco,MAR,"missing totalCharges -> tenure, 10%",Mean/Mode,,2125,TotalCharges,2162.7894042351454,5229.45,3066.6605957648544,tabular_imputer
2026-05-08T13:28:00.449791+00:00,Telco,MAR,"missing totalCharges -> tenure, 10%",Mean/Mode,,2130,TotalCharges,2162.7894042351454,4837.6,2674.810595764855,tabular_imputer
2026-05-08T13:28:00.449791+00:00,Telco,MAR,"missing totalCharges -> tenure, 10%",Mean/Mode,,2146,TotalCharges,2162.7894042351454,7133.45,4970.660595764854,tabular_imputer
2026-05-08T13:28:00.449791+00:00,Telco,MAR,"missing totalCharges -> tenure, 10%",Mean/Mode,,2153,TotalCharges,2162.7894042351454,1797.75,365.0394042351454,tabular_imputer
2026-05-08T13:28:00.449791+00:00,Telco,MAR,"missing totalCharges -> tenure, 10%",Mean/Mode,,2162,TotalCharges,2162.7894042351454,2684.35,521.5605957648545,tabular_imputer
2026-05-08T13:28:00.449791+00:00,Telco,MAR,"missing totalCharges -> tenure, 10%",Mean/Mode,,2175,TotalCharges,2162.7894042351454,2555.9,393.1105957648547,tabular_imputer
2026-05-08T13:28:00.449791+00:00,Telco,MAR,"missing totalCharges -> tenure, 10%",Mean/Mode,,2190,TotalCharges,2162.7894042351454,5956.85,3794.060595764855,tabular_imputer
2026-05-08T13:28:00.449791+00:00,Telco,MAR,"missing totalCharges -> tenure, 10%",Mean/Mode,,2195,TotalCharges,2162.7894042351454,672.2,1490.5894042351454,tabular_imputer
2026-05-08T13:28:00.449791+00:00,Telco,MAR,"missing totalCharges -> tenure, 10%",Mean/Mode,,2202,TotalCharges,2162.7894042351454,467.55,1695.2394042351455,tabular_imputer
2026-05-08T13:28:00.449791+00:00,Telco,MAR,"missing totalCharges -> tenure, 10%",Mean/Mode,,2204,TotalCharges,2162.7894042351454,7482.1,5319.310595764855,tabular_imputer
2026-05-08T13:28:00.449791+00:00,Telco,MAR,"missing totalCharges -> tenure, 10%",Mean/Mode,,2215,TotalCharges,2162.7894042351454,3370.2,1207.4105957648544,tabular_imputer
2026-05-08T13:28:00.449791+00:00,Telco,MAR,"missing totalCharges -> tenure, 10%",Mean/Mode,,2217,TotalCharges,2162.7894042351454,5958.85,3796.060595764855,tabular_imputer
2026-05-08T13:28:00.449791+00:00,Telco,MAR,"missing totalCharges -> tenure, 10%",Mean/Mode,,2225,TotalCharges,2162.7894042351454,1309.0,853.7894042351454,tabular_imputer
2026-05-08T13:28:00.449791+00:00,Telco,MAR,"missing totalCharges -> tenure, 10%",Mean/Mode,,2227,TotalCharges,2162.7894042351454,1108.8,1053.9894042351455,tabular_imputer
2026-05-08T13:28:00.449791+00:00,Telco,MAR,"missing totalCharges -> tenure, 10%",Mean/Mode,,2232,TotalCharges,2162.7894042351454,754.5,1408.2894042351454,tabular_imputer
2026-05-08T13:28:00.449791+00:00,Telco,MAR,"missing totalCharges -> tenure, 10%",Mean/Mode,,2233,TotalCharges,2162.7894042351454,3883.3,1720.5105957648548,tabular_imputer
2026-05-08T13:28:00.449791+00:00,Telco,MAR,"missing totalCharges -> tenure, 10%",Mean/Mode,,2239,TotalCharges,2162.7894042351454,2545.7,382.9105957648544,tabular_imputer
2026-05-08T13:28:00.449791+00:00,Telco,MAR,"missing totalCharges -> tenure, 10%",Mean/Mode,,2267,TotalCharges,2162.7894042351454,8124.2,5961.410595764854,tabular_imputer
2026-05-08T13:28:00.449791+00:00,Telco,MAR,"missing totalCharges -> tenure, 10%",Mean/Mode,,2269,TotalCharges,2162.7894042351454,70.9,2091.8894042351453,tabular_imputer
2026-05-08T13:28:00.449791+00:00,Telco,MAR,"missing totalCharges -> tenure, 10%",Mean/Mode,,2290,TotalCharges,2162.7894042351454,633.4,1529.3894042351453,tabular_imputer
2026-05-08T13:28:00.449791+00:00,Telco,MAR,"missing totalCharges -> tenure, 10%",Mean/Mode,,2293,TotalCharges,2162.7894042351454,6151.9,3989.110595764854,tabular_imputer
2026-05-08T13:28:00.449791+00:00,Telco,MAR,"missing totalCharges -> tenure, 10%",Mean/Mode,,2305,TotalCharges,2162.7894042351454,3410.0,1247.2105957648546,tabular_imputer
2026-05-08T13:28:00.449791+00:00,Telco,MAR,"missing totalCharges -> tenure, 10%",Mean/Mode,,2310,TotalCharges,2162.7894042351454,4464.8,2302.0105957648548,tabular_imputer
2026-05-08T13:28:00.449791+00:00,Telco,MAR,"missing totalCharges -> tenure, 10%",Mean/Mode,,2318,TotalCharges,2162.7894042351454,7030.65,4867.860595764854,tabular_imputer
2026-05-08T13:28:00.449791+00:00,Telco,MAR,"missing totalCharges -> tenure, 10%",Mean/Mode,,2329,TotalCharges,2162.7894042351454,5468.95,3306.1605957648544,tabular_imputer
2026-05-08T13:28:00.449791+00:00,Telco,MAR,"missing totalCharges -> tenure, 10%",Mean/Mode,,2339,TotalCharges,2162.7894042351454,1973.75,189.0394042351454,tabular_imputer
2026-05-08T13:28:00.449791+00:00,Telco,MAR,"missing totalCharges -> tenure, 10%",Mean/Mode,,2341,TotalCharges,2162.7894042351454,7843.55,5680.760595764855,tabular_imputer
2026-05-08T13:28:00.449791+00:00,Telco,MAR,"missing totalCharges -> tenure, 10%",Mean/Mode,,2346,TotalCharges,2162.7894042351454,6849.4,4686.610595764854,tabular_imputer
2026-05-08T13:28:00.449791+00:00,Telco,MAR,"missing totalCharges -> tenure, 10%",Mean/Mode,,2375,TotalCharges,2162.7894042351454,7904.25,5741.460595764855,tabular_imputer
2026-05-08T13:28:00.449791+00:00,Telco,MAR,"missing totalCharges -> tenure, 10%",Mean/Mode,,2377,TotalCharges,2162.7894042351454,2654.05,491.26059576485477,tabular_imputer
2026-05-08T13:28:00.449791+00:00,Telco,MAR,"missing totalCharges -> tenure, 10%",Mean/Mode,,2390,TotalCharges,2162.7894042351454,160.05,2002.7394042351455,tabular_imputer
2026-05-08T13:28:00.449791+00:00,Telco,MAR,"missing totalCharges -> tenure, 10%",Mean/Mode,,2403,TotalCharges,2162.7894042351454,6046.1,3883.310595764855,tabular_imputer
2026-05-08T13:28:00.449791+00:00,Telco,MAR,"missing totalCharges -> tenure, 10%",Mean/Mode,,2412,TotalCharges,2162.7894042351454,1445.3,717.4894042351455,tabular_imputer
2026-05-08T13:28:00.449791+00:00,Telco,MAR,"missing totalCharges -> tenure, 10%",Mean/Mode,,2440,TotalCharges,2162.7894042351454,674.55,1488.2394042351455,tabular_imputer
2026-05-08T13:28:00.449791+00:00,Telco,MAR,"missing totalCharges -> tenure, 10%",Mean/Mode,,2443,TotalCharges,2162.7894042351454,7887.25,5724.460595764855,tabular_imputer
2026-05-08T13:28:00.449791+00:00,Telco,MAR,"missing totalCharges -> tenure, 10%",Mean/Mode,,2452,TotalCharges,2162.7894042351454,1133.9,1028.8894042351453,tabular_imputer
2026-05-08T13:28:00.449791+00:00,Telco,MAR,"missing totalCharges -> tenure, 10%",Mean/Mode,,2498,TotalCharges,2162.7894042351454,1389.85,772.9394042351455,tabular_imputer
2026-05-08T13:28:00.449791+00:00,Telco,MAR,"missing totalCharges -> tenure, 10%",Mean/Mode,,2534,TotalCharges,2162.7894042351454,7317.1,5154.310595764855,tabular_imputer
2026-05-08T13:28:00.449791+00:00,Telco,MAR,"missing totalCharges -> tenure, 10%",Mean/Mode,,2540,TotalCharges,2162.7894042351454,7795.95,5633.160595764854,tabular_imputer
2026-05-08T13:28:00.449791+00:00,Telco,MAR,"missing totalCharges -> tenure, 10%",Mean/Mode,,2557,TotalCharges,2162.7894042351454,141.7,2021.0894042351454,tabular_imputer
2026-05-08T13:28:00.449791+00:00,Telco,MAR,"missing totalCharges -> tenure, 10%",Mean/Mode,,2561,TotalCharges,2162.7894042351454,7061.65,4898.860595764854,tabular_imputer
2026-05-08T13:28:00.449791+00:00,Telco,MAR,"missing totalCharges -> tenure, 10%",Mean/Mode,,2563,TotalCharges,2162.7894042351454,2655.25,492.4605957648546,tabular_imputer
2026-05-08T13:28:00.449791+00:00,Telco,MAR,"missing totalCharges -> tenure, 10%",Mean/Mode,,2569,TotalCharges,2162.7894042351454,1871.85,290.9394042351455,tabular_imputer
2026-05-08T13:28:00.449791+00:00,Telco,MAR,"missing totalCharges -> tenure, 10%",Mean/Mode,,2570,TotalCharges,2162.7894042351454,2866.45,703.6605957648544,tabular_imputer
2026-05-08T13:28:00.449791+00:00,Telco,MAR,"missing totalCharges -> tenure, 10%",Mean/Mode,,2576,TotalCharges,2162.7894042351454,5935.1,3772.310595764855,tabular_imputer
2026-05-08T13:28:00.449791+00:00,Telco,MAR,"missing totalCharges -> tenure, 10%",Mean/Mode,,2595,TotalCharges,2162.7894042351454,5662.25,3499.4605957648546,tabular_imputer
2026-05-08T13:28:00.449791+00:00,Telco,MAR,"missing totalCharges -> tenure, 10%",Mean/Mode,,2597,TotalCharges,2162.7894042351454,7854.15,5691.360595764854,tabular_imputer
2026-05-08T13:28:00.449791+00:00,Telco,MAR,"missing totalCharges -> tenure, 10%",Mean/Mode,,2598,TotalCharges,2162.7894042351454,525.0,1637.7894042351454,tabular_imputer
2026-05-08T13:28:00.449791+00:00,Telco,MAR,"missing totalCharges -> tenure, 10%",Mean/Mode,,2605,TotalCharges,2162.7894042351454,261.3,1901.4894042351455,tabular_imputer
2026-05-08T13:28:00.449791+00:00,Telco,MAR,"missing totalCharges -> tenure, 10%",Mean/Mode,,2609,TotalCharges,2162.7894042351454,6281.45,4118.660595764854,tabular_imputer
2026-05-08T13:28:00.449791+00:00,Telco,MAR,"missing totalCharges -> tenure, 10%",Mean/Mode,,2616,TotalCharges,2162.7894042351454,260.8,1901.9894042351455,tabular_imputer
2026-05-08T13:28:00.449791+00:00,Telco,MAR,"missing totalCharges -> tenure, 10%",Mean/Mode,,2617,TotalCharges,2162.7894042351454,19.6,2143.1894042351455,tabular_imputer
2026-05-08T13:28:00.449791+00:00,Telco,MAR,"missing totalCharges -> tenure, 10%",Mean/Mode,,2621,TotalCharges,2162.7894042351454,5564.85,3402.060595764855,tabular_imputer
2026-05-08T13:28:00.449791+00:00,Telco,MAR,"missing totalCharges -> tenure, 10%",Mean/Mode,,2636,TotalCharges,2162.7894042351454,7987.6,5824.810595764855,tabular_imputer
2026-05-08T13:28:00.449791+00:00,Telco,MAR,"missing totalCharges -> tenure, 10%",Mean/Mode,,2660,TotalCharges,2162.7894042351454,670.65,1492.1394042351453,tabular_imputer
2026-05-08T13:28:00.449791+00:00,Telco,MAR,"missing totalCharges -> tenure, 10%",Mean/Mode,,2669,TotalCharges,2162.7894042351454,1789.25,373.5394042351454,tabular_imputer
2026-05-08T13:28:00.449791+00:00,Telco,MAR,"missing totalCharges -> tenure, 10%",Mean/Mode,,2685,TotalCharges,2162.7894042351454,7334.05,5171.260595764855,tabular_imputer
2026-05-08T13:28:00.449791+00:00,Telco,MAR,"missing totalCharges -> tenure, 10%",Mean/Mode,,2690,TotalCharges,2162.7894042351454,583.45,1579.3394042351454,tabular_imputer
2026-05-08T13:28:00.449791+00:00,Telco,MAR,"missing totalCharges -> tenure, 10%",Mean/Mode,,2697,TotalCharges,2162.7894042351454,6365.35,4202.560595764855,tabular_imputer
2026-05-08T13:28:00.449791+00:00,Telco,MAR,"missing totalCharges -> tenure, 10%",Mean/Mode,,2715,TotalCharges,2162.7894042351454,996.45,1166.3394042351454,tabular_imputer
2026-05-08T13:28:00.449791+00:00,Telco,MAR,"missing totalCharges -> tenure, 10%",Mean/Mode,,2717,TotalCharges,2162.7894042351454,6733.0,4570.210595764855,tabular_imputer
2026-05-08T13:28:00.449791+00:00,Telco,MAR,"missing totalCharges -> tenure, 10%",Mean/Mode,,2752,TotalCharges,2162.7894042351454,1077.5,1085.2894042351454,tabular_imputer
2026-05-08T13:28:00.449791+00:00,Telco,MAR,"missing totalCharges -> tenure, 10%",Mean/Mode,,2755,TotalCharges,2162.7894042351454,851.2,1311.5894042351454,tabular_imputer
2026-05-08T13:28:00.449791+00:00,Telco,MAR,"missing totalCharges -> tenure, 10%",Mean/Mode,,2763,TotalCharges,2162.7894042351454,5135.35,2972.560595764855,tabular_imputer
2026-05-08T13:28:00.449791+00:00,Telco,MAR,"missing totalCharges -> tenure, 10%",Mean/Mode,,2764,TotalCharges,2162.7894042351454,2000.2,162.58940423514537,tabular_imputer
2026-05-08T13:28:00.449791+00:00,Telco,MAR,"missing totalCharges -> tenure, 10%",Mean/Mode,,2788,TotalCharges,2162.7894042351454,6028.95,3866.1605957648544,tabular_imputer
2026-05-08T13:28:00.449791+00:00,Telco,MAR,"missing totalCharges -> tenure, 10%",Mean/Mode,,2791,TotalCharges,2162.7894042351454,4317.35,2154.560595764855,tabular_imputer
2026-05-08T13:28:00.449791+00:00,Telco,MAR,"missing totalCharges -> tenure, 10%",Mean/Mode,,2800,TotalCharges,2162.7894042351454,442.6,1720.1894042351455,tabular_imputer
2026-05-08T13:28:00.449791+00:00,Telco,MAR,"missing totalCharges -> tenure, 10%",Mean/Mode,,2816,TotalCharges,2162.7894042351454,8165.1,6002.310595764855,tabular_imputer
2026-05-08T13:28:00.449791+00:00,Telco,MAR,"missing totalCharges -> tenure, 10%",Mean/Mode,,2836,TotalCharges,2162.7894042351454,4920.55,2757.7605957648548,tabular_imputer
2026-05-08T13:28:00.449791+00:00,Telco,MAR,"missing totalCharges -> tenure, 10%",Mean/Mode,,2853,TotalCharges,2162.7894042351454,4765.0,2602.2105957648546,tabular_imputer
2026-05-08T13:28:00.449791+00:00,Telco,MAR,"missing totalCharges -> tenure, 10%",Mean/Mode,,2867,TotalCharges,2162.7894042351454,527.35,1635.4394042351455,tabular_imputer
2026-05-08T13:28:00.449791+00:00,Telco,MAR,"missing totalCharges -> tenure, 10%",Mean/Mode,,2871,TotalCharges,2162.7894042351454,1235.55,927.2394042351455,tabular_imputer
2026-05-08T13:28:00.449791+00:00,Telco,MAR,"missing totalCharges -> tenure, 10%",Mean/Mode,,2873,TotalCharges,2162.7894042351454,2362.1,199.3105957648545,tabular_imputer
2026-05-08T13:28:00.449791+00:00,Telco,MAR,"missing totalCharges -> tenure, 10%",Mean/Mode,,2890,TotalCharges,2162.7894042351454,3309.25,1146.4605957648546,tabular_imputer
2026-05-08T13:28:00.449791+00:00,Telco,MAR,"missing totalCharges -> tenure, 10%",Mean/Mode,,2893,TotalCharges,2162.7894042351454,1254.7,908.0894042351454,tabular_imputer
2026-05-08T13:28:00.449791+00:00,Telco,MAR,"missing totalCharges -> tenure, 10%",Mean/Mode,,2899,TotalCharges,2162.7894042351454,3888.65,1725.8605957648547,tabular_imputer
2026-05-08T13:28:00.449791+00:00,Telco,MAR,"missing totalCharges -> tenure, 10%",Mean/Mode,,2920,TotalCharges,2162.7894042351454,6155.4,3992.610595764854,tabular_imputer
2026-05-08T13:28:00.449791+00:00,Telco,MAR,"missing totalCharges -> tenure, 10%",Mean/Mode,,2922,TotalCharges,2162.7894042351454,2602.9,440.1105957648547,tabular_imputer
2026-05-08T13:28:00.449791+00:00,Telco,MAR,"missing totalCharges -> tenure, 10%",Mean/Mode,,2923,TotalCharges,2162.7894042351454,4667.0,2504.2105957648546,tabular_imputer
2026-05-08T13:28:00.449791+00:00,Telco,MAR,"missing totalCharges -> tenure, 10%",Mean/Mode,,2928,TotalCharges,2162.7894042351454,6683.4,4520.610595764854,tabular_imputer
2026-05-08T13:28:00.449791+00:00,Telco,MAR,"missing totalCharges -> tenure, 10%",Mean/Mode,,2935,TotalCharges,2162.7894042351454,6045.9,3883.110595764854,tabular_imputer
2026-05-08T13:28:00.449791+00:00,Telco,MAR,"missing totalCharges -> tenure, 10%",Mean/Mode,,2937,TotalCharges,2162.7894042351454,5980.75,3817.9605957648546,tabular_imputer
2026-05-08T13:28:00.449791+00:00,Telco,MAR,"missing totalCharges -> tenure, 10%",Mean/Mode,,2940,TotalCharges,2162.7894042351454,2854.55,691.7605957648548,tabular_imputer
2026-05-08T13:28:00.449791+00:00,Telco,MAR,"missing totalCharges -> tenure, 10%",Mean/Mode,,2947,TotalCharges,2162.7894042351454,4494.65,2331.860595764854,tabular_imputer
2026-05-08T13:28:00.449791+00:00,Telco,MAR,"missing totalCharges -> tenure, 10%",Mean/Mode,,2986,TotalCharges,2162.7894042351454,3842.6,1679.8105957648545,tabular_imputer
2026-05-08T13:28:00.449791+00:00,Telco,MAR,"missing totalCharges -> tenure, 10%",Mean/Mode,,3003,TotalCharges,2162.7894042351454,2180.55,17.76059576485477,tabular_imputer
2026-05-08T13:28:00.449791+00:00,Telco,MAR,"missing totalCharges -> tenure, 10%",Mean/Mode,,3025,TotalCharges,2162.7894042351454,1688.9,473.8894042351453,tabular_imputer
2026-05-08T13:28:00.449791+00:00,Telco,MAR,"missing totalCharges -> tenure, 10%",Mean/Mode,,3032,TotalCharges,2162.7894042351454,369.05,1793.7394042351455,tabular_imputer
2026-05-08T13:28:00.449791+00:00,Telco,MAR,"missing totalCharges -> tenure, 10%",Mean/Mode,,3036,TotalCharges,2162.7894042351454,3321.35,1158.5605957648545,tabular_imputer
2026-05-08T13:28:00.449791+00:00,Telco,MAR,"missing totalCharges -> tenure, 10%",Mean/Mode,,3038,TotalCharges,2162.7894042351454,7112.15,4949.360595764854,tabular_imputer
2026-05-08T13:28:00.449791+00:00,Telco,MAR,"missing totalCharges -> tenure, 10%",Mean/Mode,,3047,TotalCharges,2162.7894042351454,2585.95,423.1605957648544,tabular_imputer
2026-05-08T13:28:00.449791+00:00,Telco,MAR,"missing totalCharges -> tenure, 10%",Mean/Mode,,3055,TotalCharges,2162.7894042351454,3678.3,1515.5105957648548,tabular_imputer
2026-05-08T13:28:00.449791+00:00,Telco,MAR,"missing totalCharges -> tenure, 10%",Mean/Mode,,3068,TotalCharges,2162.7894042351454,4911.05,2748.2605957648548,tabular_imputer
2026-05-08T13:28:00.449791+00:00,Telco,MAR,"missing totalCharges -> tenure, 10%",Mean/Mode,,3071,TotalCharges,2162.7894042351454,4318.35,2155.560595764855,tabular_imputer
2026-05-08T13:28:00.449791+00:00,Telco,MAR,"missing totalCharges -> tenure, 10%",Mean/Mode,,3075,TotalCharges,2162.7894042351454,7472.15,5309.360595764854,tabular_imputer
2026-05-08T13:28:00.449791+00:00,Telco,MAR,"missing totalCharges -> tenure, 10%",Mean/Mode,,3077,TotalCharges,2162.7894042351454,2296.25,133.4605957648546,tabular_imputer
2026-05-08T13:28:00.449791+00:00,Telco,MAR,"missing totalCharges -> tenure, 10%",Mean/Mode,,3084,TotalCharges,2162.7894042351454,163.7,1999.0894042351454,tabular_imputer
2026-05-08T13:28:00.449791+00:00,Telco,MAR,"missing totalCharges -> tenure, 10%",Mean/Mode,,3096,TotalCharges,2162.7894042351454,4310.35,2147.560595764855,tabular_imputer
2026-05-08T13:28:00.449791+00:00,Telco,MAR,"missing totalCharges -> tenure, 10%",Mean/Mode,,3111,TotalCharges,2162.7894042351454,7372.65,5209.860595764854,tabular_imputer
2026-05-08T13:28:00.449791+00:00,Telco,MAR,"missing totalCharges -> tenure, 10%",Mean/Mode,,3117,TotalCharges,2162.7894042351454,7475.85,5313.060595764855,tabular_imputer
2026-05-08T13:28:00.449791+00:00,Telco,MAR,"missing totalCharges -> tenure, 10%",Mean/Mode,,3134,TotalCharges,2162.7894042351454,702.9,1459.8894042351453,tabular_imputer
2026-05-08T13:28:00.449791+00:00,Telco,MAR,"missing totalCharges -> tenure, 10%",Mean/Mode,,3156,TotalCharges,2162.7894042351454,461.3,1701.4894042351455,tabular_imputer
2026-05-08T13:28:00.449791+00:00,Telco,MAR,"missing totalCharges -> tenure, 10%",Mean/Mode,,3157,TotalCharges,2162.7894042351454,431.0,1731.7894042351454,tabular_imputer
2026-05-08T13:28:00.449791+00:00,Telco,MAR,"missing totalCharges -> tenure, 10%",Mean/Mode,,3166,TotalCharges,2162.7894042351454,664.4,1498.3894042351453,tabular_imputer
2026-05-08T13:28:00.449791+00:00,Telco,MAR,"missing totalCharges -> tenure, 10%",Mean/Mode,,3172,TotalCharges,2162.7894042351454,2448.75,285.9605957648546,tabular_imputer
2026-05-08T13:28:00.449791+00:00,Telco,MAR,"missing totalCharges -> tenure, 10%",Mean/Mode,,3190,TotalCharges,2162.7894042351454,3632.0,1469.2105957648546,tabular_imputer
2026-05-08T13:28:00.449791+00:00,Telco,MAR,"missing totalCharges -> tenure, 10%",Mean/Mode,,3196,TotalCharges,2162.7894042351454,71.2,2091.5894042351456,tabular_imputer
2026-05-08T13:28:00.449791+00:00,Telco,MAR,"missing totalCharges -> tenure, 10%",Mean/Mode,,3199,TotalCharges,2162.7894042351454,1821.8,340.98940423514546,tabular_imputer
2026-05-08T13:28:00.449791+00:00,Telco,MAR,"missing totalCharges -> tenure, 10%",Mean/Mode,,3201,TotalCharges,2162.7894042351454,4024.2,1861.4105957648544,tabular_imputer
2026-05-08T13:28:00.449791+00:00,Telco,MAR,"missing totalCharges -> tenure, 10%",Mean/Mode,,3208,TotalCharges,2162.7894042351454,3420.5,1257.7105957648546,tabular_imputer
2026-05-08T13:28:00.449791+00:00,Telco,MAR,"missing totalCharges -> tenure, 10%",Mean/Mode,,3230,TotalCharges,2162.7894042351454,1245.6,917.1894042351455,tabular_imputer
2026-05-08T13:28:00.449791+00:00,Telco,MAR,"missing totalCharges -> tenure, 10%",Mean/Mode,,3234,TotalCharges,2162.7894042351454,452.55,1710.2394042351455,tabular_imputer
2026-05-08T13:28:00.449791+00:00,Telco,MAR,"missing totalCharges -> tenure, 10%",Mean/Mode,,3256,TotalCharges,2162.7894042351454,5264.5,3101.7105957648546,tabular_imputer
2026-05-08T13:28:00.449791+00:00,Telco,MAR,"missing totalCharges -> tenure, 10%",Mean/Mode,,3263,TotalCharges,2162.7894042351454,4433.3,2270.5105957648548,tabular_imputer
2026-05-08T13:28:00.449791+00:00,Telco,MAR,"missing totalCharges -> tenure, 10%",Mean/Mode,,3279,TotalCharges,2162.7894042351454,1423.35,739.4394042351455,tabular_imputer
2026-05-08T13:28:00.449791+00:00,Telco,MAR,"missing totalCharges -> tenure, 10%",Mean/Mode,,3284,TotalCharges,2162.7894042351454,3369.05,1206.2605957648548,tabular_imputer
2026-05-08T13:28:00.449791+00:00,Telco,MAR,"missing totalCharges -> tenure, 10%",Mean/Mode,,3289,TotalCharges,2162.7894042351454,3645.05,1482.2605957648548,tabular_imputer
2026-05-08T13:28:00.449791+00:00,Telco,MAR,"missing totalCharges -> tenure, 10%",Mean/Mode,,3295,TotalCharges,2162.7894042351454,5714.2,3551.4105957648544,tabular_imputer
2026-05-08T13:28:00.449791+00:00,Telco,MAR,"missing totalCharges -> tenure, 10%",Mean/Mode,,3311,TotalCharges,2162.7894042351454,2104.55,58.23940423514523,tabular_imputer
2026-05-08T13:28:00.449791+00:00,Telco,MAR,"missing totalCharges -> tenure, 10%",Mean/Mode,,3314,TotalCharges,2162.7894042351454,3019.1,856.3105957648545,tabular_imputer
2026-05-08T13:28:00.449791+00:00,Telco,MAR,"missing totalCharges -> tenure, 10%",Mean/Mode,,3326,TotalCharges,2162.7894042351454,2497.35,334.5605957648545,tabular_imputer
2026-05-08T13:28:00.449791+00:00,Telco,MAR,"missing totalCharges -> tenure, 10%",Mean/Mode,,3345,TotalCharges,2162.7894042351454,7323.15,5160.360595764854,tabular_imputer
2026-05-08T13:28:00.449791+00:00,Telco,MAR,"missing totalCharges -> tenure, 10%",Mean/Mode,,3351,TotalCharges,2162.7894042351454,834.15,1328.6394042351453,tabular_imputer
2026-05-08T13:28:00.449791+00:00,Telco,MAR,"missing totalCharges -> tenure, 10%",Mean/Mode,,3364,TotalCharges,2162.7894042351454,2254.2,91.4105957648544,tabular_imputer
2026-05-08T13:28:00.449791+00:00,Telco,MAR,"missing totalCharges -> tenure, 10%",Mean/Mode,,3367,TotalCharges,2162.7894042351454,4652.4,2489.610595764854,tabular_imputer
2026-05-08T13:28:00.449791+00:00,Telco,MAR,"missing totalCharges -> tenure, 10%",Mean/Mode,,3377,TotalCharges,2162.7894042351454,1629.2,533.5894042351454,tabular_imputer
2026-05-08T13:28:00.449791+00:00,Telco,MAR,"missing totalCharges -> tenure, 10%",Mean/Mode,,3378,TotalCharges,2162.7894042351454,6033.1,3870.310595764855,tabular_imputer
2026-05-08T13:28:00.449791+00:00,Telco,MAR,"missing totalCharges -> tenure, 10%",Mean/Mode,,3392,TotalCharges,2162.7894042351454,2413.05,250.26059576485477,tabular_imputer
2026-05-08T13:28:00.449791+00:00,Telco,MAR,"missing totalCharges -> tenure, 10%",Mean/Mode,,3399,TotalCharges,2162.7894042351454,3373.4,1210.6105957648547,tabular_imputer
2026-05-08T13:28:00.449791+00:00,Telco,MAR,"missing totalCharges -> tenure, 10%",Mean/Mode,,3408,TotalCharges,2162.7894042351454,151.3,2011.4894042351455,tabular_imputer
2026-05-08T13:28:00.449791+00:00,Telco,MAR,"missing totalCharges -> tenure, 10%",Mean/Mode,,3409,TotalCharges,2162.7894042351454,7714.65,5551.860595764854,tabular_imputer
2026-05-08T13:28:00.449791+00:00,Telco,MAR,"missing totalCharges -> tenure, 10%",Mean/Mode,,3437,TotalCharges,2162.7894042351454,2364.0,201.2105957648546,tabular_imputer
2026-05-08T13:28:00.449791+00:00,Telco,MAR,"missing totalCharges -> tenure, 10%",Mean/Mode,,3447,TotalCharges,2162.7894042351454,3213.75,1050.9605957648546,tabular_imputer
2026-05-08T13:28:00.449791+00:00,Telco,MAR,"missing totalCharges -> tenure, 10%",Mean/Mode,,3451,TotalCharges,2162.7894042351454,4555.2,2392.4105957648544,tabular_imputer
2026-05-08T13:28:00.449791+00:00,Telco,MAR,"missing totalCharges -> tenure, 10%",Mean/Mode,,3454,TotalCharges,2162.7894042351454,1025.15,1137.6394042351453,tabular_imputer
2026-05-08T13:28:00.449791+00:00,Telco,MAR,"missing totalCharges -> tenure, 10%",Mean/Mode,,3459,TotalCharges,2162.7894042351454,789.55,1373.2394042351455,tabular_imputer
2026-05-08T13:28:00.449791+00:00,Telco,MAR,"missing totalCharges -> tenure, 10%",Mean/Mode,,3461,TotalCharges,2162.7894042351454,3131.8,969.0105957648548,tabular_imputer
2026-05-08T13:28:00.449791+00:00,Telco,MAR,"missing totalCharges -> tenure, 10%",Mean/Mode,,3473,TotalCharges,2162.7894042351454,4512.7,2349.9105957648544,tabular_imputer
2026-05-08T13:28:00.449791+00:00,Telco,MAR,"missing totalCharges -> tenure, 10%",Mean/Mode,,3482,TotalCharges,2162.7894042351454,865.85,1296.9394042351455,tabular_imputer
2026-05-08T13:28:00.449791+00:00,Telco,MAR,"missing totalCharges -> tenure, 10%",Mean/Mode,,3487,TotalCharges,2162.7894042351454,1078.75,1084.0394042351454,tabular_imputer
2026-05-08T13:28:00.449791+00:00,Telco,MAR,"missing totalCharges -> tenure, 10%",Mean/Mode,,3488,TotalCharges,2162.7894042351454,542.4,1620.3894042351453,tabular_imputer
2026-05-08T13:28:00.449791+00:00,Telco,MAR,"missing totalCharges -> tenure, 10%",Mean/Mode,,3511,TotalCharges,2162.7894042351454,1279.0,883.7894042351454,tabular_imputer
2026-05-08T13:28:00.449791+00:00,Telco,MAR,"missing totalCharges -> tenure, 10%",Mean/Mode,,3523,TotalCharges,2162.7894042351454,7965.95,5803.160595764854,tabular_imputer
2026-05-08T13:28:00.449791+00:00,Telco,MAR,"missing totalCharges -> tenure, 10%",Mean/Mode,,3540,TotalCharges,2162.7894042351454,7726.35,5563.560595764855,tabular_imputer
2026-05-08T13:28:00.449791+00:00,Telco,MAR,"missing totalCharges -> tenure, 10%",Mean/Mode,,3541,TotalCharges,2162.7894042351454,2070.75,92.03940423514541,tabular_imputer
2026-05-08T13:28:00.449791+00:00,Telco,MAR,"missing totalCharges -> tenure, 10%",Mean/Mode,,3555,TotalCharges,2162.7894042351454,1734.5,428.2894042351454,tabular_imputer
2026-05-08T13:28:00.449791+00:00,Telco,MAR,"missing totalCharges -> tenure, 10%",Mean/Mode,,3563,TotalCharges,2162.7894042351454,2595.85,433.0605957648545,tabular_imputer
2026-05-08T13:28:00.449791+00:00,Telco,MAR,"missing totalCharges -> tenure, 10%",Mean/Mode,,3565,TotalCharges,2162.7894042351454,50.75,2112.0394042351454,tabular_imputer
2026-05-08T13:28:00.449791+00:00,Telco,MAR,"missing totalCharges -> tenure, 10%",Mean/Mode,,3576,TotalCharges,2162.7894042351454,1623.15,539.6394042351453,tabular_imputer
2026-05-08T13:28:00.449791+00:00,Telco,MAR,"missing totalCharges -> tenure, 10%",Mean/Mode,,3593,TotalCharges,2162.7894042351454,551.35,1611.4394042351455,tabular_imputer
2026-05-08T13:28:00.449791+00:00,Telco,MAR,"missing totalCharges -> tenure, 10%",Mean/Mode,,3595,TotalCharges,2162.7894042351454,115.95,2046.8394042351454,tabular_imputer
2026-05-08T13:28:00.449791+00:00,Telco,MAR,"missing totalCharges -> tenure, 10%",Mean/Mode,,3620,TotalCharges,2162.7894042351454,1750.85,411.9394042351455,tabular_imputer
2026-05-08T13:28:00.449791+00:00,Telco,MAR,"missing totalCharges -> tenure, 10%",Mean/Mode,,3623,TotalCharges,2162.7894042351454,2575.45,412.6605957648544,tabular_imputer
2026-05-08T13:28:00.449791+00:00,Telco,MAR,"missing totalCharges -> tenure, 10%",Mean/Mode,,3634,TotalCharges,2162.7894042351454,7845.8,5683.010595764855,tabular_imputer
2026-05-08T13:28:00.449791+00:00,Telco,MAR,"missing totalCharges -> tenure, 10%",Mean/Mode,,3637,TotalCharges,2162.7894042351454,178.5,1984.2894042351454,tabular_imputer
2026-05-08T13:28:00.449791+00:00,Telco,MAR,"missing totalCharges -> tenure, 10%",Mean/Mode,,3640,TotalCharges,2162.7894042351454,2745.2,582.4105957648544,tabular_imputer
2026-05-08T13:28:00.449791+00:00,Telco,MAR,"missing totalCharges -> tenure, 10%",Mean/Mode,,3646,TotalCharges,2162.7894042351454,3219.75,1056.9605957648546,tabular_imputer
2026-05-08T13:28:00.449791+00:00,Telco,MAR,"missing totalCharges -> tenure, 10%",Mean/Mode,,3665,TotalCharges,2162.7894042351454,6994.6,4831.810595764855,tabular_imputer
2026-05-08T13:28:00.449791+00:00,Telco,MAR,"missing totalCharges -> tenure, 10%",Mean/Mode,,3676,TotalCharges,2162.7894042351454,2044.75,118.03940423514541,tabular_imputer
2026-05-08T13:28:00.449791+00:00,Telco,MAR,"missing totalCharges -> tenure, 10%",Mean/Mode,,3681,TotalCharges,2162.7894042351454,4680.05,2517.2605957648548,tabular_imputer
2026-05-08T13:28:00.449791+00:00,Telco,MAR,"missing totalCharges -> tenure, 10%",Mean/Mode,,3695,TotalCharges,2162.7894042351454,3089.6,926.8105957648545,tabular_imputer
2026-05-08T13:28:00.449791+00:00,Telco,MAR,"missing totalCharges -> tenure, 10%",Mean/Mode,,3704,TotalCharges,2162.7894042351454,5163.0,3000.2105957648546,tabular_imputer
2026-05-08T13:28:00.449791+00:00,Telco,MAR,"missing totalCharges -> tenure, 10%",Mean/Mode,,3712,TotalCharges,2162.7894042351454,2774.55,611.7605957648548,tabular_imputer
2026-05-08T13:28:00.449791+00:00,Telco,MAR,"missing totalCharges -> tenure, 10%",Mean/Mode,,3748,TotalCharges,2162.7894042351454,3771.5,1608.7105957648546,tabular_imputer
2026-05-08T13:28:00.449791+00:00,Telco,MAR,"missing totalCharges -> tenure, 10%",Mean/Mode,,3761,TotalCharges,2162.7894042351454,5919.35,3756.560595764855,tabular_imputer
2026-05-08T13:28:00.449791+00:00,Telco,MAR,"missing totalCharges -> tenure, 10%",Mean/Mode,,3767,TotalCharges,2162.7894042351454,8240.85,6078.060595764855,tabular_imputer
2026-05-08T13:28:00.449791+00:00,Telco,MAR,"missing totalCharges -> tenure, 10%",Mean/Mode,,3777,TotalCharges,2162.7894042351454,890.5,1272.2894042351454,tabular_imputer
2026-05-08T13:28:00.449791+00:00,Telco,MAR,"missing totalCharges -> tenure, 10%",Mean/Mode,,3797,TotalCharges,2162.7894042351454,3581.6,1418.8105957648545,tabular_imputer
2026-05-08T13:28:00.449791+00:00,Telco,MAR,"missing totalCharges -> tenure, 10%",Mean/Mode,,3801,TotalCharges,2162.7894042351454,1505.85,656.9394042351455,tabular_imputer
2026-05-08T13:28:00.449791+00:00,Telco,MAR,"missing totalCharges -> tenure, 10%",Mean/Mode,,3828,TotalCharges,2162.7894042351454,1319.95,842.8394042351454,tabular_imputer
2026-05-08T13:28:00.449791+00:00,Telco,MAR,"missing totalCharges -> tenure, 10%",Mean/Mode,,3837,TotalCharges,2162.7894042351454,443.9,1718.8894042351453,tabular_imputer
2026-05-08T13:28:00.449791+00:00,Telco,MAR,"missing totalCharges -> tenure, 10%",Mean/Mode,,3897,TotalCharges,2162.7894042351454,8425.15,6262.360595764854,tabular_imputer
2026-05-08T13:28:00.449791+00:00,Telco,MAR,"missing totalCharges -> tenure, 10%",Mean/Mode,,3924,TotalCharges,2162.7894042351454,4029.95,1867.1605957648544,tabular_imputer
2026-05-08T13:28:00.449791+00:00,Telco,MAR,"missing totalCharges -> tenure, 10%",Mean/Mode,,3929,TotalCharges,2162.7894042351454,2230.85,68.0605957648545,tabular_imputer
2026-05-08T13:28:00.449791+00:00,Telco,MAR,"missing totalCharges -> tenure, 10%",Mean/Mode,,3931,TotalCharges,2162.7894042351454,1837.7,325.08940423514537,tabular_imputer
2026-05-08T13:28:00.449791+00:00,Telco,MAR,"missing totalCharges -> tenure, 10%",Mean/Mode,,3936,TotalCharges,2162.7894042351454,576.95,1585.8394042351454,tabular_imputer
2026-05-08T13:28:00.449791+00:00,Telco,MAR,"missing totalCharges -> tenure, 10%",Mean/Mode,,3941,TotalCharges,2162.7894042351454,174.7,1988.0894042351454,tabular_imputer
2026-05-08T13:28:00.449791+00:00,Telco,MAR,"missing totalCharges -> tenure, 10%",Mean/Mode,,3948,TotalCharges,2162.7894042351454,4968.0,2805.2105957648546,tabular_imputer
2026-05-08T13:28:00.449791+00:00,Telco,MAR,"missing totalCharges -> tenure, 10%",Mean/Mode,,3949,TotalCharges,2162.7894042351454,992.7,1170.0894042351454,tabular_imputer
2026-05-08T13:28:00.449791+00:00,Telco,MAR,"missing totalCharges -> tenure, 10%",Mean/Mode,,3952,TotalCharges,2162.7894042351454,7806.6,5643.810595764855,tabular_imputer
2026-05-08T13:28:00.449791+00:00,Telco,MAR,"missing totalCharges -> tenure, 10%",Mean/Mode,,3959,TotalCharges,2162.7894042351454,3645.5,1482.7105957648546,tabular_imputer
2026-05-08T13:28:00.449791+00:00,Telco,MAR,"missing totalCharges -> tenure, 10%",Mean/Mode,,3972,TotalCharges,2162.7894042351454,2298.55,135.76059576485477,tabular_imputer
2026-05-08T13:28:00.449791+00:00,Telco,MAR,"missing totalCharges -> tenure, 10%",Mean/Mode,,3980,TotalCharges,2162.7894042351454,2979.5,816.7105957648546,tabular_imputer
2026-05-08T13:28:00.449791+00:00,Telco,MAR,"missing totalCharges -> tenure, 10%",Mean/Mode,,3984,TotalCharges,2162.7894042351454,1857.85,304.9394042351455,tabular_imputer
2026-05-08T13:28:00.449791+00:00,Telco,MAR,"missing totalCharges -> tenure, 10%",Mean/Mode,,4008,TotalCharges,2162.7894042351454,2898.95,736.1605957648544,tabular_imputer
2026-05-08T13:28:00.449791+00:00,Telco,MAR,"missing totalCharges -> tenure, 10%",Mean/Mode,,4009,TotalCharges,2162.7894042351454,5309.5,3146.7105957648546,tabular_imputer
2026-05-08T13:28:00.449791+00:00,Telco,MAR,"missing totalCharges -> tenure, 10%",Mean/Mode,,4015,TotalCharges,2162.7894042351454,1893.5,269.2894042351454,tabular_imputer
2026-05-08T13:28:00.449791+00:00,Telco,MAR,"missing totalCharges -> tenure, 10%",Mean/Mode,,4035,TotalCharges,2162.7894042351454,4631.7,2468.9105957648544,tabular_imputer
2026-05-08T13:28:00.449791+00:00,Telco,MAR,"missing totalCharges -> tenure, 10%",Mean/Mode,,4049,TotalCharges,2162.7894042351454,4753.85,2591.060595764855,tabular_imputer
2026-05-08T13:28:00.449791+00:00,Telco,MAR,"missing totalCharges -> tenure, 10%",Mean/Mode,,4051,TotalCharges,2162.7894042351454,6869.7,4706.910595764854,tabular_imputer
2026-05-08T13:28:00.449791+00:00,Telco,MAR,"missing totalCharges -> tenure, 10%",Mean/Mode,,4057,TotalCharges,2162.7894042351454,1859.2,303.58940423514537,tabular_imputer
2026-05-08T13:28:00.449791+00:00,Telco,MAR,"missing totalCharges -> tenure, 10%",Mean/Mode,,4075,TotalCharges,2162.7894042351454,2546.85,384.0605957648545,tabular_imputer
2026-05-08T13:28:00.449791+00:00,Telco,MAR,"missing totalCharges -> tenure, 10%",Mean/Mode,,4103,TotalCharges,2162.7894042351454,6511.8,4349.010595764855,tabular_imputer
2026-05-08T13:28:00.449791+00:00,Telco,MAR,"missing totalCharges -> tenure, 10%",Mean/Mode,,4110,TotalCharges,2162.7894042351454,4664.15,2501.360595764854,tabular_imputer
2026-05-08T13:28:00.449791+00:00,Telco,MAR,"missing totalCharges -> tenure, 10%",Mean/Mode,,4121,TotalCharges,2162.7894042351454,2510.2,347.4105957648544,tabular_imputer
2026-05-08T13:28:00.449791+00:00,Telco,MAR,"missing totalCharges -> tenure, 10%",Mean/Mode,,4142,TotalCharges,2162.7894042351454,3870.0,1707.2105957648546,tabular_imputer
2026-05-08T13:28:00.449791+00:00,Telco,MAR,"missing totalCharges -> tenure, 10%",Mean/Mode,,4155,TotalCharges,2162.7894042351454,8436.25,6273.460595764855,tabular_imputer
2026-05-08T13:28:00.449791+00:00,Telco,MAR,"missing totalCharges -> tenure, 10%",Mean/Mode,,4162,TotalCharges,2162.7894042351454,4575.35,2412.560595764855,tabular_imputer
2026-05-08T13:28:00.449791+00:00,Telco,MAR,"missing totalCharges -> tenure, 10%",Mean/Mode,,4164,TotalCharges,2162.7894042351454,7922.75,5759.960595764855,tabular_imputer
2026-05-08T13:28:00.449791+00:00,Telco,MAR,"missing totalCharges -> tenure, 10%",Mean/Mode,,4167,TotalCharges,2162.7894042351454,3876.2,1713.4105957648544,tabular_imputer
2026-05-08T13:28:00.449791+00:00,Telco,MAR,"missing totalCharges -> tenure, 10%",Mean/Mode,,4168,TotalCharges,2162.7894042351454,3778.85,1616.0605957648545,tabular_imputer
2026-05-08T13:28:00.449791+00:00,Telco,MAR,"missing totalCharges -> tenure, 10%",Mean/Mode,,4181,TotalCharges,2162.7894042351454,6164.7,4001.9105957648544,tabular_imputer
2026-05-08T13:28:00.449791+00:00,Telco,MAR,"missing totalCharges -> tenure, 10%",Mean/Mode,,4182,TotalCharges,2162.7894042351454,2862.75,699.9605957648546,tabular_imputer
2026-05-08T13:28:00.449791+00:00,Telco,MAR,"missing totalCharges -> tenure, 10%",Mean/Mode,,4186,TotalCharges,2162.7894042351454,6590.5,4427.710595764855,tabular_imputer
2026-05-08T13:28:00.449791+00:00,Telco,MAR,"missing totalCharges -> tenure, 10%",Mean/Mode,,4188,TotalCharges,2162.7894042351454,2890.65,727.8605957648547,tabular_imputer
2026-05-08T13:28:00.449791+00:00,Telco,MAR,"missing totalCharges -> tenure, 10%",Mean/Mode,,4189,TotalCharges,2162.7894042351454,4885.85,2723.060595764855,tabular_imputer
2026-05-08T13:28:00.449791+00:00,Telco,MAR,"missing totalCharges -> tenure, 10%",Mean/Mode,,4203,TotalCharges,2162.7894042351454,96.8,2065.9894042351452,tabular_imputer
2026-05-08T13:28:00.449791+00:00,Telco,MAR,"missing totalCharges -> tenure, 10%",Mean/Mode,,4208,TotalCharges,2162.7894042351454,4263.4,2100.610595764854,tabular_imputer
2026-05-08T13:28:00.449791+00:00,Telco,MAR,"missing totalCharges -> tenure, 10%",Mean/Mode,,4215,TotalCharges,2162.7894042351454,7840.6,5677.810595764855,tabular_imputer
2026-05-08T13:28:00.449791+00:00,Telco,MAR,"missing totalCharges -> tenure, 10%",Mean/Mode,,4219,TotalCharges,2162.7894042351454,3772.65,1609.8605957648547,tabular_imputer
2026-05-08T13:28:00.449791+00:00,Telco,MAR,"missing totalCharges -> tenure, 10%",Mean/Mode,,4238,TotalCharges,2162.7894042351454,1061.6,1101.1894042351455,tabular_imputer
2026-05-08T13:28:00.449791+00:00,Telco,MAR,"missing totalCharges -> tenure, 10%",Mean/Mode,,4245,TotalCharges,2162.7894042351454,1275.85,886.9394042351455,tabular_imputer
2026-05-08T13:28:00.449791+00:00,Telco,MAR,"missing totalCharges -> tenure, 10%",Mean/Mode,,4252,TotalCharges,2162.7894042351454,1033.9,1128.8894042351453,tabular_imputer
2026-05-08T13:28:00.449791+00:00,Telco,MAR,"missing totalCharges -> tenure, 10%",Mean/Mode,,4266,TotalCharges,2162.7894042351454,6529.25,4366.460595764855,tabular_imputer
2026-05-08T13:28:00.449791+00:00,Telco,MAR,"missing totalCharges -> tenure, 10%",Mean/Mode,,4284,TotalCharges,2162.7894042351454,2897.95,735.1605957648544,tabular_imputer
2026-05-08T13:28:00.449791+00:00,Telco,MAR,"missing totalCharges -> tenure, 10%",Mean/Mode,,4318,TotalCharges,2162.7894042351454,4284.65,2121.860595764854,tabular_imputer
2026-05-08T13:28:00.449791+00:00,Telco,MAR,"missing totalCharges -> tenure, 10%",Mean/Mode,,4320,TotalCharges,2162.7894042351454,1539.75,623.0394042351454,tabular_imputer
2026-05-08T13:28:00.449791+00:00,Telco,MAR,"missing totalCharges -> tenure, 10%",Mean/Mode,,4343,TotalCharges,2162.7894042351454,606.25,1556.5394042351454,tabular_imputer
2026-05-08T13:28:00.449791+00:00,Telco,MAR,"missing totalCharges -> tenure, 10%",Mean/Mode,,4357,TotalCharges,2162.7894042351454,330.8,1831.9894042351455,tabular_imputer
2026-05-08T13:28:00.449791+00:00,Telco,MAR,"missing totalCharges -> tenure, 10%",Mean/Mode,,4359,TotalCharges,2162.7894042351454,2249.1,86.3105957648545,tabular_imputer
2026-05-08T13:28:00.449791+00:00,Telco,MAR,"missing totalCharges -> tenure, 10%",Mean/Mode,,4386,TotalCharges,2162.7894042351454,3046.4,883.6105957648547,tabular_imputer
2026-05-08T13:28:00.449791+00:00,Telco,MAR,"missing totalCharges -> tenure, 10%",Mean/Mode,,4398,TotalCharges,2162.7894042351454,4858.7,2695.9105957648544,tabular_imputer
2026-05-08T13:28:00.449791+00:00,Telco,MAR,"missing totalCharges -> tenure, 10%",Mean/Mode,,4427,TotalCharges,2162.7894042351454,4917.75,2754.9605957648546,tabular_imputer
2026-05-08T13:28:00.449791+00:00,Telco,MAR,"missing totalCharges -> tenure, 10%",Mean/Mode,,4436,TotalCharges,2162.7894042351454,1297.8,864.9894042351455,tabular_imputer
2026-05-08T13:28:00.449791+00:00,Telco,MAR,"missing totalCharges -> tenure, 10%",Mean/Mode,,4456,TotalCharges,2162.7894042351454,1614.9,547.8894042351453,tabular_imputer
2026-05-08T13:28:00.449791+00:00,Telco,MAR,"missing totalCharges -> tenure, 10%",Mean/Mode,,4457,TotalCharges,2162.7894042351454,1573.95,588.8394042351454,tabular_imputer
2026-05-08T13:28:00.449791+00:00,Telco,MAR,"missing totalCharges -> tenure, 10%",Mean/Mode,,4463,TotalCharges,2162.7894042351454,69.85,2092.9394042351455,tabular_imputer
2026-05-08T13:28:00.449791+00:00,Telco,MAR,"missing totalCharges -> tenure, 10%",Mean/Mode,,4470,TotalCharges,2162.7894042351454,322.5,1840.2894042351454,tabular_imputer
2026-05-08T13:28:00.449791+00:00,Telco,MAR,"missing totalCharges -> tenure, 10%",Mean/Mode,,4481,TotalCharges,2162.7894042351454,1626.05,536.7394042351455,tabular_imputer
2026-05-08T13:28:00.449791+00:00,Telco,MAR,"missing totalCharges -> tenure, 10%",Mean/Mode,,4486,TotalCharges,2162.7894042351454,5500.6,3337.810595764855,tabular_imputer
2026-05-08T13:28:00.449791+00:00,Telco,MAR,"missing totalCharges -> tenure, 10%",Mean/Mode,,4488,TotalCharges,2162.7894042351454,3229.4,1066.6105957648547,tabular_imputer
2026-05-08T13:28:00.449791+00:00,Telco,MAR,"missing totalCharges -> tenure, 10%",Mean/Mode,,4491,TotalCharges,2162.7894042351454,19.75,2143.0394042351454,tabular_imputer
2026-05-08T13:28:00.449791+00:00,Telco,MAR,"missing totalCharges -> tenure, 10%",Mean/Mode,,4492,TotalCharges,2162.7894042351454,1230.9,931.8894042351453,tabular_imputer
2026-05-08T13:28:00.449791+00:00,Telco,MAR,"missing totalCharges -> tenure, 10%",Mean/Mode,,4504,TotalCharges,2162.7894042351454,785.75,1377.0394042351454,tabular_imputer
2026-05-08T13:28:00.449791+00:00,Telco,MAR,"missing totalCharges -> tenure, 10%",Mean/Mode,,4507,TotalCharges,2162.7894042351454,574.5,1588.2894042351454,tabular_imputer
2026-05-08T13:28:00.449791+00:00,Telco,MAR,"missing totalCharges -> tenure, 10%",Mean/Mode,,4512,TotalCharges,2162.7894042351454,5212.65,3049.860595764854,tabular_imputer
2026-05-08T13:28:00.449791+00:00,Telco,MAR,"missing totalCharges -> tenure, 10%",Mean/Mode,,4525,TotalCharges,2162.7894042351454,2979.3,816.5105957648548,tabular_imputer
2026-05-08T13:28:00.449791+00:00,Telco,MAR,"missing totalCharges -> tenure, 10%",Mean/Mode,,4535,TotalCharges,2162.7894042351454,3046.15,883.3605957648547,tabular_imputer
2026-05-08T13:28:00.449791+00:00,Telco,MAR,"missing totalCharges -> tenure, 10%",Mean/Mode,,4550,TotalCharges,2162.7894042351454,1988.05,174.73940423514546,tabular_imputer
2026-05-08T13:28:00.449791+00:00,Telco,MAR,"missing totalCharges -> tenure, 10%",Mean/Mode,,4561,TotalCharges,2162.7894042351454,446.8,1715.9894042351455,tabular_imputer
2026-05-08T13:28:00.449791+00:00,Telco,MAR,"missing totalCharges -> tenure, 10%",Mean/Mode,,4584,TotalCharges,2162.7894042351454,5031.0,2868.2105957648546,tabular_imputer
2026-05-08T13:28:00.449791+00:00,Telco,MAR,"missing totalCharges -> tenure, 10%",Mean/Mode,,4593,TotalCharges,2162.7894042351454,246.3,1916.4894042351455,tabular_imputer
2026-05-08T13:28:00.449791+00:00,Telco,MAR,"missing totalCharges -> tenure, 10%",Mean/Mode,,4594,TotalCharges,2162.7894042351454,2110.15,52.63940423514532,tabular_imputer
2026-05-08T13:28:00.449791+00:00,Telco,MAR,"missing totalCharges -> tenure, 10%",Mean/Mode,,4598,TotalCharges,2162.7894042351454,969.85,1192.9394042351455,tabular_imputer
2026-05-08T13:28:00.449791+00:00,Telco,MAR,"missing totalCharges -> tenure, 10%",Mean/Mode,,4600,TotalCharges,2162.7894042351454,6567.9,4405.110595764854,tabular_imputer
2026-05-08T13:28:00.449791+00:00,Telco,MAR,"missing totalCharges -> tenure, 10%",Mean/Mode,,4610,TotalCharges,2162.7894042351454,8684.8,6522.010595764854,tabular_imputer
2026-05-08T13:28:00.449791+00:00,Telco,MAR,"missing totalCharges -> tenure, 10%",Mean/Mode,,4611,TotalCharges,2162.7894042351454,1776.45,386.33940423514537,tabular_imputer
2026-05-08T13:28:00.449791+00:00,Telco,MAR,"missing totalCharges -> tenure, 10%",Mean/Mode,,4612,TotalCharges,2162.7894042351454,2933.95,771.1605957648544,tabular_imputer
2026-05-08T13:28:00.449791+00:00,Telco,MAR,"missing totalCharges -> tenure, 10%",Mean/Mode,,4613,TotalCharges,2162.7894042351454,4370.25,2207.4605957648546,tabular_imputer
2026-05-08T13:28:00.449791+00:00,Telco,MAR,"missing totalCharges -> tenure, 10%",Mean/Mode,,4620,TotalCharges,2162.7894042351454,8332.15,6169.360595764854,tabular_imputer
2026-05-08T13:28:00.449791+00:00,Telco,MAR,"missing totalCharges -> tenure, 10%",Mean/Mode,,4624,TotalCharges,2162.7894042351454,740.3,1422.4894042351455,tabular_imputer
2026-05-08T13:28:00.449791+00:00,Telco,MAR,"missing totalCharges -> tenure, 10%",Mean/Mode,,4642,TotalCharges,2162.7894042351454,4820.15,2657.360595764854,tabular_imputer
2026-05-08T13:28:00.449791+00:00,Telco,MAR,"missing totalCharges -> tenure, 10%",Mean/Mode,,4656,TotalCharges,2162.7894042351454,1615.1,547.6894042351455,tabular_imputer
2026-05-08T13:28:00.449791+00:00,Telco,MAR,"missing totalCharges -> tenure, 10%",Mean/Mode,,4667,TotalCharges,2162.7894042351454,375.25,1787.5394042351454,tabular_imputer
2026-05-08T13:28:00.449791+00:00,Telco,MAR,"missing totalCharges -> tenure, 10%",Mean/Mode,,4684,TotalCharges,2162.7894042351454,7262.0,5099.210595764855,tabular_imputer
2026-05-08T13:28:00.449791+00:00,Telco,MAR,"missing totalCharges -> tenure, 10%",Mean/Mode,,4686,TotalCharges,2162.7894042351454,7748.75,5585.960595764855,tabular_imputer
2026-05-08T13:28:00.449791+00:00,Telco,MAR,"missing totalCharges -> tenure, 10%",Mean/Mode,,4691,TotalCharges,2162.7894042351454,5688.05,3525.2605957648548,tabular_imputer
2026-05-08T13:28:00.449791+00:00,Telco,MAR,"missing totalCharges -> tenure, 10%",Mean/Mode,,4699,TotalCharges,2162.7894042351454,5174.35,3011.560595764855,tabular_imputer
2026-05-08T13:28:00.449791+00:00,Telco,MAR,"missing totalCharges -> tenure, 10%",Mean/Mode,,4703,TotalCharges,2162.7894042351454,1772.25,390.5394042351454,tabular_imputer
2026-05-08T13:28:00.449791+00:00,Telco,MAR,"missing totalCharges -> tenure, 10%",Mean/Mode,,4710,TotalCharges,2162.7894042351454,217.5,1945.2894042351454,tabular_imputer
2026-05-08T13:28:00.449791+00:00,Telco,MAR,"missing totalCharges -> tenure, 10%",Mean/Mode,,4726,TotalCharges,2162.7894042351454,3580.95,1418.1605957648544,tabular_imputer
2026-05-08T13:28:00.449791+00:00,Telco,MAR,"missing totalCharges -> tenure, 10%",Mean/Mode,,4734,TotalCharges,2162.7894042351454,3182.95,1020.1605957648544,tabular_imputer
2026-05-08T13:28:00.449791+00:00,Telco,MAR,"missing totalCharges -> tenure, 10%",Mean/Mode,,4736,TotalCharges,2162.7894042351454,4620.4,2457.610595764854,tabular_imputer
2026-05-08T13:28:00.449791+00:00,Telco,MAR,"missing totalCharges -> tenure, 10%",Mean/Mode,,4743,TotalCharges,2162.7894042351454,3389.25,1226.4605957648546,tabular_imputer
2026-05-08T13:28:00.449791+00:00,Telco,MAR,"missing totalCharges -> tenure, 10%",Mean/Mode,,4744,TotalCharges,2162.7894042351454,1198.05,964.7394042351455,tabular_imputer
2026-05-08T13:28:00.449791+00:00,Telco,MAR,"missing totalCharges -> tenure, 10%",Mean/Mode,,4751,TotalCharges,2162.7894042351454,245.2,1917.5894042351454,tabular_imputer
2026-05-08T13:28:00.449791+00:00,Telco,MAR,"missing totalCharges -> tenure, 10%",Mean/Mode,,4768,TotalCharges,2162.7894042351454,1388.45,774.3394042351454,tabular_imputer
2026-05-08T13:28:00.449791+00:00,Telco,MAR,"missing totalCharges -> tenure, 10%",Mean/Mode,,4772,TotalCharges,2162.7894042351454,4134.7,1971.9105957648544,tabular_imputer
2026-05-08T13:28:00.449791+00:00,Telco,MAR,"missing totalCharges -> tenure, 10%",Mean/Mode,,4786,TotalCharges,2162.7894042351454,7634.8,5472.010595764855,tabular_imputer
2026-05-08T13:28:00.449791+00:00,Telco,MAR,"missing totalCharges -> tenure, 10%",Mean/Mode,,4790,TotalCharges,2162.7894042351454,2633.4,470.6105957648547,tabular_imputer
2026-05-08T13:28:00.449791+00:00,Telco,MAR,"missing totalCharges -> tenure, 10%",Mean/Mode,,4808,TotalCharges,2162.7894042351454,4299.95,2137.1605957648544,tabular_imputer
2026-05-08T13:28:00.449791+00:00,Telco,MAR,"missing totalCharges -> tenure, 10%",Mean/Mode,,4821,TotalCharges,2162.7894042351454,2959.8,797.0105957648548,tabular_imputer
2026-05-08T13:28:00.449791+00:00,Telco,MAR,"missing totalCharges -> tenure, 10%",Mean/Mode,,4824,TotalCharges,2162.7894042351454,7133.1,4970.310595764855,tabular_imputer
2026-05-08T13:28:00.449791+00:00,Telco,MAR,"missing totalCharges -> tenure, 10%",Mean/Mode,,4842,TotalCharges,2162.7894042351454,494.05,1668.7394042351455,tabular_imputer
2026-05-08T13:28:00.449791+00:00,Telco,MAR,"missing totalCharges -> tenure, 10%",Mean/Mode,,4844,TotalCharges,2162.7894042351454,755.4,1407.3894042351453,tabular_imputer
2026-05-08T13:28:00.449791+00:00,Telco,MAR,"missing totalCharges -> tenure, 10%",Mean/Mode,,4855,TotalCharges,2162.7894042351454,6605.55,4442.760595764855,tabular_imputer
2026-05-08T13:28:00.449791+00:00,Telco,MAR,"missing totalCharges -> tenure, 10%",Mean/Mode,,4897,TotalCharges,2162.7894042351454,469.65,1693.1394042351453,tabular_imputer
2026-05-08T13:28:00.449791+00:00,Telco,MAR,"missing totalCharges -> tenure, 10%",Mean/Mode,,4904,TotalCharges,2162.7894042351454,3645.5,1482.7105957648546,tabular_imputer
2026-05-08T13:28:00.449791+00:00,Telco,MAR,"missing totalCharges -> tenure, 10%",Mean/Mode,,4911,TotalCharges,2162.7894042351454,6141.65,3978.860595764854,tabular_imputer
2026-05-08T13:28:00.449791+00:00,Telco,MAR,"missing totalCharges -> tenure, 10%",Mean/Mode,,4918,TotalCharges,2162.7894042351454,1086.75,1076.0394042351454,tabular_imputer
2026-05-08T13:28:00.449791+00:00,Telco,MAR,"missing totalCharges -> tenure, 10%",Mean/Mode,,4921,TotalCharges,2162.7894042351454,3767.4,1604.6105957648547,tabular_imputer
2026-05-08T13:28:00.449791+00:00,Telco,MAR,"missing totalCharges -> tenure, 10%",Mean/Mode,,4922,TotalCharges,2162.7894042351454,3641.5,1478.7105957648546,tabular_imputer
2026-05-08T13:28:00.449791+00:00,Telco,MAR,"missing totalCharges -> tenure, 10%",Mean/Mode,,4933,TotalCharges,2162.7894042351454,223.75,1939.0394042351454,tabular_imputer
2026-05-08T13:28:00.449791+00:00,Telco,MAR,"missing totalCharges -> tenure, 10%",Mean/Mode,,4934,TotalCharges,2162.7894042351454,7751.7,5588.910595764854,tabular_imputer
2026-05-08T13:28:00.449791+00:00,Telco,MAR,"missing totalCharges -> tenure, 10%",Mean/Mode,,4936,TotalCharges,2162.7894042351454,4385.05,2222.2605957648548,tabular_imputer
2026-05-08T13:28:00.449791+00:00,Telco,MAR,"missing totalCharges -> tenure, 10%",Mean/Mode,,4943,TotalCharges,2162.7894042351454,5969.3,3806.5105957648548,tabular_imputer
2026-05-08T13:28:00.449791+00:00,Telco,MAR,"missing totalCharges -> tenure, 10%",Mean/Mode,,4956,TotalCharges,2162.7894042351454,742.95,1419.8394042351454,tabular_imputer
2026-05-08T13:28:00.449791+00:00,Telco,MAR,"missing totalCharges -> tenure, 10%",Mean/Mode,,4964,TotalCharges,2162.7894042351454,1834.95,327.83940423514537,tabular_imputer
2026-05-08T13:28:00.449791+00:00,Telco,MAR,"missing totalCharges -> tenure, 10%",Mean/Mode,,4981,TotalCharges,2162.7894042351454,712.75,1450.0394042351454,tabular_imputer
2026-05-08T13:28:00.449791+00:00,Telco,MAR,"missing totalCharges -> tenure, 10%",Mean/Mode,,4982,TotalCharges,2162.7894042351454,6405.0,4242.210595764855,tabular_imputer
2026-05-08T13:28:00.449791+00:00,Telco,MAR,"missing totalCharges -> tenure, 10%",Mean/Mode,,5010,TotalCharges,2162.7894042351454,5321.25,3158.4605957648546,tabular_imputer
2026-05-08T13:28:00.449791+00:00,Telco,MAR,"missing totalCharges -> tenure, 10%",Mean/Mode,,5011,TotalCharges,2162.7894042351454,4156.8,1994.0105957648548,tabular_imputer
2026-05-08T13:28:00.449791+00:00,Telco,MAR,"missing totalCharges -> tenure, 10%",Mean/Mode,,5036,TotalCharges,2162.7894042351454,1375.15,787.6394042351453,tabular_imputer
2026-05-08T13:28:00.449791+00:00,Telco,MAR,"missing totalCharges -> tenure, 10%",Mean/Mode,,5054,TotalCharges,2162.7894042351454,3674.95,1512.1605957648544,tabular_imputer
2026-05-08T13:28:00.449791+00:00,Telco,MAR,"missing totalCharges -> tenure, 10%",Mean/Mode,,5063,TotalCharges,2162.7894042351454,1852.85,309.9394042351455,tabular_imputer
2026-05-08T13:28:00.449791+00:00,Telco,MAR,"missing totalCharges -> tenure, 10%",Mean/Mode,,5068,TotalCharges,2162.7894042351454,1493.2,669.5894042351454,tabular_imputer
2026-05-08T13:28:00.449791+00:00,Telco,MAR,"missing totalCharges -> tenure, 10%",Mean/Mode,,5070,TotalCharges,2162.7894042351454,3030.6,867.8105957648545,tabular_imputer
2026-05-08T13:28:00.449791+00:00,Telco,MAR,"missing totalCharges -> tenure, 10%",Mean/Mode,,5081,TotalCharges,2162.7894042351454,3729.6,1566.8105957648545,tabular_imputer
2026-05-08T13:28:00.449791+00:00,Telco,MAR,"missing totalCharges -> tenure, 10%",Mean/Mode,,5090,TotalCharges,2162.7894042351454,673.1,1489.6894042351455,tabular_imputer
2026-05-08T13:28:00.449791+00:00,Telco,MAR,"missing totalCharges -> tenure, 10%",Mean/Mode,,5102,TotalCharges,2162.7894042351454,7881.2,5718.410595764854,tabular_imputer
2026-05-08T13:28:00.449791+00:00,Telco,MAR,"missing totalCharges -> tenure, 10%",Mean/Mode,,5126,TotalCharges,2162.7894042351454,5925.75,3762.9605957648546,tabular_imputer
2026-05-08T13:28:00.449791+00:00,Telco,MAR,"missing totalCharges -> tenure, 10%",Mean/Mode,,5133,TotalCharges,2162.7894042351454,2433.9,271.1105957648547,tabular_imputer
2026-05-08T13:28:00.449791+00:00,Telco,MAR,"missing totalCharges -> tenure, 10%",Mean/Mode,,5153,TotalCharges,2162.7894042351454,3851.45,1688.6605957648544,tabular_imputer
2026-05-08T13:28:00.449791+00:00,Telco,MAR,"missing totalCharges -> tenure, 10%",Mean/Mode,,5177,TotalCharges,2162.7894042351454,3021.6,858.8105957648545,tabular_imputer
2026-05-08T13:28:00.449791+00:00,Telco,MAR,"missing totalCharges -> tenure, 10%",Mean/Mode,,5185,TotalCharges,2162.7894042351454,3478.15,1315.3605957648547,tabular_imputer
2026-05-08T13:28:00.449791+00:00,Telco,MAR,"missing totalCharges -> tenure, 10%",Mean/Mode,,5192,TotalCharges,2162.7894042351454,1189.9,972.8894042351453,tabular_imputer
2026-05-08T13:28:00.449791+00:00,Telco,MAR,"missing totalCharges -> tenure, 10%",Mean/Mode,,5193,TotalCharges,2162.7894042351454,1914.5,248.2894042351454,tabular_imputer
2026-05-08T13:28:00.449791+00:00,Telco,MAR,"missing totalCharges -> tenure, 10%",Mean/Mode,,5202,TotalCharges,2162.7894042351454,6555.2,4392.410595764854,tabular_imputer
2026-05-08T13:28:00.449791+00:00,Telco,MAR,"missing totalCharges -> tenure, 10%",Mean/Mode,,5220,TotalCharges,2162.7894042351454,1734.5,428.2894042351454,tabular_imputer
2026-05-08T13:28:00.449791+00:00,Telco,MAR,"missing totalCharges -> tenure, 10%",Mean/Mode,,5223,TotalCharges,2162.7894042351454,1538.6,624.1894042351455,tabular_imputer
2026-05-08T13:28:00.449791+00:00,Telco,MAR,"missing totalCharges -> tenure, 10%",Mean/Mode,,5241,TotalCharges,2162.7894042351454,3627.3,1464.5105957648548,tabular_imputer
2026-05-08T13:28:00.449791+00:00,Telco,MAR,"missing totalCharges -> tenure, 10%",Mean/Mode,,5244,TotalCharges,2162.7894042351454,4192.15,2029.3605957648542,tabular_imputer
2026-05-08T13:28:00.449791+00:00,Telco,MAR,"missing totalCharges -> tenure, 10%",Mean/Mode,,5257,TotalCharges,2162.7894042351454,3744.05,1581.2605957648548,tabular_imputer
2026-05-08T13:28:00.449791+00:00,Telco,MAR,"missing totalCharges -> tenure, 10%",Mean/Mode,,5259,TotalCharges,2162.7894042351454,2351.45,188.6605957648544,tabular_imputer
2026-05-08T13:28:00.449791+00:00,Telco,MAR,"missing totalCharges -> tenure, 10%",Mean/Mode,,5263,TotalCharges,2162.7894042351454,2479.05,316.26059576485477,tabular_imputer
2026-05-08T13:28:00.449791+00:00,Telco,MAR,"missing totalCharges -> tenure, 10%",Mean/Mode,,5267,TotalCharges,2162.7894042351454,183.15,1979.6394042351453,tabular_imputer
2026-05-08T13:28:00.449791+00:00,Telco,MAR,"missing totalCharges -> tenure, 10%",Mean/Mode,,5279,TotalCharges,2162.7894042351454,1790.15,372.6394042351453,tabular_imputer
2026-05-08T13:28:00.449791+00:00,Telco,MAR,"missing totalCharges -> tenure, 10%",Mean/Mode,,5289,TotalCharges,2162.7894042351454,6993.65,4830.860595764854,tabular_imputer
2026-05-08T13:28:00.449791+00:00,Telco,MAR,"missing totalCharges -> tenure, 10%",Mean/Mode,,5299,TotalCharges,2162.7894042351454,2812.2,649.4105957648544,tabular_imputer
2026-05-08T13:28:00.449791+00:00,Telco,MAR,"missing totalCharges -> tenure, 10%",Mean/Mode,,5323,TotalCharges,2162.7894042351454,6225.4,4062.610595764854,tabular_imputer
2026-05-08T13:28:00.449791+00:00,Telco,MAR,"missing totalCharges -> tenure, 10%",Mean/Mode,,5343,TotalCharges,2162.7894042351454,3330.1,1167.3105957648545,tabular_imputer
2026-05-08T13:28:00.449791+00:00,Telco,MAR,"missing totalCharges -> tenure, 10%",Mean/Mode,,5344,TotalCharges,2162.7894042351454,5522.7,3359.9105957648544,tabular_imputer
2026-05-08T13:28:00.449791+00:00,Telco,MAR,"missing totalCharges -> tenure, 10%",Mean/Mode,,5362,TotalCharges,2162.7894042351454,1715.1,447.6894042351455,tabular_imputer
2026-05-08T13:28:00.449791+00:00,Telco,MAR,"missing totalCharges -> tenure, 10%",Mean/Mode,,5363,TotalCharges,2162.7894042351454,1715.15,447.6394042351453,tabular_imputer
2026-05-08T13:28:00.449791+00:00,Telco,MAR,"missing totalCharges -> tenure, 10%",Mean/Mode,,5370,TotalCharges,2162.7894042351454,1442.2,720.5894042351454,tabular_imputer
2026-05-08T13:28:00.449791+00:00,Telco,MAR,"missing totalCharges -> tenure, 10%",Mean/Mode,,5372,TotalCharges,2162.7894042351454,5222.35,3059.560595764855,tabular_imputer
2026-05-08T13:28:00.449791+00:00,Telco,MAR,"missing totalCharges -> tenure, 10%",Mean/Mode,,5379,TotalCharges,2162.7894042351454,5270.6,3107.810595764855,tabular_imputer
2026-05-08T13:28:00.449791+00:00,Telco,MAR,"missing totalCharges -> tenure, 10%",Mean/Mode,,5389,TotalCharges,2162.7894042351454,3649.6,1486.8105957648545,tabular_imputer
2026-05-08T13:28:00.449791+00:00,Telco,MAR,"missing totalCharges -> tenure, 10%",Mean/Mode,,5414,TotalCharges,2162.7894042351454,6903.1,4740.310595764855,tabular_imputer
2026-05-08T13:28:00.449791+00:00,Telco,MAR,"missing totalCharges -> tenure, 10%",Mean/Mode,,5434,TotalCharges,2162.7894042351454,3275.15,1112.3605957648547,tabular_imputer
2026-05-08T13:28:00.449791+00:00,Telco,MAR,"missing totalCharges -> tenure, 10%",Mean/Mode,,5435,TotalCharges,2162.7894042351454,4236.6,2073.810595764855,tabular_imputer
2026-05-08T13:28:00.449791+00:00,Telco,MAR,"missing totalCharges -> tenure, 10%",Mean/Mode,,5445,TotalCharges,2162.7894042351454,5411.65,3248.860595764854,tabular_imputer
2026-05-08T13:28:00.449791+00:00,Telco,MAR,"missing totalCharges -> tenure, 10%",Mean/Mode,,5449,TotalCharges,2162.7894042351454,6895.5,4732.710595764855,tabular_imputer
2026-05-08T13:28:00.449791+00:00,Telco,MAR,"missing totalCharges -> tenure, 10%",Mean/Mode,,5451,TotalCharges,2162.7894042351454,6856.95,4694.160595764854,tabular_imputer
2026-05-08T13:28:00.449791+00:00,Telco,MAR,"missing totalCharges -> tenure, 10%",Mean/Mode,,5470,TotalCharges,2162.7894042351454,6435.25,4272.460595764855,tabular_imputer
2026-05-08T13:28:00.449791+00:00,Telco,MAR,"missing totalCharges -> tenure, 10%",Mean/Mode,,5475,TotalCharges,2162.7894042351454,3092.65,929.8605957648547,tabular_imputer
2026-05-08T13:28:00.449791+00:00,Telco,MAR,"missing totalCharges -> tenure, 10%",Mean/Mode,,5483,TotalCharges,2162.7894042351454,4458.15,2295.360595764854,tabular_imputer
2026-05-08T13:28:00.449791+00:00,Telco,MAR,"missing totalCharges -> tenure, 10%",Mean/Mode,,5484,TotalCharges,2162.7894042351454,6856.45,4693.660595764854,tabular_imputer
2026-05-08T13:28:00.449791+00:00,Telco,MAR,"missing totalCharges -> tenure, 10%",Mean/Mode,,5486,TotalCharges,2162.7894042351454,4735.2,2572.4105957648544,tabular_imputer
2026-05-08T13:28:00.449791+00:00,Telco,MAR,"missing totalCharges -> tenure, 10%",Mean/Mode,,5491,TotalCharges,2162.7894042351454,1424.4,738.3894042351453,tabular_imputer
2026-05-08T13:28:00.449791+00:00,Telco,MAR,"missing totalCharges -> tenure, 10%",Mean/Mode,,5497,TotalCharges,2162.7894042351454,2541.25,378.4605957648546,tabular_imputer
2026-05-08T13:28:00.449791+00:00,Telco,MAR,"missing totalCharges -> tenure, 10%",Mean/Mode,,5500,TotalCharges,2162.7894042351454,3694.45,1531.6605957648544,tabular_imputer
2026-05-08T13:28:00.449791+00:00,Telco,MAR,"missing totalCharges -> tenure, 10%",Mean/Mode,,5504,TotalCharges,2162.7894042351454,3912.9,1750.1105957648547,tabular_imputer
2026-05-08T13:28:00.449791+00:00,Telco,MAR,"missing totalCharges -> tenure, 10%",Mean/Mode,,5511,TotalCharges,2162.7894042351454,5289.8,3127.0105957648548,tabular_imputer
2026-05-08T13:28:00.449791+00:00,Telco,MAR,"missing totalCharges -> tenure, 10%",Mean/Mode,,5515,TotalCharges,2162.7894042351454,309.25,1853.5394042351454,tabular_imputer
2026-05-08T13:28:00.449791+00:00,Telco,MAR,"missing totalCharges -> tenure, 10%",Mean/Mode,,5516,TotalCharges,2162.7894042351454,201.1,1961.6894042351455,tabular_imputer
2026-05-08T13:28:00.449791+00:00,Telco,MAR,"missing totalCharges -> tenure, 10%",Mean/Mode,,5517,TotalCharges,2162.7894042351454,6179.35,4016.560595764855,tabular_imputer
2026-05-08T13:28:00.449791+00:00,Telco,MAR,"missing totalCharges -> tenure, 10%",Mean/Mode,,5525,TotalCharges,2162.7894042351454,1342.15,820.6394042351453,tabular_imputer
2026-05-08T13:28:00.449791+00:00,Telco,MAR,"missing totalCharges -> tenure, 10%",Mean/Mode,,5526,TotalCharges,2162.7894042351454,1216.35,946.4394042351455,tabular_imputer
2026-05-08T13:28:00.449791+00:00,Telco,MAR,"missing totalCharges -> tenure, 10%",Mean/Mode,,5530,TotalCharges,2162.7894042351454,6056.9,3894.110595764854,tabular_imputer
2026-05-08T13:28:00.449791+00:00,Telco,MAR,"missing totalCharges -> tenure, 10%",Mean/Mode,,5537,TotalCharges,2162.7894042351454,8016.6,5853.810595764855,tabular_imputer
2026-05-08T13:28:00.449791+00:00,Telco,MAR,"missing totalCharges -> tenure, 10%",Mean/Mode,,5542,TotalCharges,2162.7894042351454,5883.85,3721.060595764855,tabular_imputer
2026-05-08T13:28:00.449791+00:00,Telco,MAR,"missing totalCharges -> tenure, 10%",Mean/Mode,,5544,TotalCharges,2162.7894042351454,6252.9,4090.110595764854,tabular_imputer
2026-05-08T13:28:00.449791+00:00,Telco,MAR,"missing totalCharges -> tenure, 10%",Mean/Mode,,5548,TotalCharges,2162.7894042351454,1724.15,438.6394042351453,tabular_imputer
2026-05-08T13:28:00.449791+00:00,Telco,MAR,"missing totalCharges -> tenure, 10%",Mean/Mode,,5570,TotalCharges,2162.7894042351454,3532.85,1370.0605957648545,tabular_imputer
2026-05-08T13:28:00.449791+00:00,Telco,MAR,"missing totalCharges -> tenure, 10%",Mean/Mode,,5590,TotalCharges,2162.7894042351454,477.6,1685.1894042351455,tabular_imputer
2026-05-08T13:28:00.449791+00:00,Telco,MAR,"missing totalCharges -> tenure, 10%",Mean/Mode,,5597,TotalCharges,2162.7894042351454,1910.6,252.1894042351455,tabular_imputer
2026-05-08T13:28:00.449791+00:00,Telco,MAR,"missing totalCharges -> tenure, 10%",Mean/Mode,,5604,TotalCharges,2162.7894042351454,1207.0,955.7894042351454,tabular_imputer
2026-05-08T13:28:00.449791+00:00,Telco,MAR,"missing totalCharges -> tenure, 10%",Mean/Mode,,5616,TotalCharges,2162.7894042351454,2076.05,86.73940423514523,tabular_imputer
2026-05-08T13:28:00.449791+00:00,Telco,MAR,"missing totalCharges -> tenure, 10%",Mean/Mode,,5637,TotalCharges,2162.7894042351454,5629.15,3466.360595764854,tabular_imputer
2026-05-08T13:28:00.449791+00:00,Telco,MAR,"missing totalCharges -> tenure, 10%",Mean/Mode,,5645,TotalCharges,2162.7894042351454,4392.5,2229.7105957648546,tabular_imputer
2026-05-08T13:28:00.449791+00:00,Telco,MAR,"missing totalCharges -> tenure, 10%",Mean/Mode,,5654,TotalCharges,2162.7894042351454,7511.9,5349.110595764854,tabular_imputer
2026-05-08T13:28:00.449791+00:00,Telco,MAR,"missing totalCharges -> tenure, 10%",Mean/Mode,,5658,TotalCharges,2162.7894042351454,2248.05,85.26059576485477,tabular_imputer
2026-05-08T13:28:00.449791+00:00,Telco,MAR,"missing totalCharges -> tenure, 10%",Mean/Mode,,5661,TotalCharges,2162.7894042351454,63.0,2099.7894042351454,tabular_imputer
2026-05-08T13:28:00.449791+00:00,Telco,MAR,"missing totalCharges -> tenure, 10%",Mean/Mode,,5663,TotalCharges,2162.7894042351454,3314.15,1151.3605957648547,tabular_imputer
2026-05-08T13:28:00.449791+00:00,Telco,MAR,"missing totalCharges -> tenure, 10%",Mean/Mode,,5680,TotalCharges,2162.7894042351454,20.85,2141.9394042351455,tabular_imputer
2026-05-08T13:28:00.449791+00:00,Telco,MAR,"missing totalCharges -> tenure, 10%",Mean/Mode,,5683,TotalCharges,2162.7894042351454,2011.4,151.38940423514532,tabular_imputer
2026-05-08T13:28:00.449791+00:00,Telco,MAR,"missing totalCharges -> tenure, 10%",Mean/Mode,,5685,TotalCharges,2162.7894042351454,903.7,1259.0894042351454,tabular_imputer
2026-05-08T13:28:00.449791+00:00,Telco,MAR,"missing totalCharges -> tenure, 10%",Mean/Mode,,5702,TotalCharges,2162.7894042351454,7548.1,5385.310595764855,tabular_imputer
2026-05-08T13:28:00.449791+00:00,Telco,MAR,"missing totalCharges -> tenure, 10%",Mean/Mode,,5710,TotalCharges,2162.7894042351454,7752.05,5589.260595764855,tabular_imputer
2026-05-08T13:28:00.449791+00:00,Telco,MAR,"missing totalCharges -> tenure, 10%",Mean/Mode,,5748,TotalCharges,2162.7894042351454,1992.55,170.23940423514546,tabular_imputer
2026-05-08T13:28:00.449791+00:00,Telco,MAR,"missing totalCharges -> tenure, 10%",Mean/Mode,,5766,TotalCharges,2162.7894042351454,1347.15,815.6394042351453,tabular_imputer
2026-05-08T13:28:00.449791+00:00,Telco,MAR,"missing totalCharges -> tenure, 10%",Mean/Mode,,5767,TotalCharges,2162.7894042351454,3808.2,1645.4105957648544,tabular_imputer
2026-05-08T13:28:00.449791+00:00,Telco,MAR,"missing totalCharges -> tenure, 10%",Mean/Mode,,5805,TotalCharges,2162.7894042351454,1286.05,876.7394042351455,tabular_imputer
2026-05-08T13:28:00.449791+00:00,Telco,MAR,"missing totalCharges -> tenure, 10%",Mean/Mode,,5807,TotalCharges,2162.7894042351454,1094.35,1068.4394042351455,tabular_imputer
2026-05-08T13:28:00.449791+00:00,Telco,MAR,"missing totalCharges -> tenure, 10%",Mean/Mode,,5820,TotalCharges,2162.7894042351454,3561.15,1398.3605957648547,tabular_imputer
2026-05-08T13:28:00.449791+00:00,Telco,MAR,"missing totalCharges -> tenure, 10%",Mean/Mode,,5824,TotalCharges,2162.7894042351454,5234.95,3072.1605957648544,tabular_imputer
2026-05-08T13:28:00.449791+00:00,Telco,MAR,"missing totalCharges -> tenure, 10%",Mean/Mode,,5831,TotalCharges,2162.7894042351454,809.75,1353.0394042351454,tabular_imputer
2026-05-08T13:28:00.449791+00:00,Telco,MAR,"missing totalCharges -> tenure, 10%",Mean/Mode,,5838,TotalCharges,2162.7894042351454,3827.9,1665.1105957648547,tabular_imputer
2026-05-08T13:28:00.449791+00:00,Telco,MAR,"missing totalCharges -> tenure, 10%",Mean/Mode,,5841,TotalCharges,2162.7894042351454,3264.45,1101.6605957648544,tabular_imputer
2026-05-08T13:28:00.449791+00:00,Telco,MAR,"missing totalCharges -> tenure, 10%",Mean/Mode,,5853,TotalCharges,2162.7894042351454,6001.45,3838.6605957648544,tabular_imputer
2026-05-08T13:28:00.449791+00:00,Telco,MAR,"missing totalCharges -> tenure, 10%",Mean/Mode,,5855,TotalCharges,2162.7894042351454,2832.75,669.9605957648546,tabular_imputer
2026-05-08T13:28:00.449791+00:00,Telco,MAR,"missing totalCharges -> tenure, 10%",Mean/Mode,,5865,TotalCharges,2162.7894042351454,72.0,2090.7894042351454,tabular_imputer
2026-05-08T13:28:00.449791+00:00,Telco,MAR,"missing totalCharges -> tenure, 10%",Mean/Mode,,5877,TotalCharges,2162.7894042351454,5785.5,3622.7105957648546,tabular_imputer
2026-05-08T13:28:00.449791+00:00,Telco,MAR,"missing totalCharges -> tenure, 10%",Mean/Mode,,5881,TotalCharges,2162.7894042351454,2727.3,564.5105957648548,tabular_imputer
2026-05-08T13:28:00.449791+00:00,Telco,MAR,"missing totalCharges -> tenure, 10%",Mean/Mode,,5886,TotalCharges,2162.7894042351454,948.9,1213.8894042351453,tabular_imputer
2026-05-08T13:28:00.449791+00:00,Telco,MAR,"missing totalCharges -> tenure, 10%",Mean/Mode,,5903,TotalCharges,2162.7894042351454,4627.8,2465.0105957648548,tabular_imputer
2026-05-08T13:28:00.449791+00:00,Telco,MAR,"missing totalCharges -> tenure, 10%",Mean/Mode,,5909,TotalCharges,2162.7894042351454,4297.6,2134.810595764855,tabular_imputer
2026-05-08T13:28:00.449791+00:00,Telco,MAR,"missing totalCharges -> tenure, 10%",Mean/Mode,,5913,TotalCharges,2162.7894042351454,2274.1,111.3105957648545,tabular_imputer
2026-05-08T13:28:00.449791+00:00,Telco,MAR,"missing totalCharges -> tenure, 10%",Mean/Mode,,5916,TotalCharges,2162.7894042351454,8192.6,6029.810595764855,tabular_imputer
2026-05-08T13:28:00.449791+00:00,Telco,MAR,"missing totalCharges -> tenure, 10%",Mean/Mode,,5922,TotalCharges,2162.7894042351454,7609.75,5446.960595764855,tabular_imputer
2026-05-08T13:28:00.449791+00:00,Telco,MAR,"missing totalCharges -> tenure, 10%",Mean/Mode,,5944,TotalCharges,2162.7894042351454,654.85,1507.9394042351455,tabular_imputer
2026-05-08T13:28:00.449791+00:00,Telco,MAR,"missing totalCharges -> tenure, 10%",Mean/Mode,,5955,TotalCharges,2162.7894042351454,4855.35,2692.560595764855,tabular_imputer
2026-05-08T13:28:00.449791+00:00,Telco,MAR,"missing totalCharges -> tenure, 10%",Mean/Mode,,5957,TotalCharges,2162.7894042351454,1422.65,740.1394042351453,tabular_imputer
2026-05-08T13:28:00.449791+00:00,Telco,MAR,"missing totalCharges -> tenure, 10%",Mean/Mode,,5962,TotalCharges,2162.7894042351454,1321.3,841.4894042351455,tabular_imputer
2026-05-08T13:28:00.449791+00:00,Telco,MAR,"missing totalCharges -> tenure, 10%",Mean/Mode,,5993,TotalCharges,2162.7894042351454,151.75,2011.0394042351454,tabular_imputer
2026-05-08T13:28:00.449791+00:00,Telco,MAR,"missing totalCharges -> tenure, 10%",Mean/Mode,,5998,TotalCharges,2162.7894042351454,1036.0,1126.7894042351454,tabular_imputer
2026-05-08T13:28:00.449791+00:00,Telco,MAR,"missing totalCharges -> tenure, 10%",Mean/Mode,,6004,TotalCharges,2162.7894042351454,5598.3,3435.5105957648548,tabular_imputer
2026-05-08T13:28:00.449791+00:00,Telco,MAR,"missing totalCharges -> tenure, 10%",Mean/Mode,,6005,TotalCharges,2162.7894042351454,4374.55,2211.7605957648548,tabular_imputer
2026-05-08T13:28:00.449791+00:00,Telco,MAR,"missing totalCharges -> tenure, 10%",Mean/Mode,,6009,TotalCharges,2162.7894042351454,5485.5,3322.7105957648546,tabular_imputer
2026-05-08T13:28:00.449791+00:00,Telco,MAR,"missing totalCharges -> tenure, 10%",Mean/Mode,,6014,TotalCharges,2162.7894042351454,5060.9,2898.110595764854,tabular_imputer
2026-05-08T13:28:00.449791+00:00,Telco,MAR,"missing totalCharges -> tenure, 10%",Mean/Mode,,6020,TotalCharges,2162.7894042351454,1993.2,169.58940423514537,tabular_imputer
2026-05-08T13:28:00.449791+00:00,Telco,MAR,"missing totalCharges -> tenure, 10%",Mean/Mode,,6025,TotalCharges,2162.7894042351454,1841.9,320.8894042351453,tabular_imputer
2026-05-08T13:28:00.449791+00:00,Telco,MAR,"missing totalCharges -> tenure, 10%",Mean/Mode,,6049,TotalCharges,2162.7894042351454,1016.7,1146.0894042351454,tabular_imputer
2026-05-08T13:28:00.449791+00:00,Telco,MAR,"missing totalCharges -> tenure, 10%",Mean/Mode,,6056,TotalCharges,2162.7894042351454,4299.2,2136.4105957648544,tabular_imputer
2026-05-08T13:28:00.449791+00:00,Telco,MAR,"missing totalCharges -> tenure, 10%",Mean/Mode,,6059,TotalCharges,2162.7894042351454,1630.4,532.3894042351453,tabular_imputer
2026-05-08T13:28:00.449791+00:00,Telco,MAR,"missing totalCharges -> tenure, 10%",Mean/Mode,,6063,TotalCharges,2162.7894042351454,1401.4,761.3894042351453,tabular_imputer
2026-05-08T13:28:00.449791+00:00,Telco,MAR,"missing totalCharges -> tenure, 10%",Mean/Mode,,6077,TotalCharges,2162.7894042351454,6891.4,4728.610595764854,tabular_imputer
2026-05-08T13:28:00.449791+00:00,Telco,MAR,"missing totalCharges -> tenure, 10%",Mean/Mode,,6111,TotalCharges,2162.7894042351454,3532.25,1369.4605957648546,tabular_imputer
2026-05-08T13:28:00.449791+00:00,Telco,MAR,"missing totalCharges -> tenure, 10%",Mean/Mode,,6112,TotalCharges,2162.7894042351454,6891.45,4728.660595764854,tabular_imputer
2026-05-08T13:28:00.449791+00:00,Telco,MAR,"missing totalCharges -> tenure, 10%",Mean/Mode,,6118,TotalCharges,2162.7894042351454,8547.15,6384.360595764854,tabular_imputer
2026-05-08T13:28:00.449791+00:00,Telco,MAR,"missing totalCharges -> tenure, 10%",Mean/Mode,,6124,TotalCharges,2162.7894042351454,3274.35,1111.5605957648545,tabular_imputer
2026-05-08T13:28:00.449791+00:00,Telco,MAR,"missing totalCharges -> tenure, 10%",Mean/Mode,,6125,TotalCharges,2162.7894042351454,1359.0,803.7894042351454,tabular_imputer
2026-05-08T13:28:00.449791+00:00,Telco,MAR,"missing totalCharges -> tenure, 10%",Mean/Mode,,6175,TotalCharges,2162.7894042351454,3023.85,861.0605957648545,tabular_imputer
2026-05-08T13:28:00.449791+00:00,Telco,MAR,"missing totalCharges -> tenure, 10%",Mean/Mode,,6176,TotalCharges,2162.7894042351454,3365.85,1203.0605957648545,tabular_imputer
2026-05-08T13:28:00.449791+00:00,Telco,MAR,"missing totalCharges -> tenure, 10%",Mean/Mode,,6180,TotalCharges,2162.7894042351454,6471.85,4309.060595764855,tabular_imputer
2026-05-08T13:28:00.449791+00:00,Telco,MAR,"missing totalCharges -> tenure, 10%",Mean/Mode,,6206,TotalCharges,2162.7894042351454,5088.4,2925.610595764854,tabular_imputer
2026-05-08T13:28:00.449791+00:00,Telco,MAR,"missing totalCharges -> tenure, 10%",Mean/Mode,,6239,TotalCharges,2162.7894042351454,7285.7,5122.910595764854,tabular_imputer
2026-05-08T13:28:00.449791+00:00,Telco,MAR,"missing totalCharges -> tenure, 10%",Mean/Mode,,6252,TotalCharges,2162.7894042351454,2021.35,141.4394042351455,tabular_imputer
2026-05-08T13:28:00.449791+00:00,Telco,MAR,"missing totalCharges -> tenure, 10%",Mean/Mode,,6253,TotalCharges,2162.7894042351454,2564.95,402.1605957648544,tabular_imputer
2026-05-08T13:28:00.449791+00:00,Telco,MAR,"missing totalCharges -> tenure, 10%",Mean/Mode,,6287,TotalCharges,2162.7894042351454,2254.2,91.4105957648544,tabular_imputer
2026-05-08T13:28:00.449791+00:00,Telco,MAR,"missing totalCharges -> tenure, 10%",Mean/Mode,,6292,TotalCharges,2162.7894042351454,3835.55,1672.7605957648548,tabular_imputer
2026-05-08T13:28:00.449791+00:00,Telco,MAR,"missing totalCharges -> tenure, 10%",Mean/Mode,,6300,TotalCharges,2162.7894042351454,1680.25,482.5394042351454,tabular_imputer
2026-05-08T13:28:00.449791+00:00,Telco,MAR,"missing totalCharges -> tenure, 10%",Mean/Mode,,6302,TotalCharges,2162.7894042351454,413.65,1749.1394042351453,tabular_imputer
2026-05-08T13:28:00.449791+00:00,Telco,MAR,"missing totalCharges -> tenure, 10%",Mean/Mode,,6316,TotalCharges,2162.7894042351454,1573.05,589.7394042351455,tabular_imputer
2026-05-08T13:28:00.449791+00:00,Telco,MAR,"missing totalCharges -> tenure, 10%",Mean/Mode,,6320,TotalCharges,2162.7894042351454,1985.15,177.63940423514532,tabular_imputer
2026-05-08T13:28:00.449791+00:00,Telco,MAR,"missing totalCharges -> tenure, 10%",Mean/Mode,,6326,TotalCharges,2162.7894042351454,2748.7,585.9105957648544,tabular_imputer
2026-05-08T13:28:00.449791+00:00,Telco,MAR,"missing totalCharges -> tenure, 10%",Mean/Mode,,6333,TotalCharges,2162.7894042351454,6441.4,4278.610595764854,tabular_imputer
2026-05-08T13:28:00.449791+00:00,Telco,MAR,"missing totalCharges -> tenure, 10%",Mean/Mode,,6366,TotalCharges,2162.7894042351454,4378.8,2216.0105957648548,tabular_imputer
2026-05-08T13:28:00.449791+00:00,Telco,MAR,"missing totalCharges -> tenure, 10%",Mean/Mode,,6370,TotalCharges,2162.7894042351454,4016.85,1854.0605957648545,tabular_imputer
2026-05-08T13:28:00.449791+00:00,Telco,MAR,"missing totalCharges -> tenure, 10%",Mean/Mode,,6378,TotalCharges,2162.7894042351454,1095.3,1067.4894042351455,tabular_imputer
2026-05-08T13:28:00.449791+00:00,Telco,MAR,"missing totalCharges -> tenure, 10%",Mean/Mode,,6397,TotalCharges,2162.7894042351454,3529.95,1367.1605957648544,tabular_imputer
2026-05-08T13:28:00.449791+00:00,Telco,MAR,"missing totalCharges -> tenure, 10%",Mean/Mode,,6403,TotalCharges,2162.7894042351454,8337.45,6174.660595764855,tabular_imputer
2026-05-08T13:28:00.449791+00:00,Telco,MAR,"missing totalCharges -> tenure, 10%",Mean/Mode,,6406,TotalCharges,2162.7894042351454,1905.4,257.3894042351453,tabular_imputer
2026-05-08T13:28:00.449791+00:00,Telco,MAR,"missing totalCharges -> tenure, 10%",Mean/Mode,,6409,TotalCharges,2162.7894042351454,776.25,1386.5394042351454,tabular_imputer
2026-05-08T13:28:00.449791+00:00,Telco,MAR,"missing totalCharges -> tenure, 10%",Mean/Mode,,6415,TotalCharges,2162.7894042351454,2540.1,377.3105957648545,tabular_imputer
2026-05-08T13:28:00.449791+00:00,Telco,MAR,"missing totalCharges -> tenure, 10%",Mean/Mode,,6442,TotalCharges,2162.7894042351454,3431.75,1268.9605957648546,tabular_imputer
2026-05-08T13:28:00.449791+00:00,Telco,MAR,"missing totalCharges -> tenure, 10%",Mean/Mode,,6447,TotalCharges,2162.7894042351454,4801.1,2638.310595764855,tabular_imputer
2026-05-08T13:28:00.449791+00:00,Telco,MAR,"missing totalCharges -> tenure, 10%",Mean/Mode,,6450,TotalCharges,2162.7894042351454,550.1,1612.6894042351455,tabular_imputer
2026-05-08T13:28:00.449791+00:00,Telco,MAR,"missing totalCharges -> tenure, 10%",Mean/Mode,,6455,TotalCharges,2162.7894042351454,2666.75,503.9605957648546,tabular_imputer
2026-05-08T13:28:00.449791+00:00,Telco,MAR,"missing totalCharges -> tenure, 10%",Mean/Mode,,6463,TotalCharges,2162.7894042351454,4096.9,1934.1105957648542,tabular_imputer
2026-05-08T13:28:00.449791+00:00,Telco,MAR,"missing totalCharges -> tenure, 10%",Mean/Mode,,6483,TotalCharges,2162.7894042351454,1334.45,828.3394042351454,tabular_imputer
2026-05-08T13:28:00.449791+00:00,Telco,MAR,"missing totalCharges -> tenure, 10%",Mean/Mode,,6484,TotalCharges,2162.7894042351454,3358.65,1195.8605957648547,tabular_imputer
2026-05-08T13:28:00.449791+00:00,Telco,MAR,"missing totalCharges -> tenure, 10%",Mean/Mode,,6512,TotalCharges,2162.7894042351454,688.5,1474.2894042351454,tabular_imputer
2026-05-08T13:28:00.449791+00:00,Telco,MAR,"missing totalCharges -> tenure, 10%",Mean/Mode,,6514,TotalCharges,2162.7894042351454,4746.05,2583.2605957648548,tabular_imputer
2026-05-08T13:28:00.449791+00:00,Telco,MAR,"missing totalCharges -> tenure, 10%",Mean/Mode,,6515,TotalCharges,2162.7894042351454,712.85,1449.9394042351455,tabular_imputer
2026-05-08T13:28:00.449791+00:00,Telco,MAR,"missing totalCharges -> tenure, 10%",Mean/Mode,,6529,TotalCharges,2162.7894042351454,156.4,2006.3894042351453,tabular_imputer
2026-05-08T13:28:00.449791+00:00,Telco,MAR,"missing totalCharges -> tenure, 10%",Mean/Mode,,6534,TotalCharges,2162.7894042351454,5206.55,3043.7605957648548,tabular_imputer
2026-05-08T13:28:00.449791+00:00,Telco,MAR,"missing totalCharges -> tenure, 10%",Mean/Mode,,6537,TotalCharges,2162.7894042351454,7968.85,5806.060595764855,tabular_imputer
2026-05-08T13:28:00.449791+00:00,Telco,MAR,"missing totalCharges -> tenure, 10%",Mean/Mode,,6564,TotalCharges,2162.7894042351454,95.55,2067.2394042351452,tabular_imputer
2026-05-08T13:28:00.449791+00:00,Telco,MAR,"missing totalCharges -> tenure, 10%",Mean/Mode,,6577,TotalCharges,2162.7894042351454,5265.55,3102.7605957648548,tabular_imputer
2026-05-08T13:28:00.449791+00:00,Telco,MAR,"missing totalCharges -> tenure, 10%",Mean/Mode,,6595,TotalCharges,2162.7894042351454,5832.65,3669.860595764854,tabular_imputer
2026-05-08T13:28:00.449791+00:00,Telco,MAR,"missing totalCharges -> tenure, 10%",Mean/Mode,,6600,TotalCharges,2162.7894042351454,91.7,2071.0894042351456,tabular_imputer
2026-05-08T13:28:00.449791+00:00,Telco,MAR,"missing totalCharges -> tenure, 10%",Mean/Mode,,6606,TotalCharges,2162.7894042351454,4026.4,1863.6105957648547,tabular_imputer
2026-05-08T13:28:00.449791+00:00,Telco,MAR,"missing totalCharges -> tenure, 10%",Mean/Mode,,6632,TotalCharges,2162.7894042351454,2274.9,112.11059576485468,tabular_imputer
2026-05-08T13:28:00.449791+00:00,Telco,MAR,"missing totalCharges -> tenure, 10%",Mean/Mode,,6671,TotalCharges,2162.7894042351454,6034.85,3872.060595764855,tabular_imputer
2026-05-08T13:28:00.449791+00:00,Telco,MAR,"missing totalCharges -> tenure, 10%",Mean/Mode,,6690,TotalCharges,2162.7894042351454,3460.95,1298.1605957648544,tabular_imputer
2026-05-08T13:28:00.449791+00:00,Telco,MAR,"missing totalCharges -> tenure, 10%",Mean/Mode,,6706,TotalCharges,2162.7894042351454,19.9,2142.8894042351453,tabular_imputer
2026-05-08T13:28:00.449791+00:00,Telco,MAR,"missing totalCharges -> tenure, 10%",Mean/Mode,,6717,TotalCharges,2162.7894042351454,5746.15,3583.360595764854,tabular_imputer
2026-05-08T13:28:00.449791+00:00,Telco,MAR,"missing totalCharges -> tenure, 10%",Mean/Mode,,6733,TotalCharges,2162.7894042351454,1411.35,751.4394042351455,tabular_imputer
2026-05-08T13:28:00.449791+00:00,Telco,MAR,"missing totalCharges -> tenure, 10%",Mean/Mode,,6734,TotalCharges,2162.7894042351454,593.75,1569.0394042351454,tabular_imputer
2026-05-08T13:28:00.449791+00:00,Telco,MAR,"missing totalCharges -> tenure, 10%",Mean/Mode,,6751,TotalCharges,2162.7894042351454,1025.05,1137.7394042351455,tabular_imputer
2026-05-08T13:28:00.449791+00:00,Telco,MAR,"missing totalCharges -> tenure, 10%",Mean/Mode,,6752,TotalCharges,2162.7894042351454,552.1,1610.6894042351455,tabular_imputer
2026-05-08T13:28:00.449791+00:00,Telco,MAR,"missing totalCharges -> tenure, 10%",Mean/Mode,,6755,TotalCharges,2162.7894042351454,3313.4,1150.6105957648547,tabular_imputer
2026-05-08T13:28:00.449791+00:00,Telco,MAR,"missing totalCharges -> tenure, 10%",Mean/Mode,,6757,TotalCharges,2162.7894042351454,3014.65,851.8605957648547,tabular_imputer
2026-05-08T13:28:00.449791+00:00,Telco,MAR,"missing totalCharges -> tenure, 10%",Mean/Mode,,6765,TotalCharges,2162.7894042351454,1673.4,489.3894042351453,tabular_imputer
2026-05-08T13:28:00.449791+00:00,Telco,MAR,"missing totalCharges -> tenure, 10%",Mean/Mode,,6775,TotalCharges,2162.7894042351454,4438.2,2275.4105957648544,tabular_imputer
2026-05-08T13:28:00.449791+00:00,Telco,MAR,"missing totalCharges -> tenure, 10%",Mean/Mode,,6785,TotalCharges,2162.7894042351454,6876.05,4713.260595764855,tabular_imputer
2026-05-08T13:28:00.449791+00:00,Telco,MAR,"missing totalCharges -> tenure, 10%",Mean/Mode,,6805,TotalCharges,2162.7894042351454,7195.35,5032.560595764855,tabular_imputer
2026-05-08T13:28:00.449791+00:00,Telco,MAR,"missing totalCharges -> tenure, 10%",Mean/Mode,,6815,TotalCharges,2162.7894042351454,5102.35,2939.560595764855,tabular_imputer
2026-05-08T13:28:00.449791+00:00,Telco,MAR,"missing totalCharges -> tenure, 10%",Mean/Mode,,6825,TotalCharges,2162.7894042351454,2272.8,110.01059576485477,tabular_imputer
2026-05-08T13:28:00.449791+00:00,Telco,MAR,"missing totalCharges -> tenure, 10%",Mean/Mode,,6831,TotalCharges,2162.7894042351454,620.35,1542.4394042351455,tabular_imputer
2026-05-08T13:28:00.449791+00:00,Telco,MAR,"missing totalCharges -> tenure, 10%",Mean/Mode,,6839,TotalCharges,2162.7894042351454,1129.75,1033.0394042351454,tabular_imputer
2026-05-08T13:28:00.449791+00:00,Telco,MAR,"missing totalCharges -> tenure, 10%",Mean/Mode,,6851,TotalCharges,2162.7894042351454,3616.25,1453.4605957648546,tabular_imputer
2026-05-08T13:28:00.449791+00:00,Telco,MAR,"missing totalCharges -> tenure, 10%",Mean/Mode,,6875,TotalCharges,2162.7894042351454,1208.6,954.1894042351455,tabular_imputer
2026-05-08T13:28:00.449791+00:00,Telco,MAR,"missing totalCharges -> tenure, 10%",Mean/Mode,,6894,TotalCharges,2162.7894042351454,334.65,1828.1394042351453,tabular_imputer
2026-05-08T13:28:00.449791+00:00,Telco,MAR,"missing totalCharges -> tenure, 10%",Mean/Mode,,6905,TotalCharges,2162.7894042351454,1307.8,854.9894042351455,tabular_imputer
2026-05-08T13:28:00.449791+00:00,Telco,MAR,"missing totalCharges -> tenure, 10%",Mean/Mode,,6910,TotalCharges,2162.7894042351454,7882.5,5719.710595764855,tabular_imputer
2026-05-08T13:28:00.449791+00:00,Telco,MAR,"missing totalCharges -> tenure, 10%",Mean/Mode,,6918,TotalCharges,2162.7894042351454,3361.05,1198.2605957648548,tabular_imputer
2026-05-08T13:28:00.449791+00:00,Telco,MAR,"missing totalCharges -> tenure, 10%",Mean/Mode,,6938,TotalCharges,2162.7894042351454,4615.9,2453.110595764854,tabular_imputer
2026-05-08T13:28:00.449791+00:00,Telco,MAR,"missing totalCharges -> tenure, 10%",Mean/Mode,,6942,TotalCharges,2162.7894042351454,1396.0,766.7894042351454,tabular_imputer
2026-05-08T13:28:00.449791+00:00,Telco,MAR,"missing totalCharges -> tenure, 10%",Mean/Mode,,6949,TotalCharges,2162.7894042351454,1151.05,1011.7394042351455,tabular_imputer
2026-05-08T13:28:00.449791+00:00,Telco,MAR,"missing totalCharges -> tenure, 10%",Mean/Mode,,6967,TotalCharges,2162.7894042351454,2196.15,33.36059576485468,tabular_imputer
2026-05-08T13:28:00.449791+00:00,Telco,MAR,"missing totalCharges -> tenure, 10%",Mean/Mode,,6976,TotalCharges,2162.7894042351454,4284.2,2121.4105957648544,tabular_imputer
2026-05-08T13:28:00.449791+00:00,Telco,MAR,"missing totalCharges -> tenure, 10%",Mean/Mode,,6990,TotalCharges,2162.7894042351454,3366.05,1203.2605957648548,tabular_imputer
2026-05-08T13:28:00.449791+00:00,Telco,MAR,"missing totalCharges -> tenure, 10%",Mean/Mode,,7002,TotalCharges,2162.7894042351454,6794.75,4631.960595764855,tabular_imputer
2026-05-08T13:28:00.449791+00:00,Telco,MAR,"missing totalCharges -> tenure, 10%",Mean/Mode,,7011,TotalCharges,2162.7894042351454,272.15,1890.6394042351453,tabular_imputer
2026-05-08T13:28:00.449791+00:00,Telco,MAR,"missing totalCharges -> tenure, 10%",Mean/Mode,,7022,TotalCharges,2162.7894042351454,7544.3,5381.510595764855,tabular_imputer
2026-05-08T13:28:00.449791+00:00,Telco,MAR,"missing totalCharges -> tenure, 10%",Mean/Mode,,7025,TotalCharges,2162.7894042351454,1679.4,483.3894042351453,tabular_imputer
2026-05-08T13:28:00.449791+00:00,Telco,MAR,"missing totalCharges -> tenure, 10%",Mean/Mode,,7034,TotalCharges,2162.7894042351454,6886.25,4723.460595764855,tabular_imputer
2026-05-08T13:28:00.449791+00:00,Telco,MAR,"missing totalCharges -> tenure, 10%",Mean/Mode,,7037,TotalCharges,2162.7894042351454,1419.4,743.3894042351453,tabular_imputer
