run_timestamp_utc,dataset,missingness_type,missing_rate,imputation_method,model_name,row_index,column_name,prediction,ground_truth,abs_error,source
2026-05-08T13:28:00.484198+00:00,Telco,MCAR,10%,Mean/Mode,,6,SeniorCitizen,0.1649321980447808,0.0,0.1649321980447808,tabular_imputer
2026-05-08T13:28:00.484198+00:00,Telco,MCAR,10%,Mean/Mode,,20,SeniorCitizen,0.1649321980447808,1.0,0.8350678019552191,tabular_imputer
2026-05-08T13:28:00.484198+00:00,Telco,MCAR,10%,Mean/Mode,,39,SeniorCitizen,0.1649321980447808,0.0,0.1649321980447808,tabular_imputer
2026-05-08T13:28:00.484198+00:00,Telco,MCAR,10%,Mean/Mode,,51,SeniorCitizen,0.1649321980447808,0.0,0.1649321980447808,tabular_imputer
2026-05-08T13:28:00.484198+00:00,Telco,MCAR,10%,Mean/Mode,,61,SeniorCitizen,0.1649321980447808,0.0,0.1649321980447808,tabular_imputer
2026-05-08T13:28:00.484198+00:00,Telco,MCAR,10%,Mean/Mode,,71,SeniorCitizen,0.1649321980447808,0.0,0.1649321980447808,tabular_imputer
2026-05-08T13:28:00.484198+00:00,Telco,MCAR,10%,Mean/Mode,,76,SeniorCitizen,0.1649321980447808,0.0,0.1649321980447808,tabular_imputer
2026-05-08T13:28:00.484198+00:00,Telco,MCAR,10%,Mean/Mode,,95,SeniorCitizen,0.1649321980447808,0.0,0.1649321980447808,tabular_imputer
2026-05-08T13:28:00.484198+00:00,Telco,MCAR,10%,Mean/Mode,,96,SeniorCitizen,0.1649321980447808,0.0,0.1649321980447808,tabular_imputer
2026-05-08T13:28:00.484198+00:00,Telco,MCAR,10%,Mean/Mode,,98,SeniorCitizen,0.1649321980447808,0.0,0.1649321980447808,tabular_imputer
2026-05-08T13:28:00.484198+00:00,Telco,MCAR,10%,Mean/Mode,,99,SeniorCitizen,0.1649321980447808,1.0,0.8350678019552191,tabular_imputer
2026-05-08T13:28:00.484198+00:00,Telco,MCAR,10%,Mean/Mode,,115,SeniorCitizen,0.1649321980447808,0.0,0.1649321980447808,tabular_imputer
2026-05-08T13:28:00.484198+00:00,Telco,MCAR,10%,Mean/Mode,,124,SeniorCitizen,0.1649321980447808,0.0,0.1649321980447808,tabular_imputer
2026-05-08T13:28:00.484198+00:00,Telco,MCAR,10%,Mean/Mode,,130,SeniorCitizen,0.1649321980447808,0.0,0.1649321980447808,tabular_imputer
2026-05-08T13:28:00.484198+00:00,Telco,MCAR,10%,Mean/Mode,,135,SeniorCitizen,0.1649321980447808,0.0,0.1649321980447808,tabular_imputer
2026-05-08T13:28:00.484198+00:00,Telco,MCAR,10%,Mean/Mode,,136,SeniorCitizen,0.1649321980447808,0.0,0.1649321980447808,tabular_imputer
2026-05-08T13:28:00.484198+00:00,Telco,MCAR,10%,Mean/Mode,,166,SeniorCitizen,0.1649321980447808,0.0,0.1649321980447808,tabular_imputer
2026-05-08T13:28:00.484198+00:00,Telco,MCAR,10%,Mean/Mode,,167,SeniorCitizen,0.1649321980447808,0.0,0.1649321980447808,tabular_imputer
2026-05-08T13:28:00.484198+00:00,Telco,MCAR,10%,Mean/Mode,,180,SeniorCitizen,0.1649321980447808,0.0,0.1649321980447808,tabular_imputer
2026-05-08T13:28:00.484198+00:00,Telco,MCAR,10%,Mean/Mode,,188,SeniorCitizen,0.1649321980447808,0.0,0.1649321980447808,tabular_imputer
2026-05-08T13:28:00.484198+00:00,Telco,MCAR,10%,Mean/Mode,,193,SeniorCitizen,0.1649321980447808,0.0,0.1649321980447808,tabular_imputer
2026-05-08T13:28:00.484198+00:00,Telco,MCAR,10%,Mean/Mode,,195,SeniorCitizen,0.1649321980447808,0.0,0.1649321980447808,tabular_imputer
2026-05-08T13:28:00.484198+00:00,Telco,MCAR,10%,Mean/Mode,,206,SeniorCitizen,0.1649321980447808,0.0,0.1649321980447808,tabular_imputer
2026-05-08T13:28:00.484198+00:00,Telco,MCAR,10%,Mean/Mode,,216,SeniorCitizen,0.1649321980447808,0.0,0.1649321980447808,tabular_imputer
2026-05-08T13:28:00.484198+00:00,Telco,MCAR,10%,Mean/Mode,,233,SeniorCitizen,0.1649321980447808,0.0,0.1649321980447808,tabular_imputer
2026-05-08T13:28:00.484198+00:00,Telco,MCAR,10%,Mean/Mode,,237,SeniorCitizen,0.1649321980447808,0.0,0.1649321980447808,tabular_imputer
2026-05-08T13:28:00.484198+00:00,Telco,MCAR,10%,Mean/Mode,,260,SeniorCitizen,0.1649321980447808,1.0,0.8350678019552191,tabular_imputer
2026-05-08T13:28:00.484198+00:00,Telco,MCAR,10%,Mean/Mode,,263,SeniorCitizen,0.1649321980447808,0.0,0.1649321980447808,tabular_imputer
2026-05-08T13:28:00.484198+00:00,Telco,MCAR,10%,Mean/Mode,,292,SeniorCitizen,0.1649321980447808,0.0,0.1649321980447808,tabular_imputer
2026-05-08T13:28:00.484198+00:00,Telco,MCAR,10%,Mean/Mode,,293,SeniorCitizen,0.1649321980447808,1.0,0.8350678019552191,tabular_imputer
2026-05-08T13:28:00.484198+00:00,Telco,MCAR,10%,Mean/Mode,,311,SeniorCitizen,0.1649321980447808,0.0,0.1649321980447808,tabular_imputer
2026-05-08T13:28:00.484198+00:00,Telco,MCAR,10%,Mean/Mode,,316,SeniorCitizen,0.1649321980447808,0.0,0.1649321980447808,tabular_imputer
2026-05-08T13:28:00.484198+00:00,Telco,MCAR,10%,Mean/Mode,,331,SeniorCitizen,0.1649321980447808,0.0,0.1649321980447808,tabular_imputer
2026-05-08T13:28:00.484198+00:00,Telco,MCAR,10%,Mean/Mode,,338,SeniorCitizen,0.1649321980447808,0.0,0.1649321980447808,tabular_imputer
2026-05-08T13:28:00.484198+00:00,Telco,MCAR,10%,Mean/Mode,,359,SeniorCitizen,0.1649321980447808,0.0,0.1649321980447808,tabular_imputer
2026-05-08T13:28:00.484198+00:00,Telco,MCAR,10%,Mean/Mode,,392,SeniorCitizen,0.1649321980447808,1.0,0.8350678019552191,tabular_imputer
2026-05-08T13:28:00.484198+00:00,Telco,MCAR,10%,Mean/Mode,,401,SeniorCitizen,0.1649321980447808,0.0,0.1649321980447808,tabular_imputer
2026-05-08T13:28:00.484198+00:00,Telco,MCAR,10%,Mean/Mode,,404,SeniorCitizen,0.1649321980447808,0.0,0.1649321980447808,tabular_imputer
2026-05-08T13:28:00.484198+00:00,Telco,MCAR,10%,Mean/Mode,,407,SeniorCitizen,0.1649321980447808,1.0,0.8350678019552191,tabular_imputer
2026-05-08T13:28:00.484198+00:00,Telco,MCAR,10%,Mean/Mode,,409,SeniorCitizen,0.1649321980447808,0.0,0.1649321980447808,tabular_imputer
2026-05-08T13:28:00.484198+00:00,Telco,MCAR,10%,Mean/Mode,,416,SeniorCitizen,0.1649321980447808,0.0,0.1649321980447808,tabular_imputer
2026-05-08T13:28:00.484198+00:00,Telco,MCAR,10%,Mean/Mode,,422,SeniorCitizen,0.1649321980447808,0.0,0.1649321980447808,tabular_imputer
2026-05-08T13:28:00.484198+00:00,Telco,MCAR,10%,Mean/Mode,,427,SeniorCitizen,0.1649321980447808,0.0,0.1649321980447808,tabular_imputer
2026-05-08T13:28:00.484198+00:00,Telco,MCAR,10%,Mean/Mode,,437,SeniorCitizen,0.1649321980447808,0.0,0.1649321980447808,tabular_imputer
2026-05-08T13:28:00.484198+00:00,Telco,MCAR,10%,Mean/Mode,,456,SeniorCitizen,0.1649321980447808,0.0,0.1649321980447808,tabular_imputer
2026-05-08T13:28:00.484198+00:00,Telco,MCAR,10%,Mean/Mode,,479,SeniorCitizen,0.1649321980447808,0.0,0.1649321980447808,tabular_imputer
2026-05-08T13:28:00.484198+00:00,Telco,MCAR,10%,Mean/Mode,,482,SeniorCitizen,0.1649321980447808,1.0,0.8350678019552191,tabular_imputer
2026-05-08T13:28:00.484198+00:00,Telco,MCAR,10%,Mean/Mode,,486,SeniorCitizen,0.1649321980447808,0.0,0.1649321980447808,tabular_imputer
2026-05-08T13:28:00.484198+00:00,Telco,MCAR,10%,Mean/Mode,,491,SeniorCitizen,0.1649321980447808,0.0,0.1649321980447808,tabular_imputer
2026-05-08T13:28:00.484198+00:00,Telco,MCAR,10%,Mean/Mode,,493,SeniorCitizen,0.1649321980447808,1.0,0.8350678019552191,tabular_imputer
2026-05-08T13:28:00.484198+00:00,Telco,MCAR,10%,Mean/Mode,,504,SeniorCitizen,0.1649321980447808,0.0,0.1649321980447808,tabular_imputer
2026-05-08T13:28:00.484198+00:00,Telco,MCAR,10%,Mean/Mode,,509,SeniorCitizen,0.1649321980447808,0.0,0.1649321980447808,tabular_imputer
2026-05-08T13:28:00.484198+00:00,Telco,MCAR,10%,Mean/Mode,,513,SeniorCitizen,0.1649321980447808,0.0,0.1649321980447808,tabular_imputer
2026-05-08T13:28:00.484198+00:00,Telco,MCAR,10%,Mean/Mode,,548,SeniorCitizen,0.1649321980447808,1.0,0.8350678019552191,tabular_imputer
2026-05-08T13:28:00.484198+00:00,Telco,MCAR,10%,Mean/Mode,,549,SeniorCitizen,0.1649321980447808,0.0,0.1649321980447808,tabular_imputer
2026-05-08T13:28:00.484198+00:00,Telco,MCAR,10%,Mean/Mode,,557,SeniorCitizen,0.1649321980447808,0.0,0.1649321980447808,tabular_imputer
2026-05-08T13:28:00.484198+00:00,Telco,MCAR,10%,Mean/Mode,,565,SeniorCitizen,0.1649321980447808,0.0,0.1649321980447808,tabular_imputer
2026-05-08T13:28:00.484198+00:00,Telco,MCAR,10%,Mean/Mode,,567,SeniorCitizen,0.1649321980447808,0.0,0.1649321980447808,tabular_imputer
2026-05-08T13:28:00.484198+00:00,Telco,MCAR,10%,Mean/Mode,,571,SeniorCitizen,0.1649321980447808,1.0,0.8350678019552191,tabular_imputer
2026-05-08T13:28:00.484198+00:00,Telco,MCAR,10%,Mean/Mode,,584,SeniorCitizen,0.1649321980447808,0.0,0.1649321980447808,tabular_imputer
2026-05-08T13:28:00.484198+00:00,Telco,MCAR,10%,Mean/Mode,,597,SeniorCitizen,0.1649321980447808,0.0,0.1649321980447808,tabular_imputer
2026-05-08T13:28:00.484198+00:00,Telco,MCAR,10%,Mean/Mode,,619,SeniorCitizen,0.1649321980447808,0.0,0.1649321980447808,tabular_imputer
2026-05-08T13:28:00.484198+00:00,Telco,MCAR,10%,Mean/Mode,,623,SeniorCitizen,0.1649321980447808,0.0,0.1649321980447808,tabular_imputer
2026-05-08T13:28:00.484198+00:00,Telco,MCAR,10%,Mean/Mode,,650,SeniorCitizen,0.1649321980447808,0.0,0.1649321980447808,tabular_imputer
2026-05-08T13:28:00.484198+00:00,Telco,MCAR,10%,Mean/Mode,,664,SeniorCitizen,0.1649321980447808,0.0,0.1649321980447808,tabular_imputer
2026-05-08T13:28:00.484198+00:00,Telco,MCAR,10%,Mean/Mode,,683,SeniorCitizen,0.1649321980447808,1.0,0.8350678019552191,tabular_imputer
2026-05-08T13:28:00.484198+00:00,Telco,MCAR,10%,Mean/Mode,,687,SeniorCitizen,0.1649321980447808,1.0,0.8350678019552191,tabular_imputer
2026-05-08T13:28:00.484198+00:00,Telco,MCAR,10%,Mean/Mode,,699,SeniorCitizen,0.1649321980447808,0.0,0.1649321980447808,tabular_imputer
2026-05-08T13:28:00.484198+00:00,Telco,MCAR,10%,Mean/Mode,,719,SeniorCitizen,0.1649321980447808,1.0,0.8350678019552191,tabular_imputer
2026-05-08T13:28:00.484198+00:00,Telco,MCAR,10%,Mean/Mode,,727,SeniorCitizen,0.1649321980447808,0.0,0.1649321980447808,tabular_imputer
2026-05-08T13:28:00.484198+00:00,Telco,MCAR,10%,Mean/Mode,,732,SeniorCitizen,0.1649321980447808,0.0,0.1649321980447808,tabular_imputer
2026-05-08T13:28:00.484198+00:00,Telco,MCAR,10%,Mean/Mode,,735,SeniorCitizen,0.1649321980447808,0.0,0.1649321980447808,tabular_imputer
2026-05-08T13:28:00.484198+00:00,Telco,MCAR,10%,Mean/Mode,,740,SeniorCitizen,0.1649321980447808,0.0,0.1649321980447808,tabular_imputer
2026-05-08T13:28:00.484198+00:00,Telco,MCAR,10%,Mean/Mode,,748,SeniorCitizen,0.1649321980447808,0.0,0.1649321980447808,tabular_imputer
2026-05-08T13:28:00.484198+00:00,Telco,MCAR,10%,Mean/Mode,,756,SeniorCitizen,0.1649321980447808,0.0,0.1649321980447808,tabular_imputer
2026-05-08T13:28:00.484198+00:00,Telco,MCAR,10%,Mean/Mode,,757,SeniorCitizen,0.1649321980447808,0.0,0.1649321980447808,tabular_imputer
2026-05-08T13:28:00.484198+00:00,Telco,MCAR,10%,Mean/Mode,,778,SeniorCitizen,0.1649321980447808,0.0,0.1649321980447808,tabular_imputer
2026-05-08T13:28:00.484198+00:00,Telco,MCAR,10%,Mean/Mode,,791,SeniorCitizen,0.1649321980447808,0.0,0.1649321980447808,tabular_imputer
2026-05-08T13:28:00.484198+00:00,Telco,MCAR,10%,Mean/Mode,,798,SeniorCitizen,0.1649321980447808,0.0,0.1649321980447808,tabular_imputer
2026-05-08T13:28:00.484198+00:00,Telco,MCAR,10%,Mean/Mode,,805,SeniorCitizen,0.1649321980447808,0.0,0.1649321980447808,tabular_imputer
2026-05-08T13:28:00.484198+00:00,Telco,MCAR,10%,Mean/Mode,,806,SeniorCitizen,0.1649321980447808,0.0,0.1649321980447808,tabular_imputer
2026-05-08T13:28:00.484198+00:00,Telco,MCAR,10%,Mean/Mode,,831,SeniorCitizen,0.1649321980447808,0.0,0.1649321980447808,tabular_imputer
2026-05-08T13:28:00.484198+00:00,Telco,MCAR,10%,Mean/Mode,,869,SeniorCitizen,0.1649321980447808,0.0,0.1649321980447808,tabular_imputer
2026-05-08T13:28:00.484198+00:00,Telco,MCAR,10%,Mean/Mode,,901,SeniorCitizen,0.1649321980447808,0.0,0.1649321980447808,tabular_imputer
2026-05-08T13:28:00.484198+00:00,Telco,MCAR,10%,Mean/Mode,,945,SeniorCitizen,0.1649321980447808,0.0,0.1649321980447808,tabular_imputer
2026-05-08T13:28:00.484198+00:00,Telco,MCAR,10%,Mean/Mode,,979,SeniorCitizen,0.1649321980447808,0.0,0.1649321980447808,tabular_imputer
2026-05-08T13:28:00.484198+00:00,Telco,MCAR,10%,Mean/Mode,,1013,SeniorCitizen,0.1649321980447808,0.0,0.1649321980447808,tabular_imputer
2026-05-08T13:28:00.484198+00:00,Telco,MCAR,10%,Mean/Mode,,1016,SeniorCitizen,0.1649321980447808,0.0,0.1649321980447808,tabular_imputer
2026-05-08T13:28:00.484198+00:00,Telco,MCAR,10%,Mean/Mode,,1036,SeniorCitizen,0.1649321980447808,0.0,0.1649321980447808,tabular_imputer
2026-05-08T13:28:00.484198+00:00,Telco,MCAR,10%,Mean/Mode,,1037,SeniorCitizen,0.1649321980447808,0.0,0.1649321980447808,tabular_imputer
2026-05-08T13:28:00.484198+00:00,Telco,MCAR,10%,Mean/Mode,,1044,SeniorCitizen,0.1649321980447808,0.0,0.1649321980447808,tabular_imputer
2026-05-08T13:28:00.484198+00:00,Telco,MCAR,10%,Mean/Mode,,1051,SeniorCitizen,0.1649321980447808,0.0,0.1649321980447808,tabular_imputer
2026-05-08T13:28:00.484198+00:00,Telco,MCAR,10%,Mean/Mode,,1065,SeniorCitizen,0.1649321980447808,0.0,0.1649321980447808,tabular_imputer
2026-05-08T13:28:00.484198+00:00,Telco,MCAR,10%,Mean/Mode,,1074,SeniorCitizen,0.1649321980447808,0.0,0.1649321980447808,tabular_imputer
2026-05-08T13:28:00.484198+00:00,Telco,MCAR,10%,Mean/Mode,,1084,SeniorCitizen,0.1649321980447808,0.0,0.1649321980447808,tabular_imputer
2026-05-08T13:28:00.484198+00:00,Telco,MCAR,10%,Mean/Mode,,1110,SeniorCitizen,0.1649321980447808,0.0,0.1649321980447808,tabular_imputer
2026-05-08T13:28:00.484198+00:00,Telco,MCAR,10%,Mean/Mode,,1112,SeniorCitizen,0.1649321980447808,1.0,0.8350678019552191,tabular_imputer
2026-05-08T13:28:00.484198+00:00,Telco,MCAR,10%,Mean/Mode,,1116,SeniorCitizen,0.1649321980447808,0.0,0.1649321980447808,tabular_imputer
2026-05-08T13:28:00.484198+00:00,Telco,MCAR,10%,Mean/Mode,,1118,SeniorCitizen,0.1649321980447808,0.0,0.1649321980447808,tabular_imputer
2026-05-08T13:28:00.484198+00:00,Telco,MCAR,10%,Mean/Mode,,1123,SeniorCitizen,0.1649321980447808,0.0,0.1649321980447808,tabular_imputer
2026-05-08T13:28:00.484198+00:00,Telco,MCAR,10%,Mean/Mode,,1139,SeniorCitizen,0.1649321980447808,1.0,0.8350678019552191,tabular_imputer
2026-05-08T13:28:00.484198+00:00,Telco,MCAR,10%,Mean/Mode,,1155,SeniorCitizen,0.1649321980447808,0.0,0.1649321980447808,tabular_imputer
2026-05-08T13:28:00.484198+00:00,Telco,MCAR,10%,Mean/Mode,,1165,SeniorCitizen,0.1649321980447808,0.0,0.1649321980447808,tabular_imputer
2026-05-08T13:28:00.484198+00:00,Telco,MCAR,10%,Mean/Mode,,1177,SeniorCitizen,0.1649321980447808,0.0,0.1649321980447808,tabular_imputer
2026-05-08T13:28:00.484198+00:00,Telco,MCAR,10%,Mean/Mode,,1185,SeniorCitizen,0.1649321980447808,0.0,0.1649321980447808,tabular_imputer
2026-05-08T13:28:00.484198+00:00,Telco,MCAR,10%,Mean/Mode,,1188,SeniorCitizen,0.1649321980447808,0.0,0.1649321980447808,tabular_imputer
2026-05-08T13:28:00.484198+00:00,Telco,MCAR,10%,Mean/Mode,,1189,SeniorCitizen,0.1649321980447808,0.0,0.1649321980447808,tabular_imputer
2026-05-08T13:28:00.484198+00:00,Telco,MCAR,10%,Mean/Mode,,1191,SeniorCitizen,0.1649321980447808,0.0,0.1649321980447808,tabular_imputer
2026-05-08T13:28:00.484198+00:00,Telco,MCAR,10%,Mean/Mode,,1193,SeniorCitizen,0.1649321980447808,0.0,0.1649321980447808,tabular_imputer
2026-05-08T13:28:00.484198+00:00,Telco,MCAR,10%,Mean/Mode,,1202,SeniorCitizen,0.1649321980447808,0.0,0.1649321980447808,tabular_imputer
2026-05-08T13:28:00.484198+00:00,Telco,MCAR,10%,Mean/Mode,,1203,SeniorCitizen,0.1649321980447808,0.0,0.1649321980447808,tabular_imputer
2026-05-08T13:28:00.484198+00:00,Telco,MCAR,10%,Mean/Mode,,1206,SeniorCitizen,0.1649321980447808,0.0,0.1649321980447808,tabular_imputer
2026-05-08T13:28:00.484198+00:00,Telco,MCAR,10%,Mean/Mode,,1238,SeniorCitizen,0.1649321980447808,1.0,0.8350678019552191,tabular_imputer
2026-05-08T13:28:00.484198+00:00,Telco,MCAR,10%,Mean/Mode,,1255,SeniorCitizen,0.1649321980447808,0.0,0.1649321980447808,tabular_imputer
2026-05-08T13:28:00.484198+00:00,Telco,MCAR,10%,Mean/Mode,,1259,SeniorCitizen,0.1649321980447808,1.0,0.8350678019552191,tabular_imputer
2026-05-08T13:28:00.484198+00:00,Telco,MCAR,10%,Mean/Mode,,1271,SeniorCitizen,0.1649321980447808,0.0,0.1649321980447808,tabular_imputer
2026-05-08T13:28:00.484198+00:00,Telco,MCAR,10%,Mean/Mode,,1285,SeniorCitizen,0.1649321980447808,1.0,0.8350678019552191,tabular_imputer
2026-05-08T13:28:00.484198+00:00,Telco,MCAR,10%,Mean/Mode,,1314,SeniorCitizen,0.1649321980447808,0.0,0.1649321980447808,tabular_imputer
2026-05-08T13:28:00.484198+00:00,Telco,MCAR,10%,Mean/Mode,,1336,SeniorCitizen,0.1649321980447808,0.0,0.1649321980447808,tabular_imputer
2026-05-08T13:28:00.484198+00:00,Telco,MCAR,10%,Mean/Mode,,1348,SeniorCitizen,0.1649321980447808,0.0,0.1649321980447808,tabular_imputer
2026-05-08T13:28:00.484198+00:00,Telco,MCAR,10%,Mean/Mode,,1352,SeniorCitizen,0.1649321980447808,0.0,0.1649321980447808,tabular_imputer
2026-05-08T13:28:00.484198+00:00,Telco,MCAR,10%,Mean/Mode,,1355,SeniorCitizen,0.1649321980447808,0.0,0.1649321980447808,tabular_imputer
2026-05-08T13:28:00.484198+00:00,Telco,MCAR,10%,Mean/Mode,,1373,SeniorCitizen,0.1649321980447808,0.0,0.1649321980447808,tabular_imputer
2026-05-08T13:28:00.484198+00:00,Telco,MCAR,10%,Mean/Mode,,1387,SeniorCitizen,0.1649321980447808,0.0,0.1649321980447808,tabular_imputer
2026-05-08T13:28:00.484198+00:00,Telco,MCAR,10%,Mean/Mode,,1395,SeniorCitizen,0.1649321980447808,0.0,0.1649321980447808,tabular_imputer
2026-05-08T13:28:00.484198+00:00,Telco,MCAR,10%,Mean/Mode,,1396,SeniorCitizen,0.1649321980447808,0.0,0.1649321980447808,tabular_imputer
2026-05-08T13:28:00.484198+00:00,Telco,MCAR,10%,Mean/Mode,,1417,SeniorCitizen,0.1649321980447808,1.0,0.8350678019552191,tabular_imputer
2026-05-08T13:28:00.484198+00:00,Telco,MCAR,10%,Mean/Mode,,1457,SeniorCitizen,0.1649321980447808,0.0,0.1649321980447808,tabular_imputer
2026-05-08T13:28:00.484198+00:00,Telco,MCAR,10%,Mean/Mode,,1459,SeniorCitizen,0.1649321980447808,0.0,0.1649321980447808,tabular_imputer
2026-05-08T13:28:00.484198+00:00,Telco,MCAR,10%,Mean/Mode,,1464,SeniorCitizen,0.1649321980447808,0.0,0.1649321980447808,tabular_imputer
2026-05-08T13:28:00.484198+00:00,Telco,MCAR,10%,Mean/Mode,,1469,SeniorCitizen,0.1649321980447808,0.0,0.1649321980447808,tabular_imputer
2026-05-08T13:28:00.484198+00:00,Telco,MCAR,10%,Mean/Mode,,1483,SeniorCitizen,0.1649321980447808,0.0,0.1649321980447808,tabular_imputer
2026-05-08T13:28:00.484198+00:00,Telco,MCAR,10%,Mean/Mode,,1484,SeniorCitizen,0.1649321980447808,1.0,0.8350678019552191,tabular_imputer
2026-05-08T13:28:00.484198+00:00,Telco,MCAR,10%,Mean/Mode,,1495,SeniorCitizen,0.1649321980447808,0.0,0.1649321980447808,tabular_imputer
2026-05-08T13:28:00.484198+00:00,Telco,MCAR,10%,Mean/Mode,,1496,SeniorCitizen,0.1649321980447808,0.0,0.1649321980447808,tabular_imputer
2026-05-08T13:28:00.484198+00:00,Telco,MCAR,10%,Mean/Mode,,1498,SeniorCitizen,0.1649321980447808,1.0,0.8350678019552191,tabular_imputer
2026-05-08T13:28:00.484198+00:00,Telco,MCAR,10%,Mean/Mode,,1510,SeniorCitizen,0.1649321980447808,0.0,0.1649321980447808,tabular_imputer
2026-05-08T13:28:00.484198+00:00,Telco,MCAR,10%,Mean/Mode,,1512,SeniorCitizen,0.1649321980447808,0.0,0.1649321980447808,tabular_imputer
2026-05-08T13:28:00.484198+00:00,Telco,MCAR,10%,Mean/Mode,,1518,SeniorCitizen,0.1649321980447808,0.0,0.1649321980447808,tabular_imputer
2026-05-08T13:28:00.484198+00:00,Telco,MCAR,10%,Mean/Mode,,1534,SeniorCitizen,0.1649321980447808,0.0,0.1649321980447808,tabular_imputer
2026-05-08T13:28:00.484198+00:00,Telco,MCAR,10%,Mean/Mode,,1549,SeniorCitizen,0.1649321980447808,0.0,0.1649321980447808,tabular_imputer
2026-05-08T13:28:00.484198+00:00,Telco,MCAR,10%,Mean/Mode,,1560,SeniorCitizen,0.1649321980447808,0.0,0.1649321980447808,tabular_imputer
2026-05-08T13:28:00.484198+00:00,Telco,MCAR,10%,Mean/Mode,,1562,SeniorCitizen,0.1649321980447808,0.0,0.1649321980447808,tabular_imputer
2026-05-08T13:28:00.484198+00:00,Telco,MCAR,10%,Mean/Mode,,1591,SeniorCitizen,0.1649321980447808,0.0,0.1649321980447808,tabular_imputer
2026-05-08T13:28:00.484198+00:00,Telco,MCAR,10%,Mean/Mode,,1629,SeniorCitizen,0.1649321980447808,0.0,0.1649321980447808,tabular_imputer
2026-05-08T13:28:00.484198+00:00,Telco,MCAR,10%,Mean/Mode,,1638,SeniorCitizen,0.1649321980447808,0.0,0.1649321980447808,tabular_imputer
2026-05-08T13:28:00.484198+00:00,Telco,MCAR,10%,Mean/Mode,,1651,SeniorCitizen,0.1649321980447808,1.0,0.8350678019552191,tabular_imputer
2026-05-08T13:28:00.484198+00:00,Telco,MCAR,10%,Mean/Mode,,1654,SeniorCitizen,0.1649321980447808,0.0,0.1649321980447808,tabular_imputer
2026-05-08T13:28:00.484198+00:00,Telco,MCAR,10%,Mean/Mode,,1690,SeniorCitizen,0.1649321980447808,0.0,0.1649321980447808,tabular_imputer
2026-05-08T13:28:00.484198+00:00,Telco,MCAR,10%,Mean/Mode,,1702,SeniorCitizen,0.1649321980447808,0.0,0.1649321980447808,tabular_imputer
2026-05-08T13:28:00.484198+00:00,Telco,MCAR,10%,Mean/Mode,,1714,SeniorCitizen,0.1649321980447808,0.0,0.1649321980447808,tabular_imputer
2026-05-08T13:28:00.484198+00:00,Telco,MCAR,10%,Mean/Mode,,1721,SeniorCitizen,0.1649321980447808,0.0,0.1649321980447808,tabular_imputer
2026-05-08T13:28:00.484198+00:00,Telco,MCAR,10%,Mean/Mode,,1735,SeniorCitizen,0.1649321980447808,0.0,0.1649321980447808,tabular_imputer
2026-05-08T13:28:00.484198+00:00,Telco,MCAR,10%,Mean/Mode,,1739,SeniorCitizen,0.1649321980447808,0.0,0.1649321980447808,tabular_imputer
2026-05-08T13:28:00.484198+00:00,Telco,MCAR,10%,Mean/Mode,,1745,SeniorCitizen,0.1649321980447808,0.0,0.1649321980447808,tabular_imputer
2026-05-08T13:28:00.484198+00:00,Telco,MCAR,10%,Mean/Mode,,1749,SeniorCitizen,0.1649321980447808,1.0,0.8350678019552191,tabular_imputer
2026-05-08T13:28:00.484198+00:00,Telco,MCAR,10%,Mean/Mode,,1766,SeniorCitizen,0.1649321980447808,0.0,0.1649321980447808,tabular_imputer
2026-05-08T13:28:00.484198+00:00,Telco,MCAR,10%,Mean/Mode,,1774,SeniorCitizen,0.1649321980447808,0.0,0.1649321980447808,tabular_imputer
2026-05-08T13:28:00.484198+00:00,Telco,MCAR,10%,Mean/Mode,,1775,SeniorCitizen,0.1649321980447808,1.0,0.8350678019552191,tabular_imputer
2026-05-08T13:28:00.484198+00:00,Telco,MCAR,10%,Mean/Mode,,1778,SeniorCitizen,0.1649321980447808,0.0,0.1649321980447808,tabular_imputer
2026-05-08T13:28:00.484198+00:00,Telco,MCAR,10%,Mean/Mode,,1782,SeniorCitizen,0.1649321980447808,1.0,0.8350678019552191,tabular_imputer
2026-05-08T13:28:00.484198+00:00,Telco,MCAR,10%,Mean/Mode,,1784,SeniorCitizen,0.1649321980447808,0.0,0.1649321980447808,tabular_imputer
2026-05-08T13:28:00.484198+00:00,Telco,MCAR,10%,Mean/Mode,,1786,SeniorCitizen,0.1649321980447808,0.0,0.1649321980447808,tabular_imputer
2026-05-08T13:28:00.484198+00:00,Telco,MCAR,10%,Mean/Mode,,1791,SeniorCitizen,0.1649321980447808,0.0,0.1649321980447808,tabular_imputer
2026-05-08T13:28:00.484198+00:00,Telco,MCAR,10%,Mean/Mode,,1796,SeniorCitizen,0.1649321980447808,0.0,0.1649321980447808,tabular_imputer
2026-05-08T13:28:00.484198+00:00,Telco,MCAR,10%,Mean/Mode,,1802,SeniorCitizen,0.1649321980447808,0.0,0.1649321980447808,tabular_imputer
2026-05-08T13:28:00.484198+00:00,Telco,MCAR,10%,Mean/Mode,,1805,SeniorCitizen,0.1649321980447808,0.0,0.1649321980447808,tabular_imputer
2026-05-08T13:28:00.484198+00:00,Telco,MCAR,10%,Mean/Mode,,1828,SeniorCitizen,0.1649321980447808,0.0,0.1649321980447808,tabular_imputer
2026-05-08T13:28:00.484198+00:00,Telco,MCAR,10%,Mean/Mode,,1829,SeniorCitizen,0.1649321980447808,0.0,0.1649321980447808,tabular_imputer
2026-05-08T13:28:00.484198+00:00,Telco,MCAR,10%,Mean/Mode,,1839,SeniorCitizen,0.1649321980447808,0.0,0.1649321980447808,tabular_imputer
2026-05-08T13:28:00.484198+00:00,Telco,MCAR,10%,Mean/Mode,,1844,SeniorCitizen,0.1649321980447808,0.0,0.1649321980447808,tabular_imputer
2026-05-08T13:28:00.484198+00:00,Telco,MCAR,10%,Mean/Mode,,1851,SeniorCitizen,0.1649321980447808,0.0,0.1649321980447808,tabular_imputer
2026-05-08T13:28:00.484198+00:00,Telco,MCAR,10%,Mean/Mode,,1860,SeniorCitizen,0.1649321980447808,0.0,0.1649321980447808,tabular_imputer
2026-05-08T13:28:00.484198+00:00,Telco,MCAR,10%,Mean/Mode,,1863,SeniorCitizen,0.1649321980447808,0.0,0.1649321980447808,tabular_imputer
2026-05-08T13:28:00.484198+00:00,Telco,MCAR,10%,Mean/Mode,,1880,SeniorCitizen,0.1649321980447808,0.0,0.1649321980447808,tabular_imputer
2026-05-08T13:28:00.484198+00:00,Telco,MCAR,10%,Mean/Mode,,1887,SeniorCitizen,0.1649321980447808,0.0,0.1649321980447808,tabular_imputer
2026-05-08T13:28:00.484198+00:00,Telco,MCAR,10%,Mean/Mode,,1901,SeniorCitizen,0.1649321980447808,0.0,0.1649321980447808,tabular_imputer
2026-05-08T13:28:00.484198+00:00,Telco,MCAR,10%,Mean/Mode,,1904,SeniorCitizen,0.1649321980447808,0.0,0.1649321980447808,tabular_imputer
2026-05-08T13:28:00.484198+00:00,Telco,MCAR,10%,Mean/Mode,,1925,SeniorCitizen,0.1649321980447808,0.0,0.1649321980447808,tabular_imputer
2026-05-08T13:28:00.484198+00:00,Telco,MCAR,10%,Mean/Mode,,1933,SeniorCitizen,0.1649321980447808,0.0,0.1649321980447808,tabular_imputer
2026-05-08T13:28:00.484198+00:00,Telco,MCAR,10%,Mean/Mode,,1937,SeniorCitizen,0.1649321980447808,0.0,0.1649321980447808,tabular_imputer
2026-05-08T13:28:00.484198+00:00,Telco,MCAR,10%,Mean/Mode,,1940,SeniorCitizen,0.1649321980447808,0.0,0.1649321980447808,tabular_imputer
2026-05-08T13:28:00.484198+00:00,Telco,MCAR,10%,Mean/Mode,,1953,SeniorCitizen,0.1649321980447808,0.0,0.1649321980447808,tabular_imputer
2026-05-08T13:28:00.484198+00:00,Telco,MCAR,10%,Mean/Mode,,1978,SeniorCitizen,0.1649321980447808,0.0,0.1649321980447808,tabular_imputer
2026-05-08T13:28:00.484198+00:00,Telco,MCAR,10%,Mean/Mode,,1988,SeniorCitizen,0.1649321980447808,1.0,0.8350678019552191,tabular_imputer
2026-05-08T13:28:00.484198+00:00,Telco,MCAR,10%,Mean/Mode,,1990,SeniorCitizen,0.1649321980447808,1.0,0.8350678019552191,tabular_imputer
2026-05-08T13:28:00.484198+00:00,Telco,MCAR,10%,Mean/Mode,,2008,SeniorCitizen,0.1649321980447808,0.0,0.1649321980447808,tabular_imputer
2026-05-08T13:28:00.484198+00:00,Telco,MCAR,10%,Mean/Mode,,2020,SeniorCitizen,0.1649321980447808,0.0,0.1649321980447808,tabular_imputer
2026-05-08T13:28:00.484198+00:00,Telco,MCAR,10%,Mean/Mode,,2053,SeniorCitizen,0.1649321980447808,0.0,0.1649321980447808,tabular_imputer
2026-05-08T13:28:00.484198+00:00,Telco,MCAR,10%,Mean/Mode,,2063,SeniorCitizen,0.1649321980447808,0.0,0.1649321980447808,tabular_imputer
2026-05-08T13:28:00.484198+00:00,Telco,MCAR,10%,Mean/Mode,,2072,SeniorCitizen,0.1649321980447808,0.0,0.1649321980447808,tabular_imputer
2026-05-08T13:28:00.484198+00:00,Telco,MCAR,10%,Mean/Mode,,2090,SeniorCitizen,0.1649321980447808,0.0,0.1649321980447808,tabular_imputer
2026-05-08T13:28:00.484198+00:00,Telco,MCAR,10%,Mean/Mode,,2095,SeniorCitizen,0.1649321980447808,0.0,0.1649321980447808,tabular_imputer
2026-05-08T13:28:00.484198+00:00,Telco,MCAR,10%,Mean/Mode,,2101,SeniorCitizen,0.1649321980447808,0.0,0.1649321980447808,tabular_imputer
2026-05-08T13:28:00.484198+00:00,Telco,MCAR,10%,Mean/Mode,,2118,SeniorCitizen,0.1649321980447808,0.0,0.1649321980447808,tabular_imputer
2026-05-08T13:28:00.484198+00:00,Telco,MCAR,10%,Mean/Mode,,2122,SeniorCitizen,0.1649321980447808,0.0,0.1649321980447808,tabular_imputer
2026-05-08T13:28:00.484198+00:00,Telco,MCAR,10%,Mean/Mode,,2123,SeniorCitizen,0.1649321980447808,0.0,0.1649321980447808,tabular_imputer
2026-05-08T13:28:00.484198+00:00,Telco,MCAR,10%,Mean/Mode,,2137,SeniorCitizen,0.1649321980447808,0.0,0.1649321980447808,tabular_imputer
2026-05-08T13:28:00.484198+00:00,Telco,MCAR,10%,Mean/Mode,,2144,SeniorCitizen,0.1649321980447808,0.0,0.1649321980447808,tabular_imputer
2026-05-08T13:28:00.484198+00:00,Telco,MCAR,10%,Mean/Mode,,2161,SeniorCitizen,0.1649321980447808,0.0,0.1649321980447808,tabular_imputer
2026-05-08T13:28:00.484198+00:00,Telco,MCAR,10%,Mean/Mode,,2191,SeniorCitizen,0.1649321980447808,1.0,0.8350678019552191,tabular_imputer
2026-05-08T13:28:00.484198+00:00,Telco,MCAR,10%,Mean/Mode,,2201,SeniorCitizen,0.1649321980447808,0.0,0.1649321980447808,tabular_imputer
2026-05-08T13:28:00.484198+00:00,Telco,MCAR,10%,Mean/Mode,,2221,SeniorCitizen,0.1649321980447808,0.0,0.1649321980447808,tabular_imputer
2026-05-08T13:28:00.484198+00:00,Telco,MCAR,10%,Mean/Mode,,2226,SeniorCitizen,0.1649321980447808,0.0,0.1649321980447808,tabular_imputer
2026-05-08T13:28:00.484198+00:00,Telco,MCAR,10%,Mean/Mode,,2229,SeniorCitizen,0.1649321980447808,0.0,0.1649321980447808,tabular_imputer
2026-05-08T13:28:00.484198+00:00,Telco,MCAR,10%,Mean/Mode,,2239,SeniorCitizen,0.1649321980447808,0.0,0.1649321980447808,tabular_imputer
2026-05-08T13:28:00.484198+00:00,Telco,MCAR,10%,Mean/Mode,,2249,SeniorCitizen,0.1649321980447808,0.0,0.1649321980447808,tabular_imputer
2026-05-08T13:28:00.484198+00:00,Telco,MCAR,10%,Mean/Mode,,2250,SeniorCitizen,0.1649321980447808,0.0,0.1649321980447808,tabular_imputer
2026-05-08T13:28:00.484198+00:00,Telco,MCAR,10%,Mean/Mode,,2252,SeniorCitizen,0.1649321980447808,0.0,0.1649321980447808,tabular_imputer
2026-05-08T13:28:00.484198+00:00,Telco,MCAR,10%,Mean/Mode,,2256,SeniorCitizen,0.1649321980447808,0.0,0.1649321980447808,tabular_imputer
2026-05-08T13:28:00.484198+00:00,Telco,MCAR,10%,Mean/Mode,,2266,SeniorCitizen,0.1649321980447808,1.0,0.8350678019552191,tabular_imputer
2026-05-08T13:28:00.484198+00:00,Telco,MCAR,10%,Mean/Mode,,2281,SeniorCitizen,0.1649321980447808,0.0,0.1649321980447808,tabular_imputer
2026-05-08T13:28:00.484198+00:00,Telco,MCAR,10%,Mean/Mode,,2282,SeniorCitizen,0.1649321980447808,1.0,0.8350678019552191,tabular_imputer
2026-05-08T13:28:00.484198+00:00,Telco,MCAR,10%,Mean/Mode,,2289,SeniorCitizen,0.1649321980447808,0.0,0.1649321980447808,tabular_imputer
2026-05-08T13:28:00.484198+00:00,Telco,MCAR,10%,Mean/Mode,,2292,SeniorCitizen,0.1649321980447808,0.0,0.1649321980447808,tabular_imputer
2026-05-08T13:28:00.484198+00:00,Telco,MCAR,10%,Mean/Mode,,2298,SeniorCitizen,0.1649321980447808,0.0,0.1649321980447808,tabular_imputer
2026-05-08T13:28:00.484198+00:00,Telco,MCAR,10%,Mean/Mode,,2301,SeniorCitizen,0.1649321980447808,0.0,0.1649321980447808,tabular_imputer
2026-05-08T13:28:00.484198+00:00,Telco,MCAR,10%,Mean/Mode,,2323,SeniorCitizen,0.1649321980447808,0.0,0.1649321980447808,tabular_imputer
2026-05-08T13:28:00.484198+00:00,Telco,MCAR,10%,Mean/Mode,,2329,SeniorCitizen,0.1649321980447808,0.0,0.1649321980447808,tabular_imputer
2026-05-08T13:28:00.484198+00:00,Telco,MCAR,10%,Mean/Mode,,2330,SeniorCitizen,0.1649321980447808,0.0,0.1649321980447808,tabular_imputer
2026-05-08T13:28:00.484198+00:00,Telco,MCAR,10%,Mean/Mode,,2332,SeniorCitizen,0.1649321980447808,0.0,0.1649321980447808,tabular_imputer
2026-05-08T13:28:00.484198+00:00,Telco,MCAR,10%,Mean/Mode,,2335,SeniorCitizen,0.1649321980447808,0.0,0.1649321980447808,tabular_imputer
2026-05-08T13:28:00.484198+00:00,Telco,MCAR,10%,Mean/Mode,,2350,SeniorCitizen,0.1649321980447808,0.0,0.1649321980447808,tabular_imputer
2026-05-08T13:28:00.484198+00:00,Telco,MCAR,10%,Mean/Mode,,2362,SeniorCitizen,0.1649321980447808,0.0,0.1649321980447808,tabular_imputer
2026-05-08T13:28:00.484198+00:00,Telco,MCAR,10%,Mean/Mode,,2368,SeniorCitizen,0.1649321980447808,0.0,0.1649321980447808,tabular_imputer
2026-05-08T13:28:00.484198+00:00,Telco,MCAR,10%,Mean/Mode,,2371,SeniorCitizen,0.1649321980447808,0.0,0.1649321980447808,tabular_imputer
2026-05-08T13:28:00.484198+00:00,Telco,MCAR,10%,Mean/Mode,,2379,SeniorCitizen,0.1649321980447808,1.0,0.8350678019552191,tabular_imputer
2026-05-08T13:28:00.484198+00:00,Telco,MCAR,10%,Mean/Mode,,2388,SeniorCitizen,0.1649321980447808,0.0,0.1649321980447808,tabular_imputer
2026-05-08T13:28:00.484198+00:00,Telco,MCAR,10%,Mean/Mode,,2408,SeniorCitizen,0.1649321980447808,0.0,0.1649321980447808,tabular_imputer
2026-05-08T13:28:00.484198+00:00,Telco,MCAR,10%,Mean/Mode,,2415,SeniorCitizen,0.1649321980447808,1.0,0.8350678019552191,tabular_imputer
2026-05-08T13:28:00.484198+00:00,Telco,MCAR,10%,Mean/Mode,,2445,SeniorCitizen,0.1649321980447808,0.0,0.1649321980447808,tabular_imputer
2026-05-08T13:28:00.484198+00:00,Telco,MCAR,10%,Mean/Mode,,2458,SeniorCitizen,0.1649321980447808,1.0,0.8350678019552191,tabular_imputer
2026-05-08T13:28:00.484198+00:00,Telco,MCAR,10%,Mean/Mode,,2474,SeniorCitizen,0.1649321980447808,0.0,0.1649321980447808,tabular_imputer
2026-05-08T13:28:00.484198+00:00,Telco,MCAR,10%,Mean/Mode,,2483,SeniorCitizen,0.1649321980447808,1.0,0.8350678019552191,tabular_imputer
2026-05-08T13:28:00.484198+00:00,Telco,MCAR,10%,Mean/Mode,,2503,SeniorCitizen,0.1649321980447808,0.0,0.1649321980447808,tabular_imputer
2026-05-08T13:28:00.484198+00:00,Telco,MCAR,10%,Mean/Mode,,2508,SeniorCitizen,0.1649321980447808,0.0,0.1649321980447808,tabular_imputer
2026-05-08T13:28:00.484198+00:00,Telco,MCAR,10%,Mean/Mode,,2513,SeniorCitizen,0.1649321980447808,0.0,0.1649321980447808,tabular_imputer
2026-05-08T13:28:00.484198+00:00,Telco,MCAR,10%,Mean/Mode,,2518,SeniorCitizen,0.1649321980447808,0.0,0.1649321980447808,tabular_imputer
2026-05-08T13:28:00.484198+00:00,Telco,MCAR,10%,Mean/Mode,,2522,SeniorCitizen,0.1649321980447808,0.0,0.1649321980447808,tabular_imputer
2026-05-08T13:28:00.484198+00:00,Telco,MCAR,10%,Mean/Mode,,2527,SeniorCitizen,0.1649321980447808,0.0,0.1649321980447808,tabular_imputer
2026-05-08T13:28:00.484198+00:00,Telco,MCAR,10%,Mean/Mode,,2535,SeniorCitizen,0.1649321980447808,1.0,0.8350678019552191,tabular_imputer
2026-05-08T13:28:00.484198+00:00,Telco,MCAR,10%,Mean/Mode,,2549,SeniorCitizen,0.1649321980447808,0.0,0.1649321980447808,tabular_imputer
2026-05-08T13:28:00.484198+00:00,Telco,MCAR,10%,Mean/Mode,,2550,SeniorCitizen,0.1649321980447808,0.0,0.1649321980447808,tabular_imputer
2026-05-08T13:28:00.484198+00:00,Telco,MCAR,10%,Mean/Mode,,2551,SeniorCitizen,0.1649321980447808,0.0,0.1649321980447808,tabular_imputer
2026-05-08T13:28:00.484198+00:00,Telco,MCAR,10%,Mean/Mode,,2556,SeniorCitizen,0.1649321980447808,0.0,0.1649321980447808,tabular_imputer
2026-05-08T13:28:00.484198+00:00,Telco,MCAR,10%,Mean/Mode,,2558,SeniorCitizen,0.1649321980447808,0.0,0.1649321980447808,tabular_imputer
2026-05-08T13:28:00.484198+00:00,Telco,MCAR,10%,Mean/Mode,,2571,SeniorCitizen,0.1649321980447808,0.0,0.1649321980447808,tabular_imputer
2026-05-08T13:28:00.484198+00:00,Telco,MCAR,10%,Mean/Mode,,2580,SeniorCitizen,0.1649321980447808,1.0,0.8350678019552191,tabular_imputer
2026-05-08T13:28:00.484198+00:00,Telco,MCAR,10%,Mean/Mode,,2582,SeniorCitizen,0.1649321980447808,0.0,0.1649321980447808,tabular_imputer
2026-05-08T13:28:00.484198+00:00,Telco,MCAR,10%,Mean/Mode,,2597,SeniorCitizen,0.1649321980447808,0.0,0.1649321980447808,tabular_imputer
2026-05-08T13:28:00.484198+00:00,Telco,MCAR,10%,Mean/Mode,,2617,SeniorCitizen,0.1649321980447808,0.0,0.1649321980447808,tabular_imputer
2026-05-08T13:28:00.484198+00:00,Telco,MCAR,10%,Mean/Mode,,2619,SeniorCitizen,0.1649321980447808,1.0,0.8350678019552191,tabular_imputer
2026-05-08T13:28:00.484198+00:00,Telco,MCAR,10%,Mean/Mode,,2638,SeniorCitizen,0.1649321980447808,0.0,0.1649321980447808,tabular_imputer
2026-05-08T13:28:00.484198+00:00,Telco,MCAR,10%,Mean/Mode,,2645,SeniorCitizen,0.1649321980447808,0.0,0.1649321980447808,tabular_imputer
2026-05-08T13:28:00.484198+00:00,Telco,MCAR,10%,Mean/Mode,,2660,SeniorCitizen,0.1649321980447808,0.0,0.1649321980447808,tabular_imputer
2026-05-08T13:28:00.484198+00:00,Telco,MCAR,10%,Mean/Mode,,2673,SeniorCitizen,0.1649321980447808,0.0,0.1649321980447808,tabular_imputer
2026-05-08T13:28:00.484198+00:00,Telco,MCAR,10%,Mean/Mode,,2680,SeniorCitizen,0.1649321980447808,0.0,0.1649321980447808,tabular_imputer
2026-05-08T13:28:00.484198+00:00,Telco,MCAR,10%,Mean/Mode,,2685,SeniorCitizen,0.1649321980447808,0.0,0.1649321980447808,tabular_imputer
2026-05-08T13:28:00.484198+00:00,Telco,MCAR,10%,Mean/Mode,,2687,SeniorCitizen,0.1649321980447808,0.0,0.1649321980447808,tabular_imputer
2026-05-08T13:28:00.484198+00:00,Telco,MCAR,10%,Mean/Mode,,2689,SeniorCitizen,0.1649321980447808,1.0,0.8350678019552191,tabular_imputer
2026-05-08T13:28:00.484198+00:00,Telco,MCAR,10%,Mean/Mode,,2696,SeniorCitizen,0.1649321980447808,0.0,0.1649321980447808,tabular_imputer
2026-05-08T13:28:00.484198+00:00,Telco,MCAR,10%,Mean/Mode,,2706,SeniorCitizen,0.1649321980447808,0.0,0.1649321980447808,tabular_imputer
2026-05-08T13:28:00.484198+00:00,Telco,MCAR,10%,Mean/Mode,,2725,SeniorCitizen,0.1649321980447808,0.0,0.1649321980447808,tabular_imputer
2026-05-08T13:28:00.484198+00:00,Telco,MCAR,10%,Mean/Mode,,2759,SeniorCitizen,0.1649321980447808,0.0,0.1649321980447808,tabular_imputer
2026-05-08T13:28:00.484198+00:00,Telco,MCAR,10%,Mean/Mode,,2761,SeniorCitizen,0.1649321980447808,1.0,0.8350678019552191,tabular_imputer
2026-05-08T13:28:00.484198+00:00,Telco,MCAR,10%,Mean/Mode,,2763,SeniorCitizen,0.1649321980447808,0.0,0.1649321980447808,tabular_imputer
2026-05-08T13:28:00.484198+00:00,Telco,MCAR,10%,Mean/Mode,,2783,SeniorCitizen,0.1649321980447808,0.0,0.1649321980447808,tabular_imputer
2026-05-08T13:28:00.484198+00:00,Telco,MCAR,10%,Mean/Mode,,2784,SeniorCitizen,0.1649321980447808,0.0,0.1649321980447808,tabular_imputer
2026-05-08T13:28:00.484198+00:00,Telco,MCAR,10%,Mean/Mode,,2785,SeniorCitizen,0.1649321980447808,0.0,0.1649321980447808,tabular_imputer
2026-05-08T13:28:00.484198+00:00,Telco,MCAR,10%,Mean/Mode,,2791,SeniorCitizen,0.1649321980447808,0.0,0.1649321980447808,tabular_imputer
2026-05-08T13:28:00.484198+00:00,Telco,MCAR,10%,Mean/Mode,,2804,SeniorCitizen,0.1649321980447808,0.0,0.1649321980447808,tabular_imputer
2026-05-08T13:28:00.484198+00:00,Telco,MCAR,10%,Mean/Mode,,2824,SeniorCitizen,0.1649321980447808,0.0,0.1649321980447808,tabular_imputer
2026-05-08T13:28:00.484198+00:00,Telco,MCAR,10%,Mean/Mode,,2830,SeniorCitizen,0.1649321980447808,0.0,0.1649321980447808,tabular_imputer
2026-05-08T13:28:00.484198+00:00,Telco,MCAR,10%,Mean/Mode,,2836,SeniorCitizen,0.1649321980447808,0.0,0.1649321980447808,tabular_imputer
2026-05-08T13:28:00.484198+00:00,Telco,MCAR,10%,Mean/Mode,,2840,SeniorCitizen,0.1649321980447808,0.0,0.1649321980447808,tabular_imputer
2026-05-08T13:28:00.484198+00:00,Telco,MCAR,10%,Mean/Mode,,2843,SeniorCitizen,0.1649321980447808,0.0,0.1649321980447808,tabular_imputer
2026-05-08T13:28:00.484198+00:00,Telco,MCAR,10%,Mean/Mode,,2848,SeniorCitizen,0.1649321980447808,0.0,0.1649321980447808,tabular_imputer
2026-05-08T13:28:00.484198+00:00,Telco,MCAR,10%,Mean/Mode,,2849,SeniorCitizen,0.1649321980447808,0.0,0.1649321980447808,tabular_imputer
2026-05-08T13:28:00.484198+00:00,Telco,MCAR,10%,Mean/Mode,,2858,SeniorCitizen,0.1649321980447808,0.0,0.1649321980447808,tabular_imputer
2026-05-08T13:28:00.484198+00:00,Telco,MCAR,10%,Mean/Mode,,2865,SeniorCitizen,0.1649321980447808,0.0,0.1649321980447808,tabular_imputer
2026-05-08T13:28:00.484198+00:00,Telco,MCAR,10%,Mean/Mode,,2871,SeniorCitizen,0.1649321980447808,0.0,0.1649321980447808,tabular_imputer
2026-05-08T13:28:00.484198+00:00,Telco,MCAR,10%,Mean/Mode,,2885,SeniorCitizen,0.1649321980447808,1.0,0.8350678019552191,tabular_imputer
2026-05-08T13:28:00.484198+00:00,Telco,MCAR,10%,Mean/Mode,,2886,SeniorCitizen,0.1649321980447808,0.0,0.1649321980447808,tabular_imputer
2026-05-08T13:28:00.484198+00:00,Telco,MCAR,10%,Mean/Mode,,2924,SeniorCitizen,0.1649321980447808,0.0,0.1649321980447808,tabular_imputer
2026-05-08T13:28:00.484198+00:00,Telco,MCAR,10%,Mean/Mode,,2943,SeniorCitizen,0.1649321980447808,0.0,0.1649321980447808,tabular_imputer
2026-05-08T13:28:00.484198+00:00,Telco,MCAR,10%,Mean/Mode,,2965,SeniorCitizen,0.1649321980447808,0.0,0.1649321980447808,tabular_imputer
2026-05-08T13:28:00.484198+00:00,Telco,MCAR,10%,Mean/Mode,,2967,SeniorCitizen,0.1649321980447808,0.0,0.1649321980447808,tabular_imputer
2026-05-08T13:28:00.484198+00:00,Telco,MCAR,10%,Mean/Mode,,2971,SeniorCitizen,0.1649321980447808,0.0,0.1649321980447808,tabular_imputer
2026-05-08T13:28:00.484198+00:00,Telco,MCAR,10%,Mean/Mode,,2984,SeniorCitizen,0.1649321980447808,0.0,0.1649321980447808,tabular_imputer
2026-05-08T13:28:00.484198+00:00,Telco,MCAR,10%,Mean/Mode,,2985,SeniorCitizen,0.1649321980447808,0.0,0.1649321980447808,tabular_imputer
2026-05-08T13:28:00.484198+00:00,Telco,MCAR,10%,Mean/Mode,,2989,SeniorCitizen,0.1649321980447808,0.0,0.1649321980447808,tabular_imputer
2026-05-08T13:28:00.484198+00:00,Telco,MCAR,10%,Mean/Mode,,3006,SeniorCitizen,0.1649321980447808,1.0,0.8350678019552191,tabular_imputer
2026-05-08T13:28:00.484198+00:00,Telco,MCAR,10%,Mean/Mode,,3016,SeniorCitizen,0.1649321980447808,0.0,0.1649321980447808,tabular_imputer
2026-05-08T13:28:00.484198+00:00,Telco,MCAR,10%,Mean/Mode,,3017,SeniorCitizen,0.1649321980447808,0.0,0.1649321980447808,tabular_imputer
2026-05-08T13:28:00.484198+00:00,Telco,MCAR,10%,Mean/Mode,,3020,SeniorCitizen,0.1649321980447808,0.0,0.1649321980447808,tabular_imputer
2026-05-08T13:28:00.484198+00:00,Telco,MCAR,10%,Mean/Mode,,3028,SeniorCitizen,0.1649321980447808,0.0,0.1649321980447808,tabular_imputer
2026-05-08T13:28:00.484198+00:00,Telco,MCAR,10%,Mean/Mode,,3044,SeniorCitizen,0.1649321980447808,0.0,0.1649321980447808,tabular_imputer
2026-05-08T13:28:00.484198+00:00,Telco,MCAR,10%,Mean/Mode,,3072,SeniorCitizen,0.1649321980447808,0.0,0.1649321980447808,tabular_imputer
2026-05-08T13:28:00.484198+00:00,Telco,MCAR,10%,Mean/Mode,,3103,SeniorCitizen,0.1649321980447808,1.0,0.8350678019552191,tabular_imputer
2026-05-08T13:28:00.484198+00:00,Telco,MCAR,10%,Mean/Mode,,3110,SeniorCitizen,0.1649321980447808,0.0,0.1649321980447808,tabular_imputer
2026-05-08T13:28:00.484198+00:00,Telco,MCAR,10%,Mean/Mode,,3129,SeniorCitizen,0.1649321980447808,0.0,0.1649321980447808,tabular_imputer
2026-05-08T13:28:00.484198+00:00,Telco,MCAR,10%,Mean/Mode,,3145,SeniorCitizen,0.1649321980447808,0.0,0.1649321980447808,tabular_imputer
2026-05-08T13:28:00.484198+00:00,Telco,MCAR,10%,Mean/Mode,,3151,SeniorCitizen,0.1649321980447808,0.0,0.1649321980447808,tabular_imputer
2026-05-08T13:28:00.484198+00:00,Telco,MCAR,10%,Mean/Mode,,3161,SeniorCitizen,0.1649321980447808,0.0,0.1649321980447808,tabular_imputer
2026-05-08T13:28:00.484198+00:00,Telco,MCAR,10%,Mean/Mode,,3162,SeniorCitizen,0.1649321980447808,0.0,0.1649321980447808,tabular_imputer
2026-05-08T13:28:00.484198+00:00,Telco,MCAR,10%,Mean/Mode,,3164,SeniorCitizen,0.1649321980447808,0.0,0.1649321980447808,tabular_imputer
2026-05-08T13:28:00.484198+00:00,Telco,MCAR,10%,Mean/Mode,,3169,SeniorCitizen,0.1649321980447808,0.0,0.1649321980447808,tabular_imputer
2026-05-08T13:28:00.484198+00:00,Telco,MCAR,10%,Mean/Mode,,3180,SeniorCitizen,0.1649321980447808,0.0,0.1649321980447808,tabular_imputer
2026-05-08T13:28:00.484198+00:00,Telco,MCAR,10%,Mean/Mode,,3199,SeniorCitizen,0.1649321980447808,0.0,0.1649321980447808,tabular_imputer
2026-05-08T13:28:00.484198+00:00,Telco,MCAR,10%,Mean/Mode,,3200,SeniorCitizen,0.1649321980447808,0.0,0.1649321980447808,tabular_imputer
2026-05-08T13:28:00.484198+00:00,Telco,MCAR,10%,Mean/Mode,,3202,SeniorCitizen,0.1649321980447808,0.0,0.1649321980447808,tabular_imputer
2026-05-08T13:28:00.484198+00:00,Telco,MCAR,10%,Mean/Mode,,3227,SeniorCitizen,0.1649321980447808,0.0,0.1649321980447808,tabular_imputer
2026-05-08T13:28:00.484198+00:00,Telco,MCAR,10%,Mean/Mode,,3229,SeniorCitizen,0.1649321980447808,0.0,0.1649321980447808,tabular_imputer
2026-05-08T13:28:00.484198+00:00,Telco,MCAR,10%,Mean/Mode,,3244,SeniorCitizen,0.1649321980447808,0.0,0.1649321980447808,tabular_imputer
2026-05-08T13:28:00.484198+00:00,Telco,MCAR,10%,Mean/Mode,,3263,SeniorCitizen,0.1649321980447808,0.0,0.1649321980447808,tabular_imputer
2026-05-08T13:28:00.484198+00:00,Telco,MCAR,10%,Mean/Mode,,3264,SeniorCitizen,0.1649321980447808,0.0,0.1649321980447808,tabular_imputer
2026-05-08T13:28:00.484198+00:00,Telco,MCAR,10%,Mean/Mode,,3268,SeniorCitizen,0.1649321980447808,0.0,0.1649321980447808,tabular_imputer
2026-05-08T13:28:00.484198+00:00,Telco,MCAR,10%,Mean/Mode,,3276,SeniorCitizen,0.1649321980447808,0.0,0.1649321980447808,tabular_imputer
2026-05-08T13:28:00.484198+00:00,Telco,MCAR,10%,Mean/Mode,,3297,SeniorCitizen,0.1649321980447808,0.0,0.1649321980447808,tabular_imputer
2026-05-08T13:28:00.484198+00:00,Telco,MCAR,10%,Mean/Mode,,3303,SeniorCitizen,0.1649321980447808,0.0,0.1649321980447808,tabular_imputer
2026-05-08T13:28:00.484198+00:00,Telco,MCAR,10%,Mean/Mode,,3308,SeniorCitizen,0.1649321980447808,0.0,0.1649321980447808,tabular_imputer
2026-05-08T13:28:00.484198+00:00,Telco,MCAR,10%,Mean/Mode,,3323,SeniorCitizen,0.1649321980447808,0.0,0.1649321980447808,tabular_imputer
2026-05-08T13:28:00.484198+00:00,Telco,MCAR,10%,Mean/Mode,,3330,SeniorCitizen,0.1649321980447808,1.0,0.8350678019552191,tabular_imputer
2026-05-08T13:28:00.484198+00:00,Telco,MCAR,10%,Mean/Mode,,3356,SeniorCitizen,0.1649321980447808,0.0,0.1649321980447808,tabular_imputer
2026-05-08T13:28:00.484198+00:00,Telco,MCAR,10%,Mean/Mode,,3365,SeniorCitizen,0.1649321980447808,0.0,0.1649321980447808,tabular_imputer
2026-05-08T13:28:00.484198+00:00,Telco,MCAR,10%,Mean/Mode,,3366,SeniorCitizen,0.1649321980447808,0.0,0.1649321980447808,tabular_imputer
2026-05-08T13:28:00.484198+00:00,Telco,MCAR,10%,Mean/Mode,,3406,SeniorCitizen,0.1649321980447808,0.0,0.1649321980447808,tabular_imputer
2026-05-08T13:28:00.484198+00:00,Telco,MCAR,10%,Mean/Mode,,3418,SeniorCitizen,0.1649321980447808,0.0,0.1649321980447808,tabular_imputer
2026-05-08T13:28:00.484198+00:00,Telco,MCAR,10%,Mean/Mode,,3440,SeniorCitizen,0.1649321980447808,0.0,0.1649321980447808,tabular_imputer
2026-05-08T13:28:00.484198+00:00,Telco,MCAR,10%,Mean/Mode,,3457,SeniorCitizen,0.1649321980447808,0.0,0.1649321980447808,tabular_imputer
2026-05-08T13:28:00.484198+00:00,Telco,MCAR,10%,Mean/Mode,,3467,SeniorCitizen,0.1649321980447808,1.0,0.8350678019552191,tabular_imputer
2026-05-08T13:28:00.484198+00:00,Telco,MCAR,10%,Mean/Mode,,3485,SeniorCitizen,0.1649321980447808,0.0,0.1649321980447808,tabular_imputer
2026-05-08T13:28:00.484198+00:00,Telco,MCAR,10%,Mean/Mode,,3486,SeniorCitizen,0.1649321980447808,0.0,0.1649321980447808,tabular_imputer
2026-05-08T13:28:00.484198+00:00,Telco,MCAR,10%,Mean/Mode,,3488,SeniorCitizen,0.1649321980447808,0.0,0.1649321980447808,tabular_imputer
2026-05-08T13:28:00.484198+00:00,Telco,MCAR,10%,Mean/Mode,,3491,SeniorCitizen,0.1649321980447808,0.0,0.1649321980447808,tabular_imputer
2026-05-08T13:28:00.484198+00:00,Telco,MCAR,10%,Mean/Mode,,3503,SeniorCitizen,0.1649321980447808,0.0,0.1649321980447808,tabular_imputer
2026-05-08T13:28:00.484198+00:00,Telco,MCAR,10%,Mean/Mode,,3513,SeniorCitizen,0.1649321980447808,0.0,0.1649321980447808,tabular_imputer
2026-05-08T13:28:00.484198+00:00,Telco,MCAR,10%,Mean/Mode,,3526,SeniorCitizen,0.1649321980447808,1.0,0.8350678019552191,tabular_imputer
2026-05-08T13:28:00.484198+00:00,Telco,MCAR,10%,Mean/Mode,,3530,SeniorCitizen,0.1649321980447808,0.0,0.1649321980447808,tabular_imputer
2026-05-08T13:28:00.484198+00:00,Telco,MCAR,10%,Mean/Mode,,3557,SeniorCitizen,0.1649321980447808,1.0,0.8350678019552191,tabular_imputer
2026-05-08T13:28:00.484198+00:00,Telco,MCAR,10%,Mean/Mode,,3559,SeniorCitizen,0.1649321980447808,0.0,0.1649321980447808,tabular_imputer
2026-05-08T13:28:00.484198+00:00,Telco,MCAR,10%,Mean/Mode,,3574,SeniorCitizen,0.1649321980447808,0.0,0.1649321980447808,tabular_imputer
2026-05-08T13:28:00.484198+00:00,Telco,MCAR,10%,Mean/Mode,,3578,SeniorCitizen,0.1649321980447808,0.0,0.1649321980447808,tabular_imputer
2026-05-08T13:28:00.484198+00:00,Telco,MCAR,10%,Mean/Mode,,3598,SeniorCitizen,0.1649321980447808,1.0,0.8350678019552191,tabular_imputer
2026-05-08T13:28:00.484198+00:00,Telco,MCAR,10%,Mean/Mode,,3602,SeniorCitizen,0.1649321980447808,0.0,0.1649321980447808,tabular_imputer
2026-05-08T13:28:00.484198+00:00,Telco,MCAR,10%,Mean/Mode,,3614,SeniorCitizen,0.1649321980447808,0.0,0.1649321980447808,tabular_imputer
2026-05-08T13:28:00.484198+00:00,Telco,MCAR,10%,Mean/Mode,,3619,SeniorCitizen,0.1649321980447808,0.0,0.1649321980447808,tabular_imputer
2026-05-08T13:28:00.484198+00:00,Telco,MCAR,10%,Mean/Mode,,3648,SeniorCitizen,0.1649321980447808,0.0,0.1649321980447808,tabular_imputer
2026-05-08T13:28:00.484198+00:00,Telco,MCAR,10%,Mean/Mode,,3651,SeniorCitizen,0.1649321980447808,1.0,0.8350678019552191,tabular_imputer
2026-05-08T13:28:00.484198+00:00,Telco,MCAR,10%,Mean/Mode,,3657,SeniorCitizen,0.1649321980447808,0.0,0.1649321980447808,tabular_imputer
2026-05-08T13:28:00.484198+00:00,Telco,MCAR,10%,Mean/Mode,,3658,SeniorCitizen,0.1649321980447808,0.0,0.1649321980447808,tabular_imputer
2026-05-08T13:28:00.484198+00:00,Telco,MCAR,10%,Mean/Mode,,3665,SeniorCitizen,0.1649321980447808,0.0,0.1649321980447808,tabular_imputer
2026-05-08T13:28:00.484198+00:00,Telco,MCAR,10%,Mean/Mode,,3674,SeniorCitizen,0.1649321980447808,0.0,0.1649321980447808,tabular_imputer
2026-05-08T13:28:00.484198+00:00,Telco,MCAR,10%,Mean/Mode,,3697,SeniorCitizen,0.1649321980447808,0.0,0.1649321980447808,tabular_imputer
2026-05-08T13:28:00.484198+00:00,Telco,MCAR,10%,Mean/Mode,,3715,SeniorCitizen,0.1649321980447808,1.0,0.8350678019552191,tabular_imputer
2026-05-08T13:28:00.484198+00:00,Telco,MCAR,10%,Mean/Mode,,3757,SeniorCitizen,0.1649321980447808,0.0,0.1649321980447808,tabular_imputer
2026-05-08T13:28:00.484198+00:00,Telco,MCAR,10%,Mean/Mode,,3768,SeniorCitizen,0.1649321980447808,0.0,0.1649321980447808,tabular_imputer
2026-05-08T13:28:00.484198+00:00,Telco,MCAR,10%,Mean/Mode,,3776,SeniorCitizen,0.1649321980447808,0.0,0.1649321980447808,tabular_imputer
2026-05-08T13:28:00.484198+00:00,Telco,MCAR,10%,Mean/Mode,,3811,SeniorCitizen,0.1649321980447808,0.0,0.1649321980447808,tabular_imputer
2026-05-08T13:28:00.484198+00:00,Telco,MCAR,10%,Mean/Mode,,3813,SeniorCitizen,0.1649321980447808,0.0,0.1649321980447808,tabular_imputer
2026-05-08T13:28:00.484198+00:00,Telco,MCAR,10%,Mean/Mode,,3814,SeniorCitizen,0.1649321980447808,0.0,0.1649321980447808,tabular_imputer
2026-05-08T13:28:00.484198+00:00,Telco,MCAR,10%,Mean/Mode,,3819,SeniorCitizen,0.1649321980447808,0.0,0.1649321980447808,tabular_imputer
2026-05-08T13:28:00.484198+00:00,Telco,MCAR,10%,Mean/Mode,,3825,SeniorCitizen,0.1649321980447808,0.0,0.1649321980447808,tabular_imputer
2026-05-08T13:28:00.484198+00:00,Telco,MCAR,10%,Mean/Mode,,3828,SeniorCitizen,0.1649321980447808,0.0,0.1649321980447808,tabular_imputer
2026-05-08T13:28:00.484198+00:00,Telco,MCAR,10%,Mean/Mode,,3835,SeniorCitizen,0.1649321980447808,0.0,0.1649321980447808,tabular_imputer
2026-05-08T13:28:00.484198+00:00,Telco,MCAR,10%,Mean/Mode,,3844,SeniorCitizen,0.1649321980447808,0.0,0.1649321980447808,tabular_imputer
2026-05-08T13:28:00.484198+00:00,Telco,MCAR,10%,Mean/Mode,,3845,SeniorCitizen,0.1649321980447808,0.0,0.1649321980447808,tabular_imputer
2026-05-08T13:28:00.484198+00:00,Telco,MCAR,10%,Mean/Mode,,3853,SeniorCitizen,0.1649321980447808,0.0,0.1649321980447808,tabular_imputer
2026-05-08T13:28:00.484198+00:00,Telco,MCAR,10%,Mean/Mode,,3866,SeniorCitizen,0.1649321980447808,0.0,0.1649321980447808,tabular_imputer
2026-05-08T13:28:00.484198+00:00,Telco,MCAR,10%,Mean/Mode,,3869,SeniorCitizen,0.1649321980447808,0.0,0.1649321980447808,tabular_imputer
2026-05-08T13:28:00.484198+00:00,Telco,MCAR,10%,Mean/Mode,,3878,SeniorCitizen,0.1649321980447808,0.0,0.1649321980447808,tabular_imputer
2026-05-08T13:28:00.484198+00:00,Telco,MCAR,10%,Mean/Mode,,3882,SeniorCitizen,0.1649321980447808,0.0,0.1649321980447808,tabular_imputer
2026-05-08T13:28:00.484198+00:00,Telco,MCAR,10%,Mean/Mode,,3883,SeniorCitizen,0.1649321980447808,0.0,0.1649321980447808,tabular_imputer
2026-05-08T13:28:00.484198+00:00,Telco,MCAR,10%,Mean/Mode,,3893,SeniorCitizen,0.1649321980447808,1.0,0.8350678019552191,tabular_imputer
2026-05-08T13:28:00.484198+00:00,Telco,MCAR,10%,Mean/Mode,,3898,SeniorCitizen,0.1649321980447808,0.0,0.1649321980447808,tabular_imputer
2026-05-08T13:28:00.484198+00:00,Telco,MCAR,10%,Mean/Mode,,3906,SeniorCitizen,0.1649321980447808,0.0,0.1649321980447808,tabular_imputer
2026-05-08T13:28:00.484198+00:00,Telco,MCAR,10%,Mean/Mode,,3915,SeniorCitizen,0.1649321980447808,0.0,0.1649321980447808,tabular_imputer
2026-05-08T13:28:00.484198+00:00,Telco,MCAR,10%,Mean/Mode,,3923,SeniorCitizen,0.1649321980447808,0.0,0.1649321980447808,tabular_imputer
2026-05-08T13:28:00.484198+00:00,Telco,MCAR,10%,Mean/Mode,,3937,SeniorCitizen,0.1649321980447808,0.0,0.1649321980447808,tabular_imputer
2026-05-08T13:28:00.484198+00:00,Telco,MCAR,10%,Mean/Mode,,3942,SeniorCitizen,0.1649321980447808,0.0,0.1649321980447808,tabular_imputer
2026-05-08T13:28:00.484198+00:00,Telco,MCAR,10%,Mean/Mode,,3950,SeniorCitizen,0.1649321980447808,1.0,0.8350678019552191,tabular_imputer
2026-05-08T13:28:00.484198+00:00,Telco,MCAR,10%,Mean/Mode,,3952,SeniorCitizen,0.1649321980447808,0.0,0.1649321980447808,tabular_imputer
2026-05-08T13:28:00.484198+00:00,Telco,MCAR,10%,Mean/Mode,,3957,SeniorCitizen,0.1649321980447808,0.0,0.1649321980447808,tabular_imputer
2026-05-08T13:28:00.484198+00:00,Telco,MCAR,10%,Mean/Mode,,3961,SeniorCitizen,0.1649321980447808,0.0,0.1649321980447808,tabular_imputer
2026-05-08T13:28:00.484198+00:00,Telco,MCAR,10%,Mean/Mode,,3965,SeniorCitizen,0.1649321980447808,1.0,0.8350678019552191,tabular_imputer
2026-05-08T13:28:00.484198+00:00,Telco,MCAR,10%,Mean/Mode,,3970,SeniorCitizen,0.1649321980447808,0.0,0.1649321980447808,tabular_imputer
2026-05-08T13:28:00.484198+00:00,Telco,MCAR,10%,Mean/Mode,,3986,SeniorCitizen,0.1649321980447808,0.0,0.1649321980447808,tabular_imputer
2026-05-08T13:28:00.484198+00:00,Telco,MCAR,10%,Mean/Mode,,3999,SeniorCitizen,0.1649321980447808,1.0,0.8350678019552191,tabular_imputer
2026-05-08T13:28:00.484198+00:00,Telco,MCAR,10%,Mean/Mode,,4004,SeniorCitizen,0.1649321980447808,0.0,0.1649321980447808,tabular_imputer
2026-05-08T13:28:00.484198+00:00,Telco,MCAR,10%,Mean/Mode,,4011,SeniorCitizen,0.1649321980447808,0.0,0.1649321980447808,tabular_imputer
2026-05-08T13:28:00.484198+00:00,Telco,MCAR,10%,Mean/Mode,,4055,SeniorCitizen,0.1649321980447808,0.0,0.1649321980447808,tabular_imputer
2026-05-08T13:28:00.484198+00:00,Telco,MCAR,10%,Mean/Mode,,4067,SeniorCitizen,0.1649321980447808,0.0,0.1649321980447808,tabular_imputer
2026-05-08T13:28:00.484198+00:00,Telco,MCAR,10%,Mean/Mode,,4077,SeniorCitizen,0.1649321980447808,1.0,0.8350678019552191,tabular_imputer
2026-05-08T13:28:00.484198+00:00,Telco,MCAR,10%,Mean/Mode,,4113,SeniorCitizen,0.1649321980447808,0.0,0.1649321980447808,tabular_imputer
2026-05-08T13:28:00.484198+00:00,Telco,MCAR,10%,Mean/Mode,,4114,SeniorCitizen,0.1649321980447808,0.0,0.1649321980447808,tabular_imputer
2026-05-08T13:28:00.484198+00:00,Telco,MCAR,10%,Mean/Mode,,4127,SeniorCitizen,0.1649321980447808,0.0,0.1649321980447808,tabular_imputer
2026-05-08T13:28:00.484198+00:00,Telco,MCAR,10%,Mean/Mode,,4139,SeniorCitizen,0.1649321980447808,1.0,0.8350678019552191,tabular_imputer
2026-05-08T13:28:00.484198+00:00,Telco,MCAR,10%,Mean/Mode,,4141,SeniorCitizen,0.1649321980447808,1.0,0.8350678019552191,tabular_imputer
2026-05-08T13:28:00.484198+00:00,Telco,MCAR,10%,Mean/Mode,,4143,SeniorCitizen,0.1649321980447808,0.0,0.1649321980447808,tabular_imputer
2026-05-08T13:28:00.484198+00:00,Telco,MCAR,10%,Mean/Mode,,4149,SeniorCitizen,0.1649321980447808,0.0,0.1649321980447808,tabular_imputer
2026-05-08T13:28:00.484198+00:00,Telco,MCAR,10%,Mean/Mode,,4150,SeniorCitizen,0.1649321980447808,1.0,0.8350678019552191,tabular_imputer
2026-05-08T13:28:00.484198+00:00,Telco,MCAR,10%,Mean/Mode,,4158,SeniorCitizen,0.1649321980447808,0.0,0.1649321980447808,tabular_imputer
2026-05-08T13:28:00.484198+00:00,Telco,MCAR,10%,Mean/Mode,,4167,SeniorCitizen,0.1649321980447808,0.0,0.1649321980447808,tabular_imputer
2026-05-08T13:28:00.484198+00:00,Telco,MCAR,10%,Mean/Mode,,4188,SeniorCitizen,0.1649321980447808,1.0,0.8350678019552191,tabular_imputer
2026-05-08T13:28:00.484198+00:00,Telco,MCAR,10%,Mean/Mode,,4191,SeniorCitizen,0.1649321980447808,0.0,0.1649321980447808,tabular_imputer
2026-05-08T13:28:00.484198+00:00,Telco,MCAR,10%,Mean/Mode,,4200,SeniorCitizen,0.1649321980447808,0.0,0.1649321980447808,tabular_imputer
2026-05-08T13:28:00.484198+00:00,Telco,MCAR,10%,Mean/Mode,,4205,SeniorCitizen,0.1649321980447808,0.0,0.1649321980447808,tabular_imputer
2026-05-08T13:28:00.484198+00:00,Telco,MCAR,10%,Mean/Mode,,4206,SeniorCitizen,0.1649321980447808,0.0,0.1649321980447808,tabular_imputer
2026-05-08T13:28:00.484198+00:00,Telco,MCAR,10%,Mean/Mode,,4214,SeniorCitizen,0.1649321980447808,0.0,0.1649321980447808,tabular_imputer
2026-05-08T13:28:00.484198+00:00,Telco,MCAR,10%,Mean/Mode,,4219,SeniorCitizen,0.1649321980447808,0.0,0.1649321980447808,tabular_imputer
2026-05-08T13:28:00.484198+00:00,Telco,MCAR,10%,Mean/Mode,,4224,SeniorCitizen,0.1649321980447808,0.0,0.1649321980447808,tabular_imputer
2026-05-08T13:28:00.484198+00:00,Telco,MCAR,10%,Mean/Mode,,4228,SeniorCitizen,0.1649321980447808,0.0,0.1649321980447808,tabular_imputer
2026-05-08T13:28:00.484198+00:00,Telco,MCAR,10%,Mean/Mode,,4230,SeniorCitizen,0.1649321980447808,0.0,0.1649321980447808,tabular_imputer
2026-05-08T13:28:00.484198+00:00,Telco,MCAR,10%,Mean/Mode,,4233,SeniorCitizen,0.1649321980447808,0.0,0.1649321980447808,tabular_imputer
2026-05-08T13:28:00.484198+00:00,Telco,MCAR,10%,Mean/Mode,,4234,SeniorCitizen,0.1649321980447808,0.0,0.1649321980447808,tabular_imputer
2026-05-08T13:28:00.484198+00:00,Telco,MCAR,10%,Mean/Mode,,4241,SeniorCitizen,0.1649321980447808,0.0,0.1649321980447808,tabular_imputer
2026-05-08T13:28:00.484198+00:00,Telco,MCAR,10%,Mean/Mode,,4250,SeniorCitizen,0.1649321980447808,0.0,0.1649321980447808,tabular_imputer
2026-05-08T13:28:00.484198+00:00,Telco,MCAR,10%,Mean/Mode,,4251,SeniorCitizen,0.1649321980447808,0.0,0.1649321980447808,tabular_imputer
2026-05-08T13:28:00.484198+00:00,Telco,MCAR,10%,Mean/Mode,,4260,SeniorCitizen,0.1649321980447808,0.0,0.1649321980447808,tabular_imputer
2026-05-08T13:28:00.484198+00:00,Telco,MCAR,10%,Mean/Mode,,4280,SeniorCitizen,0.1649321980447808,0.0,0.1649321980447808,tabular_imputer
2026-05-08T13:28:00.484198+00:00,Telco,MCAR,10%,Mean/Mode,,4299,SeniorCitizen,0.1649321980447808,1.0,0.8350678019552191,tabular_imputer
2026-05-08T13:28:00.484198+00:00,Telco,MCAR,10%,Mean/Mode,,4306,SeniorCitizen,0.1649321980447808,0.0,0.1649321980447808,tabular_imputer
2026-05-08T13:28:00.484198+00:00,Telco,MCAR,10%,Mean/Mode,,4307,SeniorCitizen,0.1649321980447808,1.0,0.8350678019552191,tabular_imputer
2026-05-08T13:28:00.484198+00:00,Telco,MCAR,10%,Mean/Mode,,4309,SeniorCitizen,0.1649321980447808,0.0,0.1649321980447808,tabular_imputer
2026-05-08T13:28:00.484198+00:00,Telco,MCAR,10%,Mean/Mode,,4328,SeniorCitizen,0.1649321980447808,0.0,0.1649321980447808,tabular_imputer
2026-05-08T13:28:00.484198+00:00,Telco,MCAR,10%,Mean/Mode,,4332,SeniorCitizen,0.1649321980447808,0.0,0.1649321980447808,tabular_imputer
2026-05-08T13:28:00.484198+00:00,Telco,MCAR,10%,Mean/Mode,,4344,SeniorCitizen,0.1649321980447808,0.0,0.1649321980447808,tabular_imputer
2026-05-08T13:28:00.484198+00:00,Telco,MCAR,10%,Mean/Mode,,4345,SeniorCitizen,0.1649321980447808,0.0,0.1649321980447808,tabular_imputer
2026-05-08T13:28:00.484198+00:00,Telco,MCAR,10%,Mean/Mode,,4350,SeniorCitizen,0.1649321980447808,0.0,0.1649321980447808,tabular_imputer
2026-05-08T13:28:00.484198+00:00,Telco,MCAR,10%,Mean/Mode,,4365,SeniorCitizen,0.1649321980447808,0.0,0.1649321980447808,tabular_imputer
2026-05-08T13:28:00.484198+00:00,Telco,MCAR,10%,Mean/Mode,,4369,SeniorCitizen,0.1649321980447808,0.0,0.1649321980447808,tabular_imputer
2026-05-08T13:28:00.484198+00:00,Telco,MCAR,10%,Mean/Mode,,4370,SeniorCitizen,0.1649321980447808,0.0,0.1649321980447808,tabular_imputer
2026-05-08T13:28:00.484198+00:00,Telco,MCAR,10%,Mean/Mode,,4371,SeniorCitizen,0.1649321980447808,0.0,0.1649321980447808,tabular_imputer
2026-05-08T13:28:00.484198+00:00,Telco,MCAR,10%,Mean/Mode,,4379,SeniorCitizen,0.1649321980447808,0.0,0.1649321980447808,tabular_imputer
2026-05-08T13:28:00.484198+00:00,Telco,MCAR,10%,Mean/Mode,,4411,SeniorCitizen,0.1649321980447808,0.0,0.1649321980447808,tabular_imputer
2026-05-08T13:28:00.484198+00:00,Telco,MCAR,10%,Mean/Mode,,4420,SeniorCitizen,0.1649321980447808,0.0,0.1649321980447808,tabular_imputer
2026-05-08T13:28:00.484198+00:00,Telco,MCAR,10%,Mean/Mode,,4422,SeniorCitizen,0.1649321980447808,0.0,0.1649321980447808,tabular_imputer
2026-05-08T13:28:00.484198+00:00,Telco,MCAR,10%,Mean/Mode,,4429,SeniorCitizen,0.1649321980447808,0.0,0.1649321980447808,tabular_imputer
2026-05-08T13:28:00.484198+00:00,Telco,MCAR,10%,Mean/Mode,,4436,SeniorCitizen,0.1649321980447808,0.0,0.1649321980447808,tabular_imputer
2026-05-08T13:28:00.484198+00:00,Telco,MCAR,10%,Mean/Mode,,4443,SeniorCitizen,0.1649321980447808,0.0,0.1649321980447808,tabular_imputer
2026-05-08T13:28:00.484198+00:00,Telco,MCAR,10%,Mean/Mode,,4447,SeniorCitizen,0.1649321980447808,0.0,0.1649321980447808,tabular_imputer
2026-05-08T13:28:00.484198+00:00,Telco,MCAR,10%,Mean/Mode,,4466,SeniorCitizen,0.1649321980447808,0.0,0.1649321980447808,tabular_imputer
2026-05-08T13:28:00.484198+00:00,Telco,MCAR,10%,Mean/Mode,,4502,SeniorCitizen,0.1649321980447808,0.0,0.1649321980447808,tabular_imputer
2026-05-08T13:28:00.484198+00:00,Telco,MCAR,10%,Mean/Mode,,4515,SeniorCitizen,0.1649321980447808,0.0,0.1649321980447808,tabular_imputer
2026-05-08T13:28:00.484198+00:00,Telco,MCAR,10%,Mean/Mode,,4516,SeniorCitizen,0.1649321980447808,0.0,0.1649321980447808,tabular_imputer
2026-05-08T13:28:00.484198+00:00,Telco,MCAR,10%,Mean/Mode,,4520,SeniorCitizen,0.1649321980447808,0.0,0.1649321980447808,tabular_imputer
2026-05-08T13:28:00.484198+00:00,Telco,MCAR,10%,Mean/Mode,,4522,SeniorCitizen,0.1649321980447808,0.0,0.1649321980447808,tabular_imputer
2026-05-08T13:28:00.484198+00:00,Telco,MCAR,10%,Mean/Mode,,4531,SeniorCitizen,0.1649321980447808,0.0,0.1649321980447808,tabular_imputer
2026-05-08T13:28:00.484198+00:00,Telco,MCAR,10%,Mean/Mode,,4542,SeniorCitizen,0.1649321980447808,1.0,0.8350678019552191,tabular_imputer
2026-05-08T13:28:00.484198+00:00,Telco,MCAR,10%,Mean/Mode,,4544,SeniorCitizen,0.1649321980447808,0.0,0.1649321980447808,tabular_imputer
2026-05-08T13:28:00.484198+00:00,Telco,MCAR,10%,Mean/Mode,,4565,SeniorCitizen,0.1649321980447808,0.0,0.1649321980447808,tabular_imputer
2026-05-08T13:28:00.484198+00:00,Telco,MCAR,10%,Mean/Mode,,4580,SeniorCitizen,0.1649321980447808,0.0,0.1649321980447808,tabular_imputer
2026-05-08T13:28:00.484198+00:00,Telco,MCAR,10%,Mean/Mode,,4587,SeniorCitizen,0.1649321980447808,0.0,0.1649321980447808,tabular_imputer
2026-05-08T13:28:00.484198+00:00,Telco,MCAR,10%,Mean/Mode,,4610,SeniorCitizen,0.1649321980447808,0.0,0.1649321980447808,tabular_imputer
2026-05-08T13:28:00.484198+00:00,Telco,MCAR,10%,Mean/Mode,,4625,SeniorCitizen,0.1649321980447808,1.0,0.8350678019552191,tabular_imputer
2026-05-08T13:28:00.484198+00:00,Telco,MCAR,10%,Mean/Mode,,4632,SeniorCitizen,0.1649321980447808,0.0,0.1649321980447808,tabular_imputer
2026-05-08T13:28:00.484198+00:00,Telco,MCAR,10%,Mean/Mode,,4642,SeniorCitizen,0.1649321980447808,0.0,0.1649321980447808,tabular_imputer
2026-05-08T13:28:00.484198+00:00,Telco,MCAR,10%,Mean/Mode,,4656,SeniorCitizen,0.1649321980447808,0.0,0.1649321980447808,tabular_imputer
2026-05-08T13:28:00.484198+00:00,Telco,MCAR,10%,Mean/Mode,,4659,SeniorCitizen,0.1649321980447808,0.0,0.1649321980447808,tabular_imputer
2026-05-08T13:28:00.484198+00:00,Telco,MCAR,10%,Mean/Mode,,4700,SeniorCitizen,0.1649321980447808,0.0,0.1649321980447808,tabular_imputer
2026-05-08T13:28:00.484198+00:00,Telco,MCAR,10%,Mean/Mode,,4709,SeniorCitizen,0.1649321980447808,1.0,0.8350678019552191,tabular_imputer
2026-05-08T13:28:00.484198+00:00,Telco,MCAR,10%,Mean/Mode,,4714,SeniorCitizen,0.1649321980447808,0.0,0.1649321980447808,tabular_imputer
2026-05-08T13:28:00.484198+00:00,Telco,MCAR,10%,Mean/Mode,,4715,SeniorCitizen,0.1649321980447808,0.0,0.1649321980447808,tabular_imputer
2026-05-08T13:28:00.484198+00:00,Telco,MCAR,10%,Mean/Mode,,4720,SeniorCitizen,0.1649321980447808,1.0,0.8350678019552191,tabular_imputer
2026-05-08T13:28:00.484198+00:00,Telco,MCAR,10%,Mean/Mode,,4759,SeniorCitizen,0.1649321980447808,0.0,0.1649321980447808,tabular_imputer
2026-05-08T13:28:00.484198+00:00,Telco,MCAR,10%,Mean/Mode,,4773,SeniorCitizen,0.1649321980447808,0.0,0.1649321980447808,tabular_imputer
2026-05-08T13:28:00.484198+00:00,Telco,MCAR,10%,Mean/Mode,,4774,SeniorCitizen,0.1649321980447808,0.0,0.1649321980447808,tabular_imputer
2026-05-08T13:28:00.484198+00:00,Telco,MCAR,10%,Mean/Mode,,4780,SeniorCitizen,0.1649321980447808,0.0,0.1649321980447808,tabular_imputer
2026-05-08T13:28:00.484198+00:00,Telco,MCAR,10%,Mean/Mode,,4786,SeniorCitizen,0.1649321980447808,0.0,0.1649321980447808,tabular_imputer
2026-05-08T13:28:00.484198+00:00,Telco,MCAR,10%,Mean/Mode,,4788,SeniorCitizen,0.1649321980447808,0.0,0.1649321980447808,tabular_imputer
2026-05-08T13:28:00.484198+00:00,Telco,MCAR,10%,Mean/Mode,,4789,SeniorCitizen,0.1649321980447808,0.0,0.1649321980447808,tabular_imputer
2026-05-08T13:28:00.484198+00:00,Telco,MCAR,10%,Mean/Mode,,4811,SeniorCitizen,0.1649321980447808,0.0,0.1649321980447808,tabular_imputer
2026-05-08T13:28:00.484198+00:00,Telco,MCAR,10%,Mean/Mode,,4812,SeniorCitizen,0.1649321980447808,0.0,0.1649321980447808,tabular_imputer
2026-05-08T13:28:00.484198+00:00,Telco,MCAR,10%,Mean/Mode,,4815,SeniorCitizen,0.1649321980447808,0.0,0.1649321980447808,tabular_imputer
2026-05-08T13:28:00.484198+00:00,Telco,MCAR,10%,Mean/Mode,,4849,SeniorCitizen,0.1649321980447808,0.0,0.1649321980447808,tabular_imputer
2026-05-08T13:28:00.484198+00:00,Telco,MCAR,10%,Mean/Mode,,4850,SeniorCitizen,0.1649321980447808,0.0,0.1649321980447808,tabular_imputer
2026-05-08T13:28:00.484198+00:00,Telco,MCAR,10%,Mean/Mode,,4861,SeniorCitizen,0.1649321980447808,1.0,0.8350678019552191,tabular_imputer
2026-05-08T13:28:00.484198+00:00,Telco,MCAR,10%,Mean/Mode,,4916,SeniorCitizen,0.1649321980447808,0.0,0.1649321980447808,tabular_imputer
2026-05-08T13:28:00.484198+00:00,Telco,MCAR,10%,Mean/Mode,,4926,SeniorCitizen,0.1649321980447808,0.0,0.1649321980447808,tabular_imputer
2026-05-08T13:28:00.484198+00:00,Telco,MCAR,10%,Mean/Mode,,4938,SeniorCitizen,0.1649321980447808,0.0,0.1649321980447808,tabular_imputer
2026-05-08T13:28:00.484198+00:00,Telco,MCAR,10%,Mean/Mode,,4939,SeniorCitizen,0.1649321980447808,0.0,0.1649321980447808,tabular_imputer
2026-05-08T13:28:00.484198+00:00,Telco,MCAR,10%,Mean/Mode,,4943,SeniorCitizen,0.1649321980447808,0.0,0.1649321980447808,tabular_imputer
2026-05-08T13:28:00.484198+00:00,Telco,MCAR,10%,Mean/Mode,,4955,SeniorCitizen,0.1649321980447808,0.0,0.1649321980447808,tabular_imputer
2026-05-08T13:28:00.484198+00:00,Telco,MCAR,10%,Mean/Mode,,4960,SeniorCitizen,0.1649321980447808,1.0,0.8350678019552191,tabular_imputer
2026-05-08T13:28:00.484198+00:00,Telco,MCAR,10%,Mean/Mode,,4979,SeniorCitizen,0.1649321980447808,0.0,0.1649321980447808,tabular_imputer
2026-05-08T13:28:00.484198+00:00,Telco,MCAR,10%,Mean/Mode,,4989,SeniorCitizen,0.1649321980447808,0.0,0.1649321980447808,tabular_imputer
2026-05-08T13:28:00.484198+00:00,Telco,MCAR,10%,Mean/Mode,,4997,SeniorCitizen,0.1649321980447808,1.0,0.8350678019552191,tabular_imputer
2026-05-08T13:28:00.484198+00:00,Telco,MCAR,10%,Mean/Mode,,4998,SeniorCitizen,0.1649321980447808,1.0,0.8350678019552191,tabular_imputer
2026-05-08T13:28:00.484198+00:00,Telco,MCAR,10%,Mean/Mode,,5008,SeniorCitizen,0.1649321980447808,0.0,0.1649321980447808,tabular_imputer
2026-05-08T13:28:00.484198+00:00,Telco,MCAR,10%,Mean/Mode,,5023,SeniorCitizen,0.1649321980447808,0.0,0.1649321980447808,tabular_imputer
2026-05-08T13:28:00.484198+00:00,Telco,MCAR,10%,Mean/Mode,,5058,SeniorCitizen,0.1649321980447808,0.0,0.1649321980447808,tabular_imputer
2026-05-08T13:28:00.484198+00:00,Telco,MCAR,10%,Mean/Mode,,5059,SeniorCitizen,0.1649321980447808,0.0,0.1649321980447808,tabular_imputer
2026-05-08T13:28:00.484198+00:00,Telco,MCAR,10%,Mean/Mode,,5095,SeniorCitizen,0.1649321980447808,0.0,0.1649321980447808,tabular_imputer
2026-05-08T13:28:00.484198+00:00,Telco,MCAR,10%,Mean/Mode,,5103,SeniorCitizen,0.1649321980447808,0.0,0.1649321980447808,tabular_imputer
2026-05-08T13:28:00.484198+00:00,Telco,MCAR,10%,Mean/Mode,,5104,SeniorCitizen,0.1649321980447808,0.0,0.1649321980447808,tabular_imputer
2026-05-08T13:28:00.484198+00:00,Telco,MCAR,10%,Mean/Mode,,5135,SeniorCitizen,0.1649321980447808,0.0,0.1649321980447808,tabular_imputer
2026-05-08T13:28:00.484198+00:00,Telco,MCAR,10%,Mean/Mode,,5137,SeniorCitizen,0.1649321980447808,1.0,0.8350678019552191,tabular_imputer
2026-05-08T13:28:00.484198+00:00,Telco,MCAR,10%,Mean/Mode,,5161,SeniorCitizen,0.1649321980447808,0.0,0.1649321980447808,tabular_imputer
2026-05-08T13:28:00.484198+00:00,Telco,MCAR,10%,Mean/Mode,,5172,SeniorCitizen,0.1649321980447808,0.0,0.1649321980447808,tabular_imputer
2026-05-08T13:28:00.484198+00:00,Telco,MCAR,10%,Mean/Mode,,5183,SeniorCitizen,0.1649321980447808,1.0,0.8350678019552191,tabular_imputer
2026-05-08T13:28:00.484198+00:00,Telco,MCAR,10%,Mean/Mode,,5184,SeniorCitizen,0.1649321980447808,0.0,0.1649321980447808,tabular_imputer
2026-05-08T13:28:00.484198+00:00,Telco,MCAR,10%,Mean/Mode,,5185,SeniorCitizen,0.1649321980447808,0.0,0.1649321980447808,tabular_imputer
2026-05-08T13:28:00.484198+00:00,Telco,MCAR,10%,Mean/Mode,,5190,SeniorCitizen,0.1649321980447808,1.0,0.8350678019552191,tabular_imputer
2026-05-08T13:28:00.484198+00:00,Telco,MCAR,10%,Mean/Mode,,5193,SeniorCitizen,0.1649321980447808,0.0,0.1649321980447808,tabular_imputer
2026-05-08T13:28:00.484198+00:00,Telco,MCAR,10%,Mean/Mode,,5199,SeniorCitizen,0.1649321980447808,0.0,0.1649321980447808,tabular_imputer
2026-05-08T13:28:00.484198+00:00,Telco,MCAR,10%,Mean/Mode,,5203,SeniorCitizen,0.1649321980447808,0.0,0.1649321980447808,tabular_imputer
2026-05-08T13:28:00.484198+00:00,Telco,MCAR,10%,Mean/Mode,,5216,SeniorCitizen,0.1649321980447808,0.0,0.1649321980447808,tabular_imputer
2026-05-08T13:28:00.484198+00:00,Telco,MCAR,10%,Mean/Mode,,5217,SeniorCitizen,0.1649321980447808,0.0,0.1649321980447808,tabular_imputer
2026-05-08T13:28:00.484198+00:00,Telco,MCAR,10%,Mean/Mode,,5220,SeniorCitizen,0.1649321980447808,0.0,0.1649321980447808,tabular_imputer
2026-05-08T13:28:00.484198+00:00,Telco,MCAR,10%,Mean/Mode,,5238,SeniorCitizen,0.1649321980447808,0.0,0.1649321980447808,tabular_imputer
2026-05-08T13:28:00.484198+00:00,Telco,MCAR,10%,Mean/Mode,,5266,SeniorCitizen,0.1649321980447808,0.0,0.1649321980447808,tabular_imputer
2026-05-08T13:28:00.484198+00:00,Telco,MCAR,10%,Mean/Mode,,5276,SeniorCitizen,0.1649321980447808,0.0,0.1649321980447808,tabular_imputer
2026-05-08T13:28:00.484198+00:00,Telco,MCAR,10%,Mean/Mode,,5277,SeniorCitizen,0.1649321980447808,0.0,0.1649321980447808,tabular_imputer
2026-05-08T13:28:00.484198+00:00,Telco,MCAR,10%,Mean/Mode,,5293,SeniorCitizen,0.1649321980447808,0.0,0.1649321980447808,tabular_imputer
2026-05-08T13:28:00.484198+00:00,Telco,MCAR,10%,Mean/Mode,,5301,SeniorCitizen,0.1649321980447808,0.0,0.1649321980447808,tabular_imputer
2026-05-08T13:28:00.484198+00:00,Telco,MCAR,10%,Mean/Mode,,5302,SeniorCitizen,0.1649321980447808,0.0,0.1649321980447808,tabular_imputer
2026-05-08T13:28:00.484198+00:00,Telco,MCAR,10%,Mean/Mode,,5312,SeniorCitizen,0.1649321980447808,0.0,0.1649321980447808,tabular_imputer
2026-05-08T13:28:00.484198+00:00,Telco,MCAR,10%,Mean/Mode,,5316,SeniorCitizen,0.1649321980447808,0.0,0.1649321980447808,tabular_imputer
2026-05-08T13:28:00.484198+00:00,Telco,MCAR,10%,Mean/Mode,,5321,SeniorCitizen,0.1649321980447808,0.0,0.1649321980447808,tabular_imputer
2026-05-08T13:28:00.484198+00:00,Telco,MCAR,10%,Mean/Mode,,5337,SeniorCitizen,0.1649321980447808,0.0,0.1649321980447808,tabular_imputer
2026-05-08T13:28:00.484198+00:00,Telco,MCAR,10%,Mean/Mode,,5357,SeniorCitizen,0.1649321980447808,0.0,0.1649321980447808,tabular_imputer
2026-05-08T13:28:00.484198+00:00,Telco,MCAR,10%,Mean/Mode,,5360,SeniorCitizen,0.1649321980447808,0.0,0.1649321980447808,tabular_imputer
2026-05-08T13:28:00.484198+00:00,Telco,MCAR,10%,Mean/Mode,,5368,SeniorCitizen,0.1649321980447808,1.0,0.8350678019552191,tabular_imputer
2026-05-08T13:28:00.484198+00:00,Telco,MCAR,10%,Mean/Mode,,5370,SeniorCitizen,0.1649321980447808,0.0,0.1649321980447808,tabular_imputer
2026-05-08T13:28:00.484198+00:00,Telco,MCAR,10%,Mean/Mode,,5371,SeniorCitizen,0.1649321980447808,0.0,0.1649321980447808,tabular_imputer
2026-05-08T13:28:00.484198+00:00,Telco,MCAR,10%,Mean/Mode,,5383,SeniorCitizen,0.1649321980447808,0.0,0.1649321980447808,tabular_imputer
2026-05-08T13:28:00.484198+00:00,Telco,MCAR,10%,Mean/Mode,,5384,SeniorCitizen,0.1649321980447808,0.0,0.1649321980447808,tabular_imputer
2026-05-08T13:28:00.484198+00:00,Telco,MCAR,10%,Mean/Mode,,5402,SeniorCitizen,0.1649321980447808,0.0,0.1649321980447808,tabular_imputer
2026-05-08T13:28:00.484198+00:00,Telco,MCAR,10%,Mean/Mode,,5422,SeniorCitizen,0.1649321980447808,0.0,0.1649321980447808,tabular_imputer
2026-05-08T13:28:00.484198+00:00,Telco,MCAR,10%,Mean/Mode,,5423,SeniorCitizen,0.1649321980447808,0.0,0.1649321980447808,tabular_imputer
2026-05-08T13:28:00.484198+00:00,Telco,MCAR,10%,Mean/Mode,,5430,SeniorCitizen,0.1649321980447808,0.0,0.1649321980447808,tabular_imputer
2026-05-08T13:28:00.484198+00:00,Telco,MCAR,10%,Mean/Mode,,5431,SeniorCitizen,0.1649321980447808,0.0,0.1649321980447808,tabular_imputer
2026-05-08T13:28:00.484198+00:00,Telco,MCAR,10%,Mean/Mode,,5438,SeniorCitizen,0.1649321980447808,0.0,0.1649321980447808,tabular_imputer
2026-05-08T13:28:00.484198+00:00,Telco,MCAR,10%,Mean/Mode,,5461,SeniorCitizen,0.1649321980447808,0.0,0.1649321980447808,tabular_imputer
2026-05-08T13:28:00.484198+00:00,Telco,MCAR,10%,Mean/Mode,,5477,SeniorCitizen,0.1649321980447808,0.0,0.1649321980447808,tabular_imputer
2026-05-08T13:28:00.484198+00:00,Telco,MCAR,10%,Mean/Mode,,5485,SeniorCitizen,0.1649321980447808,0.0,0.1649321980447808,tabular_imputer
2026-05-08T13:28:00.484198+00:00,Telco,MCAR,10%,Mean/Mode,,5494,SeniorCitizen,0.1649321980447808,0.0,0.1649321980447808,tabular_imputer
2026-05-08T13:28:00.484198+00:00,Telco,MCAR,10%,Mean/Mode,,5505,SeniorCitizen,0.1649321980447808,0.0,0.1649321980447808,tabular_imputer
2026-05-08T13:28:00.484198+00:00,Telco,MCAR,10%,Mean/Mode,,5508,SeniorCitizen,0.1649321980447808,0.0,0.1649321980447808,tabular_imputer
2026-05-08T13:28:00.484198+00:00,Telco,MCAR,10%,Mean/Mode,,5512,SeniorCitizen,0.1649321980447808,0.0,0.1649321980447808,tabular_imputer
2026-05-08T13:28:00.484198+00:00,Telco,MCAR,10%,Mean/Mode,,5542,SeniorCitizen,0.1649321980447808,0.0,0.1649321980447808,tabular_imputer
2026-05-08T13:28:00.484198+00:00,Telco,MCAR,10%,Mean/Mode,,5551,SeniorCitizen,0.1649321980447808,0.0,0.1649321980447808,tabular_imputer
2026-05-08T13:28:00.484198+00:00,Telco,MCAR,10%,Mean/Mode,,5552,SeniorCitizen,0.1649321980447808,0.0,0.1649321980447808,tabular_imputer
2026-05-08T13:28:00.484198+00:00,Telco,MCAR,10%,Mean/Mode,,5555,SeniorCitizen,0.1649321980447808,0.0,0.1649321980447808,tabular_imputer
2026-05-08T13:28:00.484198+00:00,Telco,MCAR,10%,Mean/Mode,,5560,SeniorCitizen,0.1649321980447808,0.0,0.1649321980447808,tabular_imputer
2026-05-08T13:28:00.484198+00:00,Telco,MCAR,10%,Mean/Mode,,5564,SeniorCitizen,0.1649321980447808,0.0,0.1649321980447808,tabular_imputer
2026-05-08T13:28:00.484198+00:00,Telco,MCAR,10%,Mean/Mode,,5566,SeniorCitizen,0.1649321980447808,0.0,0.1649321980447808,tabular_imputer
2026-05-08T13:28:00.484198+00:00,Telco,MCAR,10%,Mean/Mode,,5590,SeniorCitizen,0.1649321980447808,0.0,0.1649321980447808,tabular_imputer
2026-05-08T13:28:00.484198+00:00,Telco,MCAR,10%,Mean/Mode,,5600,SeniorCitizen,0.1649321980447808,0.0,0.1649321980447808,tabular_imputer
2026-05-08T13:28:00.484198+00:00,Telco,MCAR,10%,Mean/Mode,,5623,SeniorCitizen,0.1649321980447808,0.0,0.1649321980447808,tabular_imputer
2026-05-08T13:28:00.484198+00:00,Telco,MCAR,10%,Mean/Mode,,5651,SeniorCitizen,0.1649321980447808,0.0,0.1649321980447808,tabular_imputer
2026-05-08T13:28:00.484198+00:00,Telco,MCAR,10%,Mean/Mode,,5663,SeniorCitizen,0.1649321980447808,0.0,0.1649321980447808,tabular_imputer
2026-05-08T13:28:00.484198+00:00,Telco,MCAR,10%,Mean/Mode,,5697,SeniorCitizen,0.1649321980447808,0.0,0.1649321980447808,tabular_imputer
2026-05-08T13:28:00.484198+00:00,Telco,MCAR,10%,Mean/Mode,,5717,SeniorCitizen,0.1649321980447808,1.0,0.8350678019552191,tabular_imputer
2026-05-08T13:28:00.484198+00:00,Telco,MCAR,10%,Mean/Mode,,5733,SeniorCitizen,0.1649321980447808,0.0,0.1649321980447808,tabular_imputer
2026-05-08T13:28:00.484198+00:00,Telco,MCAR,10%,Mean/Mode,,5749,SeniorCitizen,0.1649321980447808,1.0,0.8350678019552191,tabular_imputer
2026-05-08T13:28:00.484198+00:00,Telco,MCAR,10%,Mean/Mode,,5770,SeniorCitizen,0.1649321980447808,0.0,0.1649321980447808,tabular_imputer
2026-05-08T13:28:00.484198+00:00,Telco,MCAR,10%,Mean/Mode,,5778,SeniorCitizen,0.1649321980447808,0.0,0.1649321980447808,tabular_imputer
2026-05-08T13:28:00.484198+00:00,Telco,MCAR,10%,Mean/Mode,,5787,SeniorCitizen,0.1649321980447808,0.0,0.1649321980447808,tabular_imputer
2026-05-08T13:28:00.484198+00:00,Telco,MCAR,10%,Mean/Mode,,5790,SeniorCitizen,0.1649321980447808,0.0,0.1649321980447808,tabular_imputer
2026-05-08T13:28:00.484198+00:00,Telco,MCAR,10%,Mean/Mode,,5793,SeniorCitizen,0.1649321980447808,0.0,0.1649321980447808,tabular_imputer
2026-05-08T13:28:00.484198+00:00,Telco,MCAR,10%,Mean/Mode,,5810,SeniorCitizen,0.1649321980447808,0.0,0.1649321980447808,tabular_imputer
2026-05-08T13:28:00.484198+00:00,Telco,MCAR,10%,Mean/Mode,,5814,SeniorCitizen,0.1649321980447808,0.0,0.1649321980447808,tabular_imputer
2026-05-08T13:28:00.484198+00:00,Telco,MCAR,10%,Mean/Mode,,5823,SeniorCitizen,0.1649321980447808,0.0,0.1649321980447808,tabular_imputer
2026-05-08T13:28:00.484198+00:00,Telco,MCAR,10%,Mean/Mode,,5831,SeniorCitizen,0.1649321980447808,0.0,0.1649321980447808,tabular_imputer
2026-05-08T13:28:00.484198+00:00,Telco,MCAR,10%,Mean/Mode,,5851,SeniorCitizen,0.1649321980447808,1.0,0.8350678019552191,tabular_imputer
2026-05-08T13:28:00.484198+00:00,Telco,MCAR,10%,Mean/Mode,,5854,SeniorCitizen,0.1649321980447808,0.0,0.1649321980447808,tabular_imputer
2026-05-08T13:28:00.484198+00:00,Telco,MCAR,10%,Mean/Mode,,5871,SeniorCitizen,0.1649321980447808,0.0,0.1649321980447808,tabular_imputer
2026-05-08T13:28:00.484198+00:00,Telco,MCAR,10%,Mean/Mode,,5882,SeniorCitizen,0.1649321980447808,0.0,0.1649321980447808,tabular_imputer
2026-05-08T13:28:00.484198+00:00,Telco,MCAR,10%,Mean/Mode,,5884,SeniorCitizen,0.1649321980447808,1.0,0.8350678019552191,tabular_imputer
2026-05-08T13:28:00.484198+00:00,Telco,MCAR,10%,Mean/Mode,,5889,SeniorCitizen,0.1649321980447808,1.0,0.8350678019552191,tabular_imputer
2026-05-08T13:28:00.484198+00:00,Telco,MCAR,10%,Mean/Mode,,5890,SeniorCitizen,0.1649321980447808,0.0,0.1649321980447808,tabular_imputer
2026-05-08T13:28:00.484198+00:00,Telco,MCAR,10%,Mean/Mode,,5893,SeniorCitizen,0.1649321980447808,0.0,0.1649321980447808,tabular_imputer
2026-05-08T13:28:00.484198+00:00,Telco,MCAR,10%,Mean/Mode,,5899,SeniorCitizen,0.1649321980447808,1.0,0.8350678019552191,tabular_imputer
2026-05-08T13:28:00.484198+00:00,Telco,MCAR,10%,Mean/Mode,,5906,SeniorCitizen,0.1649321980447808,1.0,0.8350678019552191,tabular_imputer
2026-05-08T13:28:00.484198+00:00,Telco,MCAR,10%,Mean/Mode,,5908,SeniorCitizen,0.1649321980447808,0.0,0.1649321980447808,tabular_imputer
2026-05-08T13:28:00.484198+00:00,Telco,MCAR,10%,Mean/Mode,,5913,SeniorCitizen,0.1649321980447808,0.0,0.1649321980447808,tabular_imputer
2026-05-08T13:28:00.484198+00:00,Telco,MCAR,10%,Mean/Mode,,5920,SeniorCitizen,0.1649321980447808,1.0,0.8350678019552191,tabular_imputer
2026-05-08T13:28:00.484198+00:00,Telco,MCAR,10%,Mean/Mode,,5927,SeniorCitizen,0.1649321980447808,0.0,0.1649321980447808,tabular_imputer
2026-05-08T13:28:00.484198+00:00,Telco,MCAR,10%,Mean/Mode,,5930,SeniorCitizen,0.1649321980447808,0.0,0.1649321980447808,tabular_imputer
2026-05-08T13:28:00.484198+00:00,Telco,MCAR,10%,Mean/Mode,,5949,SeniorCitizen,0.1649321980447808,0.0,0.1649321980447808,tabular_imputer
2026-05-08T13:28:00.484198+00:00,Telco,MCAR,10%,Mean/Mode,,5959,SeniorCitizen,0.1649321980447808,0.0,0.1649321980447808,tabular_imputer
2026-05-08T13:28:00.484198+00:00,Telco,MCAR,10%,Mean/Mode,,5965,SeniorCitizen,0.1649321980447808,0.0,0.1649321980447808,tabular_imputer
2026-05-08T13:28:00.484198+00:00,Telco,MCAR,10%,Mean/Mode,,5967,SeniorCitizen,0.1649321980447808,1.0,0.8350678019552191,tabular_imputer
2026-05-08T13:28:00.484198+00:00,Telco,MCAR,10%,Mean/Mode,,5984,SeniorCitizen,0.1649321980447808,0.0,0.1649321980447808,tabular_imputer
2026-05-08T13:28:00.484198+00:00,Telco,MCAR,10%,Mean/Mode,,5987,SeniorCitizen,0.1649321980447808,0.0,0.1649321980447808,tabular_imputer
2026-05-08T13:28:00.484198+00:00,Telco,MCAR,10%,Mean/Mode,,5989,SeniorCitizen,0.1649321980447808,1.0,0.8350678019552191,tabular_imputer
2026-05-08T13:28:00.484198+00:00,Telco,MCAR,10%,Mean/Mode,,6013,SeniorCitizen,0.1649321980447808,1.0,0.8350678019552191,tabular_imputer
2026-05-08T13:28:00.484198+00:00,Telco,MCAR,10%,Mean/Mode,,6018,SeniorCitizen,0.1649321980447808,0.0,0.1649321980447808,tabular_imputer
2026-05-08T13:28:00.484198+00:00,Telco,MCAR,10%,Mean/Mode,,6021,SeniorCitizen,0.1649321980447808,0.0,0.1649321980447808,tabular_imputer
2026-05-08T13:28:00.484198+00:00,Telco,MCAR,10%,Mean/Mode,,6027,SeniorCitizen,0.1649321980447808,0.0,0.1649321980447808,tabular_imputer
2026-05-08T13:28:00.484198+00:00,Telco,MCAR,10%,Mean/Mode,,6037,SeniorCitizen,0.1649321980447808,1.0,0.8350678019552191,tabular_imputer
2026-05-08T13:28:00.484198+00:00,Telco,MCAR,10%,Mean/Mode,,6045,SeniorCitizen,0.1649321980447808,0.0,0.1649321980447808,tabular_imputer
2026-05-08T13:28:00.484198+00:00,Telco,MCAR,10%,Mean/Mode,,6055,SeniorCitizen,0.1649321980447808,0.0,0.1649321980447808,tabular_imputer
2026-05-08T13:28:00.484198+00:00,Telco,MCAR,10%,Mean/Mode,,6056,SeniorCitizen,0.1649321980447808,0.0,0.1649321980447808,tabular_imputer
2026-05-08T13:28:00.484198+00:00,Telco,MCAR,10%,Mean/Mode,,6058,SeniorCitizen,0.1649321980447808,0.0,0.1649321980447808,tabular_imputer
2026-05-08T13:28:00.484198+00:00,Telco,MCAR,10%,Mean/Mode,,6075,SeniorCitizen,0.1649321980447808,0.0,0.1649321980447808,tabular_imputer
2026-05-08T13:28:00.484198+00:00,Telco,MCAR,10%,Mean/Mode,,6077,SeniorCitizen,0.1649321980447808,0.0,0.1649321980447808,tabular_imputer
2026-05-08T13:28:00.484198+00:00,Telco,MCAR,10%,Mean/Mode,,6082,SeniorCitizen,0.1649321980447808,0.0,0.1649321980447808,tabular_imputer
2026-05-08T13:28:00.484198+00:00,Telco,MCAR,10%,Mean/Mode,,6091,SeniorCitizen,0.1649321980447808,1.0,0.8350678019552191,tabular_imputer
2026-05-08T13:28:00.484198+00:00,Telco,MCAR,10%,Mean/Mode,,6092,SeniorCitizen,0.1649321980447808,0.0,0.1649321980447808,tabular_imputer
2026-05-08T13:28:00.484198+00:00,Telco,MCAR,10%,Mean/Mode,,6096,SeniorCitizen,0.1649321980447808,1.0,0.8350678019552191,tabular_imputer
2026-05-08T13:28:00.484198+00:00,Telco,MCAR,10%,Mean/Mode,,6110,SeniorCitizen,0.1649321980447808,0.0,0.1649321980447808,tabular_imputer
2026-05-08T13:28:00.484198+00:00,Telco,MCAR,10%,Mean/Mode,,6111,SeniorCitizen,0.1649321980447808,0.0,0.1649321980447808,tabular_imputer
2026-05-08T13:28:00.484198+00:00,Telco,MCAR,10%,Mean/Mode,,6115,SeniorCitizen,0.1649321980447808,0.0,0.1649321980447808,tabular_imputer
2026-05-08T13:28:00.484198+00:00,Telco,MCAR,10%,Mean/Mode,,6124,SeniorCitizen,0.1649321980447808,0.0,0.1649321980447808,tabular_imputer
2026-05-08T13:28:00.484198+00:00,Telco,MCAR,10%,Mean/Mode,,6130,SeniorCitizen,0.1649321980447808,0.0,0.1649321980447808,tabular_imputer
2026-05-08T13:28:00.484198+00:00,Telco,MCAR,10%,Mean/Mode,,6143,SeniorCitizen,0.1649321980447808,0.0,0.1649321980447808,tabular_imputer
2026-05-08T13:28:00.484198+00:00,Telco,MCAR,10%,Mean/Mode,,6145,SeniorCitizen,0.1649321980447808,0.0,0.1649321980447808,tabular_imputer
2026-05-08T13:28:00.484198+00:00,Telco,MCAR,10%,Mean/Mode,,6150,SeniorCitizen,0.1649321980447808,0.0,0.1649321980447808,tabular_imputer
2026-05-08T13:28:00.484198+00:00,Telco,MCAR,10%,Mean/Mode,,6170,SeniorCitizen,0.1649321980447808,0.0,0.1649321980447808,tabular_imputer
2026-05-08T13:28:00.484198+00:00,Telco,MCAR,10%,Mean/Mode,,6178,SeniorCitizen,0.1649321980447808,1.0,0.8350678019552191,tabular_imputer
2026-05-08T13:28:00.484198+00:00,Telco,MCAR,10%,Mean/Mode,,6183,SeniorCitizen,0.1649321980447808,0.0,0.1649321980447808,tabular_imputer
2026-05-08T13:28:00.484198+00:00,Telco,MCAR,10%,Mean/Mode,,6207,SeniorCitizen,0.1649321980447808,1.0,0.8350678019552191,tabular_imputer
2026-05-08T13:28:00.484198+00:00,Telco,MCAR,10%,Mean/Mode,,6208,SeniorCitizen,0.1649321980447808,0.0,0.1649321980447808,tabular_imputer
2026-05-08T13:28:00.484198+00:00,Telco,MCAR,10%,Mean/Mode,,6209,SeniorCitizen,0.1649321980447808,0.0,0.1649321980447808,tabular_imputer
2026-05-08T13:28:00.484198+00:00,Telco,MCAR,10%,Mean/Mode,,6210,SeniorCitizen,0.1649321980447808,0.0,0.1649321980447808,tabular_imputer
2026-05-08T13:28:00.484198+00:00,Telco,MCAR,10%,Mean/Mode,,6214,SeniorCitizen,0.1649321980447808,0.0,0.1649321980447808,tabular_imputer
2026-05-08T13:28:00.484198+00:00,Telco,MCAR,10%,Mean/Mode,,6229,SeniorCitizen,0.1649321980447808,0.0,0.1649321980447808,tabular_imputer
2026-05-08T13:28:00.484198+00:00,Telco,MCAR,10%,Mean/Mode,,6237,SeniorCitizen,0.1649321980447808,0.0,0.1649321980447808,tabular_imputer
2026-05-08T13:28:00.484198+00:00,Telco,MCAR,10%,Mean/Mode,,6247,SeniorCitizen,0.1649321980447808,0.0,0.1649321980447808,tabular_imputer
2026-05-08T13:28:00.484198+00:00,Telco,MCAR,10%,Mean/Mode,,6258,SeniorCitizen,0.1649321980447808,0.0,0.1649321980447808,tabular_imputer
2026-05-08T13:28:00.484198+00:00,Telco,MCAR,10%,Mean/Mode,,6274,SeniorCitizen,0.1649321980447808,0.0,0.1649321980447808,tabular_imputer
2026-05-08T13:28:00.484198+00:00,Telco,MCAR,10%,Mean/Mode,,6287,SeniorCitizen,0.1649321980447808,0.0,0.1649321980447808,tabular_imputer
2026-05-08T13:28:00.484198+00:00,Telco,MCAR,10%,Mean/Mode,,6289,SeniorCitizen,0.1649321980447808,0.0,0.1649321980447808,tabular_imputer
2026-05-08T13:28:00.484198+00:00,Telco,MCAR,10%,Mean/Mode,,6302,SeniorCitizen,0.1649321980447808,0.0,0.1649321980447808,tabular_imputer
2026-05-08T13:28:00.484198+00:00,Telco,MCAR,10%,Mean/Mode,,6322,SeniorCitizen,0.1649321980447808,0.0,0.1649321980447808,tabular_imputer
2026-05-08T13:28:00.484198+00:00,Telco,MCAR,10%,Mean/Mode,,6339,SeniorCitizen,0.1649321980447808,0.0,0.1649321980447808,tabular_imputer
2026-05-08T13:28:00.484198+00:00,Telco,MCAR,10%,Mean/Mode,,6344,SeniorCitizen,0.1649321980447808,1.0,0.8350678019552191,tabular_imputer
2026-05-08T13:28:00.484198+00:00,Telco,MCAR,10%,Mean/Mode,,6350,SeniorCitizen,0.1649321980447808,0.0,0.1649321980447808,tabular_imputer
2026-05-08T13:28:00.484198+00:00,Telco,MCAR,10%,Mean/Mode,,6361,SeniorCitizen,0.1649321980447808,0.0,0.1649321980447808,tabular_imputer
2026-05-08T13:28:00.484198+00:00,Telco,MCAR,10%,Mean/Mode,,6365,SeniorCitizen,0.1649321980447808,1.0,0.8350678019552191,tabular_imputer
2026-05-08T13:28:00.484198+00:00,Telco,MCAR,10%,Mean/Mode,,6369,SeniorCitizen,0.1649321980447808,1.0,0.8350678019552191,tabular_imputer
2026-05-08T13:28:00.484198+00:00,Telco,MCAR,10%,Mean/Mode,,6385,SeniorCitizen,0.1649321980447808,0.0,0.1649321980447808,tabular_imputer
2026-05-08T13:28:00.484198+00:00,Telco,MCAR,10%,Mean/Mode,,6401,SeniorCitizen,0.1649321980447808,0.0,0.1649321980447808,tabular_imputer
2026-05-08T13:28:00.484198+00:00,Telco,MCAR,10%,Mean/Mode,,6409,SeniorCitizen,0.1649321980447808,0.0,0.1649321980447808,tabular_imputer
2026-05-08T13:28:00.484198+00:00,Telco,MCAR,10%,Mean/Mode,,6416,SeniorCitizen,0.1649321980447808,0.0,0.1649321980447808,tabular_imputer
2026-05-08T13:28:00.484198+00:00,Telco,MCAR,10%,Mean/Mode,,6419,SeniorCitizen,0.1649321980447808,1.0,0.8350678019552191,tabular_imputer
2026-05-08T13:28:00.484198+00:00,Telco,MCAR,10%,Mean/Mode,,6440,SeniorCitizen,0.1649321980447808,0.0,0.1649321980447808,tabular_imputer
2026-05-08T13:28:00.484198+00:00,Telco,MCAR,10%,Mean/Mode,,6458,SeniorCitizen,0.1649321980447808,0.0,0.1649321980447808,tabular_imputer
2026-05-08T13:28:00.484198+00:00,Telco,MCAR,10%,Mean/Mode,,6463,SeniorCitizen,0.1649321980447808,0.0,0.1649321980447808,tabular_imputer
2026-05-08T13:28:00.484198+00:00,Telco,MCAR,10%,Mean/Mode,,6468,SeniorCitizen,0.1649321980447808,0.0,0.1649321980447808,tabular_imputer
2026-05-08T13:28:00.484198+00:00,Telco,MCAR,10%,Mean/Mode,,6474,SeniorCitizen,0.1649321980447808,0.0,0.1649321980447808,tabular_imputer
2026-05-08T13:28:00.484198+00:00,Telco,MCAR,10%,Mean/Mode,,6478,SeniorCitizen,0.1649321980447808,0.0,0.1649321980447808,tabular_imputer
2026-05-08T13:28:00.484198+00:00,Telco,MCAR,10%,Mean/Mode,,6481,SeniorCitizen,0.1649321980447808,0.0,0.1649321980447808,tabular_imputer
2026-05-08T13:28:00.484198+00:00,Telco,MCAR,10%,Mean/Mode,,6486,SeniorCitizen,0.1649321980447808,0.0,0.1649321980447808,tabular_imputer
2026-05-08T13:28:00.484198+00:00,Telco,MCAR,10%,Mean/Mode,,6498,SeniorCitizen,0.1649321980447808,0.0,0.1649321980447808,tabular_imputer
2026-05-08T13:28:00.484198+00:00,Telco,MCAR,10%,Mean/Mode,,6504,SeniorCitizen,0.1649321980447808,0.0,0.1649321980447808,tabular_imputer
2026-05-08T13:28:00.484198+00:00,Telco,MCAR,10%,Mean/Mode,,6523,SeniorCitizen,0.1649321980447808,0.0,0.1649321980447808,tabular_imputer
2026-05-08T13:28:00.484198+00:00,Telco,MCAR,10%,Mean/Mode,,6540,SeniorCitizen,0.1649321980447808,0.0,0.1649321980447808,tabular_imputer
2026-05-08T13:28:00.484198+00:00,Telco,MCAR,10%,Mean/Mode,,6545,SeniorCitizen,0.1649321980447808,0.0,0.1649321980447808,tabular_imputer
2026-05-08T13:28:00.484198+00:00,Telco,MCAR,10%,Mean/Mode,,6557,SeniorCitizen,0.1649321980447808,0.0,0.1649321980447808,tabular_imputer
2026-05-08T13:28:00.484198+00:00,Telco,MCAR,10%,Mean/Mode,,6560,SeniorCitizen,0.1649321980447808,0.0,0.1649321980447808,tabular_imputer
2026-05-08T13:28:00.484198+00:00,Telco,MCAR,10%,Mean/Mode,,6569,SeniorCitizen,0.1649321980447808,0.0,0.1649321980447808,tabular_imputer
2026-05-08T13:28:00.484198+00:00,Telco,MCAR,10%,Mean/Mode,,6580,SeniorCitizen,0.1649321980447808,0.0,0.1649321980447808,tabular_imputer
2026-05-08T13:28:00.484198+00:00,Telco,MCAR,10%,Mean/Mode,,6582,SeniorCitizen,0.1649321980447808,0.0,0.1649321980447808,tabular_imputer
2026-05-08T13:28:00.484198+00:00,Telco,MCAR,10%,Mean/Mode,,6594,SeniorCitizen,0.1649321980447808,0.0,0.1649321980447808,tabular_imputer
2026-05-08T13:28:00.484198+00:00,Telco,MCAR,10%,Mean/Mode,,6600,SeniorCitizen,0.1649321980447808,0.0,0.1649321980447808,tabular_imputer
2026-05-08T13:28:00.484198+00:00,Telco,MCAR,10%,Mean/Mode,,6616,SeniorCitizen,0.1649321980447808,0.0,0.1649321980447808,tabular_imputer
2026-05-08T13:28:00.484198+00:00,Telco,MCAR,10%,Mean/Mode,,6622,SeniorCitizen,0.1649321980447808,0.0,0.1649321980447808,tabular_imputer
2026-05-08T13:28:00.484198+00:00,Telco,MCAR,10%,Mean/Mode,,6626,SeniorCitizen,0.1649321980447808,1.0,0.8350678019552191,tabular_imputer
2026-05-08T13:28:00.484198+00:00,Telco,MCAR,10%,Mean/Mode,,6644,SeniorCitizen,0.1649321980447808,0.0,0.1649321980447808,tabular_imputer
2026-05-08T13:28:00.484198+00:00,Telco,MCAR,10%,Mean/Mode,,6659,SeniorCitizen,0.1649321980447808,0.0,0.1649321980447808,tabular_imputer
2026-05-08T13:28:00.484198+00:00,Telco,MCAR,10%,Mean/Mode,,6680,SeniorCitizen,0.1649321980447808,0.0,0.1649321980447808,tabular_imputer
2026-05-08T13:28:00.484198+00:00,Telco,MCAR,10%,Mean/Mode,,6691,SeniorCitizen,0.1649321980447808,0.0,0.1649321980447808,tabular_imputer
2026-05-08T13:28:00.484198+00:00,Telco,MCAR,10%,Mean/Mode,,6692,SeniorCitizen,0.1649321980447808,0.0,0.1649321980447808,tabular_imputer
2026-05-08T13:28:00.484198+00:00,Telco,MCAR,10%,Mean/Mode,,6709,SeniorCitizen,0.1649321980447808,0.0,0.1649321980447808,tabular_imputer
2026-05-08T13:28:00.484198+00:00,Telco,MCAR,10%,Mean/Mode,,6710,SeniorCitizen,0.1649321980447808,0.0,0.1649321980447808,tabular_imputer
2026-05-08T13:28:00.484198+00:00,Telco,MCAR,10%,Mean/Mode,,6713,SeniorCitizen,0.1649321980447808,1.0,0.8350678019552191,tabular_imputer
2026-05-08T13:28:00.484198+00:00,Telco,MCAR,10%,Mean/Mode,,6719,SeniorCitizen,0.1649321980447808,0.0,0.1649321980447808,tabular_imputer
2026-05-08T13:28:00.484198+00:00,Telco,MCAR,10%,Mean/Mode,,6733,SeniorCitizen,0.1649321980447808,0.0,0.1649321980447808,tabular_imputer
2026-05-08T13:28:00.484198+00:00,Telco,MCAR,10%,Mean/Mode,,6742,SeniorCitizen,0.1649321980447808,0.0,0.1649321980447808,tabular_imputer
2026-05-08T13:28:00.484198+00:00,Telco,MCAR,10%,Mean/Mode,,6750,SeniorCitizen,0.1649321980447808,0.0,0.1649321980447808,tabular_imputer
2026-05-08T13:28:00.484198+00:00,Telco,MCAR,10%,Mean/Mode,,6751,SeniorCitizen,0.1649321980447808,0.0,0.1649321980447808,tabular_imputer
2026-05-08T13:28:00.484198+00:00,Telco,MCAR,10%,Mean/Mode,,6759,SeniorCitizen,0.1649321980447808,1.0,0.8350678019552191,tabular_imputer
2026-05-08T13:28:00.484198+00:00,Telco,MCAR,10%,Mean/Mode,,6760,SeniorCitizen,0.1649321980447808,0.0,0.1649321980447808,tabular_imputer
2026-05-08T13:28:00.484198+00:00,Telco,MCAR,10%,Mean/Mode,,6788,SeniorCitizen,0.1649321980447808,0.0,0.1649321980447808,tabular_imputer
2026-05-08T13:28:00.484198+00:00,Telco,MCAR,10%,Mean/Mode,,6801,SeniorCitizen,0.1649321980447808,0.0,0.1649321980447808,tabular_imputer
2026-05-08T13:28:00.484198+00:00,Telco,MCAR,10%,Mean/Mode,,6818,SeniorCitizen,0.1649321980447808,0.0,0.1649321980447808,tabular_imputer
2026-05-08T13:28:00.484198+00:00,Telco,MCAR,10%,Mean/Mode,,6827,SeniorCitizen,0.1649321980447808,0.0,0.1649321980447808,tabular_imputer
2026-05-08T13:28:00.484198+00:00,Telco,MCAR,10%,Mean/Mode,,6843,SeniorCitizen,0.1649321980447808,0.0,0.1649321980447808,tabular_imputer
2026-05-08T13:28:00.484198+00:00,Telco,MCAR,10%,Mean/Mode,,6851,SeniorCitizen,0.1649321980447808,0.0,0.1649321980447808,tabular_imputer
2026-05-08T13:28:00.484198+00:00,Telco,MCAR,10%,Mean/Mode,,6855,SeniorCitizen,0.1649321980447808,0.0,0.1649321980447808,tabular_imputer
2026-05-08T13:28:00.484198+00:00,Telco,MCAR,10%,Mean/Mode,,6859,SeniorCitizen,0.1649321980447808,0.0,0.1649321980447808,tabular_imputer
2026-05-08T13:28:00.484198+00:00,Telco,MCAR,10%,Mean/Mode,,6871,SeniorCitizen,0.1649321980447808,0.0,0.1649321980447808,tabular_imputer
2026-05-08T13:28:00.484198+00:00,Telco,MCAR,10%,Mean/Mode,,6895,SeniorCitizen,0.1649321980447808,0.0,0.1649321980447808,tabular_imputer
2026-05-08T13:28:00.484198+00:00,Telco,MCAR,10%,Mean/Mode,,6898,SeniorCitizen,0.1649321980447808,0.0,0.1649321980447808,tabular_imputer
2026-05-08T13:28:00.484198+00:00,Telco,MCAR,10%,Mean/Mode,,6906,SeniorCitizen,0.1649321980447808,0.0,0.1649321980447808,tabular_imputer
2026-05-08T13:28:00.484198+00:00,Telco,MCAR,10%,Mean/Mode,,6916,SeniorCitizen,0.1649321980447808,0.0,0.1649321980447808,tabular_imputer
2026-05-08T13:28:00.484198+00:00,Telco,MCAR,10%,Mean/Mode,,6918,SeniorCitizen,0.1649321980447808,0.0,0.1649321980447808,tabular_imputer
2026-05-08T13:28:00.484198+00:00,Telco,MCAR,10%,Mean/Mode,,6929,SeniorCitizen,0.1649321980447808,0.0,0.1649321980447808,tabular_imputer
2026-05-08T13:28:00.484198+00:00,Telco,MCAR,10%,Mean/Mode,,6930,SeniorCitizen,0.1649321980447808,0.0,0.1649321980447808,tabular_imputer
2026-05-08T13:28:00.484198+00:00,Telco,MCAR,10%,Mean/Mode,,6934,SeniorCitizen,0.1649321980447808,0.0,0.1649321980447808,tabular_imputer
2026-05-08T13:28:00.484198+00:00,Telco,MCAR,10%,Mean/Mode,,6947,SeniorCitizen,0.1649321980447808,0.0,0.1649321980447808,tabular_imputer
2026-05-08T13:28:00.484198+00:00,Telco,MCAR,10%,Mean/Mode,,6958,SeniorCitizen,0.1649321980447808,0.0,0.1649321980447808,tabular_imputer
2026-05-08T13:28:00.484198+00:00,Telco,MCAR,10%,Mean/Mode,,6967,SeniorCitizen,0.1649321980447808,1.0,0.8350678019552191,tabular_imputer
2026-05-08T13:28:00.484198+00:00,Telco,MCAR,10%,Mean/Mode,,6990,SeniorCitizen,0.1649321980447808,0.0,0.1649321980447808,tabular_imputer
2026-05-08T13:28:00.484198+00:00,Telco,MCAR,10%,Mean/Mode,,7000,SeniorCitizen,0.1649321980447808,0.0,0.1649321980447808,tabular_imputer
2026-05-08T13:28:00.484198+00:00,Telco,MCAR,10%,Mean/Mode,,7011,SeniorCitizen,0.1649321980447808,0.0,0.1649321980447808,tabular_imputer
2026-05-08T13:28:00.484198+00:00,Telco,MCAR,10%,Mean/Mode,,7017,SeniorCitizen,0.1649321980447808,0.0,0.1649321980447808,tabular_imputer
2026-05-08T13:28:00.484198+00:00,Telco,MCAR,10%,Mean/Mode,,7038,SeniorCitizen,0.1649321980447808,0.0,0.1649321980447808,tabular_imputer
2026-05-08T13:28:00.484198+00:00,Telco,MCAR,10%,Mean/Mode,,3,tenure,32.26315789473684,45.0,12.736842105263158,tabular_imputer
2026-05-08T13:28:00.484198+00:00,Telco,MCAR,10%,Mean/Mode,,14,tenure,32.26315789473684,25.0,7.263157894736843,tabular_imputer
2026-05-08T13:28:00.484198+00:00,Telco,MCAR,10%,Mean/Mode,,48,tenure,32.26315789473684,52.0,19.73684210526316,tabular_imputer
2026-05-08T13:28:00.484198+00:00,Telco,MCAR,10%,Mean/Mode,,49,tenure,32.26315789473684,69.0,36.73684210526316,tabular_imputer
2026-05-08T13:28:00.484198+00:00,Telco,MCAR,10%,Mean/Mode,,57,tenure,32.26315789473684,66.0,33.73684210526316,tabular_imputer
2026-05-08T13:28:00.484198+00:00,Telco,MCAR,10%,Mean/Mode,,60,tenure,32.26315789473684,47.0,14.736842105263158,tabular_imputer
2026-05-08T13:28:00.484198+00:00,Telco,MCAR,10%,Mean/Mode,,61,tenure,32.26315789473684,60.0,27.73684210526316,tabular_imputer
2026-05-08T13:28:00.484198+00:00,Telco,MCAR,10%,Mean/Mode,,64,tenure,32.26315789473684,9.0,23.26315789473684,tabular_imputer
2026-05-08T13:28:00.484198+00:00,Telco,MCAR,10%,Mean/Mode,,66,tenure,32.26315789473684,47.0,14.736842105263158,tabular_imputer
2026-05-08T13:28:00.484198+00:00,Telco,MCAR,10%,Mean/Mode,,69,tenure,32.26315789473684,10.0,22.26315789473684,tabular_imputer
2026-05-08T13:28:00.484198+00:00,Telco,MCAR,10%,Mean/Mode,,106,tenure,32.26315789473684,72.0,39.73684210526316,tabular_imputer
2026-05-08T13:28:00.484198+00:00,Telco,MCAR,10%,Mean/Mode,,109,tenure,32.26315789473684,72.0,39.73684210526316,tabular_imputer
2026-05-08T13:28:00.484198+00:00,Telco,MCAR,10%,Mean/Mode,,112,tenure,32.26315789473684,43.0,10.736842105263158,tabular_imputer
2026-05-08T13:28:00.484198+00:00,Telco,MCAR,10%,Mean/Mode,,121,tenure,32.26315789473684,6.0,26.26315789473684,tabular_imputer
2026-05-08T13:28:00.484198+00:00,Telco,MCAR,10%,Mean/Mode,,124,tenure,32.26315789473684,4.0,28.26315789473684,tabular_imputer
2026-05-08T13:28:00.484198+00:00,Telco,MCAR,10%,Mean/Mode,,129,tenure,32.26315789473684,71.0,38.73684210526316,tabular_imputer
2026-05-08T13:28:00.484198+00:00,Telco,MCAR,10%,Mean/Mode,,148,tenure,32.26315789473684,30.0,2.2631578947368425,tabular_imputer
2026-05-08T13:28:00.484198+00:00,Telco,MCAR,10%,Mean/Mode,,164,tenure,32.26315789473684,11.0,21.26315789473684,tabular_imputer
2026-05-08T13:28:00.484198+00:00,Telco,MCAR,10%,Mean/Mode,,165,tenure,32.26315789473684,69.0,36.73684210526316,tabular_imputer
2026-05-08T13:28:00.484198+00:00,Telco,MCAR,10%,Mean/Mode,,178,tenure,32.26315789473684,15.0,17.263157894736842,tabular_imputer
2026-05-08T13:28:00.484198+00:00,Telco,MCAR,10%,Mean/Mode,,184,tenure,32.26315789473684,13.0,19.26315789473684,tabular_imputer
2026-05-08T13:28:00.484198+00:00,Telco,MCAR,10%,Mean/Mode,,197,tenure,32.26315789473684,59.0,26.73684210526316,tabular_imputer
2026-05-08T13:28:00.484198+00:00,Telco,MCAR,10%,Mean/Mode,,230,tenure,32.26315789473684,54.0,21.73684210526316,tabular_imputer
2026-05-08T13:28:00.484198+00:00,Telco,MCAR,10%,Mean/Mode,,233,tenure,32.26315789473684,72.0,39.73684210526316,tabular_imputer
2026-05-08T13:28:00.484198+00:00,Telco,MCAR,10%,Mean/Mode,,242,tenure,32.26315789473684,41.0,8.736842105263158,tabular_imputer
2026-05-08T13:28:00.484198+00:00,Telco,MCAR,10%,Mean/Mode,,254,tenure,32.26315789473684,10.0,22.26315789473684,tabular_imputer
2026-05-08T13:28:00.484198+00:00,Telco,MCAR,10%,Mean/Mode,,259,tenure,32.26315789473684,29.0,3.2631578947368425,tabular_imputer
2026-05-08T13:28:00.484198+00:00,Telco,MCAR,10%,Mean/Mode,,270,tenure,32.26315789473684,16.0,16.263157894736842,tabular_imputer
2026-05-08T13:28:00.484198+00:00,Telco,MCAR,10%,Mean/Mode,,273,tenure,32.26315789473684,20.0,12.263157894736842,tabular_imputer
2026-05-08T13:28:00.484198+00:00,Telco,MCAR,10%,Mean/Mode,,278,tenure,32.26315789473684,14.0,18.26315789473684,tabular_imputer
2026-05-08T13:28:00.484198+00:00,Telco,MCAR,10%,Mean/Mode,,285,tenure,32.26315789473684,22.0,10.263157894736842,tabular_imputer
2026-05-08T13:28:00.484198+00:00,Telco,MCAR,10%,Mean/Mode,,305,tenure,32.26315789473684,52.0,19.73684210526316,tabular_imputer
2026-05-08T13:28:00.484198+00:00,Telco,MCAR,10%,Mean/Mode,,312,tenure,32.26315789473684,43.0,10.736842105263158,tabular_imputer
2026-05-08T13:28:00.484198+00:00,Telco,MCAR,10%,Mean/Mode,,320,tenure,32.26315789473684,54.0,21.73684210526316,tabular_imputer
2026-05-08T13:28:00.484198+00:00,Telco,MCAR,10%,Mean/Mode,,353,tenure,32.26315789473684,4.0,28.26315789473684,tabular_imputer
2026-05-08T13:28:00.484198+00:00,Telco,MCAR,10%,Mean/Mode,,370,tenure,32.26315789473684,33.0,0.7368421052631575,tabular_imputer
2026-05-08T13:28:00.484198+00:00,Telco,MCAR,10%,Mean/Mode,,375,tenure,32.26315789473684,43.0,10.736842105263158,tabular_imputer
2026-05-08T13:28:00.484198+00:00,Telco,MCAR,10%,Mean/Mode,,394,tenure,32.26315789473684,42.0,9.736842105263158,tabular_imputer
2026-05-08T13:28:00.484198+00:00,Telco,MCAR,10%,Mean/Mode,,406,tenure,32.26315789473684,60.0,27.73684210526316,tabular_imputer
2026-05-08T13:28:00.484198+00:00,Telco,MCAR,10%,Mean/Mode,,470,tenure,32.26315789473684,17.0,15.263157894736842,tabular_imputer
2026-05-08T13:28:00.484198+00:00,Telco,MCAR,10%,Mean/Mode,,499,tenure,32.26315789473684,12.0,20.26315789473684,tabular_imputer
2026-05-08T13:28:00.484198+00:00,Telco,MCAR,10%,Mean/Mode,,510,tenure,32.26315789473684,20.0,12.263157894736842,tabular_imputer
2026-05-08T13:28:00.484198+00:00,Telco,MCAR,10%,Mean/Mode,,514,tenure,32.26315789473684,30.0,2.2631578947368425,tabular_imputer
2026-05-08T13:28:00.484198+00:00,Telco,MCAR,10%,Mean/Mode,,521,tenure,32.26315789473684,29.0,3.2631578947368425,tabular_imputer
2026-05-08T13:28:00.484198+00:00,Telco,MCAR,10%,Mean/Mode,,562,tenure,32.26315789473684,7.0,25.26315789473684,tabular_imputer
2026-05-08T13:28:00.484198+00:00,Telco,MCAR,10%,Mean/Mode,,566,tenure,32.26315789473684,15.0,17.263157894736842,tabular_imputer
2026-05-08T13:28:00.484198+00:00,Telco,MCAR,10%,Mean/Mode,,582,tenure,32.26315789473684,4.0,28.26315789473684,tabular_imputer
2026-05-08T13:28:00.484198+00:00,Telco,MCAR,10%,Mean/Mode,,594,tenure,32.26315789473684,1.0,31.26315789473684,tabular_imputer
2026-05-08T13:28:00.484198+00:00,Telco,MCAR,10%,Mean/Mode,,614,tenure,32.26315789473684,50.0,17.736842105263158,tabular_imputer
2026-05-08T13:28:00.484198+00:00,Telco,MCAR,10%,Mean/Mode,,619,tenure,32.26315789473684,7.0,25.26315789473684,tabular_imputer
2026-05-08T13:28:00.484198+00:00,Telco,MCAR,10%,Mean/Mode,,620,tenure,32.26315789473684,10.0,22.26315789473684,tabular_imputer
2026-05-08T13:28:00.484198+00:00,Telco,MCAR,10%,Mean/Mode,,626,tenure,32.26315789473684,23.0,9.263157894736842,tabular_imputer
2026-05-08T13:28:00.484198+00:00,Telco,MCAR,10%,Mean/Mode,,629,tenure,32.26315789473684,49.0,16.736842105263158,tabular_imputer
2026-05-08T13:28:00.484198+00:00,Telco,MCAR,10%,Mean/Mode,,631,tenure,32.26315789473684,46.0,13.736842105263158,tabular_imputer
2026-05-08T13:28:00.484198+00:00,Telco,MCAR,10%,Mean/Mode,,644,tenure,32.26315789473684,15.0,17.263157894736842,tabular_imputer
2026-05-08T13:28:00.484198+00:00,Telco,MCAR,10%,Mean/Mode,,646,tenure,32.26315789473684,1.0,31.26315789473684,tabular_imputer
2026-05-08T13:28:00.484198+00:00,Telco,MCAR,10%,Mean/Mode,,655,tenure,32.26315789473684,10.0,22.26315789473684,tabular_imputer
2026-05-08T13:28:00.484198+00:00,Telco,MCAR,10%,Mean/Mode,,656,tenure,32.26315789473684,68.0,35.73684210526316,tabular_imputer
2026-05-08T13:28:00.484198+00:00,Telco,MCAR,10%,Mean/Mode,,662,tenure,32.26315789473684,1.0,31.26315789473684,tabular_imputer
2026-05-08T13:28:00.484198+00:00,Telco,MCAR,10%,Mean/Mode,,672,tenure,32.26315789473684,1.0,31.26315789473684,tabular_imputer
2026-05-08T13:28:00.484198+00:00,Telco,MCAR,10%,Mean/Mode,,674,tenure,32.26315789473684,52.0,19.73684210526316,tabular_imputer
2026-05-08T13:28:00.484198+00:00,Telco,MCAR,10%,Mean/Mode,,675,tenure,32.26315789473684,65.0,32.73684210526316,tabular_imputer
2026-05-08T13:28:00.484198+00:00,Telco,MCAR,10%,Mean/Mode,,685,tenure,32.26315789473684,1.0,31.26315789473684,tabular_imputer
2026-05-08T13:28:00.484198+00:00,Telco,MCAR,10%,Mean/Mode,,687,tenure,32.26315789473684,2.0,30.26315789473684,tabular_imputer
2026-05-08T13:28:00.484198+00:00,Telco,MCAR,10%,Mean/Mode,,709,tenure,32.26315789473684,29.0,3.2631578947368425,tabular_imputer
2026-05-08T13:28:00.484198+00:00,Telco,MCAR,10%,Mean/Mode,,716,tenure,32.26315789473684,71.0,38.73684210526316,tabular_imputer
2026-05-08T13:28:00.484198+00:00,Telco,MCAR,10%,Mean/Mode,,717,tenure,32.26315789473684,32.0,0.2631578947368425,tabular_imputer
2026-05-08T13:28:00.484198+00:00,Telco,MCAR,10%,Mean/Mode,,724,tenure,32.26315789473684,33.0,0.7368421052631575,tabular_imputer
2026-05-08T13:28:00.484198+00:00,Telco,MCAR,10%,Mean/Mode,,745,tenure,32.26315789473684,72.0,39.73684210526316,tabular_imputer
2026-05-08T13:28:00.484198+00:00,Telco,MCAR,10%,Mean/Mode,,753,tenure,32.26315789473684,0.0,32.26315789473684,tabular_imputer
2026-05-08T13:28:00.484198+00:00,Telco,MCAR,10%,Mean/Mode,,755,tenure,32.26315789473684,20.0,12.263157894736842,tabular_imputer
2026-05-08T13:28:00.484198+00:00,Telco,MCAR,10%,Mean/Mode,,762,tenure,32.26315789473684,3.0,29.26315789473684,tabular_imputer
2026-05-08T13:28:00.484198+00:00,Telco,MCAR,10%,Mean/Mode,,768,tenure,32.26315789473684,41.0,8.736842105263158,tabular_imputer
2026-05-08T13:28:00.484198+00:00,Telco,MCAR,10%,Mean/Mode,,779,tenure,32.26315789473684,2.0,30.26315789473684,tabular_imputer
2026-05-08T13:28:00.484198+00:00,Telco,MCAR,10%,Mean/Mode,,785,tenure,32.26315789473684,46.0,13.736842105263158,tabular_imputer
2026-05-08T13:28:00.484198+00:00,Telco,MCAR,10%,Mean/Mode,,790,tenure,32.26315789473684,60.0,27.73684210526316,tabular_imputer
2026-05-08T13:28:00.484198+00:00,Telco,MCAR,10%,Mean/Mode,,792,tenure,32.26315789473684,8.0,24.26315789473684,tabular_imputer
2026-05-08T13:28:00.484198+00:00,Telco,MCAR,10%,Mean/Mode,,814,tenure,32.26315789473684,5.0,27.26315789473684,tabular_imputer
2026-05-08T13:28:00.484198+00:00,Telco,MCAR,10%,Mean/Mode,,819,tenure,32.26315789473684,70.0,37.73684210526316,tabular_imputer
2026-05-08T13:28:00.484198+00:00,Telco,MCAR,10%,Mean/Mode,,821,tenure,32.26315789473684,43.0,10.736842105263158,tabular_imputer
2026-05-08T13:28:00.484198+00:00,Telco,MCAR,10%,Mean/Mode,,827,tenure,32.26315789473684,14.0,18.26315789473684,tabular_imputer
2026-05-08T13:28:00.484198+00:00,Telco,MCAR,10%,Mean/Mode,,829,tenure,32.26315789473684,34.0,1.7368421052631575,tabular_imputer
2026-05-08T13:28:00.484198+00:00,Telco,MCAR,10%,Mean/Mode,,867,tenure,32.26315789473684,5.0,27.26315789473684,tabular_imputer
2026-05-08T13:28:00.484198+00:00,Telco,MCAR,10%,Mean/Mode,,871,tenure,32.26315789473684,57.0,24.73684210526316,tabular_imputer
2026-05-08T13:28:00.484198+00:00,Telco,MCAR,10%,Mean/Mode,,875,tenure,32.26315789473684,3.0,29.26315789473684,tabular_imputer
2026-05-08T13:28:00.484198+00:00,Telco,MCAR,10%,Mean/Mode,,904,tenure,32.26315789473684,67.0,34.73684210526316,tabular_imputer
2026-05-08T13:28:00.484198+00:00,Telco,MCAR,10%,Mean/Mode,,916,tenure,32.26315789473684,23.0,9.263157894736842,tabular_imputer
2026-05-08T13:28:00.484198+00:00,Telco,MCAR,10%,Mean/Mode,,922,tenure,32.26315789473684,16.0,16.263157894736842,tabular_imputer
2026-05-08T13:28:00.484198+00:00,Telco,MCAR,10%,Mean/Mode,,932,tenure,32.26315789473684,72.0,39.73684210526316,tabular_imputer
2026-05-08T13:28:00.484198+00:00,Telco,MCAR,10%,Mean/Mode,,936,tenure,32.26315789473684,0.0,32.26315789473684,tabular_imputer
2026-05-08T13:28:00.484198+00:00,Telco,MCAR,10%,Mean/Mode,,942,tenure,32.26315789473684,24.0,8.263157894736842,tabular_imputer
2026-05-08T13:28:00.484198+00:00,Telco,MCAR,10%,Mean/Mode,,946,tenure,32.26315789473684,4.0,28.26315789473684,tabular_imputer
2026-05-08T13:28:00.484198+00:00,Telco,MCAR,10%,Mean/Mode,,951,tenure,32.26315789473684,8.0,24.26315789473684,tabular_imputer
2026-05-08T13:28:00.484198+00:00,Telco,MCAR,10%,Mean/Mode,,954,tenure,32.26315789473684,22.0,10.263157894736842,tabular_imputer
2026-05-08T13:28:00.484198+00:00,Telco,MCAR,10%,Mean/Mode,,978,tenure,32.26315789473684,62.0,29.73684210526316,tabular_imputer
2026-05-08T13:28:00.484198+00:00,Telco,MCAR,10%,Mean/Mode,,981,tenure,32.26315789473684,40.0,7.736842105263157,tabular_imputer
2026-05-08T13:28:00.484198+00:00,Telco,MCAR,10%,Mean/Mode,,983,tenure,32.26315789473684,1.0,31.26315789473684,tabular_imputer
2026-05-08T13:28:00.484198+00:00,Telco,MCAR,10%,Mean/Mode,,1006,tenure,32.26315789473684,18.0,14.263157894736842,tabular_imputer
2026-05-08T13:28:00.484198+00:00,Telco,MCAR,10%,Mean/Mode,,1030,tenure,32.26315789473684,50.0,17.736842105263158,tabular_imputer
2026-05-08T13:28:00.484198+00:00,Telco,MCAR,10%,Mean/Mode,,1035,tenure,32.26315789473684,66.0,33.73684210526316,tabular_imputer
2026-05-08T13:28:00.484198+00:00,Telco,MCAR,10%,Mean/Mode,,1048,tenure,32.26315789473684,29.0,3.2631578947368425,tabular_imputer
2026-05-08T13:28:00.484198+00:00,Telco,MCAR,10%,Mean/Mode,,1062,tenure,32.26315789473684,34.0,1.7368421052631575,tabular_imputer
2026-05-08T13:28:00.484198+00:00,Telco,MCAR,10%,Mean/Mode,,1063,tenure,32.26315789473684,10.0,22.26315789473684,tabular_imputer
2026-05-08T13:28:00.484198+00:00,Telco,MCAR,10%,Mean/Mode,,1065,tenure,32.26315789473684,23.0,9.263157894736842,tabular_imputer
2026-05-08T13:28:00.484198+00:00,Telco,MCAR,10%,Mean/Mode,,1078,tenure,32.26315789473684,59.0,26.73684210526316,tabular_imputer
2026-05-08T13:28:00.484198+00:00,Telco,MCAR,10%,Mean/Mode,,1082,tenure,32.26315789473684,0.0,32.26315789473684,tabular_imputer
2026-05-08T13:28:00.484198+00:00,Telco,MCAR,10%,Mean/Mode,,1093,tenure,32.26315789473684,71.0,38.73684210526316,tabular_imputer
2026-05-08T13:28:00.484198+00:00,Telco,MCAR,10%,Mean/Mode,,1101,tenure,32.26315789473684,20.0,12.263157894736842,tabular_imputer
2026-05-08T13:28:00.484198+00:00,Telco,MCAR,10%,Mean/Mode,,1112,tenure,32.26315789473684,71.0,38.73684210526316,tabular_imputer
2026-05-08T13:28:00.484198+00:00,Telco,MCAR,10%,Mean/Mode,,1117,tenure,32.26315789473684,52.0,19.73684210526316,tabular_imputer
2026-05-08T13:28:00.484198+00:00,Telco,MCAR,10%,Mean/Mode,,1119,tenure,32.26315789473684,70.0,37.73684210526316,tabular_imputer
2026-05-08T13:28:00.484198+00:00,Telco,MCAR,10%,Mean/Mode,,1138,tenure,32.26315789473684,11.0,21.26315789473684,tabular_imputer
2026-05-08T13:28:00.484198+00:00,Telco,MCAR,10%,Mean/Mode,,1146,tenure,32.26315789473684,29.0,3.2631578947368425,tabular_imputer
2026-05-08T13:28:00.484198+00:00,Telco,MCAR,10%,Mean/Mode,,1160,tenure,32.26315789473684,23.0,9.263157894736842,tabular_imputer
2026-05-08T13:28:00.484198+00:00,Telco,MCAR,10%,Mean/Mode,,1166,tenure,32.26315789473684,5.0,27.26315789473684,tabular_imputer
2026-05-08T13:28:00.484198+00:00,Telco,MCAR,10%,Mean/Mode,,1172,tenure,32.26315789473684,32.0,0.2631578947368425,tabular_imputer
2026-05-08T13:28:00.484198+00:00,Telco,MCAR,10%,Mean/Mode,,1182,tenure,32.26315789473684,57.0,24.73684210526316,tabular_imputer
2026-05-08T13:28:00.484198+00:00,Telco,MCAR,10%,Mean/Mode,,1183,tenure,32.26315789473684,53.0,20.73684210526316,tabular_imputer
2026-05-08T13:28:00.484198+00:00,Telco,MCAR,10%,Mean/Mode,,1200,tenure,32.26315789473684,37.0,4.7368421052631575,tabular_imputer
2026-05-08T13:28:00.484198+00:00,Telco,MCAR,10%,Mean/Mode,,1223,tenure,32.26315789473684,2.0,30.26315789473684,tabular_imputer
2026-05-08T13:28:00.484198+00:00,Telco,MCAR,10%,Mean/Mode,,1230,tenure,32.26315789473684,47.0,14.736842105263158,tabular_imputer
2026-05-08T13:28:00.484198+00:00,Telco,MCAR,10%,Mean/Mode,,1233,tenure,32.26315789473684,70.0,37.73684210526316,tabular_imputer
2026-05-08T13:28:00.484198+00:00,Telco,MCAR,10%,Mean/Mode,,1248,tenure,32.26315789473684,11.0,21.26315789473684,tabular_imputer
2026-05-08T13:28:00.484198+00:00,Telco,MCAR,10%,Mean/Mode,,1252,tenure,32.26315789473684,1.0,31.26315789473684,tabular_imputer
2026-05-08T13:28:00.484198+00:00,Telco,MCAR,10%,Mean/Mode,,1265,tenure,32.26315789473684,56.0,23.73684210526316,tabular_imputer
2026-05-08T13:28:00.484198+00:00,Telco,MCAR,10%,Mean/Mode,,1270,tenure,32.26315789473684,63.0,30.73684210526316,tabular_imputer
2026-05-08T13:28:00.484198+00:00,Telco,MCAR,10%,Mean/Mode,,1271,tenure,32.26315789473684,53.0,20.73684210526316,tabular_imputer
2026-05-08T13:28:00.484198+00:00,Telco,MCAR,10%,Mean/Mode,,1278,tenure,32.26315789473684,36.0,3.7368421052631575,tabular_imputer
2026-05-08T13:28:00.484198+00:00,Telco,MCAR,10%,Mean/Mode,,1283,tenure,32.26315789473684,72.0,39.73684210526316,tabular_imputer
2026-05-08T13:28:00.484198+00:00,Telco,MCAR,10%,Mean/Mode,,1288,tenure,32.26315789473684,64.0,31.73684210526316,tabular_imputer
2026-05-08T13:28:00.484198+00:00,Telco,MCAR,10%,Mean/Mode,,1297,tenure,32.26315789473684,5.0,27.26315789473684,tabular_imputer
2026-05-08T13:28:00.484198+00:00,Telco,MCAR,10%,Mean/Mode,,1299,tenure,32.26315789473684,11.0,21.26315789473684,tabular_imputer
2026-05-08T13:28:00.484198+00:00,Telco,MCAR,10%,Mean/Mode,,1320,tenure,32.26315789473684,32.0,0.2631578947368425,tabular_imputer
2026-05-08T13:28:00.484198+00:00,Telco,MCAR,10%,Mean/Mode,,1324,tenure,32.26315789473684,4.0,28.26315789473684,tabular_imputer
2026-05-08T13:28:00.484198+00:00,Telco,MCAR,10%,Mean/Mode,,1325,tenure,32.26315789473684,1.0,31.26315789473684,tabular_imputer
2026-05-08T13:28:00.484198+00:00,Telco,MCAR,10%,Mean/Mode,,1333,tenure,32.26315789473684,50.0,17.736842105263158,tabular_imputer
2026-05-08T13:28:00.484198+00:00,Telco,MCAR,10%,Mean/Mode,,1335,tenure,32.26315789473684,2.0,30.26315789473684,tabular_imputer
2026-05-08T13:28:00.484198+00:00,Telco,MCAR,10%,Mean/Mode,,1359,tenure,32.26315789473684,9.0,23.26315789473684,tabular_imputer
2026-05-08T13:28:00.484198+00:00,Telco,MCAR,10%,Mean/Mode,,1364,tenure,32.26315789473684,51.0,18.73684210526316,tabular_imputer
2026-05-08T13:28:00.484198+00:00,Telco,MCAR,10%,Mean/Mode,,1365,tenure,32.26315789473684,59.0,26.73684210526316,tabular_imputer
2026-05-08T13:28:00.484198+00:00,Telco,MCAR,10%,Mean/Mode,,1397,tenure,32.26315789473684,4.0,28.26315789473684,tabular_imputer
2026-05-08T13:28:00.484198+00:00,Telco,MCAR,10%,Mean/Mode,,1401,tenure,32.26315789473684,4.0,28.26315789473684,tabular_imputer
2026-05-08T13:28:00.484198+00:00,Telco,MCAR,10%,Mean/Mode,,1463,tenure,32.26315789473684,4.0,28.26315789473684,tabular_imputer
2026-05-08T13:28:00.484198+00:00,Telco,MCAR,10%,Mean/Mode,,1476,tenure,32.26315789473684,2.0,30.26315789473684,tabular_imputer
2026-05-08T13:28:00.484198+00:00,Telco,MCAR,10%,Mean/Mode,,1482,tenure,32.26315789473684,13.0,19.26315789473684,tabular_imputer
2026-05-08T13:28:00.484198+00:00,Telco,MCAR,10%,Mean/Mode,,1508,tenure,32.26315789473684,23.0,9.263157894736842,tabular_imputer
2026-05-08T13:28:00.484198+00:00,Telco,MCAR,10%,Mean/Mode,,1530,tenure,32.26315789473684,2.0,30.26315789473684,tabular_imputer
2026-05-08T13:28:00.484198+00:00,Telco,MCAR,10%,Mean/Mode,,1564,tenure,32.26315789473684,10.0,22.26315789473684,tabular_imputer
2026-05-08T13:28:00.484198+00:00,Telco,MCAR,10%,Mean/Mode,,1565,tenure,32.26315789473684,55.0,22.73684210526316,tabular_imputer
2026-05-08T13:28:00.484198+00:00,Telco,MCAR,10%,Mean/Mode,,1584,tenure,32.26315789473684,65.0,32.73684210526316,tabular_imputer
2026-05-08T13:28:00.484198+00:00,Telco,MCAR,10%,Mean/Mode,,1586,tenure,32.26315789473684,68.0,35.73684210526316,tabular_imputer
2026-05-08T13:28:00.484198+00:00,Telco,MCAR,10%,Mean/Mode,,1588,tenure,32.26315789473684,50.0,17.736842105263158,tabular_imputer
2026-05-08T13:28:00.484198+00:00,Telco,MCAR,10%,Mean/Mode,,1597,tenure,32.26315789473684,48.0,15.736842105263158,tabular_imputer
2026-05-08T13:28:00.484198+00:00,Telco,MCAR,10%,Mean/Mode,,1601,tenure,32.26315789473684,46.0,13.736842105263158,tabular_imputer
2026-05-08T13:28:00.484198+00:00,Telco,MCAR,10%,Mean/Mode,,1606,tenure,32.26315789473684,72.0,39.73684210526316,tabular_imputer
2026-05-08T13:28:00.484198+00:00,Telco,MCAR,10%,Mean/Mode,,1609,tenure,32.26315789473684,51.0,18.73684210526316,tabular_imputer
2026-05-08T13:28:00.484198+00:00,Telco,MCAR,10%,Mean/Mode,,1611,tenure,32.26315789473684,72.0,39.73684210526316,tabular_imputer
2026-05-08T13:28:00.484198+00:00,Telco,MCAR,10%,Mean/Mode,,1614,tenure,32.26315789473684,67.0,34.73684210526316,tabular_imputer
2026-05-08T13:28:00.484198+00:00,Telco,MCAR,10%,Mean/Mode,,1635,tenure,32.26315789473684,3.0,29.26315789473684,tabular_imputer
2026-05-08T13:28:00.484198+00:00,Telco,MCAR,10%,Mean/Mode,,1645,tenure,32.26315789473684,42.0,9.736842105263158,tabular_imputer
2026-05-08T13:28:00.484198+00:00,Telco,MCAR,10%,Mean/Mode,,1646,tenure,32.26315789473684,59.0,26.73684210526316,tabular_imputer
2026-05-08T13:28:00.484198+00:00,Telco,MCAR,10%,Mean/Mode,,1660,tenure,32.26315789473684,47.0,14.736842105263158,tabular_imputer
2026-05-08T13:28:00.484198+00:00,Telco,MCAR,10%,Mean/Mode,,1670,tenure,32.26315789473684,1.0,31.26315789473684,tabular_imputer
2026-05-08T13:28:00.484198+00:00,Telco,MCAR,10%,Mean/Mode,,1673,tenure,32.26315789473684,41.0,8.736842105263158,tabular_imputer
2026-05-08T13:28:00.484198+00:00,Telco,MCAR,10%,Mean/Mode,,1683,tenure,32.26315789473684,23.0,9.263157894736842,tabular_imputer
2026-05-08T13:28:00.484198+00:00,Telco,MCAR,10%,Mean/Mode,,1695,tenure,32.26315789473684,54.0,21.73684210526316,tabular_imputer
2026-05-08T13:28:00.484198+00:00,Telco,MCAR,10%,Mean/Mode,,1703,tenure,32.26315789473684,11.0,21.26315789473684,tabular_imputer
2026-05-08T13:28:00.484198+00:00,Telco,MCAR,10%,Mean/Mode,,1718,tenure,32.26315789473684,17.0,15.263157894736842,tabular_imputer
2026-05-08T13:28:00.484198+00:00,Telco,MCAR,10%,Mean/Mode,,1722,tenure,32.26315789473684,51.0,18.73684210526316,tabular_imputer
2026-05-08T13:28:00.484198+00:00,Telco,MCAR,10%,Mean/Mode,,1724,tenure,32.26315789473684,3.0,29.26315789473684,tabular_imputer
2026-05-08T13:28:00.484198+00:00,Telco,MCAR,10%,Mean/Mode,,1730,tenure,32.26315789473684,1.0,31.26315789473684,tabular_imputer
2026-05-08T13:28:00.484198+00:00,Telco,MCAR,10%,Mean/Mode,,1738,tenure,32.26315789473684,66.0,33.73684210526316,tabular_imputer
2026-05-08T13:28:00.484198+00:00,Telco,MCAR,10%,Mean/Mode,,1741,tenure,32.26315789473684,16.0,16.263157894736842,tabular_imputer
2026-05-08T13:28:00.484198+00:00,Telco,MCAR,10%,Mean/Mode,,1753,tenure,32.26315789473684,72.0,39.73684210526316,tabular_imputer
2026-05-08T13:28:00.484198+00:00,Telco,MCAR,10%,Mean/Mode,,1759,tenure,32.26315789473684,20.0,12.263157894736842,tabular_imputer
2026-05-08T13:28:00.484198+00:00,Telco,MCAR,10%,Mean/Mode,,1795,tenure,32.26315789473684,19.0,13.263157894736842,tabular_imputer
2026-05-08T13:28:00.484198+00:00,Telco,MCAR,10%,Mean/Mode,,1800,tenure,32.26315789473684,1.0,31.26315789473684,tabular_imputer
2026-05-08T13:28:00.484198+00:00,Telco,MCAR,10%,Mean/Mode,,1812,tenure,32.26315789473684,17.0,15.263157894736842,tabular_imputer
2026-05-08T13:28:00.484198+00:00,Telco,MCAR,10%,Mean/Mode,,1813,tenure,32.26315789473684,1.0,31.26315789473684,tabular_imputer
2026-05-08T13:28:00.484198+00:00,Telco,MCAR,10%,Mean/Mode,,1829,tenure,32.26315789473684,8.0,24.26315789473684,tabular_imputer
2026-05-08T13:28:00.484198+00:00,Telco,MCAR,10%,Mean/Mode,,1839,tenure,32.26315789473684,4.0,28.26315789473684,tabular_imputer
2026-05-08T13:28:00.484198+00:00,Telco,MCAR,10%,Mean/Mode,,1888,tenure,32.26315789473684,23.0,9.263157894736842,tabular_imputer
2026-05-08T13:28:00.484198+00:00,Telco,MCAR,10%,Mean/Mode,,1896,tenure,32.26315789473684,38.0,5.7368421052631575,tabular_imputer
2026-05-08T13:28:00.484198+00:00,Telco,MCAR,10%,Mean/Mode,,1909,tenure,32.26315789473684,7.0,25.26315789473684,tabular_imputer
2026-05-08T13:28:00.484198+00:00,Telco,MCAR,10%,Mean/Mode,,1915,tenure,32.26315789473684,24.0,8.263157894736842,tabular_imputer
2026-05-08T13:28:00.484198+00:00,Telco,MCAR,10%,Mean/Mode,,1916,tenure,32.26315789473684,44.0,11.736842105263158,tabular_imputer
2026-05-08T13:28:00.484198+00:00,Telco,MCAR,10%,Mean/Mode,,1918,tenure,32.26315789473684,24.0,8.263157894736842,tabular_imputer
2026-05-08T13:28:00.484198+00:00,Telco,MCAR,10%,Mean/Mode,,1928,tenure,32.26315789473684,31.0,1.2631578947368425,tabular_imputer
2026-05-08T13:28:00.484198+00:00,Telco,MCAR,10%,Mean/Mode,,1934,tenure,32.26315789473684,3.0,29.26315789473684,tabular_imputer
2026-05-08T13:28:00.484198+00:00,Telco,MCAR,10%,Mean/Mode,,1935,tenure,32.26315789473684,51.0,18.73684210526316,tabular_imputer
2026-05-08T13:28:00.484198+00:00,Telco,MCAR,10%,Mean/Mode,,1942,tenure,32.26315789473684,46.0,13.736842105263158,tabular_imputer
2026-05-08T13:28:00.484198+00:00,Telco,MCAR,10%,Mean/Mode,,1950,tenure,32.26315789473684,65.0,32.73684210526316,tabular_imputer
2026-05-08T13:28:00.484198+00:00,Telco,MCAR,10%,Mean/Mode,,1955,tenure,32.26315789473684,49.0,16.736842105263158,tabular_imputer
2026-05-08T13:28:00.484198+00:00,Telco,MCAR,10%,Mean/Mode,,1956,tenure,32.26315789473684,72.0,39.73684210526316,tabular_imputer
2026-05-08T13:28:00.484198+00:00,Telco,MCAR,10%,Mean/Mode,,1960,tenure,32.26315789473684,33.0,0.7368421052631575,tabular_imputer
2026-05-08T13:28:00.484198+00:00,Telco,MCAR,10%,Mean/Mode,,1961,tenure,32.26315789473684,42.0,9.736842105263158,tabular_imputer
2026-05-08T13:28:00.484198+00:00,Telco,MCAR,10%,Mean/Mode,,1972,tenure,32.26315789473684,23.0,9.263157894736842,tabular_imputer
2026-05-08T13:28:00.484198+00:00,Telco,MCAR,10%,Mean/Mode,,1973,tenure,32.26315789473684,72.0,39.73684210526316,tabular_imputer
2026-05-08T13:28:00.484198+00:00,Telco,MCAR,10%,Mean/Mode,,1976,tenure,32.26315789473684,1.0,31.26315789473684,tabular_imputer
2026-05-08T13:28:00.484198+00:00,Telco,MCAR,10%,Mean/Mode,,2007,tenure,32.26315789473684,2.0,30.26315789473684,tabular_imputer
2026-05-08T13:28:00.484198+00:00,Telco,MCAR,10%,Mean/Mode,,2010,tenure,32.26315789473684,5.0,27.26315789473684,tabular_imputer
2026-05-08T13:28:00.484198+00:00,Telco,MCAR,10%,Mean/Mode,,2021,tenure,32.26315789473684,62.0,29.73684210526316,tabular_imputer
2026-05-08T13:28:00.484198+00:00,Telco,MCAR,10%,Mean/Mode,,2024,tenure,32.26315789473684,12.0,20.26315789473684,tabular_imputer
2026-05-08T13:28:00.484198+00:00,Telco,MCAR,10%,Mean/Mode,,2036,tenure,32.26315789473684,1.0,31.26315789473684,tabular_imputer
2026-05-08T13:28:00.484198+00:00,Telco,MCAR,10%,Mean/Mode,,2038,tenure,32.26315789473684,26.0,6.2631578947368425,tabular_imputer
2026-05-08T13:28:00.484198+00:00,Telco,MCAR,10%,Mean/Mode,,2039,tenure,32.26315789473684,22.0,10.263157894736842,tabular_imputer
2026-05-08T13:28:00.484198+00:00,Telco,MCAR,10%,Mean/Mode,,2059,tenure,32.26315789473684,37.0,4.7368421052631575,tabular_imputer
2026-05-08T13:28:00.484198+00:00,Telco,MCAR,10%,Mean/Mode,,2062,tenure,32.26315789473684,66.0,33.73684210526316,tabular_imputer
2026-05-08T13:28:00.484198+00:00,Telco,MCAR,10%,Mean/Mode,,2066,tenure,32.26315789473684,64.0,31.73684210526316,tabular_imputer
2026-05-08T13:28:00.484198+00:00,Telco,MCAR,10%,Mean/Mode,,2071,tenure,32.26315789473684,67.0,34.73684210526316,tabular_imputer
2026-05-08T13:28:00.484198+00:00,Telco,MCAR,10%,Mean/Mode,,2073,tenure,32.26315789473684,14.0,18.26315789473684,tabular_imputer
2026-05-08T13:28:00.484198+00:00,Telco,MCAR,10%,Mean/Mode,,2081,tenure,32.26315789473684,23.0,9.263157894736842,tabular_imputer
2026-05-08T13:28:00.484198+00:00,Telco,MCAR,10%,Mean/Mode,,2106,tenure,32.26315789473684,55.0,22.73684210526316,tabular_imputer
2026-05-08T13:28:00.484198+00:00,Telco,MCAR,10%,Mean/Mode,,2131,tenure,32.26315789473684,42.0,9.736842105263158,tabular_imputer
2026-05-08T13:28:00.484198+00:00,Telco,MCAR,10%,Mean/Mode,,2160,tenure,32.26315789473684,72.0,39.73684210526316,tabular_imputer
2026-05-08T13:28:00.484198+00:00,Telco,MCAR,10%,Mean/Mode,,2162,tenure,32.26315789473684,28.0,4.2631578947368425,tabular_imputer
2026-05-08T13:28:00.484198+00:00,Telco,MCAR,10%,Mean/Mode,,2163,tenure,32.26315789473684,29.0,3.2631578947368425,tabular_imputer
2026-05-08T13:28:00.484198+00:00,Telco,MCAR,10%,Mean/Mode,,2164,tenure,32.26315789473684,70.0,37.73684210526316,tabular_imputer
2026-05-08T13:28:00.484198+00:00,Telco,MCAR,10%,Mean/Mode,,2173,tenure,32.26315789473684,4.0,28.26315789473684,tabular_imputer
2026-05-08T13:28:00.484198+00:00,Telco,MCAR,10%,Mean/Mode,,2186,tenure,32.26315789473684,46.0,13.736842105263158,tabular_imputer
2026-05-08T13:28:00.484198+00:00,Telco,MCAR,10%,Mean/Mode,,2194,tenure,32.26315789473684,1.0,31.26315789473684,tabular_imputer
2026-05-08T13:28:00.484198+00:00,Telco,MCAR,10%,Mean/Mode,,2196,tenure,32.26315789473684,19.0,13.263157894736842,tabular_imputer
2026-05-08T13:28:00.484198+00:00,Telco,MCAR,10%,Mean/Mode,,2204,tenure,32.26315789473684,67.0,34.73684210526316,tabular_imputer
2026-05-08T13:28:00.484198+00:00,Telco,MCAR,10%,Mean/Mode,,2212,tenure,32.26315789473684,10.0,22.26315789473684,tabular_imputer
2026-05-08T13:28:00.484198+00:00,Telco,MCAR,10%,Mean/Mode,,2216,tenure,32.26315789473684,64.0,31.73684210526316,tabular_imputer
2026-05-08T13:28:00.484198+00:00,Telco,MCAR,10%,Mean/Mode,,2217,tenure,32.26315789473684,66.0,33.73684210526316,tabular_imputer
2026-05-08T13:28:00.484198+00:00,Telco,MCAR,10%,Mean/Mode,,2222,tenure,32.26315789473684,38.0,5.7368421052631575,tabular_imputer
2026-05-08T13:28:00.484198+00:00,Telco,MCAR,10%,Mean/Mode,,2238,tenure,32.26315789473684,1.0,31.26315789473684,tabular_imputer
2026-05-08T13:28:00.484198+00:00,Telco,MCAR,10%,Mean/Mode,,2254,tenure,32.26315789473684,72.0,39.73684210526316,tabular_imputer
2026-05-08T13:28:00.484198+00:00,Telco,MCAR,10%,Mean/Mode,,2279,tenure,32.26315789473684,72.0,39.73684210526316,tabular_imputer
2026-05-08T13:28:00.484198+00:00,Telco,MCAR,10%,Mean/Mode,,2281,tenure,32.26315789473684,16.0,16.263157894736842,tabular_imputer
2026-05-08T13:28:00.484198+00:00,Telco,MCAR,10%,Mean/Mode,,2284,tenure,32.26315789473684,3.0,29.26315789473684,tabular_imputer
2026-05-08T13:28:00.484198+00:00,Telco,MCAR,10%,Mean/Mode,,2292,tenure,32.26315789473684,54.0,21.73684210526316,tabular_imputer
2026-05-08T13:28:00.484198+00:00,Telco,MCAR,10%,Mean/Mode,,2294,tenure,32.26315789473684,12.0,20.26315789473684,tabular_imputer
2026-05-08T13:28:00.484198+00:00,Telco,MCAR,10%,Mean/Mode,,2323,tenure,32.26315789473684,29.0,3.2631578947368425,tabular_imputer
2026-05-08T13:28:00.484198+00:00,Telco,MCAR,10%,Mean/Mode,,2327,tenure,32.26315789473684,26.0,6.2631578947368425,tabular_imputer
2026-05-08T13:28:00.484198+00:00,Telco,MCAR,10%,Mean/Mode,,2328,tenure,32.26315789473684,35.0,2.7368421052631575,tabular_imputer
2026-05-08T13:28:00.484198+00:00,Telco,MCAR,10%,Mean/Mode,,2331,tenure,32.26315789473684,25.0,7.263157894736843,tabular_imputer
2026-05-08T13:28:00.484198+00:00,Telco,MCAR,10%,Mean/Mode,,2333,tenure,32.26315789473684,57.0,24.73684210526316,tabular_imputer
2026-05-08T13:28:00.484198+00:00,Telco,MCAR,10%,Mean/Mode,,2343,tenure,32.26315789473684,3.0,29.26315789473684,tabular_imputer
2026-05-08T13:28:00.484198+00:00,Telco,MCAR,10%,Mean/Mode,,2345,tenure,32.26315789473684,4.0,28.26315789473684,tabular_imputer
2026-05-08T13:28:00.484198+00:00,Telco,MCAR,10%,Mean/Mode,,2348,tenure,32.26315789473684,61.0,28.73684210526316,tabular_imputer
2026-05-08T13:28:00.484198+00:00,Telco,MCAR,10%,Mean/Mode,,2350,tenure,32.26315789473684,5.0,27.26315789473684,tabular_imputer
2026-05-08T13:28:00.484198+00:00,Telco,MCAR,10%,Mean/Mode,,2366,tenure,32.26315789473684,1.0,31.26315789473684,tabular_imputer
2026-05-08T13:28:00.484198+00:00,Telco,MCAR,10%,Mean/Mode,,2367,tenure,32.26315789473684,1.0,31.26315789473684,tabular_imputer
2026-05-08T13:28:00.484198+00:00,Telco,MCAR,10%,Mean/Mode,,2377,tenure,32.26315789473684,47.0,14.736842105263158,tabular_imputer
2026-05-08T13:28:00.484198+00:00,Telco,MCAR,10%,Mean/Mode,,2390,tenure,32.26315789473684,8.0,24.26315789473684,tabular_imputer
2026-05-08T13:28:00.484198+00:00,Telco,MCAR,10%,Mean/Mode,,2399,tenure,32.26315789473684,12.0,20.26315789473684,tabular_imputer
2026-05-08T13:28:00.484198+00:00,Telco,MCAR,10%,Mean/Mode,,2411,tenure,32.26315789473684,60.0,27.73684210526316,tabular_imputer
2026-05-08T13:28:00.484198+00:00,Telco,MCAR,10%,Mean/Mode,,2443,tenure,32.26315789473684,72.0,39.73684210526316,tabular_imputer
2026-05-08T13:28:00.484198+00:00,Telco,MCAR,10%,Mean/Mode,,2448,tenure,32.26315789473684,14.0,18.26315789473684,tabular_imputer
2026-05-08T13:28:00.484198+00:00,Telco,MCAR,10%,Mean/Mode,,2455,tenure,32.26315789473684,5.0,27.26315789473684,tabular_imputer
2026-05-08T13:28:00.484198+00:00,Telco,MCAR,10%,Mean/Mode,,2475,tenure,32.26315789473684,53.0,20.73684210526316,tabular_imputer
2026-05-08T13:28:00.484198+00:00,Telco,MCAR,10%,Mean/Mode,,2494,tenure,32.26315789473684,35.0,2.7368421052631575,tabular_imputer
2026-05-08T13:28:00.484198+00:00,Telco,MCAR,10%,Mean/Mode,,2498,tenure,32.26315789473684,27.0,5.2631578947368425,tabular_imputer
2026-05-08T13:28:00.484198+00:00,Telco,MCAR,10%,Mean/Mode,,2499,tenure,32.26315789473684,41.0,8.736842105263158,tabular_imputer
2026-05-08T13:28:00.484198+00:00,Telco,MCAR,10%,Mean/Mode,,2512,tenure,32.26315789473684,23.0,9.263157894736842,tabular_imputer
2026-05-08T13:28:00.484198+00:00,Telco,MCAR,10%,Mean/Mode,,2519,tenure,32.26315789473684,2.0,30.26315789473684,tabular_imputer
2026-05-08T13:28:00.484198+00:00,Telco,MCAR,10%,Mean/Mode,,2524,tenure,32.26315789473684,72.0,39.73684210526316,tabular_imputer
2026-05-08T13:28:00.484198+00:00,Telco,MCAR,10%,Mean/Mode,,2530,tenure,32.26315789473684,7.0,25.26315789473684,tabular_imputer
2026-05-08T13:28:00.484198+00:00,Telco,MCAR,10%,Mean/Mode,,2532,tenure,32.26315789473684,41.0,8.736842105263158,tabular_imputer
2026-05-08T13:28:00.484198+00:00,Telco,MCAR,10%,Mean/Mode,,2544,tenure,32.26315789473684,12.0,20.26315789473684,tabular_imputer
2026-05-08T13:28:00.484198+00:00,Telco,MCAR,10%,Mean/Mode,,2553,tenure,32.26315789473684,2.0,30.26315789473684,tabular_imputer
2026-05-08T13:28:00.484198+00:00,Telco,MCAR,10%,Mean/Mode,,2557,tenure,32.26315789473684,3.0,29.26315789473684,tabular_imputer
2026-05-08T13:28:00.484198+00:00,Telco,MCAR,10%,Mean/Mode,,2560,tenure,32.26315789473684,46.0,13.736842105263158,tabular_imputer
2026-05-08T13:28:00.484198+00:00,Telco,MCAR,10%,Mean/Mode,,2565,tenure,32.26315789473684,13.0,19.26315789473684,tabular_imputer
2026-05-08T13:28:00.484198+00:00,Telco,MCAR,10%,Mean/Mode,,2575,tenure,32.26315789473684,35.0,2.7368421052631575,tabular_imputer
2026-05-08T13:28:00.484198+00:00,Telco,MCAR,10%,Mean/Mode,,2590,tenure,32.26315789473684,25.0,7.263157894736843,tabular_imputer
2026-05-08T13:28:00.484198+00:00,Telco,MCAR,10%,Mean/Mode,,2617,tenure,32.26315789473684,1.0,31.26315789473684,tabular_imputer
2026-05-08T13:28:00.484198+00:00,Telco,MCAR,10%,Mean/Mode,,2618,tenure,32.26315789473684,25.0,7.263157894736843,tabular_imputer
2026-05-08T13:28:00.484198+00:00,Telco,MCAR,10%,Mean/Mode,,2628,tenure,32.26315789473684,1.0,31.26315789473684,tabular_imputer
2026-05-08T13:28:00.484198+00:00,Telco,MCAR,10%,Mean/Mode,,2635,tenure,32.26315789473684,63.0,30.73684210526316,tabular_imputer
2026-05-08T13:28:00.484198+00:00,Telco,MCAR,10%,Mean/Mode,,2640,tenure,32.26315789473684,22.0,10.263157894736842,tabular_imputer
2026-05-08T13:28:00.484198+00:00,Telco,MCAR,10%,Mean/Mode,,2652,tenure,32.26315789473684,1.0,31.26315789473684,tabular_imputer
2026-05-08T13:28:00.484198+00:00,Telco,MCAR,10%,Mean/Mode,,2657,tenure,32.26315789473684,29.0,3.2631578947368425,tabular_imputer
2026-05-08T13:28:00.484198+00:00,Telco,MCAR,10%,Mean/Mode,,2661,tenure,32.26315789473684,66.0,33.73684210526316,tabular_imputer
2026-05-08T13:28:00.484198+00:00,Telco,MCAR,10%,Mean/Mode,,2670,tenure,32.26315789473684,51.0,18.73684210526316,tabular_imputer
2026-05-08T13:28:00.484198+00:00,Telco,MCAR,10%,Mean/Mode,,2672,tenure,32.26315789473684,27.0,5.2631578947368425,tabular_imputer
2026-05-08T13:28:00.484198+00:00,Telco,MCAR,10%,Mean/Mode,,2682,tenure,32.26315789473684,4.0,28.26315789473684,tabular_imputer
2026-05-08T13:28:00.484198+00:00,Telco,MCAR,10%,Mean/Mode,,2692,tenure,32.26315789473684,22.0,10.263157894736842,tabular_imputer
2026-05-08T13:28:00.484198+00:00,Telco,MCAR,10%,Mean/Mode,,2734,tenure,32.26315789473684,11.0,21.26315789473684,tabular_imputer
2026-05-08T13:28:00.484198+00:00,Telco,MCAR,10%,Mean/Mode,,2736,tenure,32.26315789473684,60.0,27.73684210526316,tabular_imputer
2026-05-08T13:28:00.484198+00:00,Telco,MCAR,10%,Mean/Mode,,2739,tenure,32.26315789473684,61.0,28.73684210526316,tabular_imputer
2026-05-08T13:28:00.484198+00:00,Telco,MCAR,10%,Mean/Mode,,2740,tenure,32.26315789473684,1.0,31.26315789473684,tabular_imputer
2026-05-08T13:28:00.484198+00:00,Telco,MCAR,10%,Mean/Mode,,2742,tenure,32.26315789473684,66.0,33.73684210526316,tabular_imputer
2026-05-08T13:28:00.484198+00:00,Telco,MCAR,10%,Mean/Mode,,2755,tenure,32.26315789473684,46.0,13.736842105263158,tabular_imputer
2026-05-08T13:28:00.484198+00:00,Telco,MCAR,10%,Mean/Mode,,2762,tenure,32.26315789473684,25.0,7.263157894736843,tabular_imputer
2026-05-08T13:28:00.484198+00:00,Telco,MCAR,10%,Mean/Mode,,2764,tenure,32.26315789473684,30.0,2.2631578947368425,tabular_imputer
2026-05-08T13:28:00.484198+00:00,Telco,MCAR,10%,Mean/Mode,,2782,tenure,32.26315789473684,38.0,5.7368421052631575,tabular_imputer
2026-05-08T13:28:00.484198+00:00,Telco,MCAR,10%,Mean/Mode,,2790,tenure,32.26315789473684,50.0,17.736842105263158,tabular_imputer
2026-05-08T13:28:00.484198+00:00,Telco,MCAR,10%,Mean/Mode,,2791,tenure,32.26315789473684,57.0,24.73684210526316,tabular_imputer
2026-05-08T13:28:00.484198+00:00,Telco,MCAR,10%,Mean/Mode,,2794,tenure,32.26315789473684,28.0,4.2631578947368425,tabular_imputer
2026-05-08T13:28:00.484198+00:00,Telco,MCAR,10%,Mean/Mode,,2814,tenure,32.26315789473684,62.0,29.73684210526316,tabular_imputer
2026-05-08T13:28:00.484198+00:00,Telco,MCAR,10%,Mean/Mode,,2823,tenure,32.26315789473684,39.0,6.7368421052631575,tabular_imputer
2026-05-08T13:28:00.484198+00:00,Telco,MCAR,10%,Mean/Mode,,2831,tenure,32.26315789473684,12.0,20.26315789473684,tabular_imputer
2026-05-08T13:28:00.484198+00:00,Telco,MCAR,10%,Mean/Mode,,2832,tenure,32.26315789473684,40.0,7.736842105263157,tabular_imputer
2026-05-08T13:28:00.484198+00:00,Telco,MCAR,10%,Mean/Mode,,2846,tenure,32.26315789473684,2.0,30.26315789473684,tabular_imputer
2026-05-08T13:28:00.484198+00:00,Telco,MCAR,10%,Mean/Mode,,2849,tenure,32.26315789473684,12.0,20.26315789473684,tabular_imputer
2026-05-08T13:28:00.484198+00:00,Telco,MCAR,10%,Mean/Mode,,2850,tenure,32.26315789473684,60.0,27.73684210526316,tabular_imputer
2026-05-08T13:28:00.484198+00:00,Telco,MCAR,10%,Mean/Mode,,2878,tenure,32.26315789473684,22.0,10.263157894736842,tabular_imputer
2026-05-08T13:28:00.484198+00:00,Telco,MCAR,10%,Mean/Mode,,2879,tenure,32.26315789473684,70.0,37.73684210526316,tabular_imputer
2026-05-08T13:28:00.484198+00:00,Telco,MCAR,10%,Mean/Mode,,2892,tenure,32.26315789473684,1.0,31.26315789473684,tabular_imputer
2026-05-08T13:28:00.484198+00:00,Telco,MCAR,10%,Mean/Mode,,2901,tenure,32.26315789473684,72.0,39.73684210526316,tabular_imputer
2026-05-08T13:28:00.484198+00:00,Telco,MCAR,10%,Mean/Mode,,2913,tenure,32.26315789473684,52.0,19.73684210526316,tabular_imputer
2026-05-08T13:28:00.484198+00:00,Telco,MCAR,10%,Mean/Mode,,2929,tenure,32.26315789473684,40.0,7.736842105263157,tabular_imputer
2026-05-08T13:28:00.484198+00:00,Telco,MCAR,10%,Mean/Mode,,2947,tenure,32.26315789473684,49.0,16.736842105263158,tabular_imputer
2026-05-08T13:28:00.484198+00:00,Telco,MCAR,10%,Mean/Mode,,2950,tenure,32.26315789473684,4.0,28.26315789473684,tabular_imputer
2026-05-08T13:28:00.484198+00:00,Telco,MCAR,10%,Mean/Mode,,2972,tenure,32.26315789473684,72.0,39.73684210526316,tabular_imputer
2026-05-08T13:28:00.484198+00:00,Telco,MCAR,10%,Mean/Mode,,2973,tenure,32.26315789473684,62.0,29.73684210526316,tabular_imputer
2026-05-08T13:28:00.484198+00:00,Telco,MCAR,10%,Mean/Mode,,2974,tenure,32.26315789473684,28.0,4.2631578947368425,tabular_imputer
2026-05-08T13:28:00.484198+00:00,Telco,MCAR,10%,Mean/Mode,,2985,tenure,32.26315789473684,35.0,2.7368421052631575,tabular_imputer
2026-05-08T13:28:00.484198+00:00,Telco,MCAR,10%,Mean/Mode,,3024,tenure,32.26315789473684,9.0,23.26315789473684,tabular_imputer
2026-05-08T13:28:00.484198+00:00,Telco,MCAR,10%,Mean/Mode,,3033,tenure,32.26315789473684,68.0,35.73684210526316,tabular_imputer
2026-05-08T13:28:00.484198+00:00,Telco,MCAR,10%,Mean/Mode,,3035,tenure,32.26315789473684,25.0,7.263157894736843,tabular_imputer
2026-05-08T13:28:00.484198+00:00,Telco,MCAR,10%,Mean/Mode,,3037,tenure,32.26315789473684,32.0,0.2631578947368425,tabular_imputer
2026-05-08T13:28:00.484198+00:00,Telco,MCAR,10%,Mean/Mode,,3052,tenure,32.26315789473684,37.0,4.7368421052631575,tabular_imputer
2026-05-08T13:28:00.484198+00:00,Telco,MCAR,10%,Mean/Mode,,3066,tenure,32.26315789473684,10.0,22.26315789473684,tabular_imputer
2026-05-08T13:28:00.484198+00:00,Telco,MCAR,10%,Mean/Mode,,3067,tenure,32.26315789473684,6.0,26.26315789473684,tabular_imputer
2026-05-08T13:28:00.484198+00:00,Telco,MCAR,10%,Mean/Mode,,3082,tenure,32.26315789473684,51.0,18.73684210526316,tabular_imputer
2026-05-08T13:28:00.484198+00:00,Telco,MCAR,10%,Mean/Mode,,3088,tenure,32.26315789473684,46.0,13.736842105263158,tabular_imputer
2026-05-08T13:28:00.484198+00:00,Telco,MCAR,10%,Mean/Mode,,3103,tenure,32.26315789473684,1.0,31.26315789473684,tabular_imputer
2026-05-08T13:28:00.484198+00:00,Telco,MCAR,10%,Mean/Mode,,3106,tenure,32.26315789473684,50.0,17.736842105263158,tabular_imputer
2026-05-08T13:28:00.484198+00:00,Telco,MCAR,10%,Mean/Mode,,3108,tenure,32.26315789473684,43.0,10.736842105263158,tabular_imputer
2026-05-08T13:28:00.484198+00:00,Telco,MCAR,10%,Mean/Mode,,3132,tenure,32.26315789473684,1.0,31.26315789473684,tabular_imputer
2026-05-08T13:28:00.484198+00:00,Telco,MCAR,10%,Mean/Mode,,3136,tenure,32.26315789473684,17.0,15.263157894736842,tabular_imputer
2026-05-08T13:28:00.484198+00:00,Telco,MCAR,10%,Mean/Mode,,3149,tenure,32.26315789473684,8.0,24.26315789473684,tabular_imputer
2026-05-08T13:28:00.484198+00:00,Telco,MCAR,10%,Mean/Mode,,3172,tenure,32.26315789473684,25.0,7.263157894736843,tabular_imputer
2026-05-08T13:28:00.484198+00:00,Telco,MCAR,10%,Mean/Mode,,3177,tenure,32.26315789473684,72.0,39.73684210526316,tabular_imputer
2026-05-08T13:28:00.484198+00:00,Telco,MCAR,10%,Mean/Mode,,3180,tenure,32.26315789473684,3.0,29.26315789473684,tabular_imputer
2026-05-08T13:28:00.484198+00:00,Telco,MCAR,10%,Mean/Mode,,3187,tenure,32.26315789473684,34.0,1.7368421052631575,tabular_imputer
2026-05-08T13:28:00.484198+00:00,Telco,MCAR,10%,Mean/Mode,,3199,tenure,32.26315789473684,68.0,35.73684210526316,tabular_imputer
2026-05-08T13:28:00.484198+00:00,Telco,MCAR,10%,Mean/Mode,,3211,tenure,32.26315789473684,17.0,15.263157894736842,tabular_imputer
2026-05-08T13:28:00.484198+00:00,Telco,MCAR,10%,Mean/Mode,,3213,tenure,32.26315789473684,41.0,8.736842105263158,tabular_imputer
2026-05-08T13:28:00.484198+00:00,Telco,MCAR,10%,Mean/Mode,,3238,tenure,32.26315789473684,26.0,6.2631578947368425,tabular_imputer
2026-05-08T13:28:00.484198+00:00,Telco,MCAR,10%,Mean/Mode,,3239,tenure,32.26315789473684,16.0,16.263157894736842,tabular_imputer
2026-05-08T13:28:00.484198+00:00,Telco,MCAR,10%,Mean/Mode,,3244,tenure,32.26315789473684,10.0,22.26315789473684,tabular_imputer
2026-05-08T13:28:00.484198+00:00,Telco,MCAR,10%,Mean/Mode,,3255,tenure,32.26315789473684,66.0,33.73684210526316,tabular_imputer
2026-05-08T13:28:00.484198+00:00,Telco,MCAR,10%,Mean/Mode,,3266,tenure,32.26315789473684,72.0,39.73684210526316,tabular_imputer
2026-05-08T13:28:00.484198+00:00,Telco,MCAR,10%,Mean/Mode,,3268,tenure,32.26315789473684,24.0,8.263157894736842,tabular_imputer
2026-05-08T13:28:00.484198+00:00,Telco,MCAR,10%,Mean/Mode,,3275,tenure,32.26315789473684,14.0,18.26315789473684,tabular_imputer
2026-05-08T13:28:00.484198+00:00,Telco,MCAR,10%,Mean/Mode,,3281,tenure,32.26315789473684,49.0,16.736842105263158,tabular_imputer
2026-05-08T13:28:00.484198+00:00,Telco,MCAR,10%,Mean/Mode,,3283,tenure,32.26315789473684,69.0,36.73684210526316,tabular_imputer
2026-05-08T13:28:00.484198+00:00,Telco,MCAR,10%,Mean/Mode,,3289,tenure,32.26315789473684,41.0,8.736842105263158,tabular_imputer
2026-05-08T13:28:00.484198+00:00,Telco,MCAR,10%,Mean/Mode,,3295,tenure,32.26315789473684,72.0,39.73684210526316,tabular_imputer
2026-05-08T13:28:00.484198+00:00,Telco,MCAR,10%,Mean/Mode,,3319,tenure,32.26315789473684,2.0,30.26315789473684,tabular_imputer
2026-05-08T13:28:00.484198+00:00,Telco,MCAR,10%,Mean/Mode,,3323,tenure,32.26315789473684,28.0,4.2631578947368425,tabular_imputer
2026-05-08T13:28:00.484198+00:00,Telco,MCAR,10%,Mean/Mode,,3324,tenure,32.26315789473684,1.0,31.26315789473684,tabular_imputer
2026-05-08T13:28:00.484198+00:00,Telco,MCAR,10%,Mean/Mode,,3348,tenure,32.26315789473684,71.0,38.73684210526316,tabular_imputer
2026-05-08T13:28:00.484198+00:00,Telco,MCAR,10%,Mean/Mode,,3349,tenure,32.26315789473684,11.0,21.26315789473684,tabular_imputer
2026-05-08T13:28:00.484198+00:00,Telco,MCAR,10%,Mean/Mode,,3355,tenure,32.26315789473684,68.0,35.73684210526316,tabular_imputer
2026-05-08T13:28:00.484198+00:00,Telco,MCAR,10%,Mean/Mode,,3374,tenure,32.26315789473684,2.0,30.26315789473684,tabular_imputer
2026-05-08T13:28:00.484198+00:00,Telco,MCAR,10%,Mean/Mode,,3376,tenure,32.26315789473684,1.0,31.26315789473684,tabular_imputer
2026-05-08T13:28:00.484198+00:00,Telco,MCAR,10%,Mean/Mode,,3399,tenure,32.26315789473684,42.0,9.736842105263158,tabular_imputer
2026-05-08T13:28:00.484198+00:00,Telco,MCAR,10%,Mean/Mode,,3400,tenure,32.26315789473684,18.0,14.263157894736842,tabular_imputer
2026-05-08T13:28:00.484198+00:00,Telco,MCAR,10%,Mean/Mode,,3408,tenure,32.26315789473684,4.0,28.26315789473684,tabular_imputer
2026-05-08T13:28:00.484198+00:00,Telco,MCAR,10%,Mean/Mode,,3435,tenure,32.26315789473684,2.0,30.26315789473684,tabular_imputer
2026-05-08T13:28:00.484198+00:00,Telco,MCAR,10%,Mean/Mode,,3442,tenure,32.26315789473684,29.0,3.2631578947368425,tabular_imputer
2026-05-08T13:28:00.484198+00:00,Telco,MCAR,10%,Mean/Mode,,3446,tenure,32.26315789473684,58.0,25.73684210526316,tabular_imputer
2026-05-08T13:28:00.484198+00:00,Telco,MCAR,10%,Mean/Mode,,3452,tenure,32.26315789473684,1.0,31.26315789473684,tabular_imputer
2026-05-08T13:28:00.484198+00:00,Telco,MCAR,10%,Mean/Mode,,3462,tenure,32.26315789473684,7.0,25.26315789473684,tabular_imputer
2026-05-08T13:28:00.484198+00:00,Telco,MCAR,10%,Mean/Mode,,3463,tenure,32.26315789473684,37.0,4.7368421052631575,tabular_imputer
2026-05-08T13:28:00.484198+00:00,Telco,MCAR,10%,Mean/Mode,,3465,tenure,32.26315789473684,4.0,28.26315789473684,tabular_imputer
2026-05-08T13:28:00.484198+00:00,Telco,MCAR,10%,Mean/Mode,,3479,tenure,32.26315789473684,4.0,28.26315789473684,tabular_imputer
2026-05-08T13:28:00.484198+00:00,Telco,MCAR,10%,Mean/Mode,,3510,tenure,32.26315789473684,8.0,24.26315789473684,tabular_imputer
2026-05-08T13:28:00.484198+00:00,Telco,MCAR,10%,Mean/Mode,,3527,tenure,32.26315789473684,1.0,31.26315789473684,tabular_imputer
2026-05-08T13:28:00.484198+00:00,Telco,MCAR,10%,Mean/Mode,,3546,tenure,32.26315789473684,71.0,38.73684210526316,tabular_imputer
2026-05-08T13:28:00.484198+00:00,Telco,MCAR,10%,Mean/Mode,,3585,tenure,32.26315789473684,34.0,1.7368421052631575,tabular_imputer
2026-05-08T13:28:00.484198+00:00,Telco,MCAR,10%,Mean/Mode,,3590,tenure,32.26315789473684,50.0,17.736842105263158,tabular_imputer
2026-05-08T13:28:00.484198+00:00,Telco,MCAR,10%,Mean/Mode,,3606,tenure,32.26315789473684,70.0,37.73684210526316,tabular_imputer
2026-05-08T13:28:00.484198+00:00,Telco,MCAR,10%,Mean/Mode,,3608,tenure,32.26315789473684,39.0,6.7368421052631575,tabular_imputer
2026-05-08T13:28:00.484198+00:00,Telco,MCAR,10%,Mean/Mode,,3630,tenure,32.26315789473684,4.0,28.26315789473684,tabular_imputer
2026-05-08T13:28:00.484198+00:00,Telco,MCAR,10%,Mean/Mode,,3641,tenure,32.26315789473684,49.0,16.736842105263158,tabular_imputer
2026-05-08T13:28:00.484198+00:00,Telco,MCAR,10%,Mean/Mode,,3655,tenure,32.26315789473684,32.0,0.2631578947368425,tabular_imputer
2026-05-08T13:28:00.484198+00:00,Telco,MCAR,10%,Mean/Mode,,3667,tenure,32.26315789473684,24.0,8.263157894736842,tabular_imputer
2026-05-08T13:28:00.484198+00:00,Telco,MCAR,10%,Mean/Mode,,3668,tenure,32.26315789473684,22.0,10.263157894736842,tabular_imputer
2026-05-08T13:28:00.484198+00:00,Telco,MCAR,10%,Mean/Mode,,3677,tenure,32.26315789473684,1.0,31.26315789473684,tabular_imputer
2026-05-08T13:28:00.484198+00:00,Telco,MCAR,10%,Mean/Mode,,3696,tenure,32.26315789473684,6.0,26.26315789473684,tabular_imputer
2026-05-08T13:28:00.484198+00:00,Telco,MCAR,10%,Mean/Mode,,3698,tenure,32.26315789473684,59.0,26.73684210526316,tabular_imputer
2026-05-08T13:28:00.484198+00:00,Telco,MCAR,10%,Mean/Mode,,3705,tenure,32.26315789473684,69.0,36.73684210526316,tabular_imputer
2026-05-08T13:28:00.484198+00:00,Telco,MCAR,10%,Mean/Mode,,3714,tenure,32.26315789473684,69.0,36.73684210526316,tabular_imputer
2026-05-08T13:28:00.484198+00:00,Telco,MCAR,10%,Mean/Mode,,3726,tenure,32.26315789473684,16.0,16.263157894736842,tabular_imputer
2026-05-08T13:28:00.484198+00:00,Telco,MCAR,10%,Mean/Mode,,3733,tenure,32.26315789473684,25.0,7.263157894736843,tabular_imputer
2026-05-08T13:28:00.484198+00:00,Telco,MCAR,10%,Mean/Mode,,3752,tenure,32.26315789473684,55.0,22.73684210526316,tabular_imputer
2026-05-08T13:28:00.484198+00:00,Telco,MCAR,10%,Mean/Mode,,3757,tenure,32.26315789473684,42.0,9.736842105263158,tabular_imputer
2026-05-08T13:28:00.484198+00:00,Telco,MCAR,10%,Mean/Mode,,3760,tenure,32.26315789473684,3.0,29.26315789473684,tabular_imputer
2026-05-08T13:28:00.484198+00:00,Telco,MCAR,10%,Mean/Mode,,3768,tenure,32.26315789473684,55.0,22.73684210526316,tabular_imputer
2026-05-08T13:28:00.484198+00:00,Telco,MCAR,10%,Mean/Mode,,3778,tenure,32.26315789473684,3.0,29.26315789473684,tabular_imputer
2026-05-08T13:28:00.484198+00:00,Telco,MCAR,10%,Mean/Mode,,3799,tenure,32.26315789473684,31.0,1.2631578947368425,tabular_imputer
2026-05-08T13:28:00.484198+00:00,Telco,MCAR,10%,Mean/Mode,,3801,tenure,32.26315789473684,18.0,14.263157894736842,tabular_imputer
2026-05-08T13:28:00.484198+00:00,Telco,MCAR,10%,Mean/Mode,,3835,tenure,32.26315789473684,24.0,8.263157894736842,tabular_imputer
2026-05-08T13:28:00.484198+00:00,Telco,MCAR,10%,Mean/Mode,,3836,tenure,32.26315789473684,64.0,31.73684210526316,tabular_imputer
2026-05-08T13:28:00.484198+00:00,Telco,MCAR,10%,Mean/Mode,,3845,tenure,32.26315789473684,4.0,28.26315789473684,tabular_imputer
2026-05-08T13:28:00.484198+00:00,Telco,MCAR,10%,Mean/Mode,,3852,tenure,32.26315789473684,1.0,31.26315789473684,tabular_imputer
2026-05-08T13:28:00.484198+00:00,Telco,MCAR,10%,Mean/Mode,,3877,tenure,32.26315789473684,21.0,11.263157894736842,tabular_imputer
2026-05-08T13:28:00.484198+00:00,Telco,MCAR,10%,Mean/Mode,,3918,tenure,32.26315789473684,20.0,12.263157894736842,tabular_imputer
2026-05-08T13:28:00.484198+00:00,Telco,MCAR,10%,Mean/Mode,,3920,tenure,32.26315789473684,71.0,38.73684210526316,tabular_imputer
2026-05-08T13:28:00.484198+00:00,Telco,MCAR,10%,Mean/Mode,,3921,tenure,32.26315789473684,24.0,8.263157894736842,tabular_imputer
2026-05-08T13:28:00.484198+00:00,Telco,MCAR,10%,Mean/Mode,,3951,tenure,32.26315789473684,70.0,37.73684210526316,tabular_imputer
2026-05-08T13:28:00.484198+00:00,Telco,MCAR,10%,Mean/Mode,,3958,tenure,32.26315789473684,16.0,16.263157894736842,tabular_imputer
2026-05-08T13:28:00.484198+00:00,Telco,MCAR,10%,Mean/Mode,,3979,tenure,32.26315789473684,66.0,33.73684210526316,tabular_imputer
2026-05-08T13:28:00.484198+00:00,Telco,MCAR,10%,Mean/Mode,,4012,tenure,32.26315789473684,1.0,31.26315789473684,tabular_imputer
2026-05-08T13:28:00.484198+00:00,Telco,MCAR,10%,Mean/Mode,,4016,tenure,32.26315789473684,1.0,31.26315789473684,tabular_imputer
2026-05-08T13:28:00.484198+00:00,Telco,MCAR,10%,Mean/Mode,,4019,tenure,32.26315789473684,14.0,18.26315789473684,tabular_imputer
2026-05-08T13:28:00.484198+00:00,Telco,MCAR,10%,Mean/Mode,,4031,tenure,32.26315789473684,72.0,39.73684210526316,tabular_imputer
2026-05-08T13:28:00.484198+00:00,Telco,MCAR,10%,Mean/Mode,,4032,tenure,32.26315789473684,68.0,35.73684210526316,tabular_imputer
2026-05-08T13:28:00.484198+00:00,Telco,MCAR,10%,Mean/Mode,,4044,tenure,32.26315789473684,70.0,37.73684210526316,tabular_imputer
2026-05-08T13:28:00.484198+00:00,Telco,MCAR,10%,Mean/Mode,,4052,tenure,32.26315789473684,30.0,2.2631578947368425,tabular_imputer
2026-05-08T13:28:00.484198+00:00,Telco,MCAR,10%,Mean/Mode,,4059,tenure,32.26315789473684,2.0,30.26315789473684,tabular_imputer
2026-05-08T13:28:00.484198+00:00,Telco,MCAR,10%,Mean/Mode,,4068,tenure,32.26315789473684,14.0,18.26315789473684,tabular_imputer
2026-05-08T13:28:00.484198+00:00,Telco,MCAR,10%,Mean/Mode,,4080,tenure,32.26315789473684,29.0,3.2631578947368425,tabular_imputer
2026-05-08T13:28:00.484198+00:00,Telco,MCAR,10%,Mean/Mode,,4089,tenure,32.26315789473684,9.0,23.26315789473684,tabular_imputer
2026-05-08T13:28:00.484198+00:00,Telco,MCAR,10%,Mean/Mode,,4101,tenure,32.26315789473684,6.0,26.26315789473684,tabular_imputer
2026-05-08T13:28:00.484198+00:00,Telco,MCAR,10%,Mean/Mode,,4106,tenure,32.26315789473684,24.0,8.263157894736842,tabular_imputer
2026-05-08T13:28:00.484198+00:00,Telco,MCAR,10%,Mean/Mode,,4107,tenure,32.26315789473684,72.0,39.73684210526316,tabular_imputer
2026-05-08T13:28:00.484198+00:00,Telco,MCAR,10%,Mean/Mode,,4108,tenure,32.26315789473684,33.0,0.7368421052631575,tabular_imputer
2026-05-08T13:28:00.484198+00:00,Telco,MCAR,10%,Mean/Mode,,4129,tenure,32.26315789473684,34.0,1.7368421052631575,tabular_imputer
2026-05-08T13:28:00.484198+00:00,Telco,MCAR,10%,Mean/Mode,,4140,tenure,32.26315789473684,63.0,30.73684210526316,tabular_imputer
2026-05-08T13:28:00.484198+00:00,Telco,MCAR,10%,Mean/Mode,,4146,tenure,32.26315789473684,35.0,2.7368421052631575,tabular_imputer
2026-05-08T13:28:00.484198+00:00,Telco,MCAR,10%,Mean/Mode,,4151,tenure,32.26315789473684,57.0,24.73684210526316,tabular_imputer
2026-05-08T13:28:00.484198+00:00,Telco,MCAR,10%,Mean/Mode,,4168,tenure,32.26315789473684,61.0,28.73684210526316,tabular_imputer
2026-05-08T13:28:00.484198+00:00,Telco,MCAR,10%,Mean/Mode,,4189,tenure,32.26315789473684,69.0,36.73684210526316,tabular_imputer
2026-05-08T13:28:00.484198+00:00,Telco,MCAR,10%,Mean/Mode,,4196,tenure,32.26315789473684,70.0,37.73684210526316,tabular_imputer
2026-05-08T13:28:00.484198+00:00,Telco,MCAR,10%,Mean/Mode,,4202,tenure,32.26315789473684,10.0,22.26315789473684,tabular_imputer
2026-05-08T13:28:00.484198+00:00,Telco,MCAR,10%,Mean/Mode,,4205,tenure,32.26315789473684,24.0,8.263157894736842,tabular_imputer
2026-05-08T13:28:00.484198+00:00,Telco,MCAR,10%,Mean/Mode,,4212,tenure,32.26315789473684,1.0,31.26315789473684,tabular_imputer
2026-05-08T13:28:00.484198+00:00,Telco,MCAR,10%,Mean/Mode,,4221,tenure,32.26315789473684,1.0,31.26315789473684,tabular_imputer
2026-05-08T13:28:00.484198+00:00,Telco,MCAR,10%,Mean/Mode,,4229,tenure,32.26315789473684,72.0,39.73684210526316,tabular_imputer
2026-05-08T13:28:00.484198+00:00,Telco,MCAR,10%,Mean/Mode,,4259,tenure,32.26315789473684,3.0,29.26315789473684,tabular_imputer
2026-05-08T13:28:00.484198+00:00,Telco,MCAR,10%,Mean/Mode,,4260,tenure,32.26315789473684,42.0,9.736842105263158,tabular_imputer
2026-05-08T13:28:00.484198+00:00,Telco,MCAR,10%,Mean/Mode,,4265,tenure,32.26315789473684,66.0,33.73684210526316,tabular_imputer
2026-05-08T13:28:00.484198+00:00,Telco,MCAR,10%,Mean/Mode,,4269,tenure,32.26315789473684,17.0,15.263157894736842,tabular_imputer
2026-05-08T13:28:00.484198+00:00,Telco,MCAR,10%,Mean/Mode,,4278,tenure,32.26315789473684,48.0,15.736842105263158,tabular_imputer
2026-05-08T13:28:00.484198+00:00,Telco,MCAR,10%,Mean/Mode,,4283,tenure,32.26315789473684,4.0,28.26315789473684,tabular_imputer
2026-05-08T13:28:00.484198+00:00,Telco,MCAR,10%,Mean/Mode,,4285,tenure,32.26315789473684,45.0,12.736842105263158,tabular_imputer
2026-05-08T13:28:00.484198+00:00,Telco,MCAR,10%,Mean/Mode,,4304,tenure,32.26315789473684,49.0,16.736842105263158,tabular_imputer
2026-05-08T13:28:00.484198+00:00,Telco,MCAR,10%,Mean/Mode,,4309,tenure,32.26315789473684,22.0,10.263157894736842,tabular_imputer
2026-05-08T13:28:00.484198+00:00,Telco,MCAR,10%,Mean/Mode,,4316,tenure,32.26315789473684,69.0,36.73684210526316,tabular_imputer
2026-05-08T13:28:00.484198+00:00,Telco,MCAR,10%,Mean/Mode,,4327,tenure,32.26315789473684,7.0,25.26315789473684,tabular_imputer
2026-05-08T13:28:00.484198+00:00,Telco,MCAR,10%,Mean/Mode,,4335,tenure,32.26315789473684,18.0,14.263157894736842,tabular_imputer
2026-05-08T13:28:00.484198+00:00,Telco,MCAR,10%,Mean/Mode,,4343,tenure,32.26315789473684,8.0,24.26315789473684,tabular_imputer
2026-05-08T13:28:00.484198+00:00,Telco,MCAR,10%,Mean/Mode,,4350,tenure,32.26315789473684,33.0,0.7368421052631575,tabular_imputer
2026-05-08T13:28:00.484198+00:00,Telco,MCAR,10%,Mean/Mode,,4352,tenure,32.26315789473684,64.0,31.73684210526316,tabular_imputer
2026-05-08T13:28:00.484198+00:00,Telco,MCAR,10%,Mean/Mode,,4354,tenure,32.26315789473684,59.0,26.73684210526316,tabular_imputer
2026-05-08T13:28:00.484198+00:00,Telco,MCAR,10%,Mean/Mode,,4356,tenure,32.26315789473684,3.0,29.26315789473684,tabular_imputer
2026-05-08T13:28:00.484198+00:00,Telco,MCAR,10%,Mean/Mode,,4365,tenure,32.26315789473684,63.0,30.73684210526316,tabular_imputer
2026-05-08T13:28:00.484198+00:00,Telco,MCAR,10%,Mean/Mode,,4381,tenure,32.26315789473684,49.0,16.736842105263158,tabular_imputer
2026-05-08T13:28:00.484198+00:00,Telco,MCAR,10%,Mean/Mode,,4390,tenure,32.26315789473684,22.0,10.263157894736842,tabular_imputer
2026-05-08T13:28:00.484198+00:00,Telco,MCAR,10%,Mean/Mode,,4400,tenure,32.26315789473684,7.0,25.26315789473684,tabular_imputer
2026-05-08T13:28:00.484198+00:00,Telco,MCAR,10%,Mean/Mode,,4401,tenure,32.26315789473684,46.0,13.736842105263158,tabular_imputer
2026-05-08T13:28:00.484198+00:00,Telco,MCAR,10%,Mean/Mode,,4426,tenure,32.26315789473684,16.0,16.263157894736842,tabular_imputer
2026-05-08T13:28:00.484198+00:00,Telco,MCAR,10%,Mean/Mode,,4438,tenure,32.26315789473684,51.0,18.73684210526316,tabular_imputer
2026-05-08T13:28:00.484198+00:00,Telco,MCAR,10%,Mean/Mode,,4450,tenure,32.26315789473684,15.0,17.263157894736842,tabular_imputer
2026-05-08T13:28:00.484198+00:00,Telco,MCAR,10%,Mean/Mode,,4470,tenure,32.26315789473684,7.0,25.26315789473684,tabular_imputer
2026-05-08T13:28:00.484198+00:00,Telco,MCAR,10%,Mean/Mode,,4471,tenure,32.26315789473684,41.0,8.736842105263158,tabular_imputer
2026-05-08T13:28:00.484198+00:00,Telco,MCAR,10%,Mean/Mode,,4474,tenure,32.26315789473684,57.0,24.73684210526316,tabular_imputer
2026-05-08T13:28:00.484198+00:00,Telco,MCAR,10%,Mean/Mode,,4480,tenure,32.26315789473684,1.0,31.26315789473684,tabular_imputer
2026-05-08T13:28:00.484198+00:00,Telco,MCAR,10%,Mean/Mode,,4485,tenure,32.26315789473684,66.0,33.73684210526316,tabular_imputer
2026-05-08T13:28:00.484198+00:00,Telco,MCAR,10%,Mean/Mode,,4496,tenure,32.26315789473684,72.0,39.73684210526316,tabular_imputer
2026-05-08T13:28:00.484198+00:00,Telco,MCAR,10%,Mean/Mode,,4513,tenure,32.26315789473684,72.0,39.73684210526316,tabular_imputer
2026-05-08T13:28:00.484198+00:00,Telco,MCAR,10%,Mean/Mode,,4521,tenure,32.26315789473684,46.0,13.736842105263158,tabular_imputer
2026-05-08T13:28:00.484198+00:00,Telco,MCAR,10%,Mean/Mode,,4530,tenure,32.26315789473684,67.0,34.73684210526316,tabular_imputer
2026-05-08T13:28:00.484198+00:00,Telco,MCAR,10%,Mean/Mode,,4559,tenure,32.26315789473684,6.0,26.26315789473684,tabular_imputer
2026-05-08T13:28:00.484198+00:00,Telco,MCAR,10%,Mean/Mode,,4560,tenure,32.26315789473684,9.0,23.26315789473684,tabular_imputer
2026-05-08T13:28:00.484198+00:00,Telco,MCAR,10%,Mean/Mode,,4574,tenure,32.26315789473684,72.0,39.73684210526316,tabular_imputer
2026-05-08T13:28:00.484198+00:00,Telco,MCAR,10%,Mean/Mode,,4588,tenure,32.26315789473684,33.0,0.7368421052631575,tabular_imputer
2026-05-08T13:28:00.484198+00:00,Telco,MCAR,10%,Mean/Mode,,4595,tenure,32.26315789473684,68.0,35.73684210526316,tabular_imputer
2026-05-08T13:28:00.484198+00:00,Telco,MCAR,10%,Mean/Mode,,4601,tenure,32.26315789473684,45.0,12.736842105263158,tabular_imputer
2026-05-08T13:28:00.484198+00:00,Telco,MCAR,10%,Mean/Mode,,4607,tenure,32.26315789473684,1.0,31.26315789473684,tabular_imputer
2026-05-08T13:28:00.484198+00:00,Telco,MCAR,10%,Mean/Mode,,4610,tenure,32.26315789473684,72.0,39.73684210526316,tabular_imputer
2026-05-08T13:28:00.484198+00:00,Telco,MCAR,10%,Mean/Mode,,4615,tenure,32.26315789473684,72.0,39.73684210526316,tabular_imputer
2026-05-08T13:28:00.484198+00:00,Telco,MCAR,10%,Mean/Mode,,4620,tenure,32.26315789473684,72.0,39.73684210526316,tabular_imputer
2026-05-08T13:28:00.484198+00:00,Telco,MCAR,10%,Mean/Mode,,4622,tenure,32.26315789473684,52.0,19.73684210526316,tabular_imputer
2026-05-08T13:28:00.484198+00:00,Telco,MCAR,10%,Mean/Mode,,4623,tenure,32.26315789473684,69.0,36.73684210526316,tabular_imputer
2026-05-08T13:28:00.484198+00:00,Telco,MCAR,10%,Mean/Mode,,4630,tenure,32.26315789473684,22.0,10.263157894736842,tabular_imputer
2026-05-08T13:28:00.484198+00:00,Telco,MCAR,10%,Mean/Mode,,4656,tenure,32.26315789473684,22.0,10.263157894736842,tabular_imputer
2026-05-08T13:28:00.484198+00:00,Telco,MCAR,10%,Mean/Mode,,4659,tenure,32.26315789473684,65.0,32.73684210526316,tabular_imputer
2026-05-08T13:28:00.484198+00:00,Telco,MCAR,10%,Mean/Mode,,4660,tenure,32.26315789473684,2.0,30.26315789473684,tabular_imputer
2026-05-08T13:28:00.484198+00:00,Telco,MCAR,10%,Mean/Mode,,4662,tenure,32.26315789473684,22.0,10.263157894736842,tabular_imputer
2026-05-08T13:28:00.484198+00:00,Telco,MCAR,10%,Mean/Mode,,4667,tenure,32.26315789473684,20.0,12.263157894736842,tabular_imputer
2026-05-08T13:28:00.484198+00:00,Telco,MCAR,10%,Mean/Mode,,4673,tenure,32.26315789473684,25.0,7.263157894736843,tabular_imputer
2026-05-08T13:28:00.484198+00:00,Telco,MCAR,10%,Mean/Mode,,4674,tenure,32.26315789473684,26.0,6.2631578947368425,tabular_imputer
2026-05-08T13:28:00.484198+00:00,Telco,MCAR,10%,Mean/Mode,,4677,tenure,32.26315789473684,10.0,22.26315789473684,tabular_imputer
2026-05-08T13:28:00.484198+00:00,Telco,MCAR,10%,Mean/Mode,,4678,tenure,32.26315789473684,2.0,30.26315789473684,tabular_imputer
2026-05-08T13:28:00.484198+00:00,Telco,MCAR,10%,Mean/Mode,,4697,tenure,32.26315789473684,72.0,39.73684210526316,tabular_imputer
2026-05-08T13:28:00.484198+00:00,Telco,MCAR,10%,Mean/Mode,,4712,tenure,32.26315789473684,50.0,17.736842105263158,tabular_imputer
2026-05-08T13:28:00.484198+00:00,Telco,MCAR,10%,Mean/Mode,,4714,tenure,32.26315789473684,65.0,32.73684210526316,tabular_imputer
2026-05-08T13:28:00.484198+00:00,Telco,MCAR,10%,Mean/Mode,,4719,tenure,32.26315789473684,36.0,3.7368421052631575,tabular_imputer
2026-05-08T13:28:00.484198+00:00,Telco,MCAR,10%,Mean/Mode,,4732,tenure,32.26315789473684,71.0,38.73684210526316,tabular_imputer
2026-05-08T13:28:00.484198+00:00,Telco,MCAR,10%,Mean/Mode,,4748,tenure,32.26315789473684,22.0,10.263157894736842,tabular_imputer
2026-05-08T13:28:00.484198+00:00,Telco,MCAR,10%,Mean/Mode,,4750,tenure,32.26315789473684,9.0,23.26315789473684,tabular_imputer
2026-05-08T13:28:00.484198+00:00,Telco,MCAR,10%,Mean/Mode,,4786,tenure,32.26315789473684,72.0,39.73684210526316,tabular_imputer
2026-05-08T13:28:00.484198+00:00,Telco,MCAR,10%,Mean/Mode,,4806,tenure,32.26315789473684,67.0,34.73684210526316,tabular_imputer
2026-05-08T13:28:00.484198+00:00,Telco,MCAR,10%,Mean/Mode,,4808,tenure,32.26315789473684,54.0,21.73684210526316,tabular_imputer
2026-05-08T13:28:00.484198+00:00,Telco,MCAR,10%,Mean/Mode,,4809,tenure,32.26315789473684,1.0,31.26315789473684,tabular_imputer
2026-05-08T13:28:00.484198+00:00,Telco,MCAR,10%,Mean/Mode,,4830,tenure,32.26315789473684,54.0,21.73684210526316,tabular_imputer
2026-05-08T13:28:00.484198+00:00,Telco,MCAR,10%,Mean/Mode,,4839,tenure,32.26315789473684,7.0,25.26315789473684,tabular_imputer
2026-05-08T13:28:00.484198+00:00,Telco,MCAR,10%,Mean/Mode,,4841,tenure,32.26315789473684,24.0,8.263157894736842,tabular_imputer
2026-05-08T13:28:00.484198+00:00,Telco,MCAR,10%,Mean/Mode,,4852,tenure,32.26315789473684,69.0,36.73684210526316,tabular_imputer
2026-05-08T13:28:00.484198+00:00,Telco,MCAR,10%,Mean/Mode,,4860,tenure,32.26315789473684,13.0,19.26315789473684,tabular_imputer
2026-05-08T13:28:00.484198+00:00,Telco,MCAR,10%,Mean/Mode,,4875,tenure,32.26315789473684,48.0,15.736842105263158,tabular_imputer
2026-05-08T13:28:00.484198+00:00,Telco,MCAR,10%,Mean/Mode,,4888,tenure,32.26315789473684,44.0,11.736842105263158,tabular_imputer
2026-05-08T13:28:00.484198+00:00,Telco,MCAR,10%,Mean/Mode,,4896,tenure,32.26315789473684,24.0,8.263157894736842,tabular_imputer
2026-05-08T13:28:00.484198+00:00,Telco,MCAR,10%,Mean/Mode,,4905,tenure,32.26315789473684,58.0,25.73684210526316,tabular_imputer
2026-05-08T13:28:00.484198+00:00,Telco,MCAR,10%,Mean/Mode,,4916,tenure,32.26315789473684,2.0,30.26315789473684,tabular_imputer
2026-05-08T13:28:00.484198+00:00,Telco,MCAR,10%,Mean/Mode,,4917,tenure,32.26315789473684,15.0,17.263157894736842,tabular_imputer
2026-05-08T13:28:00.484198+00:00,Telco,MCAR,10%,Mean/Mode,,4929,tenure,32.26315789473684,63.0,30.73684210526316,tabular_imputer
2026-05-08T13:28:00.484198+00:00,Telco,MCAR,10%,Mean/Mode,,4930,tenure,32.26315789473684,1.0,31.26315789473684,tabular_imputer
2026-05-08T13:28:00.484198+00:00,Telco,MCAR,10%,Mean/Mode,,4946,tenure,32.26315789473684,4.0,28.26315789473684,tabular_imputer
2026-05-08T13:28:00.484198+00:00,Telco,MCAR,10%,Mean/Mode,,4963,tenure,32.26315789473684,47.0,14.736842105263158,tabular_imputer
2026-05-08T13:28:00.484198+00:00,Telco,MCAR,10%,Mean/Mode,,4973,tenure,32.26315789473684,13.0,19.26315789473684,tabular_imputer
2026-05-08T13:28:00.484198+00:00,Telco,MCAR,10%,Mean/Mode,,4978,tenure,32.26315789473684,1.0,31.26315789473684,tabular_imputer
2026-05-08T13:28:00.484198+00:00,Telco,MCAR,10%,Mean/Mode,,4992,tenure,32.26315789473684,51.0,18.73684210526316,tabular_imputer
2026-05-08T13:28:00.484198+00:00,Telco,MCAR,10%,Mean/Mode,,5024,tenure,32.26315789473684,72.0,39.73684210526316,tabular_imputer
2026-05-08T13:28:00.484198+00:00,Telco,MCAR,10%,Mean/Mode,,5033,tenure,32.26315789473684,1.0,31.26315789473684,tabular_imputer
2026-05-08T13:28:00.484198+00:00,Telco,MCAR,10%,Mean/Mode,,5054,tenure,32.26315789473684,68.0,35.73684210526316,tabular_imputer
2026-05-08T13:28:00.484198+00:00,Telco,MCAR,10%,Mean/Mode,,5070,tenure,32.26315789473684,35.0,2.7368421052631575,tabular_imputer
2026-05-08T13:28:00.484198+00:00,Telco,MCAR,10%,Mean/Mode,,5082,tenure,32.26315789473684,21.0,11.263157894736842,tabular_imputer
2026-05-08T13:28:00.484198+00:00,Telco,MCAR,10%,Mean/Mode,,5095,tenure,32.26315789473684,55.0,22.73684210526316,tabular_imputer
2026-05-08T13:28:00.484198+00:00,Telco,MCAR,10%,Mean/Mode,,5102,tenure,32.26315789473684,72.0,39.73684210526316,tabular_imputer
2026-05-08T13:28:00.484198+00:00,Telco,MCAR,10%,Mean/Mode,,5105,tenure,32.26315789473684,40.0,7.736842105263157,tabular_imputer
2026-05-08T13:28:00.484198+00:00,Telco,MCAR,10%,Mean/Mode,,5106,tenure,32.26315789473684,52.0,19.73684210526316,tabular_imputer
2026-05-08T13:28:00.484198+00:00,Telco,MCAR,10%,Mean/Mode,,5124,tenure,32.26315789473684,25.0,7.263157894736843,tabular_imputer
2026-05-08T13:28:00.484198+00:00,Telco,MCAR,10%,Mean/Mode,,5144,tenure,32.26315789473684,3.0,29.26315789473684,tabular_imputer
2026-05-08T13:28:00.484198+00:00,Telco,MCAR,10%,Mean/Mode,,5161,tenure,32.26315789473684,23.0,9.263157894736842,tabular_imputer
2026-05-08T13:28:00.484198+00:00,Telco,MCAR,10%,Mean/Mode,,5174,tenure,32.26315789473684,7.0,25.26315789473684,tabular_imputer
2026-05-08T13:28:00.484198+00:00,Telco,MCAR,10%,Mean/Mode,,5178,tenure,32.26315789473684,53.0,20.73684210526316,tabular_imputer
2026-05-08T13:28:00.484198+00:00,Telco,MCAR,10%,Mean/Mode,,5180,tenure,32.26315789473684,68.0,35.73684210526316,tabular_imputer
2026-05-08T13:28:00.484198+00:00,Telco,MCAR,10%,Mean/Mode,,5199,tenure,32.26315789473684,51.0,18.73684210526316,tabular_imputer
2026-05-08T13:28:00.484198+00:00,Telco,MCAR,10%,Mean/Mode,,5212,tenure,32.26315789473684,72.0,39.73684210526316,tabular_imputer
2026-05-08T13:28:00.484198+00:00,Telco,MCAR,10%,Mean/Mode,,5215,tenure,32.26315789473684,8.0,24.26315789473684,tabular_imputer
2026-05-08T13:28:00.484198+00:00,Telco,MCAR,10%,Mean/Mode,,5221,tenure,32.26315789473684,65.0,32.73684210526316,tabular_imputer
2026-05-08T13:28:00.484198+00:00,Telco,MCAR,10%,Mean/Mode,,5226,tenure,32.26315789473684,12.0,20.26315789473684,tabular_imputer
2026-05-08T13:28:00.484198+00:00,Telco,MCAR,10%,Mean/Mode,,5259,tenure,32.26315789473684,30.0,2.2631578947368425,tabular_imputer
2026-05-08T13:28:00.484198+00:00,Telco,MCAR,10%,Mean/Mode,,5265,tenure,32.26315789473684,66.0,33.73684210526316,tabular_imputer
2026-05-08T13:28:00.484198+00:00,Telco,MCAR,10%,Mean/Mode,,5268,tenure,32.26315789473684,69.0,36.73684210526316,tabular_imputer
2026-05-08T13:28:00.484198+00:00,Telco,MCAR,10%,Mean/Mode,,5269,tenure,32.26315789473684,10.0,22.26315789473684,tabular_imputer
2026-05-08T13:28:00.484198+00:00,Telco,MCAR,10%,Mean/Mode,,5278,tenure,32.26315789473684,56.0,23.73684210526316,tabular_imputer
2026-05-08T13:28:00.484198+00:00,Telco,MCAR,10%,Mean/Mode,,5317,tenure,32.26315789473684,6.0,26.26315789473684,tabular_imputer
2026-05-08T13:28:00.484198+00:00,Telco,MCAR,10%,Mean/Mode,,5341,tenure,32.26315789473684,1.0,31.26315789473684,tabular_imputer
2026-05-08T13:28:00.484198+00:00,Telco,MCAR,10%,Mean/Mode,,5342,tenure,32.26315789473684,37.0,4.7368421052631575,tabular_imputer
2026-05-08T13:28:00.484198+00:00,Telco,MCAR,10%,Mean/Mode,,5347,tenure,32.26315789473684,72.0,39.73684210526316,tabular_imputer
2026-05-08T13:28:00.484198+00:00,Telco,MCAR,10%,Mean/Mode,,5383,tenure,32.26315789473684,36.0,3.7368421052631575,tabular_imputer
2026-05-08T13:28:00.484198+00:00,Telco,MCAR,10%,Mean/Mode,,5385,tenure,32.26315789473684,53.0,20.73684210526316,tabular_imputer
2026-05-08T13:28:00.484198+00:00,Telco,MCAR,10%,Mean/Mode,,5390,tenure,32.26315789473684,12.0,20.26315789473684,tabular_imputer
2026-05-08T13:28:00.484198+00:00,Telco,MCAR,10%,Mean/Mode,,5406,tenure,32.26315789473684,71.0,38.73684210526316,tabular_imputer
2026-05-08T13:28:00.484198+00:00,Telco,MCAR,10%,Mean/Mode,,5407,tenure,32.26315789473684,63.0,30.73684210526316,tabular_imputer
2026-05-08T13:28:00.484198+00:00,Telco,MCAR,10%,Mean/Mode,,5409,tenure,32.26315789473684,26.0,6.2631578947368425,tabular_imputer
2026-05-08T13:28:00.484198+00:00,Telco,MCAR,10%,Mean/Mode,,5413,tenure,32.26315789473684,15.0,17.263157894736842,tabular_imputer
2026-05-08T13:28:00.484198+00:00,Telco,MCAR,10%,Mean/Mode,,5419,tenure,32.26315789473684,72.0,39.73684210526316,tabular_imputer
2026-05-08T13:28:00.484198+00:00,Telco,MCAR,10%,Mean/Mode,,5428,tenure,32.26315789473684,9.0,23.26315789473684,tabular_imputer
2026-05-08T13:28:00.484198+00:00,Telco,MCAR,10%,Mean/Mode,,5429,tenure,32.26315789473684,72.0,39.73684210526316,tabular_imputer
2026-05-08T13:28:00.484198+00:00,Telco,MCAR,10%,Mean/Mode,,5431,tenure,32.26315789473684,37.0,4.7368421052631575,tabular_imputer
2026-05-08T13:28:00.484198+00:00,Telco,MCAR,10%,Mean/Mode,,5473,tenure,32.26315789473684,20.0,12.263157894736842,tabular_imputer
2026-05-08T13:28:00.484198+00:00,Telco,MCAR,10%,Mean/Mode,,5496,tenure,32.26315789473684,43.0,10.736842105263158,tabular_imputer
2026-05-08T13:28:00.484198+00:00,Telco,MCAR,10%,Mean/Mode,,5535,tenure,32.26315789473684,55.0,22.73684210526316,tabular_imputer
2026-05-08T13:28:00.484198+00:00,Telco,MCAR,10%,Mean/Mode,,5538,tenure,32.26315789473684,1.0,31.26315789473684,tabular_imputer
2026-05-08T13:28:00.484198+00:00,Telco,MCAR,10%,Mean/Mode,,5544,tenure,32.26315789473684,59.0,26.73684210526316,tabular_imputer
2026-05-08T13:28:00.484198+00:00,Telco,MCAR,10%,Mean/Mode,,5559,tenure,32.26315789473684,13.0,19.26315789473684,tabular_imputer
2026-05-08T13:28:00.484198+00:00,Telco,MCAR,10%,Mean/Mode,,5569,tenure,32.26315789473684,3.0,29.26315789473684,tabular_imputer
2026-05-08T13:28:00.484198+00:00,Telco,MCAR,10%,Mean/Mode,,5592,tenure,32.26315789473684,13.0,19.26315789473684,tabular_imputer
2026-05-08T13:28:00.484198+00:00,Telco,MCAR,10%,Mean/Mode,,5604,tenure,32.26315789473684,17.0,15.263157894736842,tabular_imputer
2026-05-08T13:28:00.484198+00:00,Telco,MCAR,10%,Mean/Mode,,5605,tenure,32.26315789473684,10.0,22.26315789473684,tabular_imputer
2026-05-08T13:28:00.484198+00:00,Telco,MCAR,10%,Mean/Mode,,5638,tenure,32.26315789473684,1.0,31.26315789473684,tabular_imputer
2026-05-08T13:28:00.484198+00:00,Telco,MCAR,10%,Mean/Mode,,5644,tenure,32.26315789473684,1.0,31.26315789473684,tabular_imputer
2026-05-08T13:28:00.484198+00:00,Telco,MCAR,10%,Mean/Mode,,5655,tenure,32.26315789473684,65.0,32.73684210526316,tabular_imputer
2026-05-08T13:28:00.484198+00:00,Telco,MCAR,10%,Mean/Mode,,5658,tenure,32.26315789473684,24.0,8.263157894736842,tabular_imputer
2026-05-08T13:28:00.484198+00:00,Telco,MCAR,10%,Mean/Mode,,5661,tenure,32.26315789473684,4.0,28.26315789473684,tabular_imputer
2026-05-08T13:28:00.484198+00:00,Telco,MCAR,10%,Mean/Mode,,5665,tenure,32.26315789473684,34.0,1.7368421052631575,tabular_imputer
2026-05-08T13:28:00.484198+00:00,Telco,MCAR,10%,Mean/Mode,,5680,tenure,32.26315789473684,1.0,31.26315789473684,tabular_imputer
2026-05-08T13:28:00.484198+00:00,Telco,MCAR,10%,Mean/Mode,,5683,tenure,32.26315789473684,39.0,6.7368421052631575,tabular_imputer
2026-05-08T13:28:00.484198+00:00,Telco,MCAR,10%,Mean/Mode,,5687,tenure,32.26315789473684,43.0,10.736842105263158,tabular_imputer
2026-05-08T13:28:00.484198+00:00,Telco,MCAR,10%,Mean/Mode,,5709,tenure,32.26315789473684,12.0,20.26315789473684,tabular_imputer
2026-05-08T13:28:00.484198+00:00,Telco,MCAR,10%,Mean/Mode,,5734,tenure,32.26315789473684,72.0,39.73684210526316,tabular_imputer
2026-05-08T13:28:00.484198+00:00,Telco,MCAR,10%,Mean/Mode,,5750,tenure,32.26315789473684,13.0,19.26315789473684,tabular_imputer
2026-05-08T13:28:00.484198+00:00,Telco,MCAR,10%,Mean/Mode,,5753,tenure,32.26315789473684,2.0,30.26315789473684,tabular_imputer
2026-05-08T13:28:00.484198+00:00,Telco,MCAR,10%,Mean/Mode,,5754,tenure,32.26315789473684,22.0,10.263157894736842,tabular_imputer
2026-05-08T13:28:00.484198+00:00,Telco,MCAR,10%,Mean/Mode,,5758,tenure,32.26315789473684,22.0,10.263157894736842,tabular_imputer
2026-05-08T13:28:00.484198+00:00,Telco,MCAR,10%,Mean/Mode,,5759,tenure,32.26315789473684,1.0,31.26315789473684,tabular_imputer
2026-05-08T13:28:00.484198+00:00,Telco,MCAR,10%,Mean/Mode,,5773,tenure,32.26315789473684,35.0,2.7368421052631575,tabular_imputer
2026-05-08T13:28:00.484198+00:00,Telco,MCAR,10%,Mean/Mode,,5782,tenure,32.26315789473684,1.0,31.26315789473684,tabular_imputer
2026-05-08T13:28:00.484198+00:00,Telco,MCAR,10%,Mean/Mode,,5790,tenure,32.26315789473684,40.0,7.736842105263157,tabular_imputer
2026-05-08T13:28:00.484198+00:00,Telco,MCAR,10%,Mean/Mode,,5792,tenure,32.26315789473684,15.0,17.263157894736842,tabular_imputer
2026-05-08T13:28:00.484198+00:00,Telco,MCAR,10%,Mean/Mode,,5796,tenure,32.26315789473684,47.0,14.736842105263158,tabular_imputer
2026-05-08T13:28:00.484198+00:00,Telco,MCAR,10%,Mean/Mode,,5797,tenure,32.26315789473684,19.0,13.263157894736842,tabular_imputer
2026-05-08T13:28:00.484198+00:00,Telco,MCAR,10%,Mean/Mode,,5798,tenure,32.26315789473684,5.0,27.26315789473684,tabular_imputer
2026-05-08T13:28:00.484198+00:00,Telco,MCAR,10%,Mean/Mode,,5801,tenure,32.26315789473684,34.0,1.7368421052631575,tabular_imputer
2026-05-08T13:28:00.484198+00:00,Telco,MCAR,10%,Mean/Mode,,5809,tenure,32.26315789473684,6.0,26.26315789473684,tabular_imputer
2026-05-08T13:28:00.484198+00:00,Telco,MCAR,10%,Mean/Mode,,5829,tenure,32.26315789473684,31.0,1.2631578947368425,tabular_imputer
2026-05-08T13:28:00.484198+00:00,Telco,MCAR,10%,Mean/Mode,,5841,tenure,32.26315789473684,70.0,37.73684210526316,tabular_imputer
2026-05-08T13:28:00.484198+00:00,Telco,MCAR,10%,Mean/Mode,,5867,tenure,32.26315789473684,44.0,11.736842105263158,tabular_imputer
2026-05-08T13:28:00.484198+00:00,Telco,MCAR,10%,Mean/Mode,,5885,tenure,32.26315789473684,23.0,9.263157894736842,tabular_imputer
2026-05-08T13:28:00.484198+00:00,Telco,MCAR,10%,Mean/Mode,,5889,tenure,32.26315789473684,59.0,26.73684210526316,tabular_imputer
2026-05-08T13:28:00.484198+00:00,Telco,MCAR,10%,Mean/Mode,,5893,tenure,32.26315789473684,12.0,20.26315789473684,tabular_imputer
2026-05-08T13:28:00.484198+00:00,Telco,MCAR,10%,Mean/Mode,,5917,tenure,32.26315789473684,4.0,28.26315789473684,tabular_imputer
2026-05-08T13:28:00.484198+00:00,Telco,MCAR,10%,Mean/Mode,,5926,tenure,32.26315789473684,6.0,26.26315789473684,tabular_imputer
2026-05-08T13:28:00.484198+00:00,Telco,MCAR,10%,Mean/Mode,,5927,tenure,32.26315789473684,51.0,18.73684210526316,tabular_imputer
2026-05-08T13:28:00.484198+00:00,Telco,MCAR,10%,Mean/Mode,,5932,tenure,32.26315789473684,5.0,27.26315789473684,tabular_imputer
2026-05-08T13:28:00.484198+00:00,Telco,MCAR,10%,Mean/Mode,,5951,tenure,32.26315789473684,37.0,4.7368421052631575,tabular_imputer
2026-05-08T13:28:00.484198+00:00,Telco,MCAR,10%,Mean/Mode,,5957,tenure,32.26315789473684,18.0,14.263157894736842,tabular_imputer
2026-05-08T13:28:00.484198+00:00,Telco,MCAR,10%,Mean/Mode,,5959,tenure,32.26315789473684,33.0,0.7368421052631575,tabular_imputer
2026-05-08T13:28:00.484198+00:00,Telco,MCAR,10%,Mean/Mode,,5993,tenure,32.26315789473684,2.0,30.26315789473684,tabular_imputer
2026-05-08T13:28:00.484198+00:00,Telco,MCAR,10%,Mean/Mode,,6019,tenure,32.26315789473684,41.0,8.736842105263158,tabular_imputer
2026-05-08T13:28:00.484198+00:00,Telco,MCAR,10%,Mean/Mode,,6030,tenure,32.26315789473684,43.0,10.736842105263158,tabular_imputer
2026-05-08T13:28:00.484198+00:00,Telco,MCAR,10%,Mean/Mode,,6049,tenure,32.26315789473684,47.0,14.736842105263158,tabular_imputer
2026-05-08T13:28:00.484198+00:00,Telco,MCAR,10%,Mean/Mode,,6067,tenure,32.26315789473684,7.0,25.26315789473684,tabular_imputer
2026-05-08T13:28:00.484198+00:00,Telco,MCAR,10%,Mean/Mode,,6076,tenure,32.26315789473684,65.0,32.73684210526316,tabular_imputer
2026-05-08T13:28:00.484198+00:00,Telco,MCAR,10%,Mean/Mode,,6095,tenure,32.26315789473684,4.0,28.26315789473684,tabular_imputer
2026-05-08T13:28:00.484198+00:00,Telco,MCAR,10%,Mean/Mode,,6101,tenure,32.26315789473684,69.0,36.73684210526316,tabular_imputer
2026-05-08T13:28:00.484198+00:00,Telco,MCAR,10%,Mean/Mode,,6120,tenure,32.26315789473684,6.0,26.26315789473684,tabular_imputer
2026-05-08T13:28:00.484198+00:00,Telco,MCAR,10%,Mean/Mode,,6131,tenure,32.26315789473684,47.0,14.736842105263158,tabular_imputer
2026-05-08T13:28:00.484198+00:00,Telco,MCAR,10%,Mean/Mode,,6142,tenure,32.26315789473684,42.0,9.736842105263158,tabular_imputer
2026-05-08T13:28:00.484198+00:00,Telco,MCAR,10%,Mean/Mode,,6159,tenure,32.26315789473684,2.0,30.26315789473684,tabular_imputer
2026-05-08T13:28:00.484198+00:00,Telco,MCAR,10%,Mean/Mode,,6161,tenure,32.26315789473684,7.0,25.26315789473684,tabular_imputer
2026-05-08T13:28:00.484198+00:00,Telco,MCAR,10%,Mean/Mode,,6175,tenure,32.26315789473684,32.0,0.2631578947368425,tabular_imputer
2026-05-08T13:28:00.484198+00:00,Telco,MCAR,10%,Mean/Mode,,6182,tenure,32.26315789473684,72.0,39.73684210526316,tabular_imputer
2026-05-08T13:28:00.484198+00:00,Telco,MCAR,10%,Mean/Mode,,6188,tenure,32.26315789473684,18.0,14.263157894736842,tabular_imputer
2026-05-08T13:28:00.484198+00:00,Telco,MCAR,10%,Mean/Mode,,6191,tenure,32.26315789473684,42.0,9.736842105263158,tabular_imputer
2026-05-08T13:28:00.484198+00:00,Telco,MCAR,10%,Mean/Mode,,6192,tenure,32.26315789473684,18.0,14.263157894736842,tabular_imputer
2026-05-08T13:28:00.484198+00:00,Telco,MCAR,10%,Mean/Mode,,6214,tenure,32.26315789473684,44.0,11.736842105263158,tabular_imputer
2026-05-08T13:28:00.484198+00:00,Telco,MCAR,10%,Mean/Mode,,6217,tenure,32.26315789473684,62.0,29.73684210526316,tabular_imputer
2026-05-08T13:28:00.484198+00:00,Telco,MCAR,10%,Mean/Mode,,6220,tenure,32.26315789473684,10.0,22.26315789473684,tabular_imputer
2026-05-08T13:28:00.484198+00:00,Telco,MCAR,10%,Mean/Mode,,6225,tenure,32.26315789473684,72.0,39.73684210526316,tabular_imputer
2026-05-08T13:28:00.484198+00:00,Telco,MCAR,10%,Mean/Mode,,6226,tenure,32.26315789473684,65.0,32.73684210526316,tabular_imputer
2026-05-08T13:28:00.484198+00:00,Telco,MCAR,10%,Mean/Mode,,6242,tenure,32.26315789473684,72.0,39.73684210526316,tabular_imputer
2026-05-08T13:28:00.484198+00:00,Telco,MCAR,10%,Mean/Mode,,6244,tenure,32.26315789473684,54.0,21.73684210526316,tabular_imputer
2026-05-08T13:28:00.484198+00:00,Telco,MCAR,10%,Mean/Mode,,6255,tenure,32.26315789473684,69.0,36.73684210526316,tabular_imputer
2026-05-08T13:28:00.484198+00:00,Telco,MCAR,10%,Mean/Mode,,6271,tenure,32.26315789473684,27.0,5.2631578947368425,tabular_imputer
2026-05-08T13:28:00.484198+00:00,Telco,MCAR,10%,Mean/Mode,,6292,tenure,32.26315789473684,39.0,6.7368421052631575,tabular_imputer
2026-05-08T13:28:00.484198+00:00,Telco,MCAR,10%,Mean/Mode,,6315,tenure,32.26315789473684,48.0,15.736842105263158,tabular_imputer
2026-05-08T13:28:00.484198+00:00,Telco,MCAR,10%,Mean/Mode,,6326,tenure,32.26315789473684,62.0,29.73684210526316,tabular_imputer
2026-05-08T13:28:00.484198+00:00,Telco,MCAR,10%,Mean/Mode,,6327,tenure,32.26315789473684,28.0,4.2631578947368425,tabular_imputer
2026-05-08T13:28:00.484198+00:00,Telco,MCAR,10%,Mean/Mode,,6333,tenure,32.26315789473684,60.0,27.73684210526316,tabular_imputer
2026-05-08T13:28:00.484198+00:00,Telco,MCAR,10%,Mean/Mode,,6342,tenure,32.26315789473684,47.0,14.736842105263158,tabular_imputer
2026-05-08T13:28:00.484198+00:00,Telco,MCAR,10%,Mean/Mode,,6356,tenure,32.26315789473684,10.0,22.26315789473684,tabular_imputer
2026-05-08T13:28:00.484198+00:00,Telco,MCAR,10%,Mean/Mode,,6362,tenure,32.26315789473684,2.0,30.26315789473684,tabular_imputer
2026-05-08T13:28:00.484198+00:00,Telco,MCAR,10%,Mean/Mode,,6367,tenure,32.26315789473684,70.0,37.73684210526316,tabular_imputer
2026-05-08T13:28:00.484198+00:00,Telco,MCAR,10%,Mean/Mode,,6369,tenure,32.26315789473684,67.0,34.73684210526316,tabular_imputer
2026-05-08T13:28:00.484198+00:00,Telco,MCAR,10%,Mean/Mode,,6380,tenure,32.26315789473684,65.0,32.73684210526316,tabular_imputer
2026-05-08T13:28:00.484198+00:00,Telco,MCAR,10%,Mean/Mode,,6384,tenure,32.26315789473684,10.0,22.26315789473684,tabular_imputer
2026-05-08T13:28:00.484198+00:00,Telco,MCAR,10%,Mean/Mode,,6391,tenure,32.26315789473684,38.0,5.7368421052631575,tabular_imputer
2026-05-08T13:28:00.484198+00:00,Telco,MCAR,10%,Mean/Mode,,6398,tenure,32.26315789473684,71.0,38.73684210526316,tabular_imputer
2026-05-08T13:28:00.484198+00:00,Telco,MCAR,10%,Mean/Mode,,6403,tenure,32.26315789473684,72.0,39.73684210526316,tabular_imputer
2026-05-08T13:28:00.484198+00:00,Telco,MCAR,10%,Mean/Mode,,6415,tenure,32.26315789473684,58.0,25.73684210526316,tabular_imputer
2026-05-08T13:28:00.484198+00:00,Telco,MCAR,10%,Mean/Mode,,6418,tenure,32.26315789473684,31.0,1.2631578947368425,tabular_imputer
2026-05-08T13:28:00.484198+00:00,Telco,MCAR,10%,Mean/Mode,,6422,tenure,32.26315789473684,52.0,19.73684210526316,tabular_imputer
2026-05-08T13:28:00.484198+00:00,Telco,MCAR,10%,Mean/Mode,,6445,tenure,32.26315789473684,4.0,28.26315789473684,tabular_imputer
2026-05-08T13:28:00.484198+00:00,Telco,MCAR,10%,Mean/Mode,,6448,tenure,32.26315789473684,58.0,25.73684210526316,tabular_imputer
2026-05-08T13:28:00.484198+00:00,Telco,MCAR,10%,Mean/Mode,,6461,tenure,32.26315789473684,49.0,16.736842105263158,tabular_imputer
2026-05-08T13:28:00.484198+00:00,Telco,MCAR,10%,Mean/Mode,,6484,tenure,32.26315789473684,37.0,4.7368421052631575,tabular_imputer
2026-05-08T13:28:00.484198+00:00,Telco,MCAR,10%,Mean/Mode,,6512,tenure,32.26315789473684,11.0,21.26315789473684,tabular_imputer
2026-05-08T13:28:00.484198+00:00,Telco,MCAR,10%,Mean/Mode,,6523,tenure,32.26315789473684,15.0,17.263157894736842,tabular_imputer
2026-05-08T13:28:00.484198+00:00,Telco,MCAR,10%,Mean/Mode,,6542,tenure,32.26315789473684,15.0,17.263157894736842,tabular_imputer
2026-05-08T13:28:00.484198+00:00,Telco,MCAR,10%,Mean/Mode,,6543,tenure,32.26315789473684,62.0,29.73684210526316,tabular_imputer
2026-05-08T13:28:00.484198+00:00,Telco,MCAR,10%,Mean/Mode,,6570,tenure,32.26315789473684,4.0,28.26315789473684,tabular_imputer
2026-05-08T13:28:00.484198+00:00,Telco,MCAR,10%,Mean/Mode,,6576,tenure,32.26315789473684,2.0,30.26315789473684,tabular_imputer
2026-05-08T13:28:00.484198+00:00,Telco,MCAR,10%,Mean/Mode,,6579,tenure,32.26315789473684,72.0,39.73684210526316,tabular_imputer
2026-05-08T13:28:00.484198+00:00,Telco,MCAR,10%,Mean/Mode,,6585,tenure,32.26315789473684,43.0,10.736842105263158,tabular_imputer
2026-05-08T13:28:00.484198+00:00,Telco,MCAR,10%,Mean/Mode,,6586,tenure,32.26315789473684,45.0,12.736842105263158,tabular_imputer
2026-05-08T13:28:00.484198+00:00,Telco,MCAR,10%,Mean/Mode,,6604,tenure,32.26315789473684,2.0,30.26315789473684,tabular_imputer
2026-05-08T13:28:00.484198+00:00,Telco,MCAR,10%,Mean/Mode,,6647,tenure,32.26315789473684,71.0,38.73684210526316,tabular_imputer
2026-05-08T13:28:00.484198+00:00,Telco,MCAR,10%,Mean/Mode,,6660,tenure,32.26315789473684,1.0,31.26315789473684,tabular_imputer
2026-05-08T13:28:00.484198+00:00,Telco,MCAR,10%,Mean/Mode,,6664,tenure,32.26315789473684,36.0,3.7368421052631575,tabular_imputer
2026-05-08T13:28:00.484198+00:00,Telco,MCAR,10%,Mean/Mode,,6668,tenure,32.26315789473684,38.0,5.7368421052631575,tabular_imputer
2026-05-08T13:28:00.484198+00:00,Telco,MCAR,10%,Mean/Mode,,6673,tenure,32.26315789473684,2.0,30.26315789473684,tabular_imputer
2026-05-08T13:28:00.484198+00:00,Telco,MCAR,10%,Mean/Mode,,6682,tenure,32.26315789473684,69.0,36.73684210526316,tabular_imputer
2026-05-08T13:28:00.484198+00:00,Telco,MCAR,10%,Mean/Mode,,6696,tenure,32.26315789473684,5.0,27.26315789473684,tabular_imputer
2026-05-08T13:28:00.484198+00:00,Telco,MCAR,10%,Mean/Mode,,6710,tenure,32.26315789473684,48.0,15.736842105263158,tabular_imputer
2026-05-08T13:28:00.484198+00:00,Telco,MCAR,10%,Mean/Mode,,6721,tenure,32.26315789473684,49.0,16.736842105263158,tabular_imputer
2026-05-08T13:28:00.484198+00:00,Telco,MCAR,10%,Mean/Mode,,6726,tenure,32.26315789473684,2.0,30.26315789473684,tabular_imputer
2026-05-08T13:28:00.484198+00:00,Telco,MCAR,10%,Mean/Mode,,6731,tenure,32.26315789473684,24.0,8.263157894736842,tabular_imputer
2026-05-08T13:28:00.484198+00:00,Telco,MCAR,10%,Mean/Mode,,6734,tenure,32.26315789473684,12.0,20.26315789473684,tabular_imputer
2026-05-08T13:28:00.484198+00:00,Telco,MCAR,10%,Mean/Mode,,6737,tenure,32.26315789473684,63.0,30.73684210526316,tabular_imputer
2026-05-08T13:28:00.484198+00:00,Telco,MCAR,10%,Mean/Mode,,6741,tenure,32.26315789473684,12.0,20.26315789473684,tabular_imputer
2026-05-08T13:28:00.484198+00:00,Telco,MCAR,10%,Mean/Mode,,6745,tenure,32.26315789473684,54.0,21.73684210526316,tabular_imputer
2026-05-08T13:28:00.484198+00:00,Telco,MCAR,10%,Mean/Mode,,6749,tenure,32.26315789473684,70.0,37.73684210526316,tabular_imputer
2026-05-08T13:28:00.484198+00:00,Telco,MCAR,10%,Mean/Mode,,6779,tenure,32.26315789473684,29.0,3.2631578947368425,tabular_imputer
2026-05-08T13:28:00.484198+00:00,Telco,MCAR,10%,Mean/Mode,,6781,tenure,32.26315789473684,3.0,29.26315789473684,tabular_imputer
2026-05-08T13:28:00.484198+00:00,Telco,MCAR,10%,Mean/Mode,,6795,tenure,32.26315789473684,55.0,22.73684210526316,tabular_imputer
2026-05-08T13:28:00.484198+00:00,Telco,MCAR,10%,Mean/Mode,,6798,tenure,32.26315789473684,13.0,19.26315789473684,tabular_imputer
2026-05-08T13:28:00.484198+00:00,Telco,MCAR,10%,Mean/Mode,,6809,tenure,32.26315789473684,4.0,28.26315789473684,tabular_imputer
2026-05-08T13:28:00.484198+00:00,Telco,MCAR,10%,Mean/Mode,,6823,tenure,32.26315789473684,4.0,28.26315789473684,tabular_imputer
2026-05-08T13:28:00.484198+00:00,Telco,MCAR,10%,Mean/Mode,,6827,tenure,32.26315789473684,60.0,27.73684210526316,tabular_imputer
2026-05-08T13:28:00.484198+00:00,Telco,MCAR,10%,Mean/Mode,,6844,tenure,32.26315789473684,29.0,3.2631578947368425,tabular_imputer
2026-05-08T13:28:00.484198+00:00,Telco,MCAR,10%,Mean/Mode,,6850,tenure,32.26315789473684,66.0,33.73684210526316,tabular_imputer
2026-05-08T13:28:00.484198+00:00,Telco,MCAR,10%,Mean/Mode,,6859,tenure,32.26315789473684,71.0,38.73684210526316,tabular_imputer
2026-05-08T13:28:00.484198+00:00,Telco,MCAR,10%,Mean/Mode,,6863,tenure,32.26315789473684,48.0,15.736842105263158,tabular_imputer
2026-05-08T13:28:00.484198+00:00,Telco,MCAR,10%,Mean/Mode,,6870,tenure,32.26315789473684,49.0,16.736842105263158,tabular_imputer
2026-05-08T13:28:00.484198+00:00,Telco,MCAR,10%,Mean/Mode,,6887,tenure,32.26315789473684,35.0,2.7368421052631575,tabular_imputer
2026-05-08T13:28:00.484198+00:00,Telco,MCAR,10%,Mean/Mode,,6889,tenure,32.26315789473684,3.0,29.26315789473684,tabular_imputer
2026-05-08T13:28:00.484198+00:00,Telco,MCAR,10%,Mean/Mode,,6917,tenure,32.26315789473684,72.0,39.73684210526316,tabular_imputer
2026-05-08T13:28:00.484198+00:00,Telco,MCAR,10%,Mean/Mode,,6933,tenure,32.26315789473684,1.0,31.26315789473684,tabular_imputer
2026-05-08T13:28:00.484198+00:00,Telco,MCAR,10%,Mean/Mode,,6970,tenure,32.26315789473684,4.0,28.26315789473684,tabular_imputer
2026-05-08T13:28:00.484198+00:00,Telco,MCAR,10%,Mean/Mode,,6978,tenure,32.26315789473684,70.0,37.73684210526316,tabular_imputer
2026-05-08T13:28:00.484198+00:00,Telco,MCAR,10%,Mean/Mode,,6988,tenure,32.26315789473684,23.0,9.263157894736842,tabular_imputer
2026-05-08T13:28:00.484198+00:00,Telco,MCAR,10%,Mean/Mode,,6996,tenure,32.26315789473684,41.0,8.736842105263158,tabular_imputer
2026-05-08T13:28:00.484198+00:00,Telco,MCAR,10%,Mean/Mode,,7001,tenure,32.26315789473684,3.0,29.26315789473684,tabular_imputer
2026-05-08T13:28:00.484198+00:00,Telco,MCAR,10%,Mean/Mode,,7019,tenure,32.26315789473684,39.0,6.7368421052631575,tabular_imputer
2026-05-08T13:28:00.484198+00:00,Telco,MCAR,10%,Mean/Mode,,13,MonthlyCharges,64.775522716554,103.7,38.92447728344601,tabular_imputer
2026-05-08T13:28:00.484198+00:00,Telco,MCAR,10%,Mean/Mode,,14,MonthlyCharges,64.775522716554,105.5,40.72447728344601,tabular_imputer
2026-05-08T13:28:00.484198+00:00,Telco,MCAR,10%,Mean/Mode,,16,MonthlyCharges,64.775522716554,20.65,44.125522716553995,tabular_imputer
2026-05-08T13:28:00.484198+00:00,Telco,MCAR,10%,Mean/Mode,,49,MonthlyCharges,64.775522716554,64.15,0.6255227165539878,tabular_imputer
2026-05-08T13:28:00.484198+00:00,Telco,MCAR,10%,Mean/Mode,,56,MonthlyCharges,64.775522716554,99.65,34.87447728344601,tabular_imputer
2026-05-08T13:28:00.484198+00:00,Telco,MCAR,10%,Mean/Mode,,88,MonthlyCharges,64.775522716554,19.95,44.82552271655399,tabular_imputer
2026-05-08T13:28:00.484198+00:00,Telco,MCAR,10%,Mean/Mode,,91,MonthlyCharges,64.775522716554,74.7,9.92447728344601,tabular_imputer
2026-05-08T13:28:00.484198+00:00,Telco,MCAR,10%,Mean/Mode,,92,MonthlyCharges,64.775522716554,84.0,19.224477283446006,tabular_imputer
2026-05-08T13:28:00.484198+00:00,Telco,MCAR,10%,Mean/Mode,,100,MonthlyCharges,64.775522716554,20.2,44.57552271655399,tabular_imputer
2026-05-08T13:28:00.484198+00:00,Telco,MCAR,10%,Mean/Mode,,111,MonthlyCharges,64.775522716554,57.95,6.825522716553991,tabular_imputer
2026-05-08T13:28:00.484198+00:00,Telco,MCAR,10%,Mean/Mode,,123,MonthlyCharges,64.775522716554,50.7,14.07552271655399,tabular_imputer
2026-05-08T13:28:00.484198+00:00,Telco,MCAR,10%,Mean/Mode,,127,MonthlyCharges,64.775522716554,23.55,41.225522716554,tabular_imputer
2026-05-08T13:28:00.484198+00:00,Telco,MCAR,10%,Mean/Mode,,160,MonthlyCharges,64.775522716554,56.0,8.775522716553994,tabular_imputer
2026-05-08T13:28:00.484198+00:00,Telco,MCAR,10%,Mean/Mode,,168,MonthlyCharges,64.775522716554,45.3,19.475522716553996,tabular_imputer
2026-05-08T13:28:00.484198+00:00,Telco,MCAR,10%,Mean/Mode,,187,MonthlyCharges,64.775522716554,30.4,34.375522716553995,tabular_imputer
2026-05-08T13:28:00.484198+00:00,Telco,MCAR,10%,Mean/Mode,,195,MonthlyCharges,64.775522716554,96.55,31.774477283446004,tabular_imputer
2026-05-08T13:28:00.484198+00:00,Telco,MCAR,10%,Mean/Mode,,197,MonthlyCharges,64.775522716554,111.35,46.574477283446,tabular_imputer
2026-05-08T13:28:00.484198+00:00,Telco,MCAR,10%,Mean/Mode,,214,MonthlyCharges,64.775522716554,86.8,22.024477283446004,tabular_imputer
2026-05-08T13:28:00.484198+00:00,Telco,MCAR,10%,Mean/Mode,,223,MonthlyCharges,64.775522716554,50.05,14.725522716553996,tabular_imputer
2026-05-08T13:28:00.484198+00:00,Telco,MCAR,10%,Mean/Mode,,228,MonthlyCharges,64.775522716554,89.9,25.124477283446012,tabular_imputer
2026-05-08T13:28:00.484198+00:00,Telco,MCAR,10%,Mean/Mode,,238,MonthlyCharges,64.775522716554,95.0,30.224477283446006,tabular_imputer
2026-05-08T13:28:00.484198+00:00,Telco,MCAR,10%,Mean/Mode,,266,MonthlyCharges,64.775522716554,24.9,39.875522716553995,tabular_imputer
2026-05-08T13:28:00.484198+00:00,Telco,MCAR,10%,Mean/Mode,,268,MonthlyCharges,64.775522716554,19.35,45.42552271655399,tabular_imputer
2026-05-08T13:28:00.484198+00:00,Telco,MCAR,10%,Mean/Mode,,276,MonthlyCharges,64.775522716554,105.05,40.274477283446,tabular_imputer
2026-05-08T13:28:00.484198+00:00,Telco,MCAR,10%,Mean/Mode,,286,MonthlyCharges,64.775522716554,44.35,20.425522716553992,tabular_imputer
2026-05-08T13:28:00.484198+00:00,Telco,MCAR,10%,Mean/Mode,,299,MonthlyCharges,64.775522716554,73.6,8.824477283446,tabular_imputer
2026-05-08T13:28:00.484198+00:00,Telco,MCAR,10%,Mean/Mode,,302,MonthlyCharges,64.775522716554,90.4,25.624477283446012,tabular_imputer
2026-05-08T13:28:00.484198+00:00,Telco,MCAR,10%,Mean/Mode,,307,MonthlyCharges,64.775522716554,75.55,10.774477283446004,tabular_imputer
2026-05-08T13:28:00.484198+00:00,Telco,MCAR,10%,Mean/Mode,,325,MonthlyCharges,64.775522716554,102.7,37.92447728344601,tabular_imputer
2026-05-08T13:28:00.484198+00:00,Telco,MCAR,10%,Mean/Mode,,345,MonthlyCharges,64.775522716554,72.1,7.324477283446001,tabular_imputer
2026-05-08T13:28:00.484198+00:00,Telco,MCAR,10%,Mean/Mode,,366,MonthlyCharges,64.775522716554,59.95,4.825522716553991,tabular_imputer
2026-05-08T13:28:00.484198+00:00,Telco,MCAR,10%,Mean/Mode,,370,MonthlyCharges,64.775522716554,20.6,44.17552271655399,tabular_imputer
2026-05-08T13:28:00.484198+00:00,Telco,MCAR,10%,Mean/Mode,,371,MonthlyCharges,64.775522716554,85.65,20.874477283446012,tabular_imputer
2026-05-08T13:28:00.484198+00:00,Telco,MCAR,10%,Mean/Mode,,376,MonthlyCharges,64.775522716554,25.35,39.42552271655399,tabular_imputer
2026-05-08T13:28:00.484198+00:00,Telco,MCAR,10%,Mean/Mode,,385,MonthlyCharges,64.775522716554,19.95,44.82552271655399,tabular_imputer
2026-05-08T13:28:00.484198+00:00,Telco,MCAR,10%,Mean/Mode,,387,MonthlyCharges,64.775522716554,54.75,10.025522716553994,tabular_imputer
2026-05-08T13:28:00.484198+00:00,Telco,MCAR,10%,Mean/Mode,,388,MonthlyCharges,64.775522716554,90.4,25.624477283446012,tabular_imputer
2026-05-08T13:28:00.484198+00:00,Telco,MCAR,10%,Mean/Mode,,394,MonthlyCharges,64.775522716554,95.05,30.274477283446004,tabular_imputer
2026-05-08T13:28:00.484198+00:00,Telco,MCAR,10%,Mean/Mode,,437,MonthlyCharges,64.775522716554,114.05,49.274477283446,tabular_imputer
2026-05-08T13:28:00.484198+00:00,Telco,MCAR,10%,Mean/Mode,,441,MonthlyCharges,64.775522716554,101.55,36.774477283446,tabular_imputer
2026-05-08T13:28:00.484198+00:00,Telco,MCAR,10%,Mean/Mode,,455,MonthlyCharges,64.775522716554,104.15,39.37447728344601,tabular_imputer
2026-05-08T13:28:00.484198+00:00,Telco,MCAR,10%,Mean/Mode,,463,MonthlyCharges,64.775522716554,99.8,35.024477283446004,tabular_imputer
2026-05-08T13:28:00.484198+00:00,Telco,MCAR,10%,Mean/Mode,,471,MonthlyCharges,64.775522716554,55.0,9.775522716553994,tabular_imputer
2026-05-08T13:28:00.484198+00:00,Telco,MCAR,10%,Mean/Mode,,482,MonthlyCharges,64.775522716554,81.45,16.67447728344601,tabular_imputer
2026-05-08T13:28:00.484198+00:00,Telco,MCAR,10%,Mean/Mode,,486,MonthlyCharges,64.775522716554,100.15,35.37447728344601,tabular_imputer
2026-05-08T13:28:00.484198+00:00,Telco,MCAR,10%,Mean/Mode,,489,MonthlyCharges,64.775522716554,74.35,9.574477283446,tabular_imputer
2026-05-08T13:28:00.484198+00:00,Telco,MCAR,10%,Mean/Mode,,511,MonthlyCharges,64.775522716554,106.45,41.67447728344601,tabular_imputer
2026-05-08T13:28:00.484198+00:00,Telco,MCAR,10%,Mean/Mode,,518,MonthlyCharges,64.775522716554,75.2,10.42447728344601,tabular_imputer
2026-05-08T13:28:00.484198+00:00,Telco,MCAR,10%,Mean/Mode,,520,MonthlyCharges,64.775522716554,105.4,40.62447728344601,tabular_imputer
2026-05-08T13:28:00.484198+00:00,Telco,MCAR,10%,Mean/Mode,,526,MonthlyCharges,64.775522716554,115.75,50.97447728344601,tabular_imputer
2026-05-08T13:28:00.484198+00:00,Telco,MCAR,10%,Mean/Mode,,531,MonthlyCharges,64.775522716554,20.05,44.725522716554,tabular_imputer
2026-05-08T13:28:00.484198+00:00,Telco,MCAR,10%,Mean/Mode,,537,MonthlyCharges,64.775522716554,58.45,6.325522716553991,tabular_imputer
2026-05-08T13:28:00.484198+00:00,Telco,MCAR,10%,Mean/Mode,,554,MonthlyCharges,64.775522716554,80.35,15.574477283446,tabular_imputer
2026-05-08T13:28:00.484198+00:00,Telco,MCAR,10%,Mean/Mode,,565,MonthlyCharges,64.775522716554,70.85,6.074477283446001,tabular_imputer
2026-05-08T13:28:00.484198+00:00,Telco,MCAR,10%,Mean/Mode,,578,MonthlyCharges,64.775522716554,94.55,29.774477283446004,tabular_imputer
2026-05-08T13:28:00.484198+00:00,Telco,MCAR,10%,Mean/Mode,,598,MonthlyCharges,64.775522716554,90.35,25.574477283446,tabular_imputer
2026-05-08T13:28:00.484198+00:00,Telco,MCAR,10%,Mean/Mode,,608,MonthlyCharges,64.775522716554,114.55,49.774477283446,tabular_imputer
2026-05-08T13:28:00.484198+00:00,Telco,MCAR,10%,Mean/Mode,,624,MonthlyCharges,64.775522716554,20.0,44.77552271655399,tabular_imputer
2026-05-08T13:28:00.484198+00:00,Telco,MCAR,10%,Mean/Mode,,625,MonthlyCharges,64.775522716554,95.15,30.374477283446012,tabular_imputer
2026-05-08T13:28:00.484198+00:00,Telco,MCAR,10%,Mean/Mode,,638,MonthlyCharges,64.775522716554,104.55,39.774477283446,tabular_imputer
2026-05-08T13:28:00.484198+00:00,Telco,MCAR,10%,Mean/Mode,,644,MonthlyCharges,64.775522716554,25.25,39.52552271655399,tabular_imputer
2026-05-08T13:28:00.484198+00:00,Telco,MCAR,10%,Mean/Mode,,668,MonthlyCharges,64.775522716554,45.65,19.125522716553995,tabular_imputer
2026-05-08T13:28:00.484198+00:00,Telco,MCAR,10%,Mean/Mode,,670,MonthlyCharges,64.775522716554,19.85,44.92552271655399,tabular_imputer
2026-05-08T13:28:00.484198+00:00,Telco,MCAR,10%,Mean/Mode,,672,MonthlyCharges,64.775522716554,75.05,10.274477283446004,tabular_imputer
2026-05-08T13:28:00.484198+00:00,Telco,MCAR,10%,Mean/Mode,,681,MonthlyCharges,64.775522716554,73.8,9.024477283446004,tabular_imputer
2026-05-08T13:28:00.484198+00:00,Telco,MCAR,10%,Mean/Mode,,707,MonthlyCharges,64.775522716554,104.65,39.87447728344601,tabular_imputer
2026-05-08T13:28:00.484198+00:00,Telco,MCAR,10%,Mean/Mode,,738,MonthlyCharges,64.775522716554,79.35,14.574477283446,tabular_imputer
2026-05-08T13:28:00.484198+00:00,Telco,MCAR,10%,Mean/Mode,,749,MonthlyCharges,64.775522716554,90.05,25.274477283446004,tabular_imputer
2026-05-08T13:28:00.484198+00:00,Telco,MCAR,10%,Mean/Mode,,778,MonthlyCharges,64.775522716554,107.0,42.22447728344601,tabular_imputer
2026-05-08T13:28:00.484198+00:00,Telco,MCAR,10%,Mean/Mode,,780,MonthlyCharges,64.775522716554,73.35,8.574477283446,tabular_imputer
2026-05-08T13:28:00.484198+00:00,Telco,MCAR,10%,Mean/Mode,,784,MonthlyCharges,64.775522716554,40.6,24.175522716553992,tabular_imputer
2026-05-08T13:28:00.484198+00:00,Telco,MCAR,10%,Mean/Mode,,792,MonthlyCharges,64.775522716554,19.85,44.92552271655399,tabular_imputer
2026-05-08T13:28:00.484198+00:00,Telco,MCAR,10%,Mean/Mode,,829,MonthlyCharges,64.775522716554,44.85,19.925522716553992,tabular_imputer
2026-05-08T13:28:00.484198+00:00,Telco,MCAR,10%,Mean/Mode,,840,MonthlyCharges,64.775522716554,100.0,35.22447728344601,tabular_imputer
2026-05-08T13:28:00.484198+00:00,Telco,MCAR,10%,Mean/Mode,,854,MonthlyCharges,64.775522716554,20.5,44.27552271655399,tabular_imputer
2026-05-08T13:28:00.484198+00:00,Telco,MCAR,10%,Mean/Mode,,860,MonthlyCharges,64.775522716554,19.8,44.975522716554,tabular_imputer
2026-05-08T13:28:00.484198+00:00,Telco,MCAR,10%,Mean/Mode,,861,MonthlyCharges,64.775522716554,93.4,28.624477283446012,tabular_imputer
2026-05-08T13:28:00.484198+00:00,Telco,MCAR,10%,Mean/Mode,,866,MonthlyCharges,64.775522716554,39.0,25.775522716553994,tabular_imputer
2026-05-08T13:28:00.484198+00:00,Telco,MCAR,10%,Mean/Mode,,868,MonthlyCharges,64.775522716554,85.55,20.774477283446004,tabular_imputer
2026-05-08T13:28:00.484198+00:00,Telco,MCAR,10%,Mean/Mode,,877,MonthlyCharges,64.775522716554,60.15,4.625522716553995,tabular_imputer
2026-05-08T13:28:00.484198+00:00,Telco,MCAR,10%,Mean/Mode,,892,MonthlyCharges,64.775522716554,81.1,16.324477283446,tabular_imputer
2026-05-08T13:28:00.484198+00:00,Telco,MCAR,10%,Mean/Mode,,895,MonthlyCharges,64.775522716554,94.3,29.524477283446004,tabular_imputer
2026-05-08T13:28:00.484198+00:00,Telco,MCAR,10%,Mean/Mode,,904,MonthlyCharges,64.775522716554,81.35,16.574477283446,tabular_imputer
2026-05-08T13:28:00.484198+00:00,Telco,MCAR,10%,Mean/Mode,,909,MonthlyCharges,64.775522716554,111.25,46.47447728344601,tabular_imputer
2026-05-08T13:28:00.484198+00:00,Telco,MCAR,10%,Mean/Mode,,921,MonthlyCharges,64.775522716554,20.45,44.32552271655399,tabular_imputer
2026-05-08T13:28:00.484198+00:00,Telco,MCAR,10%,Mean/Mode,,933,MonthlyCharges,64.775522716554,84.6,19.824477283446,tabular_imputer
2026-05-08T13:28:00.484198+00:00,Telco,MCAR,10%,Mean/Mode,,938,MonthlyCharges,64.775522716554,108.05,43.274477283446,tabular_imputer
2026-05-08T13:28:00.484198+00:00,Telco,MCAR,10%,Mean/Mode,,986,MonthlyCharges,64.775522716554,43.8,20.975522716553996,tabular_imputer
2026-05-08T13:28:00.484198+00:00,Telco,MCAR,10%,Mean/Mode,,995,MonthlyCharges,64.775522716554,85.3,20.524477283446004,tabular_imputer
2026-05-08T13:28:00.484198+00:00,Telco,MCAR,10%,Mean/Mode,,996,MonthlyCharges,64.775522716554,70.0,5.2244772834460065,tabular_imputer
2026-05-08T13:28:00.484198+00:00,Telco,MCAR,10%,Mean/Mode,,1027,MonthlyCharges,64.775522716554,94.9,30.124477283446012,tabular_imputer
2026-05-08T13:28:00.484198+00:00,Telco,MCAR,10%,Mean/Mode,,1036,MonthlyCharges,64.775522716554,114.7,49.92447728344601,tabular_imputer
2026-05-08T13:28:00.484198+00:00,Telco,MCAR,10%,Mean/Mode,,1038,MonthlyCharges,64.775522716554,80.9,16.124477283446012,tabular_imputer
2026-05-08T13:28:00.484198+00:00,Telco,MCAR,10%,Mean/Mode,,1053,MonthlyCharges,64.775522716554,39.5,25.275522716553994,tabular_imputer
2026-05-08T13:28:00.484198+00:00,Telco,MCAR,10%,Mean/Mode,,1055,MonthlyCharges,64.775522716554,19.55,45.225522716554,tabular_imputer
2026-05-08T13:28:00.484198+00:00,Telco,MCAR,10%,Mean/Mode,,1067,MonthlyCharges,64.775522716554,89.25,24.474477283446006,tabular_imputer
2026-05-08T13:28:00.484198+00:00,Telco,MCAR,10%,Mean/Mode,,1089,MonthlyCharges,64.775522716554,74.75,9.974477283446006,tabular_imputer
2026-05-08T13:28:00.484198+00:00,Telco,MCAR,10%,Mean/Mode,,1094,MonthlyCharges,64.775522716554,68.5,3.7244772834460065,tabular_imputer
2026-05-08T13:28:00.484198+00:00,Telco,MCAR,10%,Mean/Mode,,1096,MonthlyCharges,64.775522716554,81.25,16.474477283446006,tabular_imputer
2026-05-08T13:28:00.484198+00:00,Telco,MCAR,10%,Mean/Mode,,1112,MonthlyCharges,64.775522716554,89.85,25.074477283446,tabular_imputer
2026-05-08T13:28:00.484198+00:00,Telco,MCAR,10%,Mean/Mode,,1115,MonthlyCharges,64.775522716554,53.85,10.925522716553992,tabular_imputer
2026-05-08T13:28:00.484198+00:00,Telco,MCAR,10%,Mean/Mode,,1120,MonthlyCharges,64.775522716554,70.55,5.774477283446004,tabular_imputer
2026-05-08T13:28:00.484198+00:00,Telco,MCAR,10%,Mean/Mode,,1122,MonthlyCharges,64.775522716554,44.85,19.925522716553992,tabular_imputer
2026-05-08T13:28:00.484198+00:00,Telco,MCAR,10%,Mean/Mode,,1129,MonthlyCharges,64.775522716554,86.05,21.274477283446004,tabular_imputer
2026-05-08T13:28:00.484198+00:00,Telco,MCAR,10%,Mean/Mode,,1149,MonthlyCharges,64.775522716554,96.65,31.874477283446012,tabular_imputer
2026-05-08T13:28:00.484198+00:00,Telco,MCAR,10%,Mean/Mode,,1160,MonthlyCharges,64.775522716554,95.1,30.324477283446,tabular_imputer
2026-05-08T13:28:00.484198+00:00,Telco,MCAR,10%,Mean/Mode,,1163,MonthlyCharges,64.775522716554,89.75,24.974477283446006,tabular_imputer
2026-05-08T13:28:00.484198+00:00,Telco,MCAR,10%,Mean/Mode,,1186,MonthlyCharges,64.775522716554,61.05,3.725522716553997,tabular_imputer
2026-05-08T13:28:00.484198+00:00,Telco,MCAR,10%,Mean/Mode,,1220,MonthlyCharges,64.775522716554,65.75,0.9744772834460064,tabular_imputer
2026-05-08T13:28:00.484198+00:00,Telco,MCAR,10%,Mean/Mode,,1223,MonthlyCharges,64.775522716554,75.9,11.124477283446012,tabular_imputer
2026-05-08T13:28:00.484198+00:00,Telco,MCAR,10%,Mean/Mode,,1239,MonthlyCharges,64.775522716554,58.7,6.075522716553991,tabular_imputer
2026-05-08T13:28:00.484198+00:00,Telco,MCAR,10%,Mean/Mode,,1262,MonthlyCharges,64.775522716554,51.25,13.525522716553994,tabular_imputer
2026-05-08T13:28:00.484198+00:00,Telco,MCAR,10%,Mean/Mode,,1265,MonthlyCharges,64.775522716554,94.8,30.024477283446004,tabular_imputer
2026-05-08T13:28:00.484198+00:00,Telco,MCAR,10%,Mean/Mode,,1284,MonthlyCharges,64.775522716554,19.85,44.92552271655399,tabular_imputer
2026-05-08T13:28:00.484198+00:00,Telco,MCAR,10%,Mean/Mode,,1286,MonthlyCharges,64.775522716554,74.1,9.324477283446,tabular_imputer
2026-05-08T13:28:00.484198+00:00,Telco,MCAR,10%,Mean/Mode,,1316,MonthlyCharges,64.775522716554,19.95,44.82552271655399,tabular_imputer
2026-05-08T13:28:00.484198+00:00,Telco,MCAR,10%,Mean/Mode,,1317,MonthlyCharges,64.775522716554,24.6,40.17552271655399,tabular_imputer
2026-05-08T13:28:00.484198+00:00,Telco,MCAR,10%,Mean/Mode,,1319,MonthlyCharges,64.775522716554,19.45,45.32552271655399,tabular_imputer
2026-05-08T13:28:00.484198+00:00,Telco,MCAR,10%,Mean/Mode,,1341,MonthlyCharges,64.775522716554,54.7,10.07552271655399,tabular_imputer
2026-05-08T13:28:00.484198+00:00,Telco,MCAR,10%,Mean/Mode,,1343,MonthlyCharges,64.775522716554,73.05,8.274477283446004,tabular_imputer
2026-05-08T13:28:00.484198+00:00,Telco,MCAR,10%,Mean/Mode,,1346,MonthlyCharges,64.775522716554,87.25,22.474477283446006,tabular_imputer
2026-05-08T13:28:00.484198+00:00,Telco,MCAR,10%,Mean/Mode,,1350,MonthlyCharges,64.775522716554,65.65,0.8744772834460122,tabular_imputer
2026-05-08T13:28:00.484198+00:00,Telco,MCAR,10%,Mean/Mode,,1388,MonthlyCharges,64.775522716554,58.35,6.425522716553992,tabular_imputer
2026-05-08T13:28:00.484198+00:00,Telco,MCAR,10%,Mean/Mode,,1390,MonthlyCharges,64.775522716554,68.75,3.9744772834460065,tabular_imputer
2026-05-08T13:28:00.484198+00:00,Telco,MCAR,10%,Mean/Mode,,1399,MonthlyCharges,64.775522716554,19.55,45.225522716554,tabular_imputer
2026-05-08T13:28:00.484198+00:00,Telco,MCAR,10%,Mean/Mode,,1400,MonthlyCharges,64.775522716554,19.95,44.82552271655399,tabular_imputer
2026-05-08T13:28:00.484198+00:00,Telco,MCAR,10%,Mean/Mode,,1438,MonthlyCharges,64.775522716554,50.25,14.525522716553994,tabular_imputer
2026-05-08T13:28:00.484198+00:00,Telco,MCAR,10%,Mean/Mode,,1441,MonthlyCharges,64.775522716554,97.8,33.024477283446004,tabular_imputer
2026-05-08T13:28:00.484198+00:00,Telco,MCAR,10%,Mean/Mode,,1447,MonthlyCharges,64.775522716554,80.8,16.024477283446004,tabular_imputer
2026-05-08T13:28:00.484198+00:00,Telco,MCAR,10%,Mean/Mode,,1455,MonthlyCharges,64.775522716554,106.05,41.274477283446,tabular_imputer
2026-05-08T13:28:00.484198+00:00,Telco,MCAR,10%,Mean/Mode,,1465,MonthlyCharges,64.775522716554,74.6,9.824477283446,tabular_imputer
2026-05-08T13:28:00.484198+00:00,Telco,MCAR,10%,Mean/Mode,,1482,MonthlyCharges,64.775522716554,96.85,32.074477283446,tabular_imputer
2026-05-08T13:28:00.484198+00:00,Telco,MCAR,10%,Mean/Mode,,1484,MonthlyCharges,64.775522716554,99.2,34.42447728344601,tabular_imputer
2026-05-08T13:28:00.484198+00:00,Telco,MCAR,10%,Mean/Mode,,1506,MonthlyCharges,64.775522716554,54.1,10.675522716553992,tabular_imputer
2026-05-08T13:28:00.484198+00:00,Telco,MCAR,10%,Mean/Mode,,1523,MonthlyCharges,64.775522716554,43.55,21.225522716553996,tabular_imputer
2026-05-08T13:28:00.484198+00:00,Telco,MCAR,10%,Mean/Mode,,1524,MonthlyCharges,64.775522716554,109.85,45.074477283446,tabular_imputer
2026-05-08T13:28:00.484198+00:00,Telco,MCAR,10%,Mean/Mode,,1526,MonthlyCharges,64.775522716554,95.4,30.624477283446012,tabular_imputer
2026-05-08T13:28:00.484198+00:00,Telco,MCAR,10%,Mean/Mode,,1546,MonthlyCharges,64.775522716554,19.85,44.92552271655399,tabular_imputer
2026-05-08T13:28:00.484198+00:00,Telco,MCAR,10%,Mean/Mode,,1550,MonthlyCharges,64.775522716554,80.8,16.024477283446004,tabular_imputer
2026-05-08T13:28:00.484198+00:00,Telco,MCAR,10%,Mean/Mode,,1562,MonthlyCharges,64.775522716554,34.65,30.125522716553995,tabular_imputer
2026-05-08T13:28:00.484198+00:00,Telco,MCAR,10%,Mean/Mode,,1563,MonthlyCharges,64.775522716554,69.35,4.574477283446001,tabular_imputer
2026-05-08T13:28:00.484198+00:00,Telco,MCAR,10%,Mean/Mode,,1579,MonthlyCharges,64.775522716554,80.45,15.67447728344601,tabular_imputer
2026-05-08T13:28:00.484198+00:00,Telco,MCAR,10%,Mean/Mode,,1588,MonthlyCharges,64.775522716554,106.8,42.024477283446,tabular_imputer
2026-05-08T13:28:00.484198+00:00,Telco,MCAR,10%,Mean/Mode,,1614,MonthlyCharges,64.775522716554,50.95,13.82552271655399,tabular_imputer
2026-05-08T13:28:00.484198+00:00,Telco,MCAR,10%,Mean/Mode,,1615,MonthlyCharges,64.775522716554,20.05,44.725522716554,tabular_imputer
2026-05-08T13:28:00.484198+00:00,Telco,MCAR,10%,Mean/Mode,,1635,MonthlyCharges,64.775522716554,69.95,5.174477283446009,tabular_imputer
2026-05-08T13:28:00.484198+00:00,Telco,MCAR,10%,Mean/Mode,,1636,MonthlyCharges,64.775522716554,24.35,40.42552271655399,tabular_imputer
2026-05-08T13:28:00.484198+00:00,Telco,MCAR,10%,Mean/Mode,,1651,MonthlyCharges,64.775522716554,79.1,14.324477283446,tabular_imputer
2026-05-08T13:28:00.484198+00:00,Telco,MCAR,10%,Mean/Mode,,1654,MonthlyCharges,64.775522716554,18.8,45.975522716554,tabular_imputer
2026-05-08T13:28:00.484198+00:00,Telco,MCAR,10%,Mean/Mode,,1671,MonthlyCharges,64.775522716554,103.15,38.37447728344601,tabular_imputer
2026-05-08T13:28:00.484198+00:00,Telco,MCAR,10%,Mean/Mode,,1681,MonthlyCharges,64.775522716554,25.0,39.77552271655399,tabular_imputer
2026-05-08T13:28:00.484198+00:00,Telco,MCAR,10%,Mean/Mode,,1682,MonthlyCharges,64.775522716554,85.25,20.474477283446006,tabular_imputer
2026-05-08T13:28:00.484198+00:00,Telco,MCAR,10%,Mean/Mode,,1693,MonthlyCharges,64.775522716554,114.45,49.67447728344601,tabular_imputer
2026-05-08T13:28:00.484198+00:00,Telco,MCAR,10%,Mean/Mode,,1712,MonthlyCharges,64.775522716554,55.25,9.525522716553994,tabular_imputer
2026-05-08T13:28:00.484198+00:00,Telco,MCAR,10%,Mean/Mode,,1747,MonthlyCharges,64.775522716554,84.75,19.974477283446006,tabular_imputer
2026-05-08T13:28:00.484198+00:00,Telco,MCAR,10%,Mean/Mode,,1761,MonthlyCharges,64.775522716554,24.45,40.32552271655399,tabular_imputer
2026-05-08T13:28:00.484198+00:00,Telco,MCAR,10%,Mean/Mode,,1766,MonthlyCharges,64.775522716554,20.55,44.225522716554,tabular_imputer
2026-05-08T13:28:00.484198+00:00,Telco,MCAR,10%,Mean/Mode,,1780,MonthlyCharges,64.775522716554,20.15,44.625522716553995,tabular_imputer
2026-05-08T13:28:00.484198+00:00,Telco,MCAR,10%,Mean/Mode,,1795,MonthlyCharges,64.775522716554,89.65,24.874477283446012,tabular_imputer
2026-05-08T13:28:00.484198+00:00,Telco,MCAR,10%,Mean/Mode,,1808,MonthlyCharges,64.775522716554,79.15,14.374477283446012,tabular_imputer
2026-05-08T13:28:00.484198+00:00,Telco,MCAR,10%,Mean/Mode,,1816,MonthlyCharges,64.775522716554,19.2,45.57552271655399,tabular_imputer
2026-05-08T13:28:00.484198+00:00,Telco,MCAR,10%,Mean/Mode,,1834,MonthlyCharges,64.775522716554,45.1,19.675522716553992,tabular_imputer
2026-05-08T13:28:00.484198+00:00,Telco,MCAR,10%,Mean/Mode,,1835,MonthlyCharges,64.775522716554,45.0,19.775522716553994,tabular_imputer
2026-05-08T13:28:00.484198+00:00,Telco,MCAR,10%,Mean/Mode,,1839,MonthlyCharges,64.775522716554,25.3,39.475522716554,tabular_imputer
2026-05-08T13:28:00.484198+00:00,Telco,MCAR,10%,Mean/Mode,,1844,MonthlyCharges,64.775522716554,66.4,1.6244772834460122,tabular_imputer
2026-05-08T13:28:00.484198+00:00,Telco,MCAR,10%,Mean/Mode,,1849,MonthlyCharges,64.775522716554,45.55,19.225522716553996,tabular_imputer
2026-05-08T13:28:00.484198+00:00,Telco,MCAR,10%,Mean/Mode,,1877,MonthlyCharges,64.775522716554,88.55,23.774477283446004,tabular_imputer
2026-05-08T13:28:00.484198+00:00,Telco,MCAR,10%,Mean/Mode,,1879,MonthlyCharges,64.775522716554,70.05,5.274477283446004,tabular_imputer
2026-05-08T13:28:00.484198+00:00,Telco,MCAR,10%,Mean/Mode,,1880,MonthlyCharges,64.775522716554,86.0,21.224477283446006,tabular_imputer
2026-05-08T13:28:00.484198+00:00,Telco,MCAR,10%,Mean/Mode,,1882,MonthlyCharges,64.775522716554,60.2,4.575522716553991,tabular_imputer
2026-05-08T13:28:00.484198+00:00,Telco,MCAR,10%,Mean/Mode,,1889,MonthlyCharges,64.775522716554,31.1,33.67552271655399,tabular_imputer
2026-05-08T13:28:00.484198+00:00,Telco,MCAR,10%,Mean/Mode,,1894,MonthlyCharges,64.775522716554,43.95,20.82552271655399,tabular_imputer
2026-05-08T13:28:00.484198+00:00,Telco,MCAR,10%,Mean/Mode,,1898,MonthlyCharges,64.775522716554,78.95,14.17447728344601,tabular_imputer
2026-05-08T13:28:00.484198+00:00,Telco,MCAR,10%,Mean/Mode,,1902,MonthlyCharges,64.775522716554,90.6,25.824477283446,tabular_imputer
2026-05-08T13:28:00.484198+00:00,Telco,MCAR,10%,Mean/Mode,,1906,MonthlyCharges,64.775522716554,36.0,28.775522716553994,tabular_imputer
2026-05-08T13:28:00.484198+00:00,Telco,MCAR,10%,Mean/Mode,,1912,MonthlyCharges,64.775522716554,20.5,44.27552271655399,tabular_imputer
2026-05-08T13:28:00.484198+00:00,Telco,MCAR,10%,Mean/Mode,,1923,MonthlyCharges,64.775522716554,19.8,44.975522716554,tabular_imputer
2026-05-08T13:28:00.484198+00:00,Telco,MCAR,10%,Mean/Mode,,1932,MonthlyCharges,64.775522716554,20.2,44.57552271655399,tabular_imputer
2026-05-08T13:28:00.484198+00:00,Telco,MCAR,10%,Mean/Mode,,1933,MonthlyCharges,64.775522716554,19.7,45.07552271655399,tabular_imputer
2026-05-08T13:28:00.484198+00:00,Telco,MCAR,10%,Mean/Mode,,1941,MonthlyCharges,64.775522716554,54.65,10.125522716553997,tabular_imputer
2026-05-08T13:28:00.484198+00:00,Telco,MCAR,10%,Mean/Mode,,1949,MonthlyCharges,64.775522716554,104.6,39.824477283446,tabular_imputer
2026-05-08T13:28:00.484198+00:00,Telco,MCAR,10%,Mean/Mode,,1976,MonthlyCharges,64.775522716554,93.55,28.774477283446004,tabular_imputer
2026-05-08T13:28:00.484198+00:00,Telco,MCAR,10%,Mean/Mode,,1986,MonthlyCharges,64.775522716554,93.3,28.524477283446004,tabular_imputer
2026-05-08T13:28:00.484198+00:00,Telco,MCAR,10%,Mean/Mode,,1996,MonthlyCharges,64.775522716554,67.85,3.074477283446001,tabular_imputer
2026-05-08T13:28:00.484198+00:00,Telco,MCAR,10%,Mean/Mode,,2000,MonthlyCharges,64.775522716554,75.5,10.724477283446006,tabular_imputer
2026-05-08T13:28:00.484198+00:00,Telco,MCAR,10%,Mean/Mode,,2005,MonthlyCharges,64.775522716554,100.45,35.67447728344601,tabular_imputer
2026-05-08T13:28:00.484198+00:00,Telco,MCAR,10%,Mean/Mode,,2013,MonthlyCharges,64.775522716554,20.1,44.67552271655399,tabular_imputer
2026-05-08T13:28:00.484198+00:00,Telco,MCAR,10%,Mean/Mode,,2017,MonthlyCharges,64.775522716554,20.4,44.375522716553995,tabular_imputer
2026-05-08T13:28:00.484198+00:00,Telco,MCAR,10%,Mean/Mode,,2034,MonthlyCharges,64.775522716554,60.3,4.475522716553996,tabular_imputer
2026-05-08T13:28:00.484198+00:00,Telco,MCAR,10%,Mean/Mode,,2041,MonthlyCharges,64.775522716554,19.45,45.32552271655399,tabular_imputer
2026-05-08T13:28:00.484198+00:00,Telco,MCAR,10%,Mean/Mode,,2045,MonthlyCharges,64.775522716554,110.5,45.72447728344601,tabular_imputer
2026-05-08T13:28:00.484198+00:00,Telco,MCAR,10%,Mean/Mode,,2053,MonthlyCharges,64.775522716554,83.35,18.574477283446,tabular_imputer
2026-05-08T13:28:00.484198+00:00,Telco,MCAR,10%,Mean/Mode,,2063,MonthlyCharges,64.775522716554,76.4,11.624477283446012,tabular_imputer
2026-05-08T13:28:00.484198+00:00,Telco,MCAR,10%,Mean/Mode,,2068,MonthlyCharges,64.775522716554,100.75,35.97447728344601,tabular_imputer
2026-05-08T13:28:00.484198+00:00,Telco,MCAR,10%,Mean/Mode,,2069,MonthlyCharges,64.775522716554,95.6,30.824477283446,tabular_imputer
2026-05-08T13:28:00.484198+00:00,Telco,MCAR,10%,Mean/Mode,,2081,MonthlyCharges,64.775522716554,75.3,10.524477283446004,tabular_imputer
2026-05-08T13:28:00.484198+00:00,Telco,MCAR,10%,Mean/Mode,,2088,MonthlyCharges,64.775522716554,55.8,8.975522716553996,tabular_imputer
2026-05-08T13:28:00.484198+00:00,Telco,MCAR,10%,Mean/Mode,,2096,MonthlyCharges,64.775522716554,19.3,45.475522716554,tabular_imputer
2026-05-08T13:28:00.484198+00:00,Telco,MCAR,10%,Mean/Mode,,2103,MonthlyCharges,64.775522716554,70.2,5.424477283446009,tabular_imputer
2026-05-08T13:28:00.484198+00:00,Telco,MCAR,10%,Mean/Mode,,2104,MonthlyCharges,64.775522716554,85.2,20.42447728344601,tabular_imputer
2026-05-08T13:28:00.484198+00:00,Telco,MCAR,10%,Mean/Mode,,2109,MonthlyCharges,64.775522716554,26.1,38.67552271655399,tabular_imputer
2026-05-08T13:28:00.484198+00:00,Telco,MCAR,10%,Mean/Mode,,2110,MonthlyCharges,64.775522716554,20.2,44.57552271655399,tabular_imputer
2026-05-08T13:28:00.484198+00:00,Telco,MCAR,10%,Mean/Mode,,2143,MonthlyCharges,64.775522716554,74.85,10.074477283446,tabular_imputer
2026-05-08T13:28:00.484198+00:00,Telco,MCAR,10%,Mean/Mode,,2148,MonthlyCharges,64.775522716554,19.55,45.225522716554,tabular_imputer
2026-05-08T13:28:00.484198+00:00,Telco,MCAR,10%,Mean/Mode,,2152,MonthlyCharges,64.775522716554,50.1,14.675522716553992,tabular_imputer
2026-05-08T13:28:00.484198+00:00,Telco,MCAR,10%,Mean/Mode,,2158,MonthlyCharges,64.775522716554,84.5,19.724477283446006,tabular_imputer
2026-05-08T13:28:00.484198+00:00,Telco,MCAR,10%,Mean/Mode,,2162,MonthlyCharges,64.775522716554,96.6,31.824477283446,tabular_imputer
2026-05-08T13:28:00.484198+00:00,Telco,MCAR,10%,Mean/Mode,,2164,MonthlyCharges,64.775522716554,101.1,36.324477283446,tabular_imputer
2026-05-08T13:28:00.484198+00:00,Telco,MCAR,10%,Mean/Mode,,2169,MonthlyCharges,64.775522716554,81.0,16.224477283446006,tabular_imputer
2026-05-08T13:28:00.484198+00:00,Telco,MCAR,10%,Mean/Mode,,2176,MonthlyCharges,64.775522716554,19.4,45.375522716553995,tabular_imputer
2026-05-08T13:28:00.484198+00:00,Telco,MCAR,10%,Mean/Mode,,2177,MonthlyCharges,64.775522716554,102.65,37.87447728344601,tabular_imputer
2026-05-08T13:28:00.484198+00:00,Telco,MCAR,10%,Mean/Mode,,2186,MonthlyCharges,64.775522716554,19.95,44.82552271655399,tabular_imputer
2026-05-08T13:28:00.484198+00:00,Telco,MCAR,10%,Mean/Mode,,2196,MonthlyCharges,64.775522716554,20.2,44.57552271655399,tabular_imputer
2026-05-08T13:28:00.484198+00:00,Telco,MCAR,10%,Mean/Mode,,2203,MonthlyCharges,64.775522716554,104.9,40.12447728344601,tabular_imputer
2026-05-08T13:28:00.484198+00:00,Telco,MCAR,10%,Mean/Mode,,2204,MonthlyCharges,64.775522716554,111.3,46.524477283446,tabular_imputer
2026-05-08T13:28:00.484198+00:00,Telco,MCAR,10%,Mean/Mode,,2210,MonthlyCharges,64.775522716554,104.0,39.22447728344601,tabular_imputer
2026-05-08T13:28:00.484198+00:00,Telco,MCAR,10%,Mean/Mode,,2232,MonthlyCharges,64.775522716554,19.45,45.32552271655399,tabular_imputer
2026-05-08T13:28:00.484198+00:00,Telco,MCAR,10%,Mean/Mode,,2236,MonthlyCharges,64.775522716554,71.45,6.674477283446009,tabular_imputer
2026-05-08T13:28:00.484198+00:00,Telco,MCAR,10%,Mean/Mode,,2252,MonthlyCharges,64.775522716554,19.8,44.975522716554,tabular_imputer
2026-05-08T13:28:00.484198+00:00,Telco,MCAR,10%,Mean/Mode,,2256,MonthlyCharges,64.775522716554,65.6,0.8244772834460008,tabular_imputer
2026-05-08T13:28:00.484198+00:00,Telco,MCAR,10%,Mean/Mode,,2259,MonthlyCharges,64.775522716554,20.85,43.92552271655399,tabular_imputer
2026-05-08T13:28:00.484198+00:00,Telco,MCAR,10%,Mean/Mode,,2261,MonthlyCharges,64.775522716554,52.15,12.625522716553997,tabular_imputer
2026-05-08T13:28:00.484198+00:00,Telco,MCAR,10%,Mean/Mode,,2268,MonthlyCharges,64.775522716554,20.6,44.17552271655399,tabular_imputer
2026-05-08T13:28:00.484198+00:00,Telco,MCAR,10%,Mean/Mode,,2269,MonthlyCharges,64.775522716554,70.9,6.124477283446012,tabular_imputer
2026-05-08T13:28:00.484198+00:00,Telco,MCAR,10%,Mean/Mode,,2290,MonthlyCharges,64.775522716554,48.75,16.025522716553994,tabular_imputer
2026-05-08T13:28:00.484198+00:00,Telco,MCAR,10%,Mean/Mode,,2291,MonthlyCharges,64.775522716554,85.65,20.874477283446012,tabular_imputer
2026-05-08T13:28:00.484198+00:00,Telco,MCAR,10%,Mean/Mode,,2302,MonthlyCharges,64.775522716554,91.25,26.474477283446006,tabular_imputer
2026-05-08T13:28:00.484198+00:00,Telco,MCAR,10%,Mean/Mode,,2322,MonthlyCharges,64.775522716554,20.45,44.32552271655399,tabular_imputer
2026-05-08T13:28:00.484198+00:00,Telco,MCAR,10%,Mean/Mode,,2341,MonthlyCharges,64.775522716554,114.9,50.12447728344601,tabular_imputer
2026-05-08T13:28:00.484198+00:00,Telco,MCAR,10%,Mean/Mode,,2343,MonthlyCharges,64.775522716554,46.1,18.675522716553992,tabular_imputer
2026-05-08T13:28:00.484198+00:00,Telco,MCAR,10%,Mean/Mode,,2352,MonthlyCharges,64.775522716554,19.7,45.07552271655399,tabular_imputer
2026-05-08T13:28:00.484198+00:00,Telco,MCAR,10%,Mean/Mode,,2370,MonthlyCharges,64.775522716554,112.55,47.774477283446,tabular_imputer
2026-05-08T13:28:00.484198+00:00,Telco,MCAR,10%,Mean/Mode,,2385,MonthlyCharges,64.775522716554,29.65,35.125522716553995,tabular_imputer
2026-05-08T13:28:00.484198+00:00,Telco,MCAR,10%,Mean/Mode,,2398,MonthlyCharges,64.775522716554,30.25,34.52552271655399,tabular_imputer
2026-05-08T13:28:00.484198+00:00,Telco,MCAR,10%,Mean/Mode,,2413,MonthlyCharges,64.775522716554,49.65,15.125522716553997,tabular_imputer
2026-05-08T13:28:00.484198+00:00,Telco,MCAR,10%,Mean/Mode,,2414,MonthlyCharges,64.775522716554,20.2,44.57552271655399,tabular_imputer
2026-05-08T13:28:00.484198+00:00,Telco,MCAR,10%,Mean/Mode,,2436,MonthlyCharges,64.775522716554,73.55,8.774477283446004,tabular_imputer
2026-05-08T13:28:00.484198+00:00,Telco,MCAR,10%,Mean/Mode,,2454,MonthlyCharges,64.775522716554,24.55,40.225522716554,tabular_imputer
2026-05-08T13:28:00.484198+00:00,Telco,MCAR,10%,Mean/Mode,,2481,MonthlyCharges,64.775522716554,25.0,39.77552271655399,tabular_imputer
2026-05-08T13:28:00.484198+00:00,Telco,MCAR,10%,Mean/Mode,,2487,MonthlyCharges,64.775522716554,60.45,4.325522716553991,tabular_imputer
2026-05-08T13:28:00.484198+00:00,Telco,MCAR,10%,Mean/Mode,,2491,MonthlyCharges,64.775522716554,20.35,44.42552271655399,tabular_imputer
2026-05-08T13:28:00.484198+00:00,Telco,MCAR,10%,Mean/Mode,,2499,MonthlyCharges,64.775522716554,70.2,5.424477283446009,tabular_imputer
2026-05-08T13:28:00.484198+00:00,Telco,MCAR,10%,Mean/Mode,,2502,MonthlyCharges,64.775522716554,26.05,38.725522716554,tabular_imputer
2026-05-08T13:28:00.484198+00:00,Telco,MCAR,10%,Mean/Mode,,2506,MonthlyCharges,64.775522716554,24.3,40.475522716554,tabular_imputer
2026-05-08T13:28:00.484198+00:00,Telco,MCAR,10%,Mean/Mode,,2509,MonthlyCharges,64.775522716554,25.25,39.52552271655399,tabular_imputer
2026-05-08T13:28:00.484198+00:00,Telco,MCAR,10%,Mean/Mode,,2514,MonthlyCharges,64.775522716554,89.7,24.92447728344601,tabular_imputer
2026-05-08T13:28:00.484198+00:00,Telco,MCAR,10%,Mean/Mode,,2538,MonthlyCharges,64.775522716554,40.55,24.225522716553996,tabular_imputer
2026-05-08T13:28:00.484198+00:00,Telco,MCAR,10%,Mean/Mode,,2555,MonthlyCharges,64.775522716554,60.0,4.7755227165539935,tabular_imputer
2026-05-08T13:28:00.484198+00:00,Telco,MCAR,10%,Mean/Mode,,2567,MonthlyCharges,64.775522716554,95.75,30.974477283446006,tabular_imputer
2026-05-08T13:28:00.484198+00:00,Telco,MCAR,10%,Mean/Mode,,2579,MonthlyCharges,64.775522716554,20.15,44.625522716553995,tabular_imputer
2026-05-08T13:28:00.484198+00:00,Telco,MCAR,10%,Mean/Mode,,2590,MonthlyCharges,64.775522716554,88.4,23.624477283446012,tabular_imputer
2026-05-08T13:28:00.484198+00:00,Telco,MCAR,10%,Mean/Mode,,2595,MonthlyCharges,64.775522716554,80.45,15.67447728344601,tabular_imputer
2026-05-08T13:28:00.484198+00:00,Telco,MCAR,10%,Mean/Mode,,2596,MonthlyCharges,64.775522716554,58.85,5.925522716553992,tabular_imputer
2026-05-08T13:28:00.484198+00:00,Telco,MCAR,10%,Mean/Mode,,2630,MonthlyCharges,64.775522716554,84.65,19.874477283446012,tabular_imputer
2026-05-08T13:28:00.484198+00:00,Telco,MCAR,10%,Mean/Mode,,2645,MonthlyCharges,64.775522716554,19.8,44.975522716554,tabular_imputer
2026-05-08T13:28:00.484198+00:00,Telco,MCAR,10%,Mean/Mode,,2650,MonthlyCharges,64.775522716554,84.35,19.574477283446,tabular_imputer
2026-05-08T13:28:00.484198+00:00,Telco,MCAR,10%,Mean/Mode,,2663,MonthlyCharges,64.775522716554,109.15,44.37447728344601,tabular_imputer
2026-05-08T13:28:00.484198+00:00,Telco,MCAR,10%,Mean/Mode,,2671,MonthlyCharges,64.775522716554,105.4,40.62447728344601,tabular_imputer
2026-05-08T13:28:00.484198+00:00,Telco,MCAR,10%,Mean/Mode,,2704,MonthlyCharges,64.775522716554,60.6,4.175522716553992,tabular_imputer
2026-05-08T13:28:00.484198+00:00,Telco,MCAR,10%,Mean/Mode,,2706,MonthlyCharges,64.775522716554,76.4,11.624477283446012,tabular_imputer
2026-05-08T13:28:00.484198+00:00,Telco,MCAR,10%,Mean/Mode,,2709,MonthlyCharges,64.775522716554,53.95,10.82552271655399,tabular_imputer
2026-05-08T13:28:00.484198+00:00,Telco,MCAR,10%,Mean/Mode,,2710,MonthlyCharges,64.775522716554,20.4,44.375522716553995,tabular_imputer
2026-05-08T13:28:00.484198+00:00,Telco,MCAR,10%,Mean/Mode,,2714,MonthlyCharges,64.775522716554,95.1,30.324477283446,tabular_imputer
2026-05-08T13:28:00.484198+00:00,Telco,MCAR,10%,Mean/Mode,,2726,MonthlyCharges,64.775522716554,20.6,44.17552271655399,tabular_imputer
2026-05-08T13:28:00.484198+00:00,Telco,MCAR,10%,Mean/Mode,,2731,MonthlyCharges,64.775522716554,108.25,43.47447728344601,tabular_imputer
2026-05-08T13:28:00.484198+00:00,Telco,MCAR,10%,Mean/Mode,,2733,MonthlyCharges,64.775522716554,55.3,9.475522716553996,tabular_imputer
2026-05-08T13:28:00.484198+00:00,Telco,MCAR,10%,Mean/Mode,,2734,MonthlyCharges,64.775522716554,20.25,44.52552271655399,tabular_imputer
2026-05-08T13:28:00.484198+00:00,Telco,MCAR,10%,Mean/Mode,,2742,MonthlyCharges,64.775522716554,68.75,3.9744772834460065,tabular_imputer
2026-05-08T13:28:00.484198+00:00,Telco,MCAR,10%,Mean/Mode,,2745,MonthlyCharges,64.775522716554,86.05,21.274477283446004,tabular_imputer
2026-05-08T13:28:00.484198+00:00,Telco,MCAR,10%,Mean/Mode,,2755,MonthlyCharges,64.775522716554,19.6,45.17552271655399,tabular_imputer
2026-05-08T13:28:00.484198+00:00,Telco,MCAR,10%,Mean/Mode,,2760,MonthlyCharges,64.775522716554,20.65,44.125522716553995,tabular_imputer
2026-05-08T13:28:00.484198+00:00,Telco,MCAR,10%,Mean/Mode,,2796,MonthlyCharges,64.775522716554,89.8,25.024477283446004,tabular_imputer
2026-05-08T13:28:00.484198+00:00,Telco,MCAR,10%,Mean/Mode,,2820,MonthlyCharges,64.775522716554,24.05,40.725522716554,tabular_imputer
2026-05-08T13:28:00.484198+00:00,Telco,MCAR,10%,Mean/Mode,,2836,MonthlyCharges,64.775522716554,98.7,33.92447728344601,tabular_imputer
2026-05-08T13:28:00.484198+00:00,Telco,MCAR,10%,Mean/Mode,,2845,MonthlyCharges,64.775522716554,94.2,29.42447728344601,tabular_imputer
2026-05-08T13:28:00.484198+00:00,Telco,MCAR,10%,Mean/Mode,,2846,MonthlyCharges,64.775522716554,62.15,2.625522716553995,tabular_imputer
2026-05-08T13:28:00.484198+00:00,Telco,MCAR,10%,Mean/Mode,,2861,MonthlyCharges,64.775522716554,81.95,17.17447728344601,tabular_imputer
2026-05-08T13:28:00.484198+00:00,Telco,MCAR,10%,Mean/Mode,,2869,MonthlyCharges,64.775522716554,91.1,26.324477283446,tabular_imputer
2026-05-08T13:28:00.484198+00:00,Telco,MCAR,10%,Mean/Mode,,2871,MonthlyCharges,64.775522716554,86.1,21.324477283446,tabular_imputer
2026-05-08T13:28:00.484198+00:00,Telco,MCAR,10%,Mean/Mode,,2879,MonthlyCharges,64.775522716554,102.95,38.17447728344601,tabular_imputer
2026-05-08T13:28:00.484198+00:00,Telco,MCAR,10%,Mean/Mode,,2887,MonthlyCharges,64.775522716554,45.05,19.725522716553996,tabular_imputer
2026-05-08T13:28:00.484198+00:00,Telco,MCAR,10%,Mean/Mode,,2905,MonthlyCharges,64.775522716554,79.2,14.42447728344601,tabular_imputer
2026-05-08T13:28:00.484198+00:00,Telco,MCAR,10%,Mean/Mode,,2910,MonthlyCharges,64.775522716554,25.4,39.375522716553995,tabular_imputer
2026-05-08T13:28:00.484198+00:00,Telco,MCAR,10%,Mean/Mode,,2918,MonthlyCharges,64.775522716554,43.35,21.425522716553992,tabular_imputer
2026-05-08T13:28:00.484198+00:00,Telco,MCAR,10%,Mean/Mode,,2938,MonthlyCharges,64.775522716554,97.75,32.97447728344601,tabular_imputer
2026-05-08T13:28:00.484198+00:00,Telco,MCAR,10%,Mean/Mode,,2941,MonthlyCharges,64.775522716554,97.95,33.17447728344601,tabular_imputer
2026-05-08T13:28:00.484198+00:00,Telco,MCAR,10%,Mean/Mode,,2946,MonthlyCharges,64.775522716554,80.75,15.974477283446006,tabular_imputer
2026-05-08T13:28:00.484198+00:00,Telco,MCAR,10%,Mean/Mode,,2956,MonthlyCharges,64.775522716554,99.0,34.22447728344601,tabular_imputer
2026-05-08T13:28:00.484198+00:00,Telco,MCAR,10%,Mean/Mode,,2973,MonthlyCharges,64.775522716554,100.15,35.37447728344601,tabular_imputer
2026-05-08T13:28:00.484198+00:00,Telco,MCAR,10%,Mean/Mode,,2981,MonthlyCharges,64.775522716554,20.5,44.27552271655399,tabular_imputer
2026-05-08T13:28:00.484198+00:00,Telco,MCAR,10%,Mean/Mode,,2985,MonthlyCharges,64.775522716554,113.2,48.42447728344601,tabular_imputer
2026-05-08T13:28:00.484198+00:00,Telco,MCAR,10%,Mean/Mode,,2986,MonthlyCharges,64.775522716554,69.05,4.274477283446004,tabular_imputer
2026-05-08T13:28:00.484198+00:00,Telco,MCAR,10%,Mean/Mode,,2994,MonthlyCharges,64.775522716554,38.6,26.175522716553992,tabular_imputer
2026-05-08T13:28:00.484198+00:00,Telco,MCAR,10%,Mean/Mode,,3002,MonthlyCharges,64.775522716554,81.7,16.92447728344601,tabular_imputer
2026-05-08T13:28:00.484198+00:00,Telco,MCAR,10%,Mean/Mode,,3019,MonthlyCharges,64.775522716554,55.15,9.625522716553997,tabular_imputer
2026-05-08T13:28:00.484198+00:00,Telco,MCAR,10%,Mean/Mode,,3038,MonthlyCharges,64.775522716554,105.6,40.824477283446,tabular_imputer
2026-05-08T13:28:00.484198+00:00,Telco,MCAR,10%,Mean/Mode,,3090,MonthlyCharges,64.775522716554,53.5,11.275522716553994,tabular_imputer
2026-05-08T13:28:00.484198+00:00,Telco,MCAR,10%,Mean/Mode,,3099,MonthlyCharges,64.775522716554,20.15,44.625522716553995,tabular_imputer
2026-05-08T13:28:00.484198+00:00,Telco,MCAR,10%,Mean/Mode,,3103,MonthlyCharges,64.775522716554,19.45,45.32552271655399,tabular_imputer
2026-05-08T13:28:00.484198+00:00,Telco,MCAR,10%,Mean/Mode,,3109,MonthlyCharges,64.775522716554,25.95,38.82552271655399,tabular_imputer
2026-05-08T13:28:00.484198+00:00,Telco,MCAR,10%,Mean/Mode,,3114,MonthlyCharges,64.775522716554,75.15,10.374477283446012,tabular_imputer
2026-05-08T13:28:00.484198+00:00,Telco,MCAR,10%,Mean/Mode,,3115,MonthlyCharges,64.775522716554,84.45,19.67447728344601,tabular_imputer
2026-05-08T13:28:00.484198+00:00,Telco,MCAR,10%,Mean/Mode,,3121,MonthlyCharges,64.775522716554,59.4,5.375522716553995,tabular_imputer
2026-05-08T13:28:00.484198+00:00,Telco,MCAR,10%,Mean/Mode,,3123,MonthlyCharges,64.775522716554,69.95,5.174477283446009,tabular_imputer
2026-05-08T13:28:00.484198+00:00,Telco,MCAR,10%,Mean/Mode,,3155,MonthlyCharges,64.775522716554,19.85,44.92552271655399,tabular_imputer
2026-05-08T13:28:00.484198+00:00,Telco,MCAR,10%,Mean/Mode,,3159,MonthlyCharges,64.775522716554,94.85,30.074477283446,tabular_imputer
2026-05-08T13:28:00.484198+00:00,Telco,MCAR,10%,Mean/Mode,,3165,MonthlyCharges,64.775522716554,20.25,44.52552271655399,tabular_imputer
2026-05-08T13:28:00.484198+00:00,Telco,MCAR,10%,Mean/Mode,,3183,MonthlyCharges,64.775522716554,36.45,28.32552271655399,tabular_imputer
2026-05-08T13:28:00.484198+00:00,Telco,MCAR,10%,Mean/Mode,,3184,MonthlyCharges,64.775522716554,83.3,18.524477283446004,tabular_imputer
2026-05-08T13:28:00.484198+00:00,Telco,MCAR,10%,Mean/Mode,,3200,MonthlyCharges,64.775522716554,104.3,39.524477283446,tabular_imputer
2026-05-08T13:28:00.484198+00:00,Telco,MCAR,10%,Mean/Mode,,3217,MonthlyCharges,64.775522716554,20.45,44.32552271655399,tabular_imputer
2026-05-08T13:28:00.484198+00:00,Telco,MCAR,10%,Mean/Mode,,3229,MonthlyCharges,64.775522716554,94.2,29.42447728344601,tabular_imputer
2026-05-08T13:28:00.484198+00:00,Telco,MCAR,10%,Mean/Mode,,3230,MonthlyCharges,64.775522716554,19.55,45.225522716554,tabular_imputer
2026-05-08T13:28:00.484198+00:00,Telco,MCAR,10%,Mean/Mode,,3231,MonthlyCharges,64.775522716554,84.45,19.67447728344601,tabular_imputer
2026-05-08T13:28:00.484198+00:00,Telco,MCAR,10%,Mean/Mode,,3233,MonthlyCharges,64.775522716554,29.9,34.875522716553995,tabular_imputer
2026-05-08T13:28:00.484198+00:00,Telco,MCAR,10%,Mean/Mode,,3241,MonthlyCharges,64.775522716554,20.1,44.67552271655399,tabular_imputer
2026-05-08T13:28:00.484198+00:00,Telco,MCAR,10%,Mean/Mode,,3283,MonthlyCharges,64.775522716554,20.35,44.42552271655399,tabular_imputer
2026-05-08T13:28:00.484198+00:00,Telco,MCAR,10%,Mean/Mode,,3285,MonthlyCharges,64.775522716554,69.2,4.424477283446009,tabular_imputer
2026-05-08T13:28:00.484198+00:00,Telco,MCAR,10%,Mean/Mode,,3297,MonthlyCharges,64.775522716554,84.35,19.574477283446,tabular_imputer
2026-05-08T13:28:00.484198+00:00,Telco,MCAR,10%,Mean/Mode,,3313,MonthlyCharges,64.775522716554,19.2,45.57552271655399,tabular_imputer
2026-05-08T13:28:00.484198+00:00,Telco,MCAR,10%,Mean/Mode,,3326,MonthlyCharges,64.775522716554,70.15,5.374477283446012,tabular_imputer
2026-05-08T13:28:00.484198+00:00,Telco,MCAR,10%,Mean/Mode,,3330,MonthlyCharges,64.775522716554,97.8,33.024477283446004,tabular_imputer
2026-05-08T13:28:00.484198+00:00,Telco,MCAR,10%,Mean/Mode,,3337,MonthlyCharges,64.775522716554,75.35,10.574477283446,tabular_imputer
2026-05-08T13:28:00.484198+00:00,Telco,MCAR,10%,Mean/Mode,,3338,MonthlyCharges,64.775522716554,89.4,24.624477283446012,tabular_imputer
2026-05-08T13:28:00.484198+00:00,Telco,MCAR,10%,Mean/Mode,,3342,MonthlyCharges,64.775522716554,62.05,2.7255227165539964,tabular_imputer
2026-05-08T13:28:00.484198+00:00,Telco,MCAR,10%,Mean/Mode,,3351,MonthlyCharges,64.775522716554,53.9,10.875522716553997,tabular_imputer
2026-05-08T13:28:00.484198+00:00,Telco,MCAR,10%,Mean/Mode,,3370,MonthlyCharges,64.775522716554,48.7,16.07552271655399,tabular_imputer
2026-05-08T13:28:00.484198+00:00,Telco,MCAR,10%,Mean/Mode,,3377,MonthlyCharges,64.775522716554,25.05,39.725522716554,tabular_imputer
2026-05-08T13:28:00.484198+00:00,Telco,MCAR,10%,Mean/Mode,,3386,MonthlyCharges,64.775522716554,68.4,3.624477283446012,tabular_imputer
2026-05-08T13:28:00.484198+00:00,Telco,MCAR,10%,Mean/Mode,,3389,MonthlyCharges,64.775522716554,70.6,5.824477283446001,tabular_imputer
2026-05-08T13:28:00.484198+00:00,Telco,MCAR,10%,Mean/Mode,,3441,MonthlyCharges,64.775522716554,60.8,3.975522716553997,tabular_imputer
2026-05-08T13:28:00.484198+00:00,Telco,MCAR,10%,Mean/Mode,,3472,MonthlyCharges,64.775522716554,104.75,39.97447728344601,tabular_imputer
2026-05-08T13:28:00.484198+00:00,Telco,MCAR,10%,Mean/Mode,,3498,MonthlyCharges,64.775522716554,75.2,10.42447728344601,tabular_imputer
2026-05-08T13:28:00.484198+00:00,Telco,MCAR,10%,Mean/Mode,,3503,MonthlyCharges,64.775522716554,104.25,39.47447728344601,tabular_imputer
2026-05-08T13:28:00.484198+00:00,Telco,MCAR,10%,Mean/Mode,,3513,MonthlyCharges,64.775522716554,20.95,43.82552271655399,tabular_imputer
2026-05-08T13:28:00.484198+00:00,Telco,MCAR,10%,Mean/Mode,,3517,MonthlyCharges,64.775522716554,109.5,44.72447728344601,tabular_imputer
2026-05-08T13:28:00.484198+00:00,Telco,MCAR,10%,Mean/Mode,,3518,MonthlyCharges,64.775522716554,19.45,45.32552271655399,tabular_imputer
2026-05-08T13:28:00.484198+00:00,Telco,MCAR,10%,Mean/Mode,,3521,MonthlyCharges,64.775522716554,53.45,11.32552271655399,tabular_imputer
2026-05-08T13:28:00.484198+00:00,Telco,MCAR,10%,Mean/Mode,,3534,MonthlyCharges,64.775522716554,105.2,40.42447728344601,tabular_imputer
2026-05-08T13:28:00.484198+00:00,Telco,MCAR,10%,Mean/Mode,,3583,MonthlyCharges,64.775522716554,60.3,4.475522716553996,tabular_imputer
2026-05-08T13:28:00.484198+00:00,Telco,MCAR,10%,Mean/Mode,,3589,MonthlyCharges,64.775522716554,59.7,5.075522716553991,tabular_imputer
2026-05-08T13:28:00.484198+00:00,Telco,MCAR,10%,Mean/Mode,,3608,MonthlyCharges,64.775522716554,75.25,10.474477283446006,tabular_imputer
2026-05-08T13:28:00.484198+00:00,Telco,MCAR,10%,Mean/Mode,,3620,MonthlyCharges,64.775522716554,50.0,14.775522716553994,tabular_imputer
2026-05-08T13:28:00.484198+00:00,Telco,MCAR,10%,Mean/Mode,,3621,MonthlyCharges,64.775522716554,24.4,40.375522716553995,tabular_imputer
2026-05-08T13:28:00.484198+00:00,Telco,MCAR,10%,Mean/Mode,,3632,MonthlyCharges,64.775522716554,79.65,14.874477283446012,tabular_imputer
2026-05-08T13:28:00.484198+00:00,Telco,MCAR,10%,Mean/Mode,,3640,MonthlyCharges,64.775522716554,95.9,31.124477283446012,tabular_imputer
2026-05-08T13:28:00.484198+00:00,Telco,MCAR,10%,Mean/Mode,,3656,MonthlyCharges,64.775522716554,49.8,14.975522716553996,tabular_imputer
2026-05-08T13:28:00.484198+00:00,Telco,MCAR,10%,Mean/Mode,,3723,MonthlyCharges,64.775522716554,20.45,44.32552271655399,tabular_imputer
2026-05-08T13:28:00.484198+00:00,Telco,MCAR,10%,Mean/Mode,,3733,MonthlyCharges,64.775522716554,35.05,29.725522716553996,tabular_imputer
2026-05-08T13:28:00.484198+00:00,Telco,MCAR,10%,Mean/Mode,,3745,MonthlyCharges,64.775522716554,94.25,29.474477283446006,tabular_imputer
2026-05-08T13:28:00.484198+00:00,Telco,MCAR,10%,Mean/Mode,,3748,MonthlyCharges,64.775522716554,78.9,14.124477283446012,tabular_imputer
2026-05-08T13:28:00.484198+00:00,Telco,MCAR,10%,Mean/Mode,,3777,MonthlyCharges,64.775522716554,19.3,45.475522716554,tabular_imputer
2026-05-08T13:28:00.484198+00:00,Telco,MCAR,10%,Mean/Mode,,3801,MonthlyCharges,64.775522716554,85.45,20.67447728344601,tabular_imputer
2026-05-08T13:28:00.484198+00:00,Telco,MCAR,10%,Mean/Mode,,3821,MonthlyCharges,64.775522716554,74.2,9.42447728344601,tabular_imputer
2026-05-08T13:28:00.484198+00:00,Telco,MCAR,10%,Mean/Mode,,3822,MonthlyCharges,64.775522716554,94.05,29.274477283446004,tabular_imputer
2026-05-08T13:28:00.484198+00:00,Telco,MCAR,10%,Mean/Mode,,3850,MonthlyCharges,64.775522716554,83.25,18.474477283446006,tabular_imputer
2026-05-08T13:28:00.484198+00:00,Telco,MCAR,10%,Mean/Mode,,3861,MonthlyCharges,64.775522716554,105.45,40.67447728344601,tabular_imputer
2026-05-08T13:28:00.484198+00:00,Telco,MCAR,10%,Mean/Mode,,3871,MonthlyCharges,64.775522716554,101.55,36.774477283446,tabular_imputer
2026-05-08T13:28:00.484198+00:00,Telco,MCAR,10%,Mean/Mode,,3878,MonthlyCharges,64.775522716554,116.05,51.274477283446,tabular_imputer
2026-05-08T13:28:00.484198+00:00,Telco,MCAR,10%,Mean/Mode,,3887,MonthlyCharges,64.775522716554,74.95,10.17447728344601,tabular_imputer
2026-05-08T13:28:00.484198+00:00,Telco,MCAR,10%,Mean/Mode,,3894,MonthlyCharges,64.775522716554,118.6,53.824477283446,tabular_imputer
2026-05-08T13:28:00.484198+00:00,Telco,MCAR,10%,Mean/Mode,,3902,MonthlyCharges,64.775522716554,29.9,34.875522716553995,tabular_imputer
2026-05-08T13:28:00.484198+00:00,Telco,MCAR,10%,Mean/Mode,,3910,MonthlyCharges,64.775522716554,106.4,41.62447728344601,tabular_imputer
2026-05-08T13:28:00.484198+00:00,Telco,MCAR,10%,Mean/Mode,,3916,MonthlyCharges,64.775522716554,69.95,5.174477283446009,tabular_imputer
2026-05-08T13:28:00.484198+00:00,Telco,MCAR,10%,Mean/Mode,,3918,MonthlyCharges,64.775522716554,90.2,25.42447728344601,tabular_imputer
2026-05-08T13:28:00.484198+00:00,Telco,MCAR,10%,Mean/Mode,,3982,MonthlyCharges,64.775522716554,24.35,40.42552271655399,tabular_imputer
2026-05-08T13:28:00.484198+00:00,Telco,MCAR,10%,Mean/Mode,,3984,MonthlyCharges,64.775522716554,25.1,39.67552271655399,tabular_imputer
2026-05-08T13:28:00.484198+00:00,Telco,MCAR,10%,Mean/Mode,,3995,MonthlyCharges,64.775522716554,74.9,10.124477283446012,tabular_imputer
2026-05-08T13:28:00.484198+00:00,Telco,MCAR,10%,Mean/Mode,,3998,MonthlyCharges,64.775522716554,54.5,10.275522716553994,tabular_imputer
2026-05-08T13:28:00.484198+00:00,Telco,MCAR,10%,Mean/Mode,,4012,MonthlyCharges,64.775522716554,50.55,14.225522716553996,tabular_imputer
2026-05-08T13:28:00.484198+00:00,Telco,MCAR,10%,Mean/Mode,,4016,MonthlyCharges,64.775522716554,45.35,19.425522716553992,tabular_imputer
2026-05-08T13:28:00.484198+00:00,Telco,MCAR,10%,Mean/Mode,,4055,MonthlyCharges,64.775522716554,46.2,18.57552271655399,tabular_imputer
2026-05-08T13:28:00.484198+00:00,Telco,MCAR,10%,Mean/Mode,,4058,MonthlyCharges,64.775522716554,84.85,20.074477283446,tabular_imputer
2026-05-08T13:28:00.484198+00:00,Telco,MCAR,10%,Mean/Mode,,4065,MonthlyCharges,64.775522716554,19.75,45.02552271655399,tabular_imputer
2026-05-08T13:28:00.484198+00:00,Telco,MCAR,10%,Mean/Mode,,4070,MonthlyCharges,64.775522716554,74.0,9.224477283446006,tabular_imputer
2026-05-08T13:28:00.484198+00:00,Telco,MCAR,10%,Mean/Mode,,4072,MonthlyCharges,64.775522716554,79.55,14.774477283446004,tabular_imputer
2026-05-08T13:28:00.484198+00:00,Telco,MCAR,10%,Mean/Mode,,4077,MonthlyCharges,64.775522716554,95.8,31.024477283446004,tabular_imputer
2026-05-08T13:28:00.484198+00:00,Telco,MCAR,10%,Mean/Mode,,4082,MonthlyCharges,64.775522716554,84.35,19.574477283446,tabular_imputer
2026-05-08T13:28:00.484198+00:00,Telco,MCAR,10%,Mean/Mode,,4105,MonthlyCharges,64.775522716554,106.7,41.92447728344601,tabular_imputer
2026-05-08T13:28:00.484198+00:00,Telco,MCAR,10%,Mean/Mode,,4120,MonthlyCharges,64.775522716554,78.95,14.17447728344601,tabular_imputer
2026-05-08T13:28:00.484198+00:00,Telco,MCAR,10%,Mean/Mode,,4123,MonthlyCharges,64.775522716554,71.55,6.774477283446004,tabular_imputer
2026-05-08T13:28:00.484198+00:00,Telco,MCAR,10%,Mean/Mode,,4130,MonthlyCharges,64.775522716554,36.25,28.525522716553994,tabular_imputer
2026-05-08T13:28:00.484198+00:00,Telco,MCAR,10%,Mean/Mode,,4136,MonthlyCharges,64.775522716554,19.9,44.875522716553995,tabular_imputer
2026-05-08T13:28:00.484198+00:00,Telco,MCAR,10%,Mean/Mode,,4140,MonthlyCharges,64.775522716554,99.9,35.12447728344601,tabular_imputer
2026-05-08T13:28:00.484198+00:00,Telco,MCAR,10%,Mean/Mode,,4149,MonthlyCharges,64.775522716554,49.35,15.425522716553992,tabular_imputer
2026-05-08T13:28:00.484198+00:00,Telco,MCAR,10%,Mean/Mode,,4151,MonthlyCharges,64.775522716554,55.0,9.775522716553994,tabular_imputer
2026-05-08T13:28:00.484198+00:00,Telco,MCAR,10%,Mean/Mode,,4152,MonthlyCharges,64.775522716554,76.15,11.374477283446012,tabular_imputer
2026-05-08T13:28:00.484198+00:00,Telco,MCAR,10%,Mean/Mode,,4156,MonthlyCharges,64.775522716554,19.75,45.02552271655399,tabular_imputer
2026-05-08T13:28:00.484198+00:00,Telco,MCAR,10%,Mean/Mode,,4164,MonthlyCharges,64.775522716554,110.9,46.12447728344601,tabular_imputer
2026-05-08T13:28:00.484198+00:00,Telco,MCAR,10%,Mean/Mode,,4183,MonthlyCharges,64.775522716554,33.6,31.175522716553992,tabular_imputer
2026-05-08T13:28:00.484198+00:00,Telco,MCAR,10%,Mean/Mode,,4187,MonthlyCharges,64.775522716554,20.25,44.52552271655399,tabular_imputer
2026-05-08T13:28:00.484198+00:00,Telco,MCAR,10%,Mean/Mode,,4198,MonthlyCharges,64.775522716554,23.05,41.725522716554,tabular_imputer
2026-05-08T13:28:00.484198+00:00,Telco,MCAR,10%,Mean/Mode,,4203,MonthlyCharges,64.775522716554,20.05,44.725522716554,tabular_imputer
2026-05-08T13:28:00.484198+00:00,Telco,MCAR,10%,Mean/Mode,,4210,MonthlyCharges,64.775522716554,65.2,0.4244772834460093,tabular_imputer
2026-05-08T13:28:00.484198+00:00,Telco,MCAR,10%,Mean/Mode,,4227,MonthlyCharges,64.775522716554,80.65,15.874477283446012,tabular_imputer
2026-05-08T13:28:00.484198+00:00,Telco,MCAR,10%,Mean/Mode,,4239,MonthlyCharges,64.775522716554,36.1,28.675522716553992,tabular_imputer
2026-05-08T13:28:00.484198+00:00,Telco,MCAR,10%,Mean/Mode,,4247,MonthlyCharges,64.775522716554,106.35,41.574477283446,tabular_imputer
2026-05-08T13:28:00.484198+00:00,Telco,MCAR,10%,Mean/Mode,,4262,MonthlyCharges,64.775522716554,66.4,1.6244772834460122,tabular_imputer
2026-05-08T13:28:00.484198+00:00,Telco,MCAR,10%,Mean/Mode,,4274,MonthlyCharges,64.775522716554,18.85,45.92552271655399,tabular_imputer
2026-05-08T13:28:00.484198+00:00,Telco,MCAR,10%,Mean/Mode,,4278,MonthlyCharges,64.775522716554,97.05,32.274477283446004,tabular_imputer
2026-05-08T13:28:00.484198+00:00,Telco,MCAR,10%,Mean/Mode,,4281,MonthlyCharges,64.775522716554,35.0,29.775522716553994,tabular_imputer
2026-05-08T13:28:00.484198+00:00,Telco,MCAR,10%,Mean/Mode,,4282,MonthlyCharges,64.775522716554,101.25,36.47447728344601,tabular_imputer
2026-05-08T13:28:00.484198+00:00,Telco,MCAR,10%,Mean/Mode,,4283,MonthlyCharges,64.775522716554,70.2,5.424477283446009,tabular_imputer
2026-05-08T13:28:00.484198+00:00,Telco,MCAR,10%,Mean/Mode,,4294,MonthlyCharges,64.775522716554,85.15,20.374477283446012,tabular_imputer
2026-05-08T13:28:00.484198+00:00,Telco,MCAR,10%,Mean/Mode,,4309,MonthlyCharges,64.775522716554,50.6,14.175522716553992,tabular_imputer
2026-05-08T13:28:00.484198+00:00,Telco,MCAR,10%,Mean/Mode,,4314,MonthlyCharges,64.775522716554,101.25,36.47447728344601,tabular_imputer
2026-05-08T13:28:00.484198+00:00,Telco,MCAR,10%,Mean/Mode,,4327,MonthlyCharges,64.775522716554,69.9,5.124477283446012,tabular_imputer
2026-05-08T13:28:00.484198+00:00,Telco,MCAR,10%,Mean/Mode,,4346,MonthlyCharges,64.775522716554,66.4,1.6244772834460122,tabular_imputer
2026-05-08T13:28:00.484198+00:00,Telco,MCAR,10%,Mean/Mode,,4371,MonthlyCharges,64.775522716554,24.5,40.27552271655399,tabular_imputer
2026-05-08T13:28:00.484198+00:00,Telco,MCAR,10%,Mean/Mode,,4372,MonthlyCharges,64.775522716554,20.15,44.625522716553995,tabular_imputer
2026-05-08T13:28:00.484198+00:00,Telco,MCAR,10%,Mean/Mode,,4381,MonthlyCharges,64.775522716554,90.85,26.074477283446,tabular_imputer
2026-05-08T13:28:00.484198+00:00,Telco,MCAR,10%,Mean/Mode,,4392,MonthlyCharges,64.775522716554,19.2,45.57552271655399,tabular_imputer
2026-05-08T13:28:00.484198+00:00,Telco,MCAR,10%,Mean/Mode,,4420,MonthlyCharges,64.775522716554,69.35,4.574477283446001,tabular_imputer
2026-05-08T13:28:00.484198+00:00,Telco,MCAR,10%,Mean/Mode,,4436,MonthlyCharges,64.775522716554,60.6,4.175522716553992,tabular_imputer
2026-05-08T13:28:00.484198+00:00,Telco,MCAR,10%,Mean/Mode,,4455,MonthlyCharges,64.775522716554,50.45,14.32552271655399,tabular_imputer
2026-05-08T13:28:00.484198+00:00,Telco,MCAR,10%,Mean/Mode,,4456,MonthlyCharges,64.775522716554,24.95,39.82552271655399,tabular_imputer
2026-05-08T13:28:00.484198+00:00,Telco,MCAR,10%,Mean/Mode,,4460,MonthlyCharges,64.775522716554,78.2,13.42447728344601,tabular_imputer
2026-05-08T13:28:00.484198+00:00,Telco,MCAR,10%,Mean/Mode,,4463,MonthlyCharges,64.775522716554,69.85,5.074477283446001,tabular_imputer
2026-05-08T13:28:00.484198+00:00,Telco,MCAR,10%,Mean/Mode,,4465,MonthlyCharges,64.775522716554,50.05,14.725522716553996,tabular_imputer
2026-05-08T13:28:00.484198+00:00,Telco,MCAR,10%,Mean/Mode,,4468,MonthlyCharges,64.775522716554,25.4,39.375522716553995,tabular_imputer
2026-05-08T13:28:00.484198+00:00,Telco,MCAR,10%,Mean/Mode,,4469,MonthlyCharges,64.775522716554,90.1,25.324477283446,tabular_imputer
2026-05-08T13:28:00.484198+00:00,Telco,MCAR,10%,Mean/Mode,,4475,MonthlyCharges,64.775522716554,19.55,45.225522716554,tabular_imputer
2026-05-08T13:28:00.484198+00:00,Telco,MCAR,10%,Mean/Mode,,4498,MonthlyCharges,64.775522716554,20.0,44.77552271655399,tabular_imputer
2026-05-08T13:28:00.484198+00:00,Telco,MCAR,10%,Mean/Mode,,4500,MonthlyCharges,64.775522716554,103.9,39.12447728344601,tabular_imputer
2026-05-08T13:28:00.484198+00:00,Telco,MCAR,10%,Mean/Mode,,4502,MonthlyCharges,64.775522716554,96.8,32.024477283446004,tabular_imputer
2026-05-08T13:28:00.484198+00:00,Telco,MCAR,10%,Mean/Mode,,4514,MonthlyCharges,64.775522716554,80.6,15.824477283446,tabular_imputer
2026-05-08T13:28:00.484198+00:00,Telco,MCAR,10%,Mean/Mode,,4515,MonthlyCharges,64.775522716554,83.2,18.42447728344601,tabular_imputer
2026-05-08T13:28:00.484198+00:00,Telco,MCAR,10%,Mean/Mode,,4523,MonthlyCharges,64.775522716554,75.3,10.524477283446004,tabular_imputer
2026-05-08T13:28:00.484198+00:00,Telco,MCAR,10%,Mean/Mode,,4551,MonthlyCharges,64.775522716554,96.95,32.17447728344601,tabular_imputer
2026-05-08T13:28:00.484198+00:00,Telco,MCAR,10%,Mean/Mode,,4553,MonthlyCharges,64.775522716554,115.8,51.024477283446,tabular_imputer
2026-05-08T13:28:00.484198+00:00,Telco,MCAR,10%,Mean/Mode,,4555,MonthlyCharges,64.775522716554,20.2,44.57552271655399,tabular_imputer
2026-05-08T13:28:00.484198+00:00,Telco,MCAR,10%,Mean/Mode,,4556,MonthlyCharges,64.775522716554,67.75,2.9744772834460065,tabular_imputer
2026-05-08T13:28:00.484198+00:00,Telco,MCAR,10%,Mean/Mode,,4562,MonthlyCharges,64.775522716554,114.6,49.824477283446,tabular_imputer
2026-05-08T13:28:00.484198+00:00,Telco,MCAR,10%,Mean/Mode,,4568,MonthlyCharges,64.775522716554,85.2,20.42447728344601,tabular_imputer
2026-05-08T13:28:00.484198+00:00,Telco,MCAR,10%,Mean/Mode,,4586,MonthlyCharges,64.775522716554,118.75,53.97447728344601,tabular_imputer
2026-05-08T13:28:00.484198+00:00,Telco,MCAR,10%,Mean/Mode,,4592,MonthlyCharges,64.775522716554,24.2,40.57552271655399,tabular_imputer
2026-05-08T13:28:00.484198+00:00,Telco,MCAR,10%,Mean/Mode,,4597,MonthlyCharges,64.775522716554,99.95,35.17447728344601,tabular_imputer
2026-05-08T13:28:00.484198+00:00,Telco,MCAR,10%,Mean/Mode,,4603,MonthlyCharges,64.775522716554,35.1,29.675522716553992,tabular_imputer
2026-05-08T13:28:00.484198+00:00,Telco,MCAR,10%,Mean/Mode,,4604,MonthlyCharges,64.775522716554,99.1,34.324477283446,tabular_imputer
2026-05-08T13:28:00.484198+00:00,Telco,MCAR,10%,Mean/Mode,,4614,MonthlyCharges,64.775522716554,20.25,44.52552271655399,tabular_imputer
2026-05-08T13:28:00.484198+00:00,Telco,MCAR,10%,Mean/Mode,,4618,MonthlyCharges,64.775522716554,94.75,29.974477283446006,tabular_imputer
2026-05-08T13:28:00.484198+00:00,Telco,MCAR,10%,Mean/Mode,,4623,MonthlyCharges,64.775522716554,95.35,30.574477283446,tabular_imputer
2026-05-08T13:28:00.484198+00:00,Telco,MCAR,10%,Mean/Mode,,4624,MonthlyCharges,64.775522716554,94.7,29.92447728344601,tabular_imputer
2026-05-08T13:28:00.484198+00:00,Telco,MCAR,10%,Mean/Mode,,4630,MonthlyCharges,64.775522716554,65.05,0.2744772834460036,tabular_imputer
2026-05-08T13:28:00.484198+00:00,Telco,MCAR,10%,Mean/Mode,,4632,MonthlyCharges,64.775522716554,19.45,45.32552271655399,tabular_imputer
2026-05-08T13:28:00.484198+00:00,Telco,MCAR,10%,Mean/Mode,,4646,MonthlyCharges,64.775522716554,70.7,5.924477283446009,tabular_imputer
2026-05-08T13:28:00.484198+00:00,Telco,MCAR,10%,Mean/Mode,,4652,MonthlyCharges,64.775522716554,19.65,45.125522716553995,tabular_imputer
2026-05-08T13:28:00.484198+00:00,Telco,MCAR,10%,Mean/Mode,,4653,MonthlyCharges,64.775522716554,51.2,13.57552271655399,tabular_imputer
2026-05-08T13:28:00.484198+00:00,Telco,MCAR,10%,Mean/Mode,,4661,MonthlyCharges,64.775522716554,89.0,24.224477283446006,tabular_imputer
2026-05-08T13:28:00.484198+00:00,Telco,MCAR,10%,Mean/Mode,,4663,MonthlyCharges,64.775522716554,74.9,10.124477283446012,tabular_imputer
2026-05-08T13:28:00.484198+00:00,Telco,MCAR,10%,Mean/Mode,,4683,MonthlyCharges,64.775522716554,94.1,29.324477283446,tabular_imputer
2026-05-08T13:28:00.484198+00:00,Telco,MCAR,10%,Mean/Mode,,4691,MonthlyCharges,64.775522716554,100.65,35.87447728344601,tabular_imputer
2026-05-08T13:28:00.484198+00:00,Telco,MCAR,10%,Mean/Mode,,4705,MonthlyCharges,64.775522716554,78.95,14.17447728344601,tabular_imputer
2026-05-08T13:28:00.484198+00:00,Telco,MCAR,10%,Mean/Mode,,4723,MonthlyCharges,64.775522716554,74.35,9.574477283446,tabular_imputer
2026-05-08T13:28:00.484198+00:00,Telco,MCAR,10%,Mean/Mode,,4727,MonthlyCharges,64.775522716554,20.5,44.27552271655399,tabular_imputer
2026-05-08T13:28:00.484198+00:00,Telco,MCAR,10%,Mean/Mode,,4736,MonthlyCharges,64.775522716554,81.25,16.474477283446006,tabular_imputer
2026-05-08T13:28:00.484198+00:00,Telco,MCAR,10%,Mean/Mode,,4744,MonthlyCharges,64.775522716554,20.05,44.725522716554,tabular_imputer
2026-05-08T13:28:00.484198+00:00,Telco,MCAR,10%,Mean/Mode,,4750,MonthlyCharges,64.775522716554,39.55,25.225522716553996,tabular_imputer
2026-05-08T13:28:00.484198+00:00,Telco,MCAR,10%,Mean/Mode,,4759,MonthlyCharges,64.775522716554,78.95,14.17447728344601,tabular_imputer
2026-05-08T13:28:00.484198+00:00,Telco,MCAR,10%,Mean/Mode,,4764,MonthlyCharges,64.775522716554,45.15,19.625522716553995,tabular_imputer
2026-05-08T13:28:00.484198+00:00,Telco,MCAR,10%,Mean/Mode,,4765,MonthlyCharges,64.775522716554,35.8,28.975522716553996,tabular_imputer
2026-05-08T13:28:00.484198+00:00,Telco,MCAR,10%,Mean/Mode,,4769,MonthlyCharges,64.775522716554,19.9,44.875522716553995,tabular_imputer
2026-05-08T13:28:00.484198+00:00,Telco,MCAR,10%,Mean/Mode,,4796,MonthlyCharges,64.775522716554,94.75,29.974477283446006,tabular_imputer
2026-05-08T13:28:00.484198+00:00,Telco,MCAR,10%,Mean/Mode,,4805,MonthlyCharges,64.775522716554,24.55,40.225522716554,tabular_imputer
2026-05-08T13:28:00.484198+00:00,Telco,MCAR,10%,Mean/Mode,,4814,MonthlyCharges,64.775522716554,90.0,25.224477283446006,tabular_imputer
2026-05-08T13:28:00.484198+00:00,Telco,MCAR,10%,Mean/Mode,,4816,MonthlyCharges,64.775522716554,75.0,10.224477283446006,tabular_imputer
2026-05-08T13:28:00.484198+00:00,Telco,MCAR,10%,Mean/Mode,,4832,MonthlyCharges,64.775522716554,70.5,5.7244772834460065,tabular_imputer
2026-05-08T13:28:00.484198+00:00,Telco,MCAR,10%,Mean/Mode,,4859,MonthlyCharges,64.775522716554,108.5,43.72447728344601,tabular_imputer
2026-05-08T13:28:00.484198+00:00,Telco,MCAR,10%,Mean/Mode,,4860,MonthlyCharges,64.775522716554,40.55,24.225522716553996,tabular_imputer
2026-05-08T13:28:00.484198+00:00,Telco,MCAR,10%,Mean/Mode,,4862,MonthlyCharges,64.775522716554,70.95,6.174477283446009,tabular_imputer
2026-05-08T13:28:00.484198+00:00,Telco,MCAR,10%,Mean/Mode,,4871,MonthlyCharges,64.775522716554,75.2,10.42447728344601,tabular_imputer
2026-05-08T13:28:00.484198+00:00,Telco,MCAR,10%,Mean/Mode,,4907,MonthlyCharges,64.775522716554,23.85,40.92552271655399,tabular_imputer
2026-05-08T13:28:00.484198+00:00,Telco,MCAR,10%,Mean/Mode,,4918,MonthlyCharges,64.775522716554,19.55,45.225522716554,tabular_imputer
2026-05-08T13:28:00.484198+00:00,Telco,MCAR,10%,Mean/Mode,,4922,MonthlyCharges,64.775522716554,59.8,4.975522716553996,tabular_imputer
2026-05-08T13:28:00.484198+00:00,Telco,MCAR,10%,Mean/Mode,,4934,MonthlyCharges,64.775522716554,110.75,45.97447728344601,tabular_imputer
2026-05-08T13:28:00.484198+00:00,Telco,MCAR,10%,Mean/Mode,,4939,MonthlyCharges,64.775522716554,18.9,45.875522716553995,tabular_imputer
2026-05-08T13:28:00.484198+00:00,Telco,MCAR,10%,Mean/Mode,,4944,MonthlyCharges,64.775522716554,24.4,40.375522716553995,tabular_imputer
2026-05-08T13:28:00.484198+00:00,Telco,MCAR,10%,Mean/Mode,,4945,MonthlyCharges,64.775522716554,20.05,44.725522716554,tabular_imputer
2026-05-08T13:28:00.484198+00:00,Telco,MCAR,10%,Mean/Mode,,4951,MonthlyCharges,64.775522716554,84.3,19.524477283446004,tabular_imputer
2026-05-08T13:28:00.484198+00:00,Telco,MCAR,10%,Mean/Mode,,4984,MonthlyCharges,64.775522716554,59.65,5.125522716553995,tabular_imputer
2026-05-08T13:28:00.484198+00:00,Telco,MCAR,10%,Mean/Mode,,5011,MonthlyCharges,64.775522716554,94.5,29.724477283446006,tabular_imputer
2026-05-08T13:28:00.484198+00:00,Telco,MCAR,10%,Mean/Mode,,5031,MonthlyCharges,64.775522716554,101.5,36.72447728344601,tabular_imputer
2026-05-08T13:28:00.484198+00:00,Telco,MCAR,10%,Mean/Mode,,5050,MonthlyCharges,64.775522716554,106.05,41.274477283446,tabular_imputer
2026-05-08T13:28:00.484198+00:00,Telco,MCAR,10%,Mean/Mode,,5052,MonthlyCharges,64.775522716554,45.65,19.125522716553995,tabular_imputer
2026-05-08T13:28:00.484198+00:00,Telco,MCAR,10%,Mean/Mode,,5066,MonthlyCharges,64.775522716554,54.3,10.475522716553996,tabular_imputer
2026-05-08T13:28:00.484198+00:00,Telco,MCAR,10%,Mean/Mode,,5068,MonthlyCharges,64.775522716554,20.9,43.875522716553995,tabular_imputer
2026-05-08T13:28:00.484198+00:00,Telco,MCAR,10%,Mean/Mode,,5078,MonthlyCharges,64.775522716554,100.25,35.47447728344601,tabular_imputer
2026-05-08T13:28:00.484198+00:00,Telco,MCAR,10%,Mean/Mode,,5097,MonthlyCharges,64.775522716554,96.75,31.974477283446006,tabular_imputer
2026-05-08T13:28:00.484198+00:00,Telco,MCAR,10%,Mean/Mode,,5102,MonthlyCharges,64.775522716554,110.15,45.37447728344601,tabular_imputer
2026-05-08T13:28:00.484198+00:00,Telco,MCAR,10%,Mean/Mode,,5106,MonthlyCharges,64.775522716554,59.45,5.325522716553991,tabular_imputer
2026-05-08T13:28:00.484198+00:00,Telco,MCAR,10%,Mean/Mode,,5110,MonthlyCharges,64.775522716554,73.5,8.724477283446006,tabular_imputer
2026-05-08T13:28:00.484198+00:00,Telco,MCAR,10%,Mean/Mode,,5111,MonthlyCharges,64.775522716554,85.5,20.724477283446006,tabular_imputer
2026-05-08T13:28:00.484198+00:00,Telco,MCAR,10%,Mean/Mode,,5151,MonthlyCharges,64.775522716554,20.35,44.42552271655399,tabular_imputer
2026-05-08T13:28:00.484198+00:00,Telco,MCAR,10%,Mean/Mode,,5154,MonthlyCharges,64.775522716554,104.2,39.42447728344601,tabular_imputer
2026-05-08T13:28:00.484198+00:00,Telco,MCAR,10%,Mean/Mode,,5176,MonthlyCharges,64.775522716554,45.8,18.975522716553996,tabular_imputer
2026-05-08T13:28:00.484198+00:00,Telco,MCAR,10%,Mean/Mode,,5179,MonthlyCharges,64.775522716554,69.35,4.574477283446001,tabular_imputer
2026-05-08T13:28:00.484198+00:00,Telco,MCAR,10%,Mean/Mode,,5198,MonthlyCharges,64.775522716554,80.35,15.574477283446,tabular_imputer
2026-05-08T13:28:00.484198+00:00,Telco,MCAR,10%,Mean/Mode,,5199,MonthlyCharges,64.775522716554,111.5,46.72447728344601,tabular_imputer
2026-05-08T13:28:00.484198+00:00,Telco,MCAR,10%,Mean/Mode,,5204,MonthlyCharges,64.775522716554,24.85,39.92552271655399,tabular_imputer
2026-05-08T13:28:00.484198+00:00,Telco,MCAR,10%,Mean/Mode,,5208,MonthlyCharges,64.775522716554,59.45,5.325522716553991,tabular_imputer
2026-05-08T13:28:00.484198+00:00,Telco,MCAR,10%,Mean/Mode,,5249,MonthlyCharges,64.775522716554,67.2,2.4244772834460093,tabular_imputer
2026-05-08T13:28:00.484198+00:00,Telco,MCAR,10%,Mean/Mode,,5253,MonthlyCharges,64.775522716554,73.0,8.224477283446006,tabular_imputer
2026-05-08T13:28:00.484198+00:00,Telco,MCAR,10%,Mean/Mode,,5264,MonthlyCharges,64.775522716554,29.8,34.975522716553996,tabular_imputer
2026-05-08T13:28:00.484198+00:00,Telco,MCAR,10%,Mean/Mode,,5278,MonthlyCharges,64.775522716554,109.6,44.824477283446,tabular_imputer
2026-05-08T13:28:00.484198+00:00,Telco,MCAR,10%,Mean/Mode,,5288,MonthlyCharges,64.775522716554,79.65,14.874477283446012,tabular_imputer
2026-05-08T13:28:00.484198+00:00,Telco,MCAR,10%,Mean/Mode,,5319,MonthlyCharges,64.775522716554,109.75,44.97447728344601,tabular_imputer
2026-05-08T13:28:00.484198+00:00,Telco,MCAR,10%,Mean/Mode,,5332,MonthlyCharges,64.775522716554,58.9,5.875522716553995,tabular_imputer
2026-05-08T13:28:00.484198+00:00,Telco,MCAR,10%,Mean/Mode,,5333,MonthlyCharges,64.775522716554,88.35,23.574477283446,tabular_imputer
2026-05-08T13:28:00.484198+00:00,Telco,MCAR,10%,Mean/Mode,,5334,MonthlyCharges,64.775522716554,107.95,43.17447728344601,tabular_imputer
2026-05-08T13:28:00.484198+00:00,Telco,MCAR,10%,Mean/Mode,,5338,MonthlyCharges,64.775522716554,45.4,19.375522716553995,tabular_imputer
2026-05-08T13:28:00.484198+00:00,Telco,MCAR,10%,Mean/Mode,,5344,MonthlyCharges,64.775522716554,76.9,12.124477283446012,tabular_imputer
2026-05-08T13:28:00.484198+00:00,Telco,MCAR,10%,Mean/Mode,,5351,MonthlyCharges,64.775522716554,95.5,30.724477283446006,tabular_imputer
2026-05-08T13:28:00.484198+00:00,Telco,MCAR,10%,Mean/Mode,,5354,MonthlyCharges,64.775522716554,89.35,24.574477283446,tabular_imputer
2026-05-08T13:28:00.484198+00:00,Telco,MCAR,10%,Mean/Mode,,5363,MonthlyCharges,64.775522716554,25.35,39.42552271655399,tabular_imputer
2026-05-08T13:28:00.484198+00:00,Telco,MCAR,10%,Mean/Mode,,5368,MonthlyCharges,64.775522716554,70.3,5.524477283446004,tabular_imputer
2026-05-08T13:28:00.484198+00:00,Telco,MCAR,10%,Mean/Mode,,5377,MonthlyCharges,64.775522716554,61.3,3.4755227165539964,tabular_imputer
2026-05-08T13:28:00.484198+00:00,Telco,MCAR,10%,Mean/Mode,,5384,MonthlyCharges,64.775522716554,64.4,0.3755227165539878,tabular_imputer
2026-05-08T13:28:00.484198+00:00,Telco,MCAR,10%,Mean/Mode,,5404,MonthlyCharges,64.775522716554,95.65,30.874477283446012,tabular_imputer
2026-05-08T13:28:00.484198+00:00,Telco,MCAR,10%,Mean/Mode,,5405,MonthlyCharges,64.775522716554,103.8,39.024477283446,tabular_imputer
2026-05-08T13:28:00.484198+00:00,Telco,MCAR,10%,Mean/Mode,,5411,MonthlyCharges,64.775522716554,24.8,39.975522716554,tabular_imputer
2026-05-08T13:28:00.484198+00:00,Telco,MCAR,10%,Mean/Mode,,5415,MonthlyCharges,64.775522716554,50.3,14.475522716553996,tabular_imputer
2026-05-08T13:28:00.484198+00:00,Telco,MCAR,10%,Mean/Mode,,5477,MonthlyCharges,64.775522716554,84.2,19.42447728344601,tabular_imputer
2026-05-08T13:28:00.484198+00:00,Telco,MCAR,10%,Mean/Mode,,5479,MonthlyCharges,64.775522716554,69.05,4.274477283446004,tabular_imputer
2026-05-08T13:28:00.484198+00:00,Telco,MCAR,10%,Mean/Mode,,5495,MonthlyCharges,64.775522716554,73.85,9.074477283446,tabular_imputer
2026-05-08T13:28:00.484198+00:00,Telco,MCAR,10%,Mean/Mode,,5508,MonthlyCharges,64.775522716554,25.15,39.625522716553995,tabular_imputer
2026-05-08T13:28:00.484198+00:00,Telco,MCAR,10%,Mean/Mode,,5514,MonthlyCharges,64.775522716554,48.45,16.32552271655399,tabular_imputer
2026-05-08T13:28:00.484198+00:00,Telco,MCAR,10%,Mean/Mode,,5531,MonthlyCharges,64.775522716554,44.8,19.975522716553996,tabular_imputer
2026-05-08T13:28:00.484198+00:00,Telco,MCAR,10%,Mean/Mode,,5541,MonthlyCharges,64.775522716554,106.6,41.824477283446,tabular_imputer
2026-05-08T13:28:00.484198+00:00,Telco,MCAR,10%,Mean/Mode,,5553,MonthlyCharges,64.775522716554,55.7,9.07552271655399,tabular_imputer
2026-05-08T13:28:00.484198+00:00,Telco,MCAR,10%,Mean/Mode,,5557,MonthlyCharges,64.775522716554,80.2,15.42447728344601,tabular_imputer
2026-05-08T13:28:00.484198+00:00,Telco,MCAR,10%,Mean/Mode,,5571,MonthlyCharges,64.775522716554,79.8,15.024477283446004,tabular_imputer
2026-05-08T13:28:00.484198+00:00,Telco,MCAR,10%,Mean/Mode,,5572,MonthlyCharges,64.775522716554,74.8,10.024477283446004,tabular_imputer
2026-05-08T13:28:00.484198+00:00,Telco,MCAR,10%,Mean/Mode,,5587,MonthlyCharges,64.775522716554,91.3,26.524477283446004,tabular_imputer
2026-05-08T13:28:00.484198+00:00,Telco,MCAR,10%,Mean/Mode,,5598,MonthlyCharges,64.775522716554,19.15,45.625522716553995,tabular_imputer
2026-05-08T13:28:00.484198+00:00,Telco,MCAR,10%,Mean/Mode,,5604,MonthlyCharges,64.775522716554,70.8,6.024477283446004,tabular_imputer
2026-05-08T13:28:00.484198+00:00,Telco,MCAR,10%,Mean/Mode,,5609,MonthlyCharges,64.775522716554,80.15,15.374477283446012,tabular_imputer
2026-05-08T13:28:00.484198+00:00,Telco,MCAR,10%,Mean/Mode,,5622,MonthlyCharges,64.775522716554,104.05,39.274477283446,tabular_imputer
2026-05-08T13:28:00.484198+00:00,Telco,MCAR,10%,Mean/Mode,,5624,MonthlyCharges,64.775522716554,89.8,25.024477283446004,tabular_imputer
2026-05-08T13:28:00.484198+00:00,Telco,MCAR,10%,Mean/Mode,,5643,MonthlyCharges,64.775522716554,75.9,11.124477283446012,tabular_imputer
2026-05-08T13:28:00.484198+00:00,Telco,MCAR,10%,Mean/Mode,,5660,MonthlyCharges,64.775522716554,77.55,12.774477283446004,tabular_imputer
2026-05-08T13:28:00.484198+00:00,Telco,MCAR,10%,Mean/Mode,,5673,MonthlyCharges,64.775522716554,19.7,45.07552271655399,tabular_imputer
2026-05-08T13:28:00.484198+00:00,Telco,MCAR,10%,Mean/Mode,,5685,MonthlyCharges,64.775522716554,19.2,45.57552271655399,tabular_imputer
2026-05-08T13:28:00.484198+00:00,Telco,MCAR,10%,Mean/Mode,,5688,MonthlyCharges,64.775522716554,20.0,44.77552271655399,tabular_imputer
2026-05-08T13:28:00.484198+00:00,Telco,MCAR,10%,Mean/Mode,,5698,MonthlyCharges,64.775522716554,104.4,39.62447728344601,tabular_imputer
2026-05-08T13:28:00.484198+00:00,Telco,MCAR,10%,Mean/Mode,,5701,MonthlyCharges,64.775522716554,76.5,11.724477283446006,tabular_imputer
2026-05-08T13:28:00.484198+00:00,Telco,MCAR,10%,Mean/Mode,,5705,MonthlyCharges,64.775522716554,19.65,45.125522716553995,tabular_imputer
2026-05-08T13:28:00.484198+00:00,Telco,MCAR,10%,Mean/Mode,,5718,MonthlyCharges,64.775522716554,80.5,15.724477283446006,tabular_imputer
2026-05-08T13:28:00.484198+00:00,Telco,MCAR,10%,Mean/Mode,,5725,MonthlyCharges,64.775522716554,24.65,40.125522716553995,tabular_imputer
2026-05-08T13:28:00.484198+00:00,Telco,MCAR,10%,Mean/Mode,,5736,MonthlyCharges,64.775522716554,20.05,44.725522716554,tabular_imputer
2026-05-08T13:28:00.484198+00:00,Telco,MCAR,10%,Mean/Mode,,5739,MonthlyCharges,64.775522716554,102.9,38.12447728344601,tabular_imputer
2026-05-08T13:28:00.484198+00:00,Telco,MCAR,10%,Mean/Mode,,5788,MonthlyCharges,64.775522716554,25.15,39.625522716553995,tabular_imputer
2026-05-08T13:28:00.484198+00:00,Telco,MCAR,10%,Mean/Mode,,5796,MonthlyCharges,64.775522716554,60.0,4.7755227165539935,tabular_imputer
2026-05-08T13:28:00.484198+00:00,Telco,MCAR,10%,Mean/Mode,,5802,MonthlyCharges,64.775522716554,49.55,15.225522716553996,tabular_imputer
2026-05-08T13:28:00.484198+00:00,Telco,MCAR,10%,Mean/Mode,,5803,MonthlyCharges,64.775522716554,81.3,16.524477283446004,tabular_imputer
2026-05-08T13:28:00.484198+00:00,Telco,MCAR,10%,Mean/Mode,,5810,MonthlyCharges,64.775522716554,85.45,20.67447728344601,tabular_imputer
2026-05-08T13:28:00.484198+00:00,Telco,MCAR,10%,Mean/Mode,,5811,MonthlyCharges,64.775522716554,80.9,16.124477283446012,tabular_imputer
2026-05-08T13:28:00.484198+00:00,Telco,MCAR,10%,Mean/Mode,,5829,MonthlyCharges,64.775522716554,59.95,4.825522716553991,tabular_imputer
2026-05-08T13:28:00.484198+00:00,Telco,MCAR,10%,Mean/Mode,,5845,MonthlyCharges,64.775522716554,75.8,11.024477283446004,tabular_imputer
2026-05-08T13:28:00.484198+00:00,Telco,MCAR,10%,Mean/Mode,,5851,MonthlyCharges,64.775522716554,110.8,46.024477283446,tabular_imputer
2026-05-08T13:28:00.484198+00:00,Telco,MCAR,10%,Mean/Mode,,5853,MonthlyCharges,64.775522716554,96.1,31.324477283446,tabular_imputer
2026-05-08T13:28:00.484198+00:00,Telco,MCAR,10%,Mean/Mode,,5889,MonthlyCharges,64.775522716554,50.25,14.525522716553994,tabular_imputer
2026-05-08T13:28:00.484198+00:00,Telco,MCAR,10%,Mean/Mode,,5897,MonthlyCharges,64.775522716554,23.9,40.875522716553995,tabular_imputer
2026-05-08T13:28:00.484198+00:00,Telco,MCAR,10%,Mean/Mode,,5903,MonthlyCharges,64.775522716554,91.6,26.824477283446,tabular_imputer
2026-05-08T13:28:00.484198+00:00,Telco,MCAR,10%,Mean/Mode,,5934,MonthlyCharges,64.775522716554,93.85,29.074477283446,tabular_imputer
2026-05-08T13:28:00.484198+00:00,Telco,MCAR,10%,Mean/Mode,,5935,MonthlyCharges,64.775522716554,59.9,4.875522716553995,tabular_imputer
2026-05-08T13:28:00.484198+00:00,Telco,MCAR,10%,Mean/Mode,,5936,MonthlyCharges,64.775522716554,19.95,44.82552271655399,tabular_imputer
2026-05-08T13:28:00.484198+00:00,Telco,MCAR,10%,Mean/Mode,,5949,MonthlyCharges,64.775522716554,44.95,19.82552271655399,tabular_imputer
2026-05-08T13:28:00.484198+00:00,Telco,MCAR,10%,Mean/Mode,,5955,MonthlyCharges,64.775522716554,68.4,3.624477283446012,tabular_imputer
2026-05-08T13:28:00.484198+00:00,Telco,MCAR,10%,Mean/Mode,,5966,MonthlyCharges,64.775522716554,99.45,34.67447728344601,tabular_imputer
2026-05-08T13:28:00.484198+00:00,Telco,MCAR,10%,Mean/Mode,,5968,MonthlyCharges,64.775522716554,74.05,9.274477283446004,tabular_imputer
2026-05-08T13:28:00.484198+00:00,Telco,MCAR,10%,Mean/Mode,,5987,MonthlyCharges,64.775522716554,20.35,44.42552271655399,tabular_imputer
2026-05-08T13:28:00.484198+00:00,Telco,MCAR,10%,Mean/Mode,,5988,MonthlyCharges,64.775522716554,21.05,43.725522716554,tabular_imputer
2026-05-08T13:28:00.484198+00:00,Telco,MCAR,10%,Mean/Mode,,5989,MonthlyCharges,64.775522716554,94.6,29.824477283446,tabular_imputer
2026-05-08T13:28:00.484198+00:00,Telco,MCAR,10%,Mean/Mode,,5996,MonthlyCharges,64.775522716554,19.85,44.92552271655399,tabular_imputer
2026-05-08T13:28:00.484198+00:00,Telco,MCAR,10%,Mean/Mode,,6014,MonthlyCharges,64.775522716554,94.1,29.324477283446,tabular_imputer
2026-05-08T13:28:00.484198+00:00,Telco,MCAR,10%,Mean/Mode,,6016,MonthlyCharges,64.775522716554,108.45,43.67447728344601,tabular_imputer
2026-05-08T13:28:00.484198+00:00,Telco,MCAR,10%,Mean/Mode,,6017,MonthlyCharges,64.775522716554,56.15,8.625522716553995,tabular_imputer
2026-05-08T13:28:00.484198+00:00,Telco,MCAR,10%,Mean/Mode,,6023,MonthlyCharges,64.775522716554,19.6,45.17552271655399,tabular_imputer
2026-05-08T13:28:00.484198+00:00,Telco,MCAR,10%,Mean/Mode,,6024,MonthlyCharges,64.775522716554,91.5,26.724477283446006,tabular_imputer
2026-05-08T13:28:00.484198+00:00,Telco,MCAR,10%,Mean/Mode,,6028,MonthlyCharges,64.775522716554,80.85,16.074477283446,tabular_imputer
2026-05-08T13:28:00.484198+00:00,Telco,MCAR,10%,Mean/Mode,,6037,MonthlyCharges,64.775522716554,109.4,44.62447728344601,tabular_imputer
2026-05-08T13:28:00.484198+00:00,Telco,MCAR,10%,Mean/Mode,,6067,MonthlyCharges,64.775522716554,35.3,29.475522716553996,tabular_imputer
2026-05-08T13:28:00.484198+00:00,Telco,MCAR,10%,Mean/Mode,,6075,MonthlyCharges,64.775522716554,64.9,0.1244772834460121,tabular_imputer
2026-05-08T13:28:00.484198+00:00,Telco,MCAR,10%,Mean/Mode,,6085,MonthlyCharges,64.775522716554,50.65,14.125522716553997,tabular_imputer
2026-05-08T13:28:00.484198+00:00,Telco,MCAR,10%,Mean/Mode,,6092,MonthlyCharges,64.775522716554,94.25,29.474477283446006,tabular_imputer
2026-05-08T13:28:00.484198+00:00,Telco,MCAR,10%,Mean/Mode,,6099,MonthlyCharges,64.775522716554,24.7,40.07552271655399,tabular_imputer
2026-05-08T13:28:00.484198+00:00,Telco,MCAR,10%,Mean/Mode,,6107,MonthlyCharges,64.775522716554,19.95,44.82552271655399,tabular_imputer
2026-05-08T13:28:00.484198+00:00,Telco,MCAR,10%,Mean/Mode,,6109,MonthlyCharges,64.775522716554,54.15,10.625522716553997,tabular_imputer
2026-05-08T13:28:00.484198+00:00,Telco,MCAR,10%,Mean/Mode,,6116,MonthlyCharges,64.775522716554,73.85,9.074477283446,tabular_imputer
2026-05-08T13:28:00.484198+00:00,Telco,MCAR,10%,Mean/Mode,,6138,MonthlyCharges,64.775522716554,83.85,19.074477283446,tabular_imputer
2026-05-08T13:28:00.484198+00:00,Telco,MCAR,10%,Mean/Mode,,6154,MonthlyCharges,64.775522716554,109.2,44.42447728344601,tabular_imputer
2026-05-08T13:28:00.484198+00:00,Telco,MCAR,10%,Mean/Mode,,6156,MonthlyCharges,64.775522716554,85.8,21.024477283446004,tabular_imputer
2026-05-08T13:28:00.484198+00:00,Telco,MCAR,10%,Mean/Mode,,6183,MonthlyCharges,64.775522716554,54.3,10.475522716553996,tabular_imputer
2026-05-08T13:28:00.484198+00:00,Telco,MCAR,10%,Mean/Mode,,6203,MonthlyCharges,64.775522716554,105.1,40.324477283446,tabular_imputer
2026-05-08T13:28:00.484198+00:00,Telco,MCAR,10%,Mean/Mode,,6206,MonthlyCharges,64.775522716554,95.65,30.874477283446012,tabular_imputer
2026-05-08T13:28:00.484198+00:00,Telco,MCAR,10%,Mean/Mode,,6208,MonthlyCharges,64.775522716554,80.8,16.024477283446004,tabular_imputer
2026-05-08T13:28:00.484198+00:00,Telco,MCAR,10%,Mean/Mode,,6226,MonthlyCharges,64.775522716554,25.75,39.02552271655399,tabular_imputer
2026-05-08T13:28:00.484198+00:00,Telco,MCAR,10%,Mean/Mode,,6234,MonthlyCharges,64.775522716554,25.3,39.475522716554,tabular_imputer
2026-05-08T13:28:00.484198+00:00,Telco,MCAR,10%,Mean/Mode,,6237,MonthlyCharges,64.775522716554,69.95,5.174477283446009,tabular_imputer
2026-05-08T13:28:00.484198+00:00,Telco,MCAR,10%,Mean/Mode,,6245,MonthlyCharges,64.775522716554,80.1,15.324477283446,tabular_imputer
2026-05-08T13:28:00.484198+00:00,Telco,MCAR,10%,Mean/Mode,,6251,MonthlyCharges,64.775522716554,19.25,45.52552271655399,tabular_imputer
2026-05-08T13:28:00.484198+00:00,Telco,MCAR,10%,Mean/Mode,,6253,MonthlyCharges,64.775522716554,44.85,19.925522716553992,tabular_imputer
2026-05-08T13:28:00.484198+00:00,Telco,MCAR,10%,Mean/Mode,,6256,MonthlyCharges,64.775522716554,35.05,29.725522716553996,tabular_imputer
2026-05-08T13:28:00.484198+00:00,Telco,MCAR,10%,Mean/Mode,,6262,MonthlyCharges,64.775522716554,96.75,31.974477283446006,tabular_imputer
2026-05-08T13:28:00.484198+00:00,Telco,MCAR,10%,Mean/Mode,,6267,MonthlyCharges,64.775522716554,70.1,5.324477283446001,tabular_imputer
2026-05-08T13:28:00.484198+00:00,Telco,MCAR,10%,Mean/Mode,,6268,MonthlyCharges,64.775522716554,20.85,43.92552271655399,tabular_imputer
2026-05-08T13:28:00.484198+00:00,Telco,MCAR,10%,Mean/Mode,,6269,MonthlyCharges,64.775522716554,33.45,31.32552271655399,tabular_imputer
2026-05-08T13:28:00.484198+00:00,Telco,MCAR,10%,Mean/Mode,,6270,MonthlyCharges,64.775522716554,20.2,44.57552271655399,tabular_imputer
2026-05-08T13:28:00.484198+00:00,Telco,MCAR,10%,Mean/Mode,,6273,MonthlyCharges,64.775522716554,70.65,5.874477283446012,tabular_imputer
2026-05-08T13:28:00.484198+00:00,Telco,MCAR,10%,Mean/Mode,,6280,MonthlyCharges,64.775522716554,49.45,15.32552271655399,tabular_imputer
2026-05-08T13:28:00.484198+00:00,Telco,MCAR,10%,Mean/Mode,,6296,MonthlyCharges,64.775522716554,50.4,14.375522716553997,tabular_imputer
2026-05-08T13:28:00.484198+00:00,Telco,MCAR,10%,Mean/Mode,,6299,MonthlyCharges,64.775522716554,80.95,16.17447728344601,tabular_imputer
2026-05-08T13:28:00.484198+00:00,Telco,MCAR,10%,Mean/Mode,,6314,MonthlyCharges,64.775522716554,73.85,9.074477283446,tabular_imputer
2026-05-08T13:28:00.484198+00:00,Telco,MCAR,10%,Mean/Mode,,6315,MonthlyCharges,64.775522716554,70.1,5.324477283446001,tabular_imputer
2026-05-08T13:28:00.484198+00:00,Telco,MCAR,10%,Mean/Mode,,6317,MonthlyCharges,64.775522716554,79.15,14.374477283446012,tabular_imputer
2026-05-08T13:28:00.484198+00:00,Telco,MCAR,10%,Mean/Mode,,6324,MonthlyCharges,64.775522716554,75.85,11.074477283446,tabular_imputer
2026-05-08T13:28:00.484198+00:00,Telco,MCAR,10%,Mean/Mode,,6326,MonthlyCharges,64.775522716554,43.6,21.175522716553992,tabular_imputer
2026-05-08T13:28:00.484198+00:00,Telco,MCAR,10%,Mean/Mode,,6338,MonthlyCharges,64.775522716554,20.25,44.52552271655399,tabular_imputer
2026-05-08T13:28:00.484198+00:00,Telco,MCAR,10%,Mean/Mode,,6339,MonthlyCharges,64.775522716554,49.9,14.875522716553997,tabular_imputer
2026-05-08T13:28:00.484198+00:00,Telco,MCAR,10%,Mean/Mode,,6345,MonthlyCharges,64.775522716554,56.55,8.225522716553996,tabular_imputer
2026-05-08T13:28:00.484198+00:00,Telco,MCAR,10%,Mean/Mode,,6356,MonthlyCharges,64.775522716554,98.9,34.12447728344601,tabular_imputer
2026-05-08T13:28:00.484198+00:00,Telco,MCAR,10%,Mean/Mode,,6377,MonthlyCharges,64.775522716554,44.65,20.125522716553995,tabular_imputer
2026-05-08T13:28:00.484198+00:00,Telco,MCAR,10%,Mean/Mode,,6392,MonthlyCharges,64.775522716554,49.75,15.025522716553994,tabular_imputer
2026-05-08T13:28:00.484198+00:00,Telco,MCAR,10%,Mean/Mode,,6395,MonthlyCharges,64.775522716554,102.6,37.824477283446,tabular_imputer
2026-05-08T13:28:00.484198+00:00,Telco,MCAR,10%,Mean/Mode,,6452,MonthlyCharges,64.775522716554,87.75,22.974477283446006,tabular_imputer
2026-05-08T13:28:00.484198+00:00,Telco,MCAR,10%,Mean/Mode,,6453,MonthlyCharges,64.775522716554,100.05,35.274477283446004,tabular_imputer
2026-05-08T13:28:00.484198+00:00,Telco,MCAR,10%,Mean/Mode,,6455,MonthlyCharges,64.775522716554,44.3,20.475522716553996,tabular_imputer
2026-05-08T13:28:00.484198+00:00,Telco,MCAR,10%,Mean/Mode,,6460,MonthlyCharges,64.775522716554,100.55,35.774477283446004,tabular_imputer
2026-05-08T13:28:00.484198+00:00,Telco,MCAR,10%,Mean/Mode,,6464,MonthlyCharges,64.775522716554,70.35,5.574477283446001,tabular_imputer
2026-05-08T13:28:00.484198+00:00,Telco,MCAR,10%,Mean/Mode,,6472,MonthlyCharges,64.775522716554,94.15,29.374477283446012,tabular_imputer
2026-05-08T13:28:00.484198+00:00,Telco,MCAR,10%,Mean/Mode,,6473,MonthlyCharges,64.775522716554,94.4,29.624477283446012,tabular_imputer
2026-05-08T13:28:00.484198+00:00,Telco,MCAR,10%,Mean/Mode,,6479,MonthlyCharges,64.775522716554,55.0,9.775522716553994,tabular_imputer
2026-05-08T13:28:00.484198+00:00,Telco,MCAR,10%,Mean/Mode,,6492,MonthlyCharges,64.775522716554,19.75,45.02552271655399,tabular_imputer
2026-05-08T13:28:00.484198+00:00,Telco,MCAR,10%,Mean/Mode,,6506,MonthlyCharges,64.775522716554,84.6,19.824477283446,tabular_imputer
2026-05-08T13:28:00.484198+00:00,Telco,MCAR,10%,Mean/Mode,,6518,MonthlyCharges,64.775522716554,45.3,19.475522716553996,tabular_imputer
2026-05-08T13:28:00.484198+00:00,Telco,MCAR,10%,Mean/Mode,,6524,MonthlyCharges,64.775522716554,95.2,30.42447728344601,tabular_imputer
2026-05-08T13:28:00.484198+00:00,Telco,MCAR,10%,Mean/Mode,,6532,MonthlyCharges,64.775522716554,20.35,44.42552271655399,tabular_imputer
2026-05-08T13:28:00.484198+00:00,Telco,MCAR,10%,Mean/Mode,,6540,MonthlyCharges,64.775522716554,64.35,0.4255227165539992,tabular_imputer
2026-05-08T13:28:00.484198+00:00,Telco,MCAR,10%,Mean/Mode,,6545,MonthlyCharges,64.775522716554,74.65,9.874477283446012,tabular_imputer
2026-05-08T13:28:00.484198+00:00,Telco,MCAR,10%,Mean/Mode,,6562,MonthlyCharges,64.775522716554,100.2,35.42447728344601,tabular_imputer
2026-05-08T13:28:00.484198+00:00,Telco,MCAR,10%,Mean/Mode,,6579,MonthlyCharges,64.775522716554,84.3,19.524477283446004,tabular_imputer
2026-05-08T13:28:00.484198+00:00,Telco,MCAR,10%,Mean/Mode,,6586,MonthlyCharges,64.775522716554,24.65,40.125522716553995,tabular_imputer
2026-05-08T13:28:00.484198+00:00,Telco,MCAR,10%,Mean/Mode,,6589,MonthlyCharges,64.775522716554,25.8,38.975522716554,tabular_imputer
2026-05-08T13:28:00.484198+00:00,Telco,MCAR,10%,Mean/Mode,,6603,MonthlyCharges,64.775522716554,66.6,1.8244772834460008,tabular_imputer
2026-05-08T13:28:00.484198+00:00,Telco,MCAR,10%,Mean/Mode,,6629,MonthlyCharges,64.775522716554,84.1,19.324477283446,tabular_imputer
2026-05-08T13:28:00.484198+00:00,Telco,MCAR,10%,Mean/Mode,,6649,MonthlyCharges,64.775522716554,19.85,44.92552271655399,tabular_imputer
2026-05-08T13:28:00.484198+00:00,Telco,MCAR,10%,Mean/Mode,,6659,MonthlyCharges,64.775522716554,92.3,27.524477283446004,tabular_imputer
2026-05-08T13:28:00.484198+00:00,Telco,MCAR,10%,Mean/Mode,,6665,MonthlyCharges,64.775522716554,29.3,35.475522716553996,tabular_imputer
2026-05-08T13:28:00.484198+00:00,Telco,MCAR,10%,Mean/Mode,,6671,MonthlyCharges,64.775522716554,100.05,35.274477283446004,tabular_imputer
2026-05-08T13:28:00.484198+00:00,Telco,MCAR,10%,Mean/Mode,,6690,MonthlyCharges,64.775522716554,94.3,29.524477283446004,tabular_imputer
2026-05-08T13:28:00.484198+00:00,Telco,MCAR,10%,Mean/Mode,,6692,MonthlyCharges,64.775522716554,74.65,9.874477283446012,tabular_imputer
2026-05-08T13:28:00.484198+00:00,Telco,MCAR,10%,Mean/Mode,,6698,MonthlyCharges,64.775522716554,89.6,24.824477283446,tabular_imputer
2026-05-08T13:28:00.484198+00:00,Telco,MCAR,10%,Mean/Mode,,6751,MonthlyCharges,64.775522716554,19.65,45.125522716553995,tabular_imputer
2026-05-08T13:28:00.484198+00:00,Telco,MCAR,10%,Mean/Mode,,6758,MonthlyCharges,64.775522716554,19.4,45.375522716553995,tabular_imputer
2026-05-08T13:28:00.484198+00:00,Telco,MCAR,10%,Mean/Mode,,6774,MonthlyCharges,64.775522716554,19.65,45.125522716553995,tabular_imputer
2026-05-08T13:28:00.484198+00:00,Telco,MCAR,10%,Mean/Mode,,6784,MonthlyCharges,64.775522716554,24.7,40.07552271655399,tabular_imputer
2026-05-08T13:28:00.484198+00:00,Telco,MCAR,10%,Mean/Mode,,6785,MonthlyCharges,64.775522716554,111.6,46.824477283446,tabular_imputer
2026-05-08T13:28:00.484198+00:00,Telco,MCAR,10%,Mean/Mode,,6796,MonthlyCharges,64.775522716554,56.7,8.07552271655399,tabular_imputer
2026-05-08T13:28:00.484198+00:00,Telco,MCAR,10%,Mean/Mode,,6815,MonthlyCharges,64.775522716554,69.85,5.074477283446001,tabular_imputer
2026-05-08T13:28:00.484198+00:00,Telco,MCAR,10%,Mean/Mode,,6824,MonthlyCharges,64.775522716554,80.45,15.67447728344601,tabular_imputer
2026-05-08T13:28:00.484198+00:00,Telco,MCAR,10%,Mean/Mode,,6828,MonthlyCharges,64.775522716554,19.05,45.725522716554,tabular_imputer
2026-05-08T13:28:00.484198+00:00,Telco,MCAR,10%,Mean/Mode,,6833,MonthlyCharges,64.775522716554,103.6,38.824477283446,tabular_imputer
2026-05-08T13:28:00.484198+00:00,Telco,MCAR,10%,Mean/Mode,,6848,MonthlyCharges,64.775522716554,69.0,4.2244772834460065,tabular_imputer
2026-05-08T13:28:00.484198+00:00,Telco,MCAR,10%,Mean/Mode,,6850,MonthlyCharges,64.775522716554,65.7,0.9244772834460092,tabular_imputer
2026-05-08T13:28:00.484198+00:00,Telco,MCAR,10%,Mean/Mode,,6852,MonthlyCharges,64.775522716554,61.9,2.875522716553995,tabular_imputer
2026-05-08T13:28:00.484198+00:00,Telco,MCAR,10%,Mean/Mode,,6858,MonthlyCharges,64.775522716554,89.1,24.324477283446,tabular_imputer
2026-05-08T13:28:00.484198+00:00,Telco,MCAR,10%,Mean/Mode,,6873,MonthlyCharges,64.775522716554,89.05,24.274477283446004,tabular_imputer
2026-05-08T13:28:00.484198+00:00,Telco,MCAR,10%,Mean/Mode,,6883,MonthlyCharges,64.775522716554,105.35,40.574477283446,tabular_imputer
2026-05-08T13:28:00.484198+00:00,Telco,MCAR,10%,Mean/Mode,,6901,MonthlyCharges,64.775522716554,68.95,4.174477283446009,tabular_imputer
2026-05-08T13:28:00.484198+00:00,Telco,MCAR,10%,Mean/Mode,,6903,MonthlyCharges,64.775522716554,69.0,4.2244772834460065,tabular_imputer
2026-05-08T13:28:00.484198+00:00,Telco,MCAR,10%,Mean/Mode,,6916,MonthlyCharges,64.775522716554,19.55,45.225522716554,tabular_imputer
2026-05-08T13:28:00.484198+00:00,Telco,MCAR,10%,Mean/Mode,,6921,MonthlyCharges,64.775522716554,79.85,15.074477283446,tabular_imputer
2026-05-08T13:28:00.484198+00:00,Telco,MCAR,10%,Mean/Mode,,6935,MonthlyCharges,64.775522716554,110.8,46.024477283446,tabular_imputer
2026-05-08T13:28:00.484198+00:00,Telco,MCAR,10%,Mean/Mode,,6937,MonthlyCharges,64.775522716554,35.75,29.025522716553994,tabular_imputer
2026-05-08T13:28:00.484198+00:00,Telco,MCAR,10%,Mean/Mode,,6941,MonthlyCharges,64.775522716554,50.7,14.07552271655399,tabular_imputer
2026-05-08T13:28:00.484198+00:00,Telco,MCAR,10%,Mean/Mode,,6956,MonthlyCharges,64.775522716554,64.55,0.2255227165539963,tabular_imputer
2026-05-08T13:28:00.484198+00:00,Telco,MCAR,10%,Mean/Mode,,6957,MonthlyCharges,64.775522716554,86.25,21.474477283446006,tabular_imputer
2026-05-08T13:28:00.484198+00:00,Telco,MCAR,10%,Mean/Mode,,6969,MonthlyCharges,64.775522716554,20.5,44.27552271655399,tabular_imputer
2026-05-08T13:28:00.484198+00:00,Telco,MCAR,10%,Mean/Mode,,6984,MonthlyCharges,64.775522716554,25.0,39.77552271655399,tabular_imputer
2026-05-08T13:28:00.484198+00:00,Telco,MCAR,10%,Mean/Mode,,6996,MonthlyCharges,64.775522716554,66.5,1.7244772834460065,tabular_imputer
2026-05-08T13:28:00.484198+00:00,Telco,MCAR,10%,Mean/Mode,,7024,MonthlyCharges,64.775522716554,84.8,20.024477283446004,tabular_imputer
2026-05-08T13:28:00.484198+00:00,Telco,MCAR,10%,Mean/Mode,,7039,MonthlyCharges,64.775522716554,103.2,38.42447728344601,tabular_imputer
2026-05-08T13:28:00.484198+00:00,Telco,MCAR,10%,Mean/Mode,,6,TotalCharges,2279.592993832042,1949.4,330.1929938320418,tabular_imputer
2026-05-08T13:28:00.484198+00:00,Telco,MCAR,10%,Mean/Mode,,9,TotalCharges,2279.592993832042,3487.95,1208.357006167958,tabular_imputer
2026-05-08T13:28:00.484198+00:00,Telco,MCAR,10%,Mean/Mode,,15,TotalCharges,2279.592993832042,7895.15,5615.557006167957,tabular_imputer
2026-05-08T13:28:00.484198+00:00,Telco,MCAR,10%,Mean/Mode,,20,TotalCharges,2279.592993832042,39.65,2239.942993832042,tabular_imputer
2026-05-08T13:28:00.484198+00:00,Telco,MCAR,10%,Mean/Mode,,27,TotalCharges,2279.592993832042,30.2,2249.392993832042,tabular_imputer
2026-05-08T13:28:00.484198+00:00,Telco,MCAR,10%,Mean/Mode,,29,TotalCharges,2279.592993832042,1093.1,1186.492993832042,tabular_imputer
2026-05-08T13:28:00.484198+00:00,Telco,MCAR,10%,Mean/Mode,,40,TotalCharges,2279.592993832042,475.7,1803.8929938320416,tabular_imputer
2026-05-08T13:28:00.484198+00:00,Telco,MCAR,10%,Mean/Mode,,42,TotalCharges,2279.592993832042,418.25,1861.342993832042,tabular_imputer
2026-05-08T13:28:00.484198+00:00,Telco,MCAR,10%,Mean/Mode,,53,TotalCharges,2279.592993832042,633.3,1646.292993832042,tabular_imputer
2026-05-08T13:28:00.484198+00:00,Telco,MCAR,10%,Mean/Mode,,57,TotalCharges,2279.592993832042,7076.35,4796.757006167958,tabular_imputer
2026-05-08T13:28:00.484198+00:00,Telco,MCAR,10%,Mean/Mode,,59,TotalCharges,2279.592993832042,7853.7,5574.107006167958,tabular_imputer
2026-05-08T13:28:00.484198+00:00,Telco,MCAR,10%,Mean/Mode,,61,TotalCharges,2279.592993832042,5450.7,3171.107006167958,tabular_imputer
2026-05-08T13:28:00.484198+00:00,Telco,MCAR,10%,Mean/Mode,,67,TotalCharges,2279.592993832042,2497.2,217.60700616795793,tabular_imputer
2026-05-08T13:28:00.484198+00:00,Telco,MCAR,10%,Mean/Mode,,83,TotalCharges,2279.592993832042,4327.5,2047.907006167958,tabular_imputer
2026-05-08T13:28:00.484198+00:00,Telco,MCAR,10%,Mean/Mode,,103,TotalCharges,2279.592993832042,3027.25,747.6570061679581,tabular_imputer
2026-05-08T13:28:00.484198+00:00,Telco,MCAR,10%,Mean/Mode,,104,TotalCharges,2279.592993832042,7611.85,5332.257006167958,tabular_imputer
2026-05-08T13:28:00.484198+00:00,Telco,MCAR,10%,Mean/Mode,,105,TotalCharges,2279.592993832042,100.2,2179.392993832042,tabular_imputer
2026-05-08T13:28:00.484198+00:00,Telco,MCAR,10%,Mean/Mode,,110,TotalCharges,2279.592993832042,5238.9,2959.3070061679578,tabular_imputer
2026-05-08T13:28:00.484198+00:00,Telco,MCAR,10%,Mean/Mode,,114,TotalCharges,2279.592993832042,3423.5,1143.907006167958,tabular_imputer
2026-05-08T13:28:00.484198+00:00,Telco,MCAR,10%,Mean/Mode,,125,TotalCharges,2279.592993832042,3027.65,748.0570061679582,tabular_imputer
2026-05-08T13:28:00.484198+00:00,Telco,MCAR,10%,Mean/Mode,,131,TotalCharges,2279.592993832042,1502.65,776.9429938320418,tabular_imputer
2026-05-08T13:28:00.484198+00:00,Telco,MCAR,10%,Mean/Mode,,148,TotalCharges,2279.592993832042,1929.95,349.64299383204184,tabular_imputer
2026-05-08T13:28:00.484198+00:00,Telco,MCAR,10%,Mean/Mode,,156,TotalCharges,2279.592993832042,1821.95,457.64299383204184,tabular_imputer
2026-05-08T13:28:00.484198+00:00,Telco,MCAR,10%,Mean/Mode,,161,TotalCharges,2279.592993832042,1592.35,687.242993832042,tabular_imputer
2026-05-08T13:28:00.484198+00:00,Telco,MCAR,10%,Mean/Mode,,182,TotalCharges,2279.592993832042,662.65,1616.9429938320418,tabular_imputer
2026-05-08T13:28:00.484198+00:00,Telco,MCAR,10%,Mean/Mode,,186,TotalCharges,2279.592993832042,1023.85,1255.742993832042,tabular_imputer
2026-05-08T13:28:00.484198+00:00,Telco,MCAR,10%,Mean/Mode,,188,TotalCharges,2279.592993832042,244.8,2034.792993832042,tabular_imputer
2026-05-08T13:28:00.484198+00:00,Telco,MCAR,10%,Mean/Mode,,190,TotalCharges,2279.592993832042,3173.35,893.757006167958,tabular_imputer
2026-05-08T13:28:00.484198+00:00,Telco,MCAR,10%,Mean/Mode,,196,TotalCharges,2279.592993832042,587.4,1692.1929938320418,tabular_imputer
2026-05-08T13:28:00.484198+00:00,Telco,MCAR,10%,Mean/Mode,,207,TotalCharges,2279.592993832042,79.9,2199.692993832042,tabular_imputer
2026-05-08T13:28:00.484198+00:00,Telco,MCAR,10%,Mean/Mode,,208,TotalCharges,2279.592993832042,1934.45,345.14299383204184,tabular_imputer
2026-05-08T13:28:00.484198+00:00,Telco,MCAR,10%,Mean/Mode,,232,TotalCharges,2279.592993832042,84.6,2194.992993832042,tabular_imputer
2026-05-08T13:28:00.484198+00:00,Telco,MCAR,10%,Mean/Mode,,241,TotalCharges,2279.592993832042,7878.3,5598.707006167959,tabular_imputer
2026-05-08T13:28:00.484198+00:00,Telco,MCAR,10%,Mean/Mode,,243,TotalCharges,2279.592993832042,6126.15,3846.5570061679578,tabular_imputer
2026-05-08T13:28:00.484198+00:00,Telco,MCAR,10%,Mean/Mode,,253,TotalCharges,2279.592993832042,2633.3,353.7070061679583,tabular_imputer
2026-05-08T13:28:00.484198+00:00,Telco,MCAR,10%,Mean/Mode,,269,TotalCharges,2279.592993832042,1732.95,546.6429938320418,tabular_imputer
2026-05-08T13:28:00.484198+00:00,Telco,MCAR,10%,Mean/Mode,,276,TotalCharges,2279.592993832042,5624.85,3345.2570061679585,tabular_imputer
2026-05-08T13:28:00.484198+00:00,Telco,MCAR,10%,Mean/Mode,,278,TotalCharges,2279.592993832042,771.95,1507.6429938320418,tabular_imputer
2026-05-08T13:28:00.484198+00:00,Telco,MCAR,10%,Mean/Mode,,284,TotalCharges,2279.592993832042,1779.95,499.64299383204184,tabular_imputer
2026-05-08T13:28:00.484198+00:00,Telco,MCAR,10%,Mean/Mode,,293,TotalCharges,2279.592993832042,567.8,1711.792993832042,tabular_imputer
2026-05-08T13:28:00.484198+00:00,Telco,MCAR,10%,Mean/Mode,,300,TotalCharges,2279.592993832042,1509.8,769.7929938320419,tabular_imputer
2026-05-08T13:28:00.484198+00:00,Telco,MCAR,10%,Mean/Mode,,303,TotalCharges,2279.592993832042,4109.0,1829.407006167958,tabular_imputer
2026-05-08T13:28:00.484198+00:00,Telco,MCAR,10%,Mean/Mode,,312,TotalCharges,2279.592993832042,4895.1,2615.5070061679585,tabular_imputer
2026-05-08T13:28:00.484198+00:00,Telco,MCAR,10%,Mean/Mode,,314,TotalCharges,2279.592993832042,415.55,1864.042993832042,tabular_imputer
2026-05-08T13:28:00.484198+00:00,Telco,MCAR,10%,Mean/Mode,,330,TotalCharges,2279.592993832042,739.35,1540.242993832042,tabular_imputer
2026-05-08T13:28:00.484198+00:00,Telco,MCAR,10%,Mean/Mode,,338,TotalCharges,2279.592993832042,3565.65,1286.0570061679582,tabular_imputer
2026-05-08T13:28:00.484198+00:00,Telco,MCAR,10%,Mean/Mode,,356,TotalCharges,2279.592993832042,889.0,1390.592993832042,tabular_imputer
2026-05-08T13:28:00.484198+00:00,Telco,MCAR,10%,Mean/Mode,,365,TotalCharges,2279.592993832042,492.55,1787.042993832042,tabular_imputer
2026-05-08T13:28:00.484198+00:00,Telco,MCAR,10%,Mean/Mode,,366,TotalCharges,2279.592993832042,1406.0,873.5929938320419,tabular_imputer
2026-05-08T13:28:00.484198+00:00,Telco,MCAR,10%,Mean/Mode,,367,TotalCharges,2279.592993832042,19.15,2260.442993832042,tabular_imputer
2026-05-08T13:28:00.484198+00:00,Telco,MCAR,10%,Mean/Mode,,386,TotalCharges,2279.592993832042,4874.7,2595.107006167958,tabular_imputer
2026-05-08T13:28:00.484198+00:00,Telco,MCAR,10%,Mean/Mode,,393,TotalCharges,2279.592993832042,367.55,1912.042993832042,tabular_imputer
2026-05-08T13:28:00.484198+00:00,Telco,MCAR,10%,Mean/Mode,,420,TotalCharges,2279.592993832042,132.25,2147.342993832042,tabular_imputer
2026-05-08T13:28:00.484198+00:00,Telco,MCAR,10%,Mean/Mode,,432,TotalCharges,2279.592993832042,119.5,2160.092993832042,tabular_imputer
2026-05-08T13:28:00.484198+00:00,Telco,MCAR,10%,Mean/Mode,,458,TotalCharges,2279.592993832042,38.0,2241.592993832042,tabular_imputer
2026-05-08T13:28:00.484198+00:00,Telco,MCAR,10%,Mean/Mode,,474,TotalCharges,2279.592993832042,74.7,2204.892993832042,tabular_imputer
2026-05-08T13:28:00.484198+00:00,Telco,MCAR,10%,Mean/Mode,,476,TotalCharges,2279.592993832042,2747.2,467.60700616795793,tabular_imputer
2026-05-08T13:28:00.484198+00:00,Telco,MCAR,10%,Mean/Mode,,479,TotalCharges,2279.592993832042,994.8,1284.792993832042,tabular_imputer
2026-05-08T13:28:00.484198+00:00,Telco,MCAR,10%,Mean/Mode,,481,TotalCharges,2279.592993832042,2145.0,134.59299383204188,tabular_imputer
2026-05-08T13:28:00.484198+00:00,Telco,MCAR,10%,Mean/Mode,,498,TotalCharges,2279.592993832042,131.05,2148.5429938320417,tabular_imputer
2026-05-08T13:28:00.484198+00:00,Telco,MCAR,10%,Mean/Mode,,506,TotalCharges,2279.592993832042,851.8,1427.792993832042,tabular_imputer
2026-05-08T13:28:00.484198+00:00,Telco,MCAR,10%,Mean/Mode,,507,TotalCharges,2279.592993832042,167.5,2112.092993832042,tabular_imputer
2026-05-08T13:28:00.484198+00:00,Telco,MCAR,10%,Mean/Mode,,508,TotalCharges,2279.592993832042,502.85,1776.742993832042,tabular_imputer
2026-05-08T13:28:00.484198+00:00,Telco,MCAR,10%,Mean/Mode,,520,TotalCharges,2279.592993832042,6989.45,4709.857006167958,tabular_imputer
2026-05-08T13:28:00.484198+00:00,Telco,MCAR,10%,Mean/Mode,,526,TotalCharges,2279.592993832042,8399.15,6119.557006167957,tabular_imputer
2026-05-08T13:28:00.484198+00:00,Telco,MCAR,10%,Mean/Mode,,555,TotalCharges,2279.592993832042,3808.0,1528.407006167958,tabular_imputer
2026-05-08T13:28:00.484198+00:00,Telco,MCAR,10%,Mean/Mode,,557,TotalCharges,2279.592993832042,2708.2,428.60700616795793,tabular_imputer
2026-05-08T13:28:00.484198+00:00,Telco,MCAR,10%,Mean/Mode,,567,TotalCharges,2279.592993832042,5357.75,3078.157006167958,tabular_imputer
2026-05-08T13:28:00.484198+00:00,Telco,MCAR,10%,Mean/Mode,,576,TotalCharges,2279.592993832042,3082.1,802.507006167958,tabular_imputer
2026-05-08T13:28:00.484198+00:00,Telco,MCAR,10%,Mean/Mode,,578,TotalCharges,2279.592993832042,3365.4,1085.8070061679582,tabular_imputer
2026-05-08T13:28:00.484198+00:00,Telco,MCAR,10%,Mean/Mode,,581,TotalCharges,2279.592993832042,75.3,2204.2929938320417,tabular_imputer
2026-05-08T13:28:00.484198+00:00,Telco,MCAR,10%,Mean/Mode,,582,TotalCharges,2279.592993832042,346.2,1933.3929938320416,tabular_imputer
2026-05-08T13:28:00.484198+00:00,Telco,MCAR,10%,Mean/Mode,,617,TotalCharges,2279.592993832042,6976.75,4697.157006167958,tabular_imputer
2026-05-08T13:28:00.484198+00:00,Telco,MCAR,10%,Mean/Mode,,626,TotalCharges,2279.592993832042,1968.1,311.492993832042,tabular_imputer
2026-05-08T13:28:00.484198+00:00,Telco,MCAR,10%,Mean/Mode,,635,TotalCharges,2279.592993832042,6985.65,4706.057006167957,tabular_imputer
2026-05-08T13:28:00.484198+00:00,Telco,MCAR,10%,Mean/Mode,,646,TotalCharges,2279.592993832042,45.7,2233.892993832042,tabular_imputer
2026-05-08T13:28:00.484198+00:00,Telco,MCAR,10%,Mean/Mode,,648,TotalCharges,2279.592993832042,161.5,2118.092993832042,tabular_imputer
2026-05-08T13:28:00.484198+00:00,Telco,MCAR,10%,Mean/Mode,,662,TotalCharges,2279.592993832042,20.05,2259.5429938320417,tabular_imputer
2026-05-08T13:28:00.484198+00:00,Telco,MCAR,10%,Mean/Mode,,663,TotalCharges,2279.592993832042,4459.15,2179.5570061679578,tabular_imputer
2026-05-08T13:28:00.484198+00:00,Telco,MCAR,10%,Mean/Mode,,664,TotalCharges,2279.592993832042,1167.6,1111.992993832042,tabular_imputer
2026-05-08T13:28:00.484198+00:00,Telco,MCAR,10%,Mean/Mode,,675,TotalCharges,2279.592993832042,7246.15,4966.557006167957,tabular_imputer
2026-05-08T13:28:00.484198+00:00,Telco,MCAR,10%,Mean/Mode,,708,TotalCharges,2279.592993832042,2263.4,16.192993832041793,tabular_imputer
2026-05-08T13:28:00.484198+00:00,Telco,MCAR,10%,Mean/Mode,,709,TotalCharges,2279.592993832042,2211.8,67.7929938320417,tabular_imputer
2026-05-08T13:28:00.484198+00:00,Telco,MCAR,10%,Mean/Mode,,717,TotalCharges,2279.592993832042,2664.3,384.7070061679583,tabular_imputer
2026-05-08T13:28:00.484198+00:00,Telco,MCAR,10%,Mean/Mode,,719,TotalCharges,2279.592993832042,5589.3,3309.7070061679583,tabular_imputer
2026-05-08T13:28:00.484198+00:00,Telco,MCAR,10%,Mean/Mode,,736,TotalCharges,2279.592993832042,3327.05,1047.4570061679583,tabular_imputer
2026-05-08T13:28:00.484198+00:00,Telco,MCAR,10%,Mean/Mode,,749,TotalCharges,2279.592993832042,5817.0,3537.407006167958,tabular_imputer
2026-05-08T13:28:00.484198+00:00,Telco,MCAR,10%,Mean/Mode,,752,TotalCharges,2279.592993832042,515.75,1763.842993832042,tabular_imputer
2026-05-08T13:28:00.484198+00:00,Telco,MCAR,10%,Mean/Mode,,761,TotalCharges,2279.592993832042,1907.85,371.742993832042,tabular_imputer
2026-05-08T13:28:00.484198+00:00,Telco,MCAR,10%,Mean/Mode,,763,TotalCharges,2279.592993832042,4758.8,2479.2070061679583,tabular_imputer
2026-05-08T13:28:00.484198+00:00,Telco,MCAR,10%,Mean/Mode,,772,TotalCharges,2279.592993832042,19.9,2259.692993832042,tabular_imputer
2026-05-08T13:28:00.484198+00:00,Telco,MCAR,10%,Mean/Mode,,773,TotalCharges,2279.592993832042,454.15,1825.4429938320416,tabular_imputer
2026-05-08T13:28:00.484198+00:00,Telco,MCAR,10%,Mean/Mode,,789,TotalCharges,2279.592993832042,4908.25,2628.657006167958,tabular_imputer
2026-05-08T13:28:00.484198+00:00,Telco,MCAR,10%,Mean/Mode,,792,TotalCharges,2279.592993832042,146.6,2132.992993832042,tabular_imputer
2026-05-08T13:28:00.484198+00:00,Telco,MCAR,10%,Mean/Mode,,799,TotalCharges,2279.592993832042,6125.4,3845.8070061679578,tabular_imputer
2026-05-08T13:28:00.484198+00:00,Telco,MCAR,10%,Mean/Mode,,823,TotalCharges,2279.592993832042,318.1,1961.492993832042,tabular_imputer
2026-05-08T13:28:00.484198+00:00,Telco,MCAR,10%,Mean/Mode,,824,TotalCharges,2279.592993832042,1563.95,715.6429938320418,tabular_imputer
2026-05-08T13:28:00.484198+00:00,Telco,MCAR,10%,Mean/Mode,,832,TotalCharges,2279.592993832042,5222.3,2942.7070061679583,tabular_imputer
2026-05-08T13:28:00.484198+00:00,Telco,MCAR,10%,Mean/Mode,,833,TotalCharges,2279.592993832042,3340.55,1060.9570061679583,tabular_imputer
2026-05-08T13:28:00.484198+00:00,Telco,MCAR,10%,Mean/Mode,,852,TotalCharges,2279.592993832042,62.0,2217.592993832042,tabular_imputer
2026-05-08T13:28:00.484198+00:00,Telco,MCAR,10%,Mean/Mode,,861,TotalCharges,2279.592993832042,5822.3,3542.7070061679583,tabular_imputer
2026-05-08T13:28:00.484198+00:00,Telco,MCAR,10%,Mean/Mode,,869,TotalCharges,2279.592993832042,121.25,2158.342993832042,tabular_imputer
2026-05-08T13:28:00.484198+00:00,Telco,MCAR,10%,Mean/Mode,,881,TotalCharges,2279.592993832042,504.2,1775.3929938320418,tabular_imputer
2026-05-08T13:28:00.484198+00:00,Telco,MCAR,10%,Mean/Mode,,904,TotalCharges,2279.592993832042,5398.6,3119.0070061679585,tabular_imputer
2026-05-08T13:28:00.484198+00:00,Telco,MCAR,10%,Mean/Mode,,907,TotalCharges,2279.592993832042,1231.85,1047.742993832042,tabular_imputer
2026-05-08T13:28:00.484198+00:00,Telco,MCAR,10%,Mean/Mode,,921,TotalCharges,2279.592993832042,255.35,2024.242993832042,tabular_imputer
2026-05-08T13:28:00.484198+00:00,Telco,MCAR,10%,Mean/Mode,,922,TotalCharges,2279.592993832042,1189.4,1090.1929938320418,tabular_imputer
2026-05-08T13:28:00.484198+00:00,Telco,MCAR,10%,Mean/Mode,,933,TotalCharges,2279.592993832042,360.1,1919.492993832042,tabular_imputer
2026-05-08T13:28:00.484198+00:00,Telco,MCAR,10%,Mean/Mode,,941,TotalCharges,2279.592993832042,382.2,1897.3929938320416,tabular_imputer
2026-05-08T13:28:00.484198+00:00,Telco,MCAR,10%,Mean/Mode,,942,TotalCharges,2279.592993832042,2001.0,278.5929938320419,tabular_imputer
2026-05-08T13:28:00.484198+00:00,Telco,MCAR,10%,Mean/Mode,,952,TotalCharges,2279.592993832042,1253.15,1026.4429938320418,tabular_imputer
2026-05-08T13:28:00.484198+00:00,Telco,MCAR,10%,Mean/Mode,,961,TotalCharges,2279.592993832042,365.8,1913.792993832042,tabular_imputer
2026-05-08T13:28:00.484198+00:00,Telco,MCAR,10%,Mean/Mode,,969,TotalCharges,2279.592993832042,174.8,2104.7929938320417,tabular_imputer
2026-05-08T13:28:00.484198+00:00,Telco,MCAR,10%,Mean/Mode,,970,TotalCharges,2279.592993832042,90.55,2189.0429938320417,tabular_imputer
2026-05-08T13:28:00.484198+00:00,Telco,MCAR,10%,Mean/Mode,,974,TotalCharges,2279.592993832042,4542.35,2262.7570061679585,tabular_imputer
2026-05-08T13:28:00.484198+00:00,Telco,MCAR,10%,Mean/Mode,,977,TotalCharges,2279.592993832042,888.65,1390.9429938320418,tabular_imputer
2026-05-08T13:28:00.484198+00:00,Telco,MCAR,10%,Mean/Mode,,993,TotalCharges,2279.592993832042,225.55,2054.0429938320417,tabular_imputer
2026-05-08T13:28:00.484198+00:00,Telco,MCAR,10%,Mean/Mode,,1008,TotalCharges,2279.592993832042,3204.65,925.0570061679582,tabular_imputer
2026-05-08T13:28:00.484198+00:00,Telco,MCAR,10%,Mean/Mode,,1018,TotalCharges,2279.592993832042,162.45,2117.142993832042,tabular_imputer
2026-05-08T13:28:00.484198+00:00,Telco,MCAR,10%,Mean/Mode,,1037,TotalCharges,2279.592993832042,649.4,1630.1929938320418,tabular_imputer
2026-05-08T13:28:00.484198+00:00,Telco,MCAR,10%,Mean/Mode,,1057,TotalCharges,2279.592993832042,832.05,1447.542993832042,tabular_imputer
2026-05-08T13:28:00.484198+00:00,Telco,MCAR,10%,Mean/Mode,,1090,TotalCharges,2279.592993832042,5680.9,3401.3070061679578,tabular_imputer
2026-05-08T13:28:00.484198+00:00,Telco,MCAR,10%,Mean/Mode,,1093,TotalCharges,2279.592993832042,7159.7,4880.107006167958,tabular_imputer
2026-05-08T13:28:00.484198+00:00,Telco,MCAR,10%,Mean/Mode,,1124,TotalCharges,2279.592993832042,593.05,1686.542993832042,tabular_imputer
2026-05-08T13:28:00.484198+00:00,Telco,MCAR,10%,Mean/Mode,,1127,TotalCharges,2279.592993832042,1533.8,745.7929938320419,tabular_imputer
2026-05-08T13:28:00.484198+00:00,Telco,MCAR,10%,Mean/Mode,,1134,TotalCharges,2279.592993832042,2070.05,209.5429938320417,tabular_imputer
2026-05-08T13:28:00.484198+00:00,Telco,MCAR,10%,Mean/Mode,,1141,TotalCharges,2279.592993832042,98.35,2181.242993832042,tabular_imputer
2026-05-08T13:28:00.484198+00:00,Telco,MCAR,10%,Mean/Mode,,1145,TotalCharges,2279.592993832042,2324.7,45.107006167957934,tabular_imputer
2026-05-08T13:28:00.484198+00:00,Telco,MCAR,10%,Mean/Mode,,1148,TotalCharges,2279.592993832042,196.9,2082.692993832042,tabular_imputer
2026-05-08T13:28:00.484198+00:00,Telco,MCAR,10%,Mean/Mode,,1176,TotalCharges,2279.592993832042,669.45,1610.1429938320418,tabular_imputer
2026-05-08T13:28:00.484198+00:00,Telco,MCAR,10%,Mean/Mode,,1187,TotalCharges,2279.592993832042,7413.55,5133.957006167959,tabular_imputer
2026-05-08T13:28:00.484198+00:00,Telco,MCAR,10%,Mean/Mode,,1190,TotalCharges,2279.592993832042,3887.25,1607.657006167958,tabular_imputer
2026-05-08T13:28:00.484198+00:00,Telco,MCAR,10%,Mean/Mode,,1195,TotalCharges,2279.592993832042,1259.35,1020.242993832042,tabular_imputer
2026-05-08T13:28:00.484198+00:00,Telco,MCAR,10%,Mean/Mode,,1249,TotalCharges,2279.592993832042,45.05,2234.5429938320417,tabular_imputer
2026-05-08T13:28:00.484198+00:00,Telco,MCAR,10%,Mean/Mode,,1257,TotalCharges,2279.592993832042,1596.6,682.992993832042,tabular_imputer
2026-05-08T13:28:00.484198+00:00,Telco,MCAR,10%,Mean/Mode,,1276,TotalCharges,2279.592993832042,7168.25,4888.657006167958,tabular_imputer
2026-05-08T13:28:00.484198+00:00,Telco,MCAR,10%,Mean/Mode,,1287,TotalCharges,2279.592993832042,3242.5,962.907006167958,tabular_imputer
2026-05-08T13:28:00.484198+00:00,Telco,MCAR,10%,Mean/Mode,,1292,TotalCharges,2279.592993832042,5193.2,2913.607006167958,tabular_imputer
2026-05-08T13:28:00.484198+00:00,Telco,MCAR,10%,Mean/Mode,,1312,TotalCharges,2279.592993832042,3629.2,1349.607006167958,tabular_imputer
2026-05-08T13:28:00.484198+00:00,Telco,MCAR,10%,Mean/Mode,,1316,TotalCharges,2279.592993832042,147.5,2132.092993832042,tabular_imputer
2026-05-08T13:28:00.484198+00:00,Telco,MCAR,10%,Mean/Mode,,1326,TotalCharges,2279.592993832042,2151.6,127.99299383204198,tabular_imputer
2026-05-08T13:28:00.484198+00:00,Telco,MCAR,10%,Mean/Mode,,1327,TotalCharges,2279.592993832042,5961.1,3681.5070061679585,tabular_imputer
2026-05-08T13:28:00.484198+00:00,Telco,MCAR,10%,Mean/Mode,,1330,TotalCharges,2279.592993832042,1292.2,987.3929938320418,tabular_imputer
2026-05-08T13:28:00.484198+00:00,Telco,MCAR,10%,Mean/Mode,,1334,TotalCharges,2279.592993832042,25.2,2254.392993832042,tabular_imputer
2026-05-08T13:28:00.484198+00:00,Telco,MCAR,10%,Mean/Mode,,1349,TotalCharges,2279.592993832042,2553.35,273.757006167958,tabular_imputer
2026-05-08T13:28:00.484198+00:00,Telco,MCAR,10%,Mean/Mode,,1390,TotalCharges,2279.592993832042,4888.2,2608.607006167958,tabular_imputer
2026-05-08T13:28:00.484198+00:00,Telco,MCAR,10%,Mean/Mode,,1391,TotalCharges,2279.592993832042,2440.25,160.65700616795812,tabular_imputer
2026-05-08T13:28:00.484198+00:00,Telco,MCAR,10%,Mean/Mode,,1393,TotalCharges,2279.592993832042,20.35,2259.242993832042,tabular_imputer
2026-05-08T13:28:00.484198+00:00,Telco,MCAR,10%,Mean/Mode,,1426,TotalCharges,2279.592993832042,6585.2,4305.607006167958,tabular_imputer
2026-05-08T13:28:00.484198+00:00,Telco,MCAR,10%,Mean/Mode,,1439,TotalCharges,2279.592993832042,349.65,1929.9429938320416,tabular_imputer
2026-05-08T13:28:00.484198+00:00,Telco,MCAR,10%,Mean/Mode,,1441,TotalCharges,2279.592993832042,5458.8,3179.2070061679583,tabular_imputer
2026-05-08T13:28:00.484198+00:00,Telco,MCAR,10%,Mean/Mode,,1449,TotalCharges,2279.592993832042,106.8,2172.7929938320417,tabular_imputer
2026-05-08T13:28:00.484198+00:00,Telco,MCAR,10%,Mean/Mode,,1464,TotalCharges,2279.592993832042,547.8,1731.792993832042,tabular_imputer
2026-05-08T13:28:00.484198+00:00,Telco,MCAR,10%,Mean/Mode,,1480,TotalCharges,2279.592993832042,1309.15,970.4429938320418,tabular_imputer
2026-05-08T13:28:00.484198+00:00,Telco,MCAR,10%,Mean/Mode,,1502,TotalCharges,2279.592993832042,2633.95,354.35700616795793,tabular_imputer
2026-05-08T13:28:00.484198+00:00,Telco,MCAR,10%,Mean/Mode,,1516,TotalCharges,2279.592993832042,1579.7,699.8929938320418,tabular_imputer
2026-05-08T13:28:00.484198+00:00,Telco,MCAR,10%,Mean/Mode,,1519,TotalCharges,2279.592993832042,72.4,2207.192993832042,tabular_imputer
2026-05-08T13:28:00.484198+00:00,Telco,MCAR,10%,Mean/Mode,,1531,TotalCharges,2279.592993832042,882.55,1397.042993832042,tabular_imputer
2026-05-08T13:28:00.484198+00:00,Telco,MCAR,10%,Mean/Mode,,1532,TotalCharges,2279.592993832042,300.4,1979.1929938320416,tabular_imputer
2026-05-08T13:28:00.484198+00:00,Telco,MCAR,10%,Mean/Mode,,1534,TotalCharges,2279.592993832042,1436.95,842.6429938320418,tabular_imputer
2026-05-08T13:28:00.484198+00:00,Telco,MCAR,10%,Mean/Mode,,1535,TotalCharges,2279.592993832042,475.0,1804.592993832042,tabular_imputer
2026-05-08T13:28:00.484198+00:00,Telco,MCAR,10%,Mean/Mode,,1536,TotalCharges,2279.592993832042,5388.15,3108.5570061679578,tabular_imputer
2026-05-08T13:28:00.484198+00:00,Telco,MCAR,10%,Mean/Mode,,1547,TotalCharges,2279.592993832042,6873.75,4594.157006167958,tabular_imputer
2026-05-08T13:28:00.484198+00:00,Telco,MCAR,10%,Mean/Mode,,1549,TotalCharges,2279.592993832042,45.85,2233.742993832042,tabular_imputer
2026-05-08T13:28:00.484198+00:00,Telco,MCAR,10%,Mean/Mode,,1557,TotalCharges,2279.592993832042,832.3,1447.292993832042,tabular_imputer
2026-05-08T13:28:00.484198+00:00,Telco,MCAR,10%,Mean/Mode,,1575,TotalCharges,2279.592993832042,6710.5,4430.907006167958,tabular_imputer
2026-05-08T13:28:00.484198+00:00,Telco,MCAR,10%,Mean/Mode,,1605,TotalCharges,2279.592993832042,1218.65,1060.9429938320418,tabular_imputer
2026-05-08T13:28:00.484198+00:00,Telco,MCAR,10%,Mean/Mode,,1608,TotalCharges,2279.592993832042,279.5,2000.092993832042,tabular_imputer
2026-05-08T13:28:00.484198+00:00,Telco,MCAR,10%,Mean/Mode,,1620,TotalCharges,2279.592993832042,44.75,2234.842993832042,tabular_imputer
2026-05-08T13:28:00.484198+00:00,Telco,MCAR,10%,Mean/Mode,,1631,TotalCharges,2279.592993832042,1463.45,816.1429938320418,tabular_imputer
2026-05-08T13:28:00.484198+00:00,Telco,MCAR,10%,Mean/Mode,,1633,TotalCharges,2279.592993832042,43.8,2235.7929938320417,tabular_imputer
2026-05-08T13:28:00.484198+00:00,Telco,MCAR,10%,Mean/Mode,,1640,TotalCharges,2279.592993832042,134.05,2145.5429938320417,tabular_imputer
2026-05-08T13:28:00.484198+00:00,Telco,MCAR,10%,Mean/Mode,,1644,TotalCharges,2279.592993832042,3587.25,1307.657006167958,tabular_imputer
2026-05-08T13:28:00.484198+00:00,Telco,MCAR,10%,Mean/Mode,,1656,TotalCharges,2279.592993832042,4921.2,2641.607006167958,tabular_imputer
2026-05-08T13:28:00.484198+00:00,Telco,MCAR,10%,Mean/Mode,,1667,TotalCharges,2279.592993832042,321.7,1957.8929938320416,tabular_imputer
2026-05-08T13:28:00.484198+00:00,Telco,MCAR,10%,Mean/Mode,,1668,TotalCharges,2279.592993832042,5125.5,2845.907006167958,tabular_imputer
2026-05-08T13:28:00.484198+00:00,Telco,MCAR,10%,Mean/Mode,,1684,TotalCharges,2279.592993832042,1655.35,624.242993832042,tabular_imputer
2026-05-08T13:28:00.484198+00:00,Telco,MCAR,10%,Mean/Mode,,1690,TotalCharges,2279.592993832042,6669.05,4389.457006167959,tabular_imputer
2026-05-08T13:28:00.484198+00:00,Telco,MCAR,10%,Mean/Mode,,1693,TotalCharges,2279.592993832042,8375.05,6095.457006167957,tabular_imputer
2026-05-08T13:28:00.484198+00:00,Telco,MCAR,10%,Mean/Mode,,1705,TotalCharges,2279.592993832042,5044.8,2765.2070061679583,tabular_imputer
2026-05-08T13:28:00.484198+00:00,Telco,MCAR,10%,Mean/Mode,,1711,TotalCharges,2279.592993832042,1725.4,554.1929938320418,tabular_imputer
2026-05-08T13:28:00.484198+00:00,Telco,MCAR,10%,Mean/Mode,,1724,TotalCharges,2279.592993832042,273.2,2006.3929938320416,tabular_imputer
2026-05-08T13:28:00.484198+00:00,Telco,MCAR,10%,Mean/Mode,,1731,TotalCharges,2279.592993832042,69.6,2209.992993832042,tabular_imputer
2026-05-08T13:28:00.484198+00:00,Telco,MCAR,10%,Mean/Mode,,1744,TotalCharges,2279.592993832042,4162.05,1882.4570061679583,tabular_imputer
2026-05-08T13:28:00.484198+00:00,Telco,MCAR,10%,Mean/Mode,,1750,TotalCharges,2279.592993832042,4304.5,2024.907006167958,tabular_imputer
2026-05-08T13:28:00.484198+00:00,Telco,MCAR,10%,Mean/Mode,,1755,TotalCharges,2279.592993832042,654.5,1625.092993832042,tabular_imputer
2026-05-08T13:28:00.484198+00:00,Telco,MCAR,10%,Mean/Mode,,1766,TotalCharges,2279.592993832042,583.3,1696.292993832042,tabular_imputer
2026-05-08T13:28:00.484198+00:00,Telco,MCAR,10%,Mean/Mode,,1792,TotalCharges,2279.592993832042,3058.3,778.7070061679583,tabular_imputer
2026-05-08T13:28:00.484198+00:00,Telco,MCAR,10%,Mean/Mode,,1801,TotalCharges,2279.592993832042,1490.4,789.1929938320418,tabular_imputer
2026-05-08T13:28:00.484198+00:00,Telco,MCAR,10%,Mean/Mode,,1802,TotalCharges,2279.592993832042,280.0,1999.592993832042,tabular_imputer
2026-05-08T13:28:00.484198+00:00,Telco,MCAR,10%,Mean/Mode,,1827,TotalCharges,2279.592993832042,2333.85,54.257006167958025,tabular_imputer
2026-05-08T13:28:00.484198+00:00,Telco,MCAR,10%,Mean/Mode,,1838,TotalCharges,2279.592993832042,4931.8,2652.2070061679583,tabular_imputer
2026-05-08T13:28:00.484198+00:00,Telco,MCAR,10%,Mean/Mode,,1853,TotalCharges,2279.592993832042,45.15,2234.442993832042,tabular_imputer
2026-05-08T13:28:00.484198+00:00,Telco,MCAR,10%,Mean/Mode,,1858,TotalCharges,2279.592993832042,1441.1,838.492993832042,tabular_imputer
2026-05-08T13:28:00.484198+00:00,Telco,MCAR,10%,Mean/Mode,,1864,TotalCharges,2279.592993832042,1597.4,682.1929938320418,tabular_imputer
2026-05-08T13:28:00.484198+00:00,Telco,MCAR,10%,Mean/Mode,,1867,TotalCharges,2279.592993832042,247.25,2032.342993832042,tabular_imputer
2026-05-08T13:28:00.484198+00:00,Telco,MCAR,10%,Mean/Mode,,1882,TotalCharges,2279.592993832042,1834.15,445.4429938320418,tabular_imputer
2026-05-08T13:28:00.484198+00:00,Telco,MCAR,10%,Mean/Mode,,1884,TotalCharges,2279.592993832042,1477.65,801.9429938320418,tabular_imputer
2026-05-08T13:28:00.484198+00:00,Telco,MCAR,10%,Mean/Mode,,1908,TotalCharges,2279.592993832042,1399.35,880.242993832042,tabular_imputer
2026-05-08T13:28:00.484198+00:00,Telco,MCAR,10%,Mean/Mode,,1920,TotalCharges,2279.592993832042,471.55,1808.042993832042,tabular_imputer
2026-05-08T13:28:00.484198+00:00,Telco,MCAR,10%,Mean/Mode,,1927,TotalCharges,2279.592993832042,5118.95,2839.357006167958,tabular_imputer
2026-05-08T13:28:00.484198+00:00,Telco,MCAR,10%,Mean/Mode,,1931,TotalCharges,2279.592993832042,5809.75,3530.157006167958,tabular_imputer
2026-05-08T13:28:00.484198+00:00,Telco,MCAR,10%,Mean/Mode,,1950,TotalCharges,2279.592993832042,5940.85,3661.2570061679585,tabular_imputer
2026-05-08T13:28:00.484198+00:00,Telco,MCAR,10%,Mean/Mode,,1953,TotalCharges,2279.592993832042,75.35,2204.242993832042,tabular_imputer
2026-05-08T13:28:00.484198+00:00,Telco,MCAR,10%,Mean/Mode,,1962,TotalCharges,2279.592993832042,2292.75,13.157006167958116,tabular_imputer
2026-05-08T13:28:00.484198+00:00,Telco,MCAR,10%,Mean/Mode,,1971,TotalCharges,2279.592993832042,433.75,1845.842993832042,tabular_imputer
2026-05-08T13:28:00.484198+00:00,Telco,MCAR,10%,Mean/Mode,,1979,TotalCharges,2279.592993832042,886.4,1393.1929938320418,tabular_imputer
2026-05-08T13:28:00.484198+00:00,Telco,MCAR,10%,Mean/Mode,,1985,TotalCharges,2279.592993832042,309.1,1970.492993832042,tabular_imputer
2026-05-08T13:28:00.484198+00:00,Telco,MCAR,10%,Mean/Mode,,1988,TotalCharges,2279.592993832042,6287.25,4007.657006167958,tabular_imputer
2026-05-08T13:28:00.484198+00:00,Telco,MCAR,10%,Mean/Mode,,1992,TotalCharges,2279.592993832042,1329.15,950.4429938320418,tabular_imputer
2026-05-08T13:28:00.484198+00:00,Telco,MCAR,10%,Mean/Mode,,1993,TotalCharges,2279.592993832042,45.7,2233.892993832042,tabular_imputer
2026-05-08T13:28:00.484198+00:00,Telco,MCAR,10%,Mean/Mode,,2000,TotalCharges,2279.592993832042,637.4,1642.1929938320418,tabular_imputer
2026-05-08T13:28:00.484198+00:00,Telco,MCAR,10%,Mean/Mode,,2008,TotalCharges,2279.592993832042,341.45,1938.1429938320416,tabular_imputer
2026-05-08T13:28:00.484198+00:00,Telco,MCAR,10%,Mean/Mode,,2020,TotalCharges,2279.592993832042,3865.45,1585.857006167958,tabular_imputer
2026-05-08T13:28:00.484198+00:00,Telco,MCAR,10%,Mean/Mode,,2034,TotalCharges,2279.592993832042,2511.3,231.7070061679583,tabular_imputer
2026-05-08T13:28:00.484198+00:00,Telco,MCAR,10%,Mean/Mode,,2046,TotalCharges,2279.592993832042,24.7,2254.892993832042,tabular_imputer
2026-05-08T13:28:00.484198+00:00,Telco,MCAR,10%,Mean/Mode,,2057,TotalCharges,2279.592993832042,1742.75,536.8429938320419,tabular_imputer
2026-05-08T13:28:00.484198+00:00,Telco,MCAR,10%,Mean/Mode,,2062,TotalCharges,2279.592993832042,1683.6,595.992993832042,tabular_imputer
2026-05-08T13:28:00.484198+00:00,Telco,MCAR,10%,Mean/Mode,,2073,TotalCharges,2279.592993832042,283.75,1995.842993832042,tabular_imputer
2026-05-08T13:28:00.484198+00:00,Telco,MCAR,10%,Mean/Mode,,2076,TotalCharges,2279.592993832042,772.85,1506.742993832042,tabular_imputer
2026-05-08T13:28:00.484198+00:00,Telco,MCAR,10%,Mean/Mode,,2078,TotalCharges,2279.592993832042,857.8,1421.792993832042,tabular_imputer
2026-05-08T13:28:00.484198+00:00,Telco,MCAR,10%,Mean/Mode,,2106,TotalCharges,2279.592993832042,3157.0,877.4070061679581,tabular_imputer
2026-05-08T13:28:00.484198+00:00,Telco,MCAR,10%,Mean/Mode,,2115,TotalCharges,2279.592993832042,8477.6,6198.007006167958,tabular_imputer
2026-05-08T13:28:00.484198+00:00,Telco,MCAR,10%,Mean/Mode,,2117,TotalCharges,2279.592993832042,4528.0,2248.407006167958,tabular_imputer
2026-05-08T13:28:00.484198+00:00,Telco,MCAR,10%,Mean/Mode,,2161,TotalCharges,2279.592993832042,160.75,2118.842993832042,tabular_imputer
2026-05-08T13:28:00.484198+00:00,Telco,MCAR,10%,Mean/Mode,,2164,TotalCharges,2279.592993832042,6994.8,4715.207006167959,tabular_imputer
2026-05-08T13:28:00.484198+00:00,Telco,MCAR,10%,Mean/Mode,,2167,TotalCharges,2279.592993832042,1233.65,1045.9429938320418,tabular_imputer
2026-05-08T13:28:00.484198+00:00,Telco,MCAR,10%,Mean/Mode,,2171,TotalCharges,2279.592993832042,111.4,2168.192993832042,tabular_imputer
2026-05-08T13:28:00.484198+00:00,Telco,MCAR,10%,Mean/Mode,,2177,TotalCharges,2279.592993832042,7550.3,5270.707006167959,tabular_imputer
2026-05-08T13:28:00.484198+00:00,Telco,MCAR,10%,Mean/Mode,,2190,TotalCharges,2279.592993832042,5956.85,3677.2570061679585,tabular_imputer
2026-05-08T13:28:00.484198+00:00,Telco,MCAR,10%,Mean/Mode,,2216,TotalCharges,2279.592993832042,7111.3,4831.707006167959,tabular_imputer
2026-05-08T13:28:00.484198+00:00,Telco,MCAR,10%,Mean/Mode,,2219,TotalCharges,2279.592993832042,1648.45,631.1429938320418,tabular_imputer
2026-05-08T13:28:00.484198+00:00,Telco,MCAR,10%,Mean/Mode,,2248,TotalCharges,2279.592993832042,1588.7,690.8929938320418,tabular_imputer
2026-05-08T13:28:00.484198+00:00,Telco,MCAR,10%,Mean/Mode,,2260,TotalCharges,2279.592993832042,217.55,2062.0429938320417,tabular_imputer
2026-05-08T13:28:00.484198+00:00,Telco,MCAR,10%,Mean/Mode,,2261,TotalCharges,2279.592993832042,2583.75,304.1570061679581,tabular_imputer
2026-05-08T13:28:00.484198+00:00,Telco,MCAR,10%,Mean/Mode,,2268,TotalCharges,2279.592993832042,827.3,1452.292993832042,tabular_imputer
2026-05-08T13:28:00.484198+00:00,Telco,MCAR,10%,Mean/Mode,,2282,TotalCharges,2279.592993832042,6822.15,4542.557006167957,tabular_imputer
2026-05-08T13:28:00.484198+00:00,Telco,MCAR,10%,Mean/Mode,,2283,TotalCharges,2279.592993832042,71.55,2208.0429938320417,tabular_imputer
2026-05-08T13:28:00.484198+00:00,Telco,MCAR,10%,Mean/Mode,,2293,TotalCharges,2279.592993832042,6151.9,3872.3070061679578,tabular_imputer
2026-05-08T13:28:00.484198+00:00,Telco,MCAR,10%,Mean/Mode,,2305,TotalCharges,2279.592993832042,3410.0,1130.407006167958,tabular_imputer
2026-05-08T13:28:00.484198+00:00,Telco,MCAR,10%,Mean/Mode,,2307,TotalCharges,2279.592993832042,593.3,1686.292993832042,tabular_imputer
2026-05-08T13:28:00.484198+00:00,Telco,MCAR,10%,Mean/Mode,,2311,TotalCharges,2279.592993832042,5068.05,2788.4570061679583,tabular_imputer
2026-05-08T13:28:00.484198+00:00,Telco,MCAR,10%,Mean/Mode,,2313,TotalCharges,2279.592993832042,4451.85,2172.2570061679585,tabular_imputer
2026-05-08T13:28:00.484198+00:00,Telco,MCAR,10%,Mean/Mode,,2338,TotalCharges,2279.592993832042,1322.85,956.742993832042,tabular_imputer
2026-05-08T13:28:00.484198+00:00,Telco,MCAR,10%,Mean/Mode,,2359,TotalCharges,2279.592993832042,2447.45,167.85700616795793,tabular_imputer
2026-05-08T13:28:00.484198+00:00,Telco,MCAR,10%,Mean/Mode,,2363,TotalCharges,2279.592993832042,44.75,2234.842993832042,tabular_imputer
2026-05-08T13:28:00.484198+00:00,Telco,MCAR,10%,Mean/Mode,,2369,TotalCharges,2279.592993832042,6549.45,4269.857006167958,tabular_imputer
2026-05-08T13:28:00.484198+00:00,Telco,MCAR,10%,Mean/Mode,,2373,TotalCharges,2279.592993832042,3251.85,972.257006167958,tabular_imputer
2026-05-08T13:28:00.484198+00:00,Telco,MCAR,10%,Mean/Mode,,2412,TotalCharges,2279.592993832042,1445.3,834.2929938320419,tabular_imputer
2026-05-08T13:28:00.484198+00:00,Telco,MCAR,10%,Mean/Mode,,2420,TotalCharges,2279.592993832042,156.1,2123.492993832042,tabular_imputer
2026-05-08T13:28:00.484198+00:00,Telco,MCAR,10%,Mean/Mode,,2429,TotalCharges,2279.592993832042,4903.15,2623.5570061679578,tabular_imputer
2026-05-08T13:28:00.484198+00:00,Telco,MCAR,10%,Mean/Mode,,2439,TotalCharges,2279.592993832042,329.75,1949.842993832042,tabular_imputer
2026-05-08T13:28:00.484198+00:00,Telco,MCAR,10%,Mean/Mode,,2445,TotalCharges,2279.592993832042,1972.35,307.242993832042,tabular_imputer
2026-05-08T13:28:00.484198+00:00,Telco,MCAR,10%,Mean/Mode,,2457,TotalCharges,2279.592993832042,5199.8,2920.2070061679583,tabular_imputer
2026-05-08T13:28:00.484198+00:00,Telco,MCAR,10%,Mean/Mode,,2460,TotalCharges,2279.592993832042,883.35,1396.242993832042,tabular_imputer
2026-05-08T13:28:00.484198+00:00,Telco,MCAR,10%,Mean/Mode,,2475,TotalCharges,2279.592993832042,5424.25,3144.657006167958,tabular_imputer
2026-05-08T13:28:00.484198+00:00,Telco,MCAR,10%,Mean/Mode,,2482,TotalCharges,2279.592993832042,89.75,2189.842993832042,tabular_imputer
2026-05-08T13:28:00.484198+00:00,Telco,MCAR,10%,Mean/Mode,,2483,TotalCharges,2279.592993832042,4541.2,2261.607006167958,tabular_imputer
2026-05-08T13:28:00.484198+00:00,Telco,MCAR,10%,Mean/Mode,,2500,TotalCharges,2279.592993832042,4025.6,1746.007006167958,tabular_imputer
2026-05-08T13:28:00.484198+00:00,Telco,MCAR,10%,Mean/Mode,,2513,TotalCharges,2279.592993832042,1054.75,1224.842993832042,tabular_imputer
2026-05-08T13:28:00.484198+00:00,Telco,MCAR,10%,Mean/Mode,,2525,TotalCharges,2279.592993832042,6991.6,4712.007006167958,tabular_imputer
2026-05-08T13:28:00.484198+00:00,Telco,MCAR,10%,Mean/Mode,,2530,TotalCharges,2279.592993832042,715.0,1564.592993832042,tabular_imputer
2026-05-08T13:28:00.484198+00:00,Telco,MCAR,10%,Mean/Mode,,2537,TotalCharges,2279.592993832042,8164.1,5884.507006167958,tabular_imputer
2026-05-08T13:28:00.484198+00:00,Telco,MCAR,10%,Mean/Mode,,2544,TotalCharges,2279.592993832042,876.75,1402.842993832042,tabular_imputer
2026-05-08T13:28:00.484198+00:00,Telco,MCAR,10%,Mean/Mode,,2549,TotalCharges,2279.592993832042,33.7,2245.892993832042,tabular_imputer
2026-05-08T13:28:00.484198+00:00,Telco,MCAR,10%,Mean/Mode,,2554,TotalCharges,2279.592993832042,892.7,1386.8929938320418,tabular_imputer
2026-05-08T13:28:00.484198+00:00,Telco,MCAR,10%,Mean/Mode,,2557,TotalCharges,2279.592993832042,141.7,2137.892993832042,tabular_imputer
2026-05-08T13:28:00.484198+00:00,Telco,MCAR,10%,Mean/Mode,,2562,TotalCharges,2279.592993832042,3364.55,1084.9570061679583,tabular_imputer
2026-05-08T13:28:00.484198+00:00,Telco,MCAR,10%,Mean/Mode,,2565,TotalCharges,2279.592993832042,332.5,1947.092993832042,tabular_imputer
2026-05-08T13:28:00.484198+00:00,Telco,MCAR,10%,Mean/Mode,,2570,TotalCharges,2279.592993832042,2866.45,586.8570061679579,tabular_imputer
2026-05-08T13:28:00.484198+00:00,Telco,MCAR,10%,Mean/Mode,,2584,TotalCharges,2279.592993832042,3791.6,1512.007006167958,tabular_imputer
2026-05-08T13:28:00.484198+00:00,Telco,MCAR,10%,Mean/Mode,,2586,TotalCharges,2279.592993832042,780.25,1499.342993832042,tabular_imputer
2026-05-08T13:28:00.484198+00:00,Telco,MCAR,10%,Mean/Mode,,2602,TotalCharges,2279.592993832042,7266.95,4987.357006167958,tabular_imputer
2026-05-08T13:28:00.484198+00:00,Telco,MCAR,10%,Mean/Mode,,2611,TotalCharges,2279.592993832042,738.2,1541.3929938320418,tabular_imputer
2026-05-08T13:28:00.484198+00:00,Telco,MCAR,10%,Mean/Mode,,2634,TotalCharges,2279.592993832042,84.8,2194.7929938320417,tabular_imputer
2026-05-08T13:28:00.484198+00:00,Telco,MCAR,10%,Mean/Mode,,2650,TotalCharges,2279.592993832042,1302.65,976.9429938320418,tabular_imputer
2026-05-08T13:28:00.484198+00:00,Telco,MCAR,10%,Mean/Mode,,2652,TotalCharges,2279.592993832042,55.55,2224.0429938320417,tabular_imputer
2026-05-08T13:28:00.484198+00:00,Telco,MCAR,10%,Mean/Mode,,2653,TotalCharges,2279.592993832042,5437.75,3158.157006167958,tabular_imputer
2026-05-08T13:28:00.484198+00:00,Telco,MCAR,10%,Mean/Mode,,2674,TotalCharges,2279.592993832042,91.45,2188.142993832042,tabular_imputer
2026-05-08T13:28:00.484198+00:00,Telco,MCAR,10%,Mean/Mode,,2679,TotalCharges,2279.592993832042,301.4,1978.1929938320416,tabular_imputer
2026-05-08T13:28:00.484198+00:00,Telco,MCAR,10%,Mean/Mode,,2686,TotalCharges,2279.592993832042,1471.75,807.8429938320419,tabular_imputer
2026-05-08T13:28:00.484198+00:00,Telco,MCAR,10%,Mean/Mode,,2687,TotalCharges,2279.592993832042,2626.15,346.5570061679582,tabular_imputer
2026-05-08T13:28:00.484198+00:00,Telco,MCAR,10%,Mean/Mode,,2688,TotalCharges,2279.592993832042,412.1,1867.492993832042,tabular_imputer
2026-05-08T13:28:00.484198+00:00,Telco,MCAR,10%,Mean/Mode,,2691,TotalCharges,2279.592993832042,369.25,1910.342993832042,tabular_imputer
2026-05-08T13:28:00.484198+00:00,Telco,MCAR,10%,Mean/Mode,,2711,TotalCharges,2279.592993832042,2598.95,319.35700616795793,tabular_imputer
2026-05-08T13:28:00.484198+00:00,Telco,MCAR,10%,Mean/Mode,,2712,TotalCharges,2279.592993832042,216.45,2063.142993832042,tabular_imputer
2026-05-08T13:28:00.484198+00:00,Telco,MCAR,10%,Mean/Mode,,2731,TotalCharges,2279.592993832042,6780.1,4500.507006167958,tabular_imputer
2026-05-08T13:28:00.484198+00:00,Telco,MCAR,10%,Mean/Mode,,2734,TotalCharges,2279.592993832042,208.0,2071.592993832042,tabular_imputer
2026-05-08T13:28:00.484198+00:00,Telco,MCAR,10%,Mean/Mode,,2736,TotalCharges,2279.592993832042,5294.6,3015.0070061679585,tabular_imputer
2026-05-08T13:28:00.484198+00:00,Telco,MCAR,10%,Mean/Mode,,2767,TotalCharges,2279.592993832042,3958.85,1679.257006167958,tabular_imputer
2026-05-08T13:28:00.484198+00:00,Telco,MCAR,10%,Mean/Mode,,2795,TotalCharges,2279.592993832042,622.9,1656.6929938320418,tabular_imputer
2026-05-08T13:28:00.484198+00:00,Telco,MCAR,10%,Mean/Mode,,2799,TotalCharges,2279.592993832042,1001.5,1278.092993832042,tabular_imputer
2026-05-08T13:28:00.484198+00:00,Telco,MCAR,10%,Mean/Mode,,2808,TotalCharges,2279.592993832042,184.15,2095.442993832042,tabular_imputer
2026-05-08T13:28:00.484198+00:00,Telco,MCAR,10%,Mean/Mode,,2832,TotalCharges,2279.592993832042,2921.75,642.1570061679581,tabular_imputer
2026-05-08T13:28:00.484198+00:00,Telco,MCAR,10%,Mean/Mode,,2837,TotalCharges,2279.592993832042,20.5,2259.092993832042,tabular_imputer
2026-05-08T13:28:00.484198+00:00,Telco,MCAR,10%,Mean/Mode,,2842,TotalCharges,2279.592993832042,202.25,2077.342993832042,tabular_imputer
2026-05-08T13:28:00.484198+00:00,Telco,MCAR,10%,Mean/Mode,,2855,TotalCharges,2279.592993832042,867.3,1412.292993832042,tabular_imputer
2026-05-08T13:28:00.484198+00:00,Telco,MCAR,10%,Mean/Mode,,2868,TotalCharges,2279.592993832042,2146.5,133.09299383204188,tabular_imputer
2026-05-08T13:28:00.484198+00:00,Telco,MCAR,10%,Mean/Mode,,2869,TotalCharges,2279.592993832042,455.3,1824.292993832042,tabular_imputer
2026-05-08T13:28:00.484198+00:00,Telco,MCAR,10%,Mean/Mode,,2885,TotalCharges,2279.592993832042,7839.85,5560.257006167958,tabular_imputer
2026-05-08T13:28:00.484198+00:00,Telco,MCAR,10%,Mean/Mode,,2914,TotalCharges,2279.592993832042,2010.95,268.64299383204184,tabular_imputer
2026-05-08T13:28:00.484198+00:00,Telco,MCAR,10%,Mean/Mode,,2920,TotalCharges,2279.592993832042,6155.4,3875.8070061679578,tabular_imputer
2026-05-08T13:28:00.484198+00:00,Telco,MCAR,10%,Mean/Mode,,2921,TotalCharges,2279.592993832042,829.1,1450.492993832042,tabular_imputer
2026-05-08T13:28:00.484198+00:00,Telco,MCAR,10%,Mean/Mode,,2932,TotalCharges,2279.592993832042,6292.7,4013.107006167958,tabular_imputer
2026-05-08T13:28:00.484198+00:00,Telco,MCAR,10%,Mean/Mode,,2944,TotalCharges,2279.592993832042,605.75,1673.842993832042,tabular_imputer
2026-05-08T13:28:00.484198+00:00,Telco,MCAR,10%,Mean/Mode,,2946,TotalCharges,2279.592993832042,4116.9,1837.3070061679575,tabular_imputer
2026-05-08T13:28:00.484198+00:00,Telco,MCAR,10%,Mean/Mode,,2956,TotalCharges,2279.592993832042,5038.15,2758.5570061679578,tabular_imputer
2026-05-08T13:28:00.484198+00:00,Telco,MCAR,10%,Mean/Mode,,2965,TotalCharges,2279.592993832042,4242.35,1962.7570061679585,tabular_imputer
2026-05-08T13:28:00.484198+00:00,Telco,MCAR,10%,Mean/Mode,,2967,TotalCharges,2279.592993832042,6561.25,4281.657006167958,tabular_imputer
2026-05-08T13:28:00.484198+00:00,Telco,MCAR,10%,Mean/Mode,,2972,TotalCharges,2279.592993832042,4478.85,2199.2570061679585,tabular_imputer
2026-05-08T13:28:00.484198+00:00,Telco,MCAR,10%,Mean/Mode,,2975,TotalCharges,2279.592993832042,196.9,2082.692993832042,tabular_imputer
2026-05-08T13:28:00.484198+00:00,Telco,MCAR,10%,Mean/Mode,,2979,TotalCharges,2279.592993832042,3035.8,756.2070061679583,tabular_imputer
2026-05-08T13:28:00.484198+00:00,Telco,MCAR,10%,Mean/Mode,,2983,TotalCharges,2279.592993832042,6457.15,4177.557006167957,tabular_imputer
2026-05-08T13:28:00.484198+00:00,Telco,MCAR,10%,Mean/Mode,,2988,TotalCharges,2279.592993832042,7880.25,5600.657006167958,tabular_imputer
2026-05-08T13:28:00.484198+00:00,Telco,MCAR,10%,Mean/Mode,,2994,TotalCharges,2279.592993832042,2345.55,65.9570061679583,tabular_imputer
2026-05-08T13:28:00.484198+00:00,Telco,MCAR,10%,Mean/Mode,,2995,TotalCharges,2279.592993832042,25.25,2254.342993832042,tabular_imputer
2026-05-08T13:28:00.484198+00:00,Telco,MCAR,10%,Mean/Mode,,3024,TotalCharges,2279.592993832042,184.1,2095.492993832042,tabular_imputer
2026-05-08T13:28:00.484198+00:00,Telco,MCAR,10%,Mean/Mode,,3027,TotalCharges,2279.592993832042,137.6,2141.992993832042,tabular_imputer
2026-05-08T13:28:00.484198+00:00,Telco,MCAR,10%,Mean/Mode,,3030,TotalCharges,2279.592993832042,79.55,2200.0429938320417,tabular_imputer
2026-05-08T13:28:00.484198+00:00,Telco,MCAR,10%,Mean/Mode,,3051,TotalCharges,2279.592993832042,6342.7,4063.107006167958,tabular_imputer
2026-05-08T13:28:00.484198+00:00,Telco,MCAR,10%,Mean/Mode,,3063,TotalCharges,2279.592993832042,3810.55,1530.9570061679583,tabular_imputer
2026-05-08T13:28:00.484198+00:00,Telco,MCAR,10%,Mean/Mode,,3080,TotalCharges,2279.592993832042,38.45,2241.142993832042,tabular_imputer
2026-05-08T13:28:00.484198+00:00,Telco,MCAR,10%,Mean/Mode,,3082,TotalCharges,2279.592993832042,3043.6,764.007006167958,tabular_imputer
2026-05-08T13:28:00.484198+00:00,Telco,MCAR,10%,Mean/Mode,,3093,TotalCharges,2279.592993832042,1516.6,762.992993832042,tabular_imputer
2026-05-08T13:28:00.484198+00:00,Telco,MCAR,10%,Mean/Mode,,3099,TotalCharges,2279.592993832042,353.65,1925.9429938320416,tabular_imputer
2026-05-08T13:28:00.484198+00:00,Telco,MCAR,10%,Mean/Mode,,3102,TotalCharges,2279.592993832042,308.25,1971.342993832042,tabular_imputer
2026-05-08T13:28:00.484198+00:00,Telco,MCAR,10%,Mean/Mode,,3120,TotalCharges,2279.592993832042,1718.35,561.242993832042,tabular_imputer
2026-05-08T13:28:00.484198+00:00,Telco,MCAR,10%,Mean/Mode,,3130,TotalCharges,2279.592993832042,1712.9,566.6929938320418,tabular_imputer
2026-05-08T13:28:00.484198+00:00,Telco,MCAR,10%,Mean/Mode,,3142,TotalCharges,2279.592993832042,19.8,2259.7929938320417,tabular_imputer
2026-05-08T13:28:00.484198+00:00,Telco,MCAR,10%,Mean/Mode,,3155,TotalCharges,2279.592993832042,535.05,1744.542993832042,tabular_imputer
2026-05-08T13:28:00.484198+00:00,Telco,MCAR,10%,Mean/Mode,,3164,TotalCharges,2279.592993832042,3143.65,864.0570061679582,tabular_imputer
2026-05-08T13:28:00.484198+00:00,Telco,MCAR,10%,Mean/Mode,,3174,TotalCharges,2279.592993832042,2689.35,409.757006167958,tabular_imputer
2026-05-08T13:28:00.484198+00:00,Telco,MCAR,10%,Mean/Mode,,3186,TotalCharges,2279.592993832042,1160.75,1118.842993832042,tabular_imputer
2026-05-08T13:28:00.484198+00:00,Telco,MCAR,10%,Mean/Mode,,3205,TotalCharges,2279.592993832042,8308.9,6029.307006167957,tabular_imputer
2026-05-08T13:28:00.484198+00:00,Telco,MCAR,10%,Mean/Mode,,3207,TotalCharges,2279.592993832042,92.05,2187.5429938320417,tabular_imputer
2026-05-08T13:28:00.484198+00:00,Telco,MCAR,10%,Mean/Mode,,3211,TotalCharges,2279.592993832042,337.9,1941.6929938320416,tabular_imputer
2026-05-08T13:28:00.484198+00:00,Telco,MCAR,10%,Mean/Mode,,3215,TotalCharges,2279.592993832042,3439.0,1159.407006167958,tabular_imputer
2026-05-08T13:28:00.484198+00:00,Telco,MCAR,10%,Mean/Mode,,3216,TotalCharges,2279.592993832042,50.45,2229.142993832042,tabular_imputer
2026-05-08T13:28:00.484198+00:00,Telco,MCAR,10%,Mean/Mode,,3233,TotalCharges,2279.592993832042,118.25,2161.342993832042,tabular_imputer
2026-05-08T13:28:00.484198+00:00,Telco,MCAR,10%,Mean/Mode,,3235,TotalCharges,2279.592993832042,2696.55,416.9570061679583,tabular_imputer
2026-05-08T13:28:00.484198+00:00,Telco,MCAR,10%,Mean/Mode,,3243,TotalCharges,2279.592993832042,710.05,1569.542993832042,tabular_imputer
2026-05-08T13:28:00.484198+00:00,Telco,MCAR,10%,Mean/Mode,,3251,TotalCharges,2279.592993832042,4056.75,1777.157006167958,tabular_imputer
2026-05-08T13:28:00.484198+00:00,Telco,MCAR,10%,Mean/Mode,,3256,TotalCharges,2279.592993832042,5264.5,2984.907006167958,tabular_imputer
2026-05-08T13:28:00.484198+00:00,Telco,MCAR,10%,Mean/Mode,,3285,TotalCharges,2279.592993832042,4671.65,2392.0570061679578,tabular_imputer
2026-05-08T13:28:00.484198+00:00,Telco,MCAR,10%,Mean/Mode,,3286,TotalCharges,2279.592993832042,3474.05,1194.4570061679583,tabular_imputer
2026-05-08T13:28:00.484198+00:00,Telco,MCAR,10%,Mean/Mode,,3291,TotalCharges,2279.592993832042,1319.85,959.742993832042,tabular_imputer
2026-05-08T13:28:00.484198+00:00,Telco,MCAR,10%,Mean/Mode,,3321,TotalCharges,2279.592993832042,1714.95,564.6429938320418,tabular_imputer
2026-05-08T13:28:00.484198+00:00,Telco,MCAR,10%,Mean/Mode,,3333,TotalCharges,2279.592993832042,212.3,2067.2929938320417,tabular_imputer
2026-05-08T13:28:00.484198+00:00,Telco,MCAR,10%,Mean/Mode,,3336,TotalCharges,2279.592993832042,1079.05,1200.542993832042,tabular_imputer
2026-05-08T13:28:00.484198+00:00,Telco,MCAR,10%,Mean/Mode,,3340,TotalCharges,2279.592993832042,446.05,1833.542993832042,tabular_imputer
2026-05-08T13:28:00.484198+00:00,Telco,MCAR,10%,Mean/Mode,,3343,TotalCharges,2279.592993832042,318.6,1960.992993832042,tabular_imputer
2026-05-08T13:28:00.484198+00:00,Telco,MCAR,10%,Mean/Mode,,3344,TotalCharges,2279.592993832042,811.8,1467.792993832042,tabular_imputer
2026-05-08T13:28:00.484198+00:00,Telco,MCAR,10%,Mean/Mode,,3360,TotalCharges,2279.592993832042,1060.6,1218.992993832042,tabular_imputer
2026-05-08T13:28:00.484198+00:00,Telco,MCAR,10%,Mean/Mode,,3366,TotalCharges,2279.592993832042,2939.8,660.2070061679583,tabular_imputer
2026-05-08T13:28:00.484198+00:00,Telco,MCAR,10%,Mean/Mode,,3397,TotalCharges,2279.592993832042,6424.7,4145.107006167958,tabular_imputer
2026-05-08T13:28:00.484198+00:00,Telco,MCAR,10%,Mean/Mode,,3407,TotalCharges,2279.592993832042,1263.05,1016.542993832042,tabular_imputer
2026-05-08T13:28:00.484198+00:00,Telco,MCAR,10%,Mean/Mode,,3421,TotalCharges,2279.592993832042,7104.2,4824.607006167958,tabular_imputer
2026-05-08T13:28:00.484198+00:00,Telco,MCAR,10%,Mean/Mode,,3422,TotalCharges,2279.592993832042,4214.25,1934.657006167958,tabular_imputer
2026-05-08T13:28:00.484198+00:00,Telco,MCAR,10%,Mean/Mode,,3425,TotalCharges,2279.592993832042,1992.2,287.39299383204184,tabular_imputer
2026-05-08T13:28:00.484198+00:00,Telco,MCAR,10%,Mean/Mode,,3468,TotalCharges,2279.592993832042,19.7,2259.892993832042,tabular_imputer
2026-05-08T13:28:00.484198+00:00,Telco,MCAR,10%,Mean/Mode,,3483,TotalCharges,2279.592993832042,1358.6,920.992993832042,tabular_imputer
2026-05-08T13:28:00.484198+00:00,Telco,MCAR,10%,Mean/Mode,,3488,TotalCharges,2279.592993832042,542.4,1737.1929938320418,tabular_imputer
2026-05-08T13:28:00.484198+00:00,Telco,MCAR,10%,Mean/Mode,,3496,TotalCharges,2279.592993832042,1952.25,327.3429938320419,tabular_imputer
2026-05-08T13:28:00.484198+00:00,Telco,MCAR,10%,Mean/Mode,,3502,TotalCharges,2279.592993832042,2440.25,160.65700616795812,tabular_imputer
2026-05-08T13:28:00.484198+00:00,Telco,MCAR,10%,Mean/Mode,,3515,TotalCharges,2279.592993832042,934.15,1345.4429938320418,tabular_imputer
2026-05-08T13:28:00.484198+00:00,Telco,MCAR,10%,Mean/Mode,,3521,TotalCharges,2279.592993832042,3053.0,773.4070061679581,tabular_imputer
2026-05-08T13:28:00.484198+00:00,Telco,MCAR,10%,Mean/Mode,,3537,TotalCharges,2279.592993832042,1355.45,924.1429938320418,tabular_imputer
2026-05-08T13:28:00.484198+00:00,Telco,MCAR,10%,Mean/Mode,,3568,TotalCharges,2279.592993832042,1956.4,323.1929938320418,tabular_imputer
2026-05-08T13:28:00.484198+00:00,Telco,MCAR,10%,Mean/Mode,,3589,TotalCharges,2279.592993832042,1825.5,454.0929938320419,tabular_imputer
2026-05-08T13:28:00.484198+00:00,Telco,MCAR,10%,Mean/Mode,,3602,TotalCharges,2279.592993832042,2522.4,242.8070061679582,tabular_imputer
2026-05-08T13:28:00.484198+00:00,Telco,MCAR,10%,Mean/Mode,,3610,TotalCharges,2279.592993832042,1164.3,1115.292993832042,tabular_imputer
2026-05-08T13:28:00.484198+00:00,Telco,MCAR,10%,Mean/Mode,,3622,TotalCharges,2279.592993832042,6652.45,4372.857006167958,tabular_imputer
2026-05-08T13:28:00.484198+00:00,Telco,MCAR,10%,Mean/Mode,,3625,TotalCharges,2279.592993832042,1379.6,899.992993832042,tabular_imputer
2026-05-08T13:28:00.484198+00:00,Telco,MCAR,10%,Mean/Mode,,3626,TotalCharges,2279.592993832042,1284.2,995.3929938320418,tabular_imputer
2026-05-08T13:28:00.484198+00:00,Telco,MCAR,10%,Mean/Mode,,3631,TotalCharges,2279.592993832042,49.55,2230.0429938320417,tabular_imputer
2026-05-08T13:28:00.484198+00:00,Telco,MCAR,10%,Mean/Mode,,3640,TotalCharges,2279.592993832042,2745.2,465.60700616795793,tabular_imputer
2026-05-08T13:28:00.484198+00:00,Telco,MCAR,10%,Mean/Mode,,3641,TotalCharges,2279.592993832042,3721.9,1442.3070061679582,tabular_imputer
2026-05-08T13:28:00.484198+00:00,Telco,MCAR,10%,Mean/Mode,,3649,TotalCharges,2279.592993832042,1847.55,432.04299383204193,tabular_imputer
2026-05-08T13:28:00.484198+00:00,Telco,MCAR,10%,Mean/Mode,,3651,TotalCharges,2279.592993832042,1462.05,817.5429938320419,tabular_imputer
2026-05-08T13:28:00.484198+00:00,Telco,MCAR,10%,Mean/Mode,,3655,TotalCharges,2279.592993832042,641.15,1638.4429938320418,tabular_imputer
2026-05-08T13:28:00.484198+00:00,Telco,MCAR,10%,Mean/Mode,,3678,TotalCharges,2279.592993832042,1398.25,881.3429938320419,tabular_imputer
2026-05-08T13:28:00.484198+00:00,Telco,MCAR,10%,Mean/Mode,,3699,TotalCharges,2279.592993832042,2198.9,80.6929938320418,tabular_imputer
2026-05-08T13:28:00.484198+00:00,Telco,MCAR,10%,Mean/Mode,,3700,TotalCharges,2279.592993832042,374.5,1905.092993832042,tabular_imputer
2026-05-08T13:28:00.484198+00:00,Telco,MCAR,10%,Mean/Mode,,3706,TotalCharges,2279.592993832042,2281.6,2.007006167958025,tabular_imputer
2026-05-08T13:28:00.484198+00:00,Telco,MCAR,10%,Mean/Mode,,3718,TotalCharges,2279.592993832042,5497.05,3217.4570061679583,tabular_imputer
2026-05-08T13:28:00.484198+00:00,Telco,MCAR,10%,Mean/Mode,,3732,TotalCharges,2279.592993832042,1759.4,520.1929938320418,tabular_imputer
2026-05-08T13:28:00.484198+00:00,Telco,MCAR,10%,Mean/Mode,,3733,TotalCharges,2279.592993832042,844.45,1435.1429938320418,tabular_imputer
2026-05-08T13:28:00.484198+00:00,Telco,MCAR,10%,Mean/Mode,,3740,TotalCharges,2279.592993832042,135.75,2143.842993832042,tabular_imputer
2026-05-08T13:28:00.484198+00:00,Telco,MCAR,10%,Mean/Mode,,3742,TotalCharges,2279.592993832042,4282.4,2002.8070061679575,tabular_imputer
2026-05-08T13:28:00.484198+00:00,Telco,MCAR,10%,Mean/Mode,,3753,TotalCharges,2279.592993832042,29.15,2250.442993832042,tabular_imputer
2026-05-08T13:28:00.484198+00:00,Telco,MCAR,10%,Mean/Mode,,3755,TotalCharges,2279.592993832042,318.9,1960.6929938320416,tabular_imputer
2026-05-08T13:28:00.484198+00:00,Telco,MCAR,10%,Mean/Mode,,3762,TotalCharges,2279.592993832042,749.25,1530.342993832042,tabular_imputer
2026-05-08T13:28:00.484198+00:00,Telco,MCAR,10%,Mean/Mode,,3766,TotalCharges,2279.592993832042,55.8,2223.7929938320417,tabular_imputer
2026-05-08T13:28:00.484198+00:00,Telco,MCAR,10%,Mean/Mode,,3768,TotalCharges,2279.592993832042,4266.4,1986.8070061679575,tabular_imputer
2026-05-08T13:28:00.484198+00:00,Telco,MCAR,10%,Mean/Mode,,3773,TotalCharges,2279.592993832042,25.2,2254.392993832042,tabular_imputer
2026-05-08T13:28:00.484198+00:00,Telco,MCAR,10%,Mean/Mode,,3775,TotalCharges,2279.592993832042,4187.75,1908.157006167958,tabular_imputer
2026-05-08T13:28:00.484198+00:00,Telco,MCAR,10%,Mean/Mode,,3782,TotalCharges,2279.592993832042,966.55,1313.042993832042,tabular_imputer
2026-05-08T13:28:00.484198+00:00,Telco,MCAR,10%,Mean/Mode,,3787,TotalCharges,2279.592993832042,5817.7,3538.107006167958,tabular_imputer
2026-05-08T13:28:00.484198+00:00,Telco,MCAR,10%,Mean/Mode,,3799,TotalCharges,2279.592993832042,1994.3,285.29299383204193,tabular_imputer
2026-05-08T13:28:00.484198+00:00,Telco,MCAR,10%,Mean/Mode,,3805,TotalCharges,2279.592993832042,71.65,2207.942993832042,tabular_imputer
2026-05-08T13:28:00.484198+00:00,Telco,MCAR,10%,Mean/Mode,,3815,TotalCharges,2279.592993832042,210.3,2069.2929938320417,tabular_imputer
2026-05-08T13:28:00.484198+00:00,Telco,MCAR,10%,Mean/Mode,,3817,TotalCharges,2279.592993832042,1048.45,1231.1429938320418,tabular_imputer
2026-05-08T13:28:00.484198+00:00,Telco,MCAR,10%,Mean/Mode,,3825,TotalCharges,2279.592993832042,1031.7,1247.8929938320418,tabular_imputer
2026-05-08T13:28:00.484198+00:00,Telco,MCAR,10%,Mean/Mode,,3834,TotalCharges,2279.592993832042,3913.3,1633.7070061679583,tabular_imputer
2026-05-08T13:28:00.484198+00:00,Telco,MCAR,10%,Mean/Mode,,3840,TotalCharges,2279.592993832042,1740.8,538.7929938320419,tabular_imputer
2026-05-08T13:28:00.484198+00:00,Telco,MCAR,10%,Mean/Mode,,3859,TotalCharges,2279.592993832042,5121.75,2842.157006167958,tabular_imputer
2026-05-08T13:28:00.484198+00:00,Telco,MCAR,10%,Mean/Mode,,3891,TotalCharges,2279.592993832042,2386.85,107.25700616795802,tabular_imputer
2026-05-08T13:28:00.484198+00:00,Telco,MCAR,10%,Mean/Mode,,3914,TotalCharges,2279.592993832042,791.15,1488.4429938320418,tabular_imputer
2026-05-08T13:28:00.484198+00:00,Telco,MCAR,10%,Mean/Mode,,3934,TotalCharges,2279.592993832042,411.45,1868.1429938320416,tabular_imputer
2026-05-08T13:28:00.484198+00:00,Telco,MCAR,10%,Mean/Mode,,3938,TotalCharges,2279.592993832042,123.05,2156.5429938320417,tabular_imputer
2026-05-08T13:28:00.484198+00:00,Telco,MCAR,10%,Mean/Mode,,3942,TotalCharges,2279.592993832042,42.9,2236.692993832042,tabular_imputer
2026-05-08T13:28:00.484198+00:00,Telco,MCAR,10%,Mean/Mode,,3968,TotalCharges,2279.592993832042,1423.65,855.9429938320418,tabular_imputer
2026-05-08T13:28:00.484198+00:00,Telco,MCAR,10%,Mean/Mode,,3976,TotalCharges,2279.592993832042,86.6,2192.992993832042,tabular_imputer
2026-05-08T13:28:00.484198+00:00,Telco,MCAR,10%,Mean/Mode,,3979,TotalCharges,2279.592993832042,1672.35,607.242993832042,tabular_imputer
2026-05-08T13:28:00.484198+00:00,Telco,MCAR,10%,Mean/Mode,,3982,TotalCharges,2279.592993832042,1654.6,624.992993832042,tabular_imputer
2026-05-08T13:28:00.484198+00:00,Telco,MCAR,10%,Mean/Mode,,3999,TotalCharges,2279.592993832042,131.65,2147.942993832042,tabular_imputer
2026-05-08T13:28:00.484198+00:00,Telco,MCAR,10%,Mean/Mode,,4018,TotalCharges,2279.592993832042,477.05,1802.542993832042,tabular_imputer
2026-05-08T13:28:00.484198+00:00,Telco,MCAR,10%,Mean/Mode,,4040,TotalCharges,2279.592993832042,1980.3,299.29299383204193,tabular_imputer
2026-05-08T13:28:00.484198+00:00,Telco,MCAR,10%,Mean/Mode,,4043,TotalCharges,2279.592993832042,3886.85,1607.257006167958,tabular_imputer
2026-05-08T13:28:00.484198+00:00,Telco,MCAR,10%,Mean/Mode,,4065,TotalCharges,2279.592993832042,19.75,2259.842993832042,tabular_imputer
2026-05-08T13:28:00.484198+00:00,Telco,MCAR,10%,Mean/Mode,,4095,TotalCharges,2279.592993832042,214.4,2065.192993832042,tabular_imputer
2026-05-08T13:28:00.484198+00:00,Telco,MCAR,10%,Mean/Mode,,4098,TotalCharges,2279.592993832042,20.2,2259.392993832042,tabular_imputer
2026-05-08T13:28:00.484198+00:00,Telco,MCAR,10%,Mean/Mode,,4102,TotalCharges,2279.592993832042,333.65,1945.9429938320416,tabular_imputer
2026-05-08T13:28:00.484198+00:00,Telco,MCAR,10%,Mean/Mode,,4126,TotalCharges,2279.592993832042,122.9,2156.692993832042,tabular_imputer
2026-05-08T13:28:00.484198+00:00,Telco,MCAR,10%,Mean/Mode,,4133,TotalCharges,2279.592993832042,5581.05,3301.4570061679583,tabular_imputer
2026-05-08T13:28:00.484198+00:00,Telco,MCAR,10%,Mean/Mode,,4136,TotalCharges,2279.592993832042,942.95,1336.6429938320418,tabular_imputer
2026-05-08T13:28:00.484198+00:00,Telco,MCAR,10%,Mean/Mode,,4140,TotalCharges,2279.592993832042,6137.0,3857.407006167958,tabular_imputer
2026-05-08T13:28:00.484198+00:00,Telco,MCAR,10%,Mean/Mode,,4143,TotalCharges,2279.592993832042,2043.45,236.14299383204184,tabular_imputer
2026-05-08T13:28:00.484198+00:00,Telco,MCAR,10%,Mean/Mode,,4160,TotalCharges,2279.592993832042,1908.35,371.242993832042,tabular_imputer
2026-05-08T13:28:00.484198+00:00,Telco,MCAR,10%,Mean/Mode,,4161,TotalCharges,2279.592993832042,107.1,2172.492993832042,tabular_imputer
2026-05-08T13:28:00.484198+00:00,Telco,MCAR,10%,Mean/Mode,,4164,TotalCharges,2279.592993832042,7922.75,5643.157006167958,tabular_imputer
2026-05-08T13:28:00.484198+00:00,Telco,MCAR,10%,Mean/Mode,,4169,TotalCharges,2279.592993832042,1457.25,822.3429938320419,tabular_imputer
2026-05-08T13:28:00.484198+00:00,Telco,MCAR,10%,Mean/Mode,,4172,TotalCharges,2279.592993832042,19.5,2260.092993832042,tabular_imputer
2026-05-08T13:28:00.484198+00:00,Telco,MCAR,10%,Mean/Mode,,4176,TotalCharges,2279.592993832042,342.3,1937.292993832042,tabular_imputer
2026-05-08T13:28:00.484198+00:00,Telco,MCAR,10%,Mean/Mode,,4177,TotalCharges,2279.592993832042,985.05,1294.542993832042,tabular_imputer
2026-05-08T13:28:00.484198+00:00,Telco,MCAR,10%,Mean/Mode,,4202,TotalCharges,2279.592993832042,189.45,2090.142993832042,tabular_imputer
2026-05-08T13:28:00.484198+00:00,Telco,MCAR,10%,Mean/Mode,,4207,TotalCharges,2279.592993832042,1011.5,1268.092993832042,tabular_imputer
2026-05-08T13:28:00.484198+00:00,Telco,MCAR,10%,Mean/Mode,,4208,TotalCharges,2279.592993832042,4263.4,1983.8070061679575,tabular_imputer
2026-05-08T13:28:00.484198+00:00,Telco,MCAR,10%,Mean/Mode,,4221,TotalCharges,2279.592993832042,19.3,2260.2929938320417,tabular_imputer
2026-05-08T13:28:00.484198+00:00,Telco,MCAR,10%,Mean/Mode,,4229,TotalCharges,2279.592993832042,8443.7,6164.107006167958,tabular_imputer
2026-05-08T13:28:00.484198+00:00,Telco,MCAR,10%,Mean/Mode,,4231,TotalCharges,2279.592993832042,5708.2,3428.607006167958,tabular_imputer
2026-05-08T13:28:00.484198+00:00,Telco,MCAR,10%,Mean/Mode,,4234,TotalCharges,2279.592993832042,326.65,1952.9429938320416,tabular_imputer
2026-05-08T13:28:00.484198+00:00,Telco,MCAR,10%,Mean/Mode,,4248,TotalCharges,2279.592993832042,5116.6,2837.0070061679585,tabular_imputer
2026-05-08T13:28:00.484198+00:00,Telco,MCAR,10%,Mean/Mode,,4251,TotalCharges,2279.592993832042,1208.15,1071.4429938320418,tabular_imputer
2026-05-08T13:28:00.484198+00:00,Telco,MCAR,10%,Mean/Mode,,4268,TotalCharges,2279.592993832042,3165.6,886.007006167958,tabular_imputer
2026-05-08T13:28:00.484198+00:00,Telco,MCAR,10%,Mean/Mode,,4270,TotalCharges,2279.592993832042,6786.1,4506.507006167958,tabular_imputer
2026-05-08T13:28:00.484198+00:00,Telco,MCAR,10%,Mean/Mode,,4275,TotalCharges,2279.592993832042,25.75,2253.842993832042,tabular_imputer
2026-05-08T13:28:00.484198+00:00,Telco,MCAR,10%,Mean/Mode,,4282,TotalCharges,2279.592993832042,5301.1,3021.5070061679585,tabular_imputer
2026-05-08T13:28:00.484198+00:00,Telco,MCAR,10%,Mean/Mode,,4287,TotalCharges,2279.592993832042,6975.25,4695.657006167958,tabular_imputer
2026-05-08T13:28:00.484198+00:00,Telco,MCAR,10%,Mean/Mode,,4290,TotalCharges,2279.592993832042,40.1,2239.492993832042,tabular_imputer
2026-05-08T13:28:00.484198+00:00,Telco,MCAR,10%,Mean/Mode,,4302,TotalCharges,2279.592993832042,4267.15,1987.5570061679575,tabular_imputer
2026-05-08T13:28:00.484198+00:00,Telco,MCAR,10%,Mean/Mode,,4317,TotalCharges,2279.592993832042,57.4,2222.192993832042,tabular_imputer
2026-05-08T13:28:00.484198+00:00,Telco,MCAR,10%,Mean/Mode,,4337,TotalCharges,2279.592993832042,6951.15,4671.557006167957,tabular_imputer
2026-05-08T13:28:00.484198+00:00,Telco,MCAR,10%,Mean/Mode,,4341,TotalCharges,2279.592993832042,92.65,2186.942993832042,tabular_imputer
2026-05-08T13:28:00.484198+00:00,Telco,MCAR,10%,Mean/Mode,,4364,TotalCharges,2279.592993832042,4995.35,2715.7570061679585,tabular_imputer
2026-05-08T13:28:00.484198+00:00,Telco,MCAR,10%,Mean/Mode,,4365,TotalCharges,2279.592993832042,5034.05,2754.4570061679583,tabular_imputer
2026-05-08T13:28:00.484198+00:00,Telco,MCAR,10%,Mean/Mode,,4368,TotalCharges,2279.592993832042,751.65,1527.9429938320418,tabular_imputer
2026-05-08T13:28:00.484198+00:00,Telco,MCAR,10%,Mean/Mode,,4374,TotalCharges,2279.592993832042,1387.45,892.1429938320418,tabular_imputer
2026-05-08T13:28:00.484198+00:00,Telco,MCAR,10%,Mean/Mode,,4379,TotalCharges,2279.592993832042,5974.3,3694.7070061679583,tabular_imputer
2026-05-08T13:28:00.484198+00:00,Telco,MCAR,10%,Mean/Mode,,4383,TotalCharges,2279.592993832042,5040.2,2760.607006167958,tabular_imputer
2026-05-08T13:28:00.484198+00:00,Telco,MCAR,10%,Mean/Mode,,4385,TotalCharges,2279.592993832042,422.7,1856.8929938320416,tabular_imputer
2026-05-08T13:28:00.484198+00:00,Telco,MCAR,10%,Mean/Mode,,4409,TotalCharges,2279.592993832042,3353.4,1073.8070061679582,tabular_imputer
2026-05-08T13:28:00.484198+00:00,Telco,MCAR,10%,Mean/Mode,,4414,TotalCharges,2279.592993832042,452.2,1827.3929938320416,tabular_imputer
2026-05-08T13:28:00.484198+00:00,Telco,MCAR,10%,Mean/Mode,,4416,TotalCharges,2279.592993832042,1322.55,957.042993832042,tabular_imputer
2026-05-08T13:28:00.484198+00:00,Telco,MCAR,10%,Mean/Mode,,4460,TotalCharges,2279.592993832042,1468.75,810.8429938320419,tabular_imputer
2026-05-08T13:28:00.484198+00:00,Telco,MCAR,10%,Mean/Mode,,4467,TotalCharges,2279.592993832042,3435.6,1156.007006167958,tabular_imputer
2026-05-08T13:28:00.484198+00:00,Telco,MCAR,10%,Mean/Mode,,4474,TotalCharges,2279.592993832042,3090.05,810.4570061679583,tabular_imputer
2026-05-08T13:28:00.484198+00:00,Telco,MCAR,10%,Mean/Mode,,4482,TotalCharges,2279.592993832042,541.15,1738.4429938320418,tabular_imputer
2026-05-08T13:28:00.484198+00:00,Telco,MCAR,10%,Mean/Mode,,4487,TotalCharges,2279.592993832042,73.1,2206.492993832042,tabular_imputer
2026-05-08T13:28:00.484198+00:00,Telco,MCAR,10%,Mean/Mode,,4493,TotalCharges,2279.592993832042,454.65,1824.9429938320416,tabular_imputer
2026-05-08T13:28:00.484198+00:00,Telco,MCAR,10%,Mean/Mode,,4500,TotalCharges,2279.592993832042,6449.15,4169.557006167957,tabular_imputer
2026-05-08T13:28:00.484198+00:00,Telco,MCAR,10%,Mean/Mode,,4507,TotalCharges,2279.592993832042,574.5,1705.092993832042,tabular_imputer
2026-05-08T13:28:00.484198+00:00,Telco,MCAR,10%,Mean/Mode,,4527,TotalCharges,2279.592993832042,3201.55,921.9570061679584,tabular_imputer
2026-05-08T13:28:00.484198+00:00,Telco,MCAR,10%,Mean/Mode,,4529,TotalCharges,2279.592993832042,447.9,1831.6929938320416,tabular_imputer
2026-05-08T13:28:00.484198+00:00,Telco,MCAR,10%,Mean/Mode,,4544,TotalCharges,2279.592993832042,80.55,2199.0429938320417,tabular_imputer
2026-05-08T13:28:00.484198+00:00,Telco,MCAR,10%,Mean/Mode,,4556,TotalCharges,2279.592993832042,116.65,2162.942993832042,tabular_imputer
2026-05-08T13:28:00.484198+00:00,Telco,MCAR,10%,Mean/Mode,,4557,TotalCharges,2279.592993832042,3045.75,766.1570061679581,tabular_imputer
2026-05-08T13:28:00.484198+00:00,Telco,MCAR,10%,Mean/Mode,,4571,TotalCharges,2279.592993832042,1540.35,739.242993832042,tabular_imputer
2026-05-08T13:28:00.484198+00:00,Telco,MCAR,10%,Mean/Mode,,4576,TotalCharges,2279.592993832042,313.4,1966.1929938320416,tabular_imputer
2026-05-08T13:28:00.484198+00:00,Telco,MCAR,10%,Mean/Mode,,4612,TotalCharges,2279.592993832042,2933.95,654.3570061679579,tabular_imputer
2026-05-08T13:28:00.484198+00:00,Telco,MCAR,10%,Mean/Mode,,4615,TotalCharges,2279.592993832042,4804.75,2525.157006167958,tabular_imputer
2026-05-08T13:28:00.484198+00:00,Telco,MCAR,10%,Mean/Mode,,4623,TotalCharges,2279.592993832042,6382.0,4102.407006167958,tabular_imputer
2026-05-08T13:28:00.484198+00:00,Telco,MCAR,10%,Mean/Mode,,4635,TotalCharges,2279.592993832042,777.35,1502.242993832042,tabular_imputer
2026-05-08T13:28:00.484198+00:00,Telco,MCAR,10%,Mean/Mode,,4642,TotalCharges,2279.592993832042,4820.15,2540.5570061679578,tabular_imputer
2026-05-08T13:28:00.484198+00:00,Telco,MCAR,10%,Mean/Mode,,4646,TotalCharges,2279.592993832042,70.7,2208.892993832042,tabular_imputer
2026-05-08T13:28:00.484198+00:00,Telco,MCAR,10%,Mean/Mode,,4659,TotalCharges,2279.592993832042,6725.3,4445.707006167959,tabular_imputer
2026-05-08T13:28:00.484198+00:00,Telco,MCAR,10%,Mean/Mode,,4681,TotalCharges,2279.592993832042,790.15,1489.4429938320418,tabular_imputer
2026-05-08T13:28:00.484198+00:00,Telco,MCAR,10%,Mean/Mode,,4692,TotalCharges,2279.592993832042,1522.7,756.8929938320418,tabular_imputer
2026-05-08T13:28:00.484198+00:00,Telco,MCAR,10%,Mean/Mode,,4709,TotalCharges,2279.592993832042,5219.65,2940.0570061679578,tabular_imputer
2026-05-08T13:28:00.484198+00:00,Telco,MCAR,10%,Mean/Mode,,4722,TotalCharges,2279.592993832042,4224.7,1945.107006167958,tabular_imputer
2026-05-08T13:28:00.484198+00:00,Telco,MCAR,10%,Mean/Mode,,4725,TotalCharges,2279.592993832042,62.05,2217.5429938320417,tabular_imputer
2026-05-08T13:28:00.484198+00:00,Telco,MCAR,10%,Mean/Mode,,4743,TotalCharges,2279.592993832042,3389.25,1109.657006167958,tabular_imputer
2026-05-08T13:28:00.484198+00:00,Telco,MCAR,10%,Mean/Mode,,4746,TotalCharges,2279.592993832042,162.45,2117.142993832042,tabular_imputer
2026-05-08T13:28:00.484198+00:00,Telco,MCAR,10%,Mean/Mode,,4756,TotalCharges,2279.592993832042,2156.25,123.34299383204188,tabular_imputer
2026-05-08T13:28:00.484198+00:00,Telco,MCAR,10%,Mean/Mode,,4758,TotalCharges,2279.592993832042,1051.9,1227.6929938320418,tabular_imputer
2026-05-08T13:28:00.484198+00:00,Telco,MCAR,10%,Mean/Mode,,4773,TotalCharges,2279.592993832042,2375.4,95.8070061679582,tabular_imputer
2026-05-08T13:28:00.484198+00:00,Telco,MCAR,10%,Mean/Mode,,4795,TotalCharges,2279.592993832042,1021.8,1257.792993832042,tabular_imputer
2026-05-08T13:28:00.484198+00:00,Telco,MCAR,10%,Mean/Mode,,4799,TotalCharges,2279.592993832042,196.75,2082.842993832042,tabular_imputer
2026-05-08T13:28:00.484198+00:00,Telco,MCAR,10%,Mean/Mode,,4804,TotalCharges,2279.592993832042,7365.7,5086.107006167958,tabular_imputer
2026-05-08T13:28:00.484198+00:00,Telco,MCAR,10%,Mean/Mode,,4813,TotalCharges,2279.592993832042,4391.25,2111.657006167958,tabular_imputer
2026-05-08T13:28:00.484198+00:00,Telco,MCAR,10%,Mean/Mode,,4837,TotalCharges,2279.592993832042,69.8,2209.7929938320417,tabular_imputer
2026-05-08T13:28:00.484198+00:00,Telco,MCAR,10%,Mean/Mode,,4846,TotalCharges,2279.592993832042,488.65,1790.9429938320418,tabular_imputer
2026-05-08T13:28:00.484198+00:00,Telco,MCAR,10%,Mean/Mode,,4849,TotalCharges,2279.592993832042,2075.1,204.492993832042,tabular_imputer
2026-05-08T13:28:00.484198+00:00,Telco,MCAR,10%,Mean/Mode,,4872,TotalCharges,2279.592993832042,6065.3,3785.7070061679583,tabular_imputer
2026-05-08T13:28:00.484198+00:00,Telco,MCAR,10%,Mean/Mode,,4879,TotalCharges,2279.592993832042,3255.35,975.757006167958,tabular_imputer
2026-05-08T13:28:00.484198+00:00,Telco,MCAR,10%,Mean/Mode,,4888,TotalCharges,2279.592993832042,4510.8,2231.2070061679583,tabular_imputer
2026-05-08T13:28:00.484198+00:00,Telco,MCAR,10%,Mean/Mode,,4892,TotalCharges,2279.592993832042,1745.2,534.3929938320418,tabular_imputer
2026-05-08T13:28:00.484198+00:00,Telco,MCAR,10%,Mean/Mode,,4899,TotalCharges,2279.592993832042,333.55,1946.042993832042,tabular_imputer
2026-05-08T13:28:00.484198+00:00,Telco,MCAR,10%,Mean/Mode,,4903,TotalCharges,2279.592993832042,455.5,1824.092993832042,tabular_imputer
2026-05-08T13:28:00.484198+00:00,Telco,MCAR,10%,Mean/Mode,,4906,TotalCharges,2279.592993832042,6954.15,4674.557006167957,tabular_imputer
2026-05-08T13:28:00.484198+00:00,Telco,MCAR,10%,Mean/Mode,,4910,TotalCharges,2279.592993832042,2530.4,250.8070061679582,tabular_imputer
2026-05-08T13:28:00.484198+00:00,Telco,MCAR,10%,Mean/Mode,,4913,TotalCharges,2279.592993832042,1054.8,1224.792993832042,tabular_imputer
2026-05-08T13:28:00.484198+00:00,Telco,MCAR,10%,Mean/Mode,,4957,TotalCharges,2279.592993832042,251.65,2027.9429938320416,tabular_imputer
2026-05-08T13:28:00.484198+00:00,Telco,MCAR,10%,Mean/Mode,,4959,TotalCharges,2279.592993832042,20.15,2259.442993832042,tabular_imputer
2026-05-08T13:28:00.484198+00:00,Telco,MCAR,10%,Mean/Mode,,4966,TotalCharges,2279.592993832042,910.45,1369.1429938320418,tabular_imputer
2026-05-08T13:28:00.484198+00:00,Telco,MCAR,10%,Mean/Mode,,4970,TotalCharges,2279.592993832042,150.85,2128.742993832042,tabular_imputer
2026-05-08T13:28:00.484198+00:00,Telco,MCAR,10%,Mean/Mode,,4981,TotalCharges,2279.592993832042,712.75,1566.842993832042,tabular_imputer
2026-05-08T13:28:00.484198+00:00,Telco,MCAR,10%,Mean/Mode,,4998,TotalCharges,2279.592993832042,7053.35,4773.757006167958,tabular_imputer
2026-05-08T13:28:00.484198+00:00,Telco,MCAR,10%,Mean/Mode,,5000,TotalCharges,2279.592993832042,312.7,1966.8929938320416,tabular_imputer
2026-05-08T13:28:00.484198+00:00,Telco,MCAR,10%,Mean/Mode,,5006,TotalCharges,2279.592993832042,899.8,1379.792993832042,tabular_imputer
2026-05-08T13:28:00.484198+00:00,Telco,MCAR,10%,Mean/Mode,,5016,TotalCharges,2279.592993832042,108.05,2171.5429938320417,tabular_imputer
2026-05-08T13:28:00.484198+00:00,Telco,MCAR,10%,Mean/Mode,,5028,TotalCharges,2279.592993832042,7624.2,5344.607006167958,tabular_imputer
2026-05-08T13:28:00.484198+00:00,Telco,MCAR,10%,Mean/Mode,,5045,TotalCharges,2279.592993832042,2835.9,556.3070061679582,tabular_imputer
2026-05-08T13:28:00.484198+00:00,Telco,MCAR,10%,Mean/Mode,,5058,TotalCharges,2279.592993832042,1536.75,742.8429938320419,tabular_imputer
2026-05-08T13:28:00.484198+00:00,Telco,MCAR,10%,Mean/Mode,,5132,TotalCharges,2279.592993832042,4692.55,2412.9570061679583,tabular_imputer
2026-05-08T13:28:00.484198+00:00,Telco,MCAR,10%,Mean/Mode,,5137,TotalCharges,2279.592993832042,6382.55,4102.957006167959,tabular_imputer
2026-05-08T13:28:00.484198+00:00,Telco,MCAR,10%,Mean/Mode,,5138,TotalCharges,2279.592993832042,7623.2,5343.607006167958,tabular_imputer
2026-05-08T13:28:00.484198+00:00,Telco,MCAR,10%,Mean/Mode,,5158,TotalCharges,2279.592993832042,1777.6,501.992993832042,tabular_imputer
2026-05-08T13:28:00.484198+00:00,Telco,MCAR,10%,Mean/Mode,,5160,TotalCharges,2279.592993832042,74.35,2205.242993832042,tabular_imputer
2026-05-08T13:28:00.484198+00:00,Telco,MCAR,10%,Mean/Mode,,5171,TotalCharges,2279.592993832042,505.95,1773.6429938320418,tabular_imputer
2026-05-08T13:28:00.484198+00:00,Telco,MCAR,10%,Mean/Mode,,5173,TotalCharges,2279.592993832042,169.65,2109.942993832042,tabular_imputer
2026-05-08T13:28:00.484198+00:00,Telco,MCAR,10%,Mean/Mode,,5181,TotalCharges,2279.592993832042,6397.6,4118.007006167958,tabular_imputer
2026-05-08T13:28:00.484198+00:00,Telco,MCAR,10%,Mean/Mode,,5186,TotalCharges,2279.592993832042,36.45,2243.142993832042,tabular_imputer
2026-05-08T13:28:00.484198+00:00,Telco,MCAR,10%,Mean/Mode,,5209,TotalCharges,2279.592993832042,7852.4,5572.807006167957,tabular_imputer
2026-05-08T13:28:00.484198+00:00,Telco,MCAR,10%,Mean/Mode,,5220,TotalCharges,2279.592993832042,1734.5,545.0929938320419,tabular_imputer
2026-05-08T13:28:00.484198+00:00,Telco,MCAR,10%,Mean/Mode,,5232,TotalCharges,2279.592993832042,40.25,2239.342993832042,tabular_imputer
2026-05-08T13:28:00.484198+00:00,Telco,MCAR,10%,Mean/Mode,,5234,TotalCharges,2279.592993832042,4228.55,1948.9570061679583,tabular_imputer
2026-05-08T13:28:00.484198+00:00,Telco,MCAR,10%,Mean/Mode,,5240,TotalCharges,2279.592993832042,6725.5,4445.907006167958,tabular_imputer
2026-05-08T13:28:00.484198+00:00,Telco,MCAR,10%,Mean/Mode,,5262,TotalCharges,2279.592993832042,4070.95,1791.357006167958,tabular_imputer
2026-05-08T13:28:00.484198+00:00,Telco,MCAR,10%,Mean/Mode,,5277,TotalCharges,2279.592993832042,577.6,1701.992993832042,tabular_imputer
2026-05-08T13:28:00.484198+00:00,Telco,MCAR,10%,Mean/Mode,,5283,TotalCharges,2279.592993832042,953.65,1325.9429938320418,tabular_imputer
2026-05-08T13:28:00.484198+00:00,Telco,MCAR,10%,Mean/Mode,,5295,TotalCharges,2279.592993832042,5431.9,3152.3070061679578,tabular_imputer
2026-05-08T13:28:00.484198+00:00,Telco,MCAR,10%,Mean/Mode,,5298,TotalCharges,2279.592993832042,6401.25,4121.657006167958,tabular_imputer
2026-05-08T13:28:00.484198+00:00,Telco,MCAR,10%,Mean/Mode,,5304,TotalCharges,2279.592993832042,849.1,1430.492993832042,tabular_imputer
2026-05-08T13:28:00.484198+00:00,Telco,MCAR,10%,Mean/Mode,,5307,TotalCharges,2279.592993832042,90.1,2189.492993832042,tabular_imputer
2026-05-08T13:28:00.484198+00:00,Telco,MCAR,10%,Mean/Mode,,5323,TotalCharges,2279.592993832042,6225.4,3945.8070061679578,tabular_imputer
2026-05-08T13:28:00.484198+00:00,Telco,MCAR,10%,Mean/Mode,,5325,TotalCharges,2279.592993832042,99.45,2180.142993832042,tabular_imputer
2026-05-08T13:28:00.484198+00:00,Telco,MCAR,10%,Mean/Mode,,5330,TotalCharges,2279.592993832042,934.1,1345.492993832042,tabular_imputer
2026-05-08T13:28:00.484198+00:00,Telco,MCAR,10%,Mean/Mode,,5337,TotalCharges,2279.592993832042,1003.05,1276.542993832042,tabular_imputer
2026-05-08T13:28:00.484198+00:00,Telco,MCAR,10%,Mean/Mode,,5343,TotalCharges,2279.592993832042,3330.1,1050.507006167958,tabular_imputer
2026-05-08T13:28:00.484198+00:00,Telco,MCAR,10%,Mean/Mode,,5351,TotalCharges,2279.592993832042,1115.15,1164.4429938320418,tabular_imputer
2026-05-08T13:28:00.484198+00:00,Telco,MCAR,10%,Mean/Mode,,5365,TotalCharges,2279.592993832042,1250.1,1029.492993832042,tabular_imputer
2026-05-08T13:28:00.484198+00:00,Telco,MCAR,10%,Mean/Mode,,5384,TotalCharges,2279.592993832042,253.0,2026.592993832042,tabular_imputer
2026-05-08T13:28:00.484198+00:00,Telco,MCAR,10%,Mean/Mode,,5410,TotalCharges,2279.592993832042,6375.8,4096.207006167959,tabular_imputer
2026-05-08T13:28:00.484198+00:00,Telco,MCAR,10%,Mean/Mode,,5415,TotalCharges,2279.592993832042,913.3,1366.292993832042,tabular_imputer
2026-05-08T13:28:00.484198+00:00,Telco,MCAR,10%,Mean/Mode,,5422,TotalCharges,2279.592993832042,4375.8,2096.2070061679583,tabular_imputer
2026-05-08T13:28:00.484198+00:00,Telco,MCAR,10%,Mean/Mode,,5438,TotalCharges,2279.592993832042,741.7,1537.8929938320418,tabular_imputer
2026-05-08T13:28:00.484198+00:00,Telco,MCAR,10%,Mean/Mode,,5441,TotalCharges,2279.592993832042,4759.75,2480.157006167958,tabular_imputer
2026-05-08T13:28:00.484198+00:00,Telco,MCAR,10%,Mean/Mode,,5444,TotalCharges,2279.592993832042,4882.8,2603.2070061679583,tabular_imputer
2026-05-08T13:28:00.484198+00:00,Telco,MCAR,10%,Mean/Mode,,5459,TotalCharges,2279.592993832042,929.45,1350.1429938320418,tabular_imputer
2026-05-08T13:28:00.484198+00:00,Telco,MCAR,10%,Mean/Mode,,5464,TotalCharges,2279.592993832042,499.4,1780.1929938320418,tabular_imputer
2026-05-08T13:28:00.484198+00:00,Telco,MCAR,10%,Mean/Mode,,5469,TotalCharges,2279.592993832042,2576.8,297.2070061679583,tabular_imputer
2026-05-08T13:28:00.484198+00:00,Telco,MCAR,10%,Mean/Mode,,5472,TotalCharges,2279.592993832042,1923.85,355.742993832042,tabular_imputer
2026-05-08T13:28:00.484198+00:00,Telco,MCAR,10%,Mean/Mode,,5478,TotalCharges,2279.592993832042,5487.0,3207.407006167958,tabular_imputer
2026-05-08T13:28:00.484198+00:00,Telco,MCAR,10%,Mean/Mode,,5481,TotalCharges,2279.592993832042,73.65,2205.942993832042,tabular_imputer
2026-05-08T13:28:00.484198+00:00,Telco,MCAR,10%,Mean/Mode,,5486,TotalCharges,2279.592993832042,4735.2,2455.607006167958,tabular_imputer
2026-05-08T13:28:00.484198+00:00,Telco,MCAR,10%,Mean/Mode,,5502,TotalCharges,2279.592993832042,1167.8,1111.792993832042,tabular_imputer
2026-05-08T13:28:00.484198+00:00,Telco,MCAR,10%,Mean/Mode,,5511,TotalCharges,2279.592993832042,5289.8,3010.2070061679583,tabular_imputer
2026-05-08T13:28:00.484198+00:00,Telco,MCAR,10%,Mean/Mode,,5540,TotalCharges,2279.592993832042,20.55,2259.0429938320417,tabular_imputer
2026-05-08T13:28:00.484198+00:00,Telco,MCAR,10%,Mean/Mode,,5544,TotalCharges,2279.592993832042,6252.9,3973.3070061679578,tabular_imputer
2026-05-08T13:28:00.484198+00:00,Telco,MCAR,10%,Mean/Mode,,5568,TotalCharges,2279.592993832042,4060.55,1780.9570061679583,tabular_imputer
2026-05-08T13:28:00.484198+00:00,Telco,MCAR,10%,Mean/Mode,,5578,TotalCharges,2279.592993832042,833.55,1446.042993832042,tabular_imputer
2026-05-08T13:28:00.484198+00:00,Telco,MCAR,10%,Mean/Mode,,5588,TotalCharges,2279.592993832042,49.65,2229.942993832042,tabular_imputer
2026-05-08T13:28:00.484198+00:00,Telco,MCAR,10%,Mean/Mode,,5594,TotalCharges,2279.592993832042,1849.95,429.64299383204184,tabular_imputer
2026-05-08T13:28:00.484198+00:00,Telco,MCAR,10%,Mean/Mode,,5596,TotalCharges,2279.592993832042,1698.55,581.0429938320419,tabular_imputer
2026-05-08T13:28:00.484198+00:00,Telco,MCAR,10%,Mean/Mode,,5603,TotalCharges,2279.592993832042,48.6,2230.992993832042,tabular_imputer
2026-05-08T13:28:00.484198+00:00,Telco,MCAR,10%,Mean/Mode,,5619,TotalCharges,2279.592993832042,1859.5,420.0929938320419,tabular_imputer
2026-05-08T13:28:00.484198+00:00,Telco,MCAR,10%,Mean/Mode,,5638,TotalCharges,2279.592993832042,19.95,2259.642993832042,tabular_imputer
2026-05-08T13:28:00.484198+00:00,Telco,MCAR,10%,Mean/Mode,,5657,TotalCharges,2279.592993832042,1691.9,587.6929938320418,tabular_imputer
2026-05-08T13:28:00.484198+00:00,Telco,MCAR,10%,Mean/Mode,,5664,TotalCharges,2279.592993832042,865.55,1414.042993832042,tabular_imputer
2026-05-08T13:28:00.484198+00:00,Telco,MCAR,10%,Mean/Mode,,5669,TotalCharges,2279.592993832042,4304.0,2024.407006167958,tabular_imputer
2026-05-08T13:28:00.484198+00:00,Telco,MCAR,10%,Mean/Mode,,5676,TotalCharges,2279.592993832042,19.75,2259.842993832042,tabular_imputer
2026-05-08T13:28:00.484198+00:00,Telco,MCAR,10%,Mean/Mode,,5684,TotalCharges,2279.592993832042,6205.5,3925.907006167958,tabular_imputer
2026-05-08T13:28:00.484198+00:00,Telco,MCAR,10%,Mean/Mode,,5685,TotalCharges,2279.592993832042,903.7,1375.8929938320418,tabular_imputer
2026-05-08T13:28:00.484198+00:00,Telco,MCAR,10%,Mean/Mode,,5690,TotalCharges,2279.592993832042,4390.25,2110.657006167958,tabular_imputer
2026-05-08T13:28:00.484198+00:00,Telco,MCAR,10%,Mean/Mode,,5738,TotalCharges,2279.592993832042,20.6,2258.992993832042,tabular_imputer
2026-05-08T13:28:00.484198+00:00,Telco,MCAR,10%,Mean/Mode,,5741,TotalCharges,2279.592993832042,1931.75,347.8429938320419,tabular_imputer
2026-05-08T13:28:00.484198+00:00,Telco,MCAR,10%,Mean/Mode,,5746,TotalCharges,2279.592993832042,818.05,1461.542993832042,tabular_imputer
2026-05-08T13:28:00.484198+00:00,Telco,MCAR,10%,Mean/Mode,,5764,TotalCharges,2279.592993832042,5625.55,3345.9570061679583,tabular_imputer
2026-05-08T13:28:00.484198+00:00,Telco,MCAR,10%,Mean/Mode,,5789,TotalCharges,2279.592993832042,475.2,1804.3929938320416,tabular_imputer
2026-05-08T13:28:00.484198+00:00,Telco,MCAR,10%,Mean/Mode,,5791,TotalCharges,2279.592993832042,6444.05,4164.457006167959,tabular_imputer
2026-05-08T13:28:00.484198+00:00,Telco,MCAR,10%,Mean/Mode,,5794,TotalCharges,2279.592993832042,7932.5,5652.907006167958,tabular_imputer
2026-05-08T13:28:00.484198+00:00,Telco,MCAR,10%,Mean/Mode,,5805,TotalCharges,2279.592993832042,1286.05,993.542993832042,tabular_imputer
2026-05-08T13:28:00.484198+00:00,Telco,MCAR,10%,Mean/Mode,,5822,TotalCharges,2279.592993832042,2419.0,139.40700616795812,tabular_imputer
2026-05-08T13:28:00.484198+00:00,Telco,MCAR,10%,Mean/Mode,,5826,TotalCharges,2279.592993832042,79.35,2200.242993832042,tabular_imputer
2026-05-08T13:28:00.484198+00:00,Telco,MCAR,10%,Mean/Mode,,5827,TotalCharges,2279.592993832042,3097.0,817.4070061679581,tabular_imputer
2026-05-08T13:28:00.484198+00:00,Telco,MCAR,10%,Mean/Mode,,5830,TotalCharges,2279.592993832042,723.3,1556.292993832042,tabular_imputer
2026-05-08T13:28:00.484198+00:00,Telco,MCAR,10%,Mean/Mode,,5833,TotalCharges,2279.592993832042,577.15,1702.4429938320418,tabular_imputer
2026-05-08T13:28:00.484198+00:00,Telco,MCAR,10%,Mean/Mode,,5837,TotalCharges,2279.592993832042,96.8,2182.7929938320417,tabular_imputer
2026-05-08T13:28:00.484198+00:00,Telco,MCAR,10%,Mean/Mode,,5851,TotalCharges,2279.592993832042,3836.3,1556.7070061679583,tabular_imputer
2026-05-08T13:28:00.484198+00:00,Telco,MCAR,10%,Mean/Mode,,5855,TotalCharges,2279.592993832042,2832.75,553.1570061679581,tabular_imputer
2026-05-08T13:28:00.484198+00:00,Telco,MCAR,10%,Mean/Mode,,5872,TotalCharges,2279.592993832042,69.65,2209.942993832042,tabular_imputer
2026-05-08T13:28:00.484198+00:00,Telco,MCAR,10%,Mean/Mode,,5895,TotalCharges,2279.592993832042,2341.5,61.90700616795811,tabular_imputer
2026-05-08T13:28:00.484198+00:00,Telco,MCAR,10%,Mean/Mode,,5897,TotalCharges,2279.592993832042,1626.4,653.1929938320418,tabular_imputer
2026-05-08T13:28:00.484198+00:00,Telco,MCAR,10%,Mean/Mode,,5899,TotalCharges,2279.592993832042,5060.85,2781.2570061679585,tabular_imputer
2026-05-08T13:28:00.484198+00:00,Telco,MCAR,10%,Mean/Mode,,5905,TotalCharges,2279.592993832042,85.0,2194.592993832042,tabular_imputer
2026-05-08T13:28:00.484198+00:00,Telco,MCAR,10%,Mean/Mode,,5907,TotalCharges,2279.592993832042,44.3,2235.2929938320417,tabular_imputer
2026-05-08T13:28:00.484198+00:00,Telco,MCAR,10%,Mean/Mode,,5933,TotalCharges,2279.592993832042,294.45,1985.1429938320416,tabular_imputer
2026-05-08T13:28:00.484198+00:00,Telco,MCAR,10%,Mean/Mode,,5945,TotalCharges,2279.592993832042,5567.45,3287.857006167958,tabular_imputer
2026-05-08T13:28:00.484198+00:00,Telco,MCAR,10%,Mean/Mode,,5951,TotalCharges,2279.592993832042,3541.4,1261.8070061679582,tabular_imputer
2026-05-08T13:28:00.484198+00:00,Telco,MCAR,10%,Mean/Mode,,5962,TotalCharges,2279.592993832042,1321.3,958.292993832042,tabular_imputer
2026-05-08T13:28:00.484198+00:00,Telco,MCAR,10%,Mean/Mode,,5968,TotalCharges,2279.592993832042,872.65,1406.9429938320418,tabular_imputer
2026-05-08T13:28:00.484198+00:00,Telco,MCAR,10%,Mean/Mode,,5973,TotalCharges,2279.592993832042,6692.65,4413.057006167957,tabular_imputer
2026-05-08T13:28:00.484198+00:00,Telco,MCAR,10%,Mean/Mode,,5975,TotalCharges,2279.592993832042,608.8,1670.792993832042,tabular_imputer
2026-05-08T13:28:00.484198+00:00,Telco,MCAR,10%,Mean/Mode,,5980,TotalCharges,2279.592993832042,1387.35,892.242993832042,tabular_imputer
2026-05-08T13:28:00.484198+00:00,Telco,MCAR,10%,Mean/Mode,,5983,TotalCharges,2279.592993832042,1098.85,1180.742993832042,tabular_imputer
2026-05-08T13:28:00.484198+00:00,Telco,MCAR,10%,Mean/Mode,,5994,TotalCharges,2279.592993832042,4400.75,2121.157006167958,tabular_imputer
2026-05-08T13:28:00.484198+00:00,Telco,MCAR,10%,Mean/Mode,,6001,TotalCharges,2279.592993832042,24.9,2254.692993832042,tabular_imputer
2026-05-08T13:28:00.484198+00:00,Telco,MCAR,10%,Mean/Mode,,6010,TotalCharges,2279.592993832042,609.05,1670.542993832042,tabular_imputer
2026-05-08T13:28:00.484198+00:00,Telco,MCAR,10%,Mean/Mode,,6024,TotalCharges,2279.592993832042,242.95,2036.6429938320416,tabular_imputer
2026-05-08T13:28:00.484198+00:00,Telco,MCAR,10%,Mean/Mode,,6029,TotalCharges,2279.592993832042,360.55,1919.042993832042,tabular_imputer
2026-05-08T13:28:00.484198+00:00,Telco,MCAR,10%,Mean/Mode,,6045,TotalCharges,2279.592993832042,763.1,1516.492993832042,tabular_imputer
2026-05-08T13:28:00.484198+00:00,Telco,MCAR,10%,Mean/Mode,,6056,TotalCharges,2279.592993832042,4299.2,2019.607006167958,tabular_imputer
2026-05-08T13:28:00.484198+00:00,Telco,MCAR,10%,Mean/Mode,,6072,TotalCharges,2279.592993832042,251.25,2028.342993832042,tabular_imputer
2026-05-08T13:28:00.484198+00:00,Telco,MCAR,10%,Mean/Mode,,6091,TotalCharges,2279.592993832042,156.35,2123.242993832042,tabular_imputer
2026-05-08T13:28:00.484198+00:00,Telco,MCAR,10%,Mean/Mode,,6100,TotalCharges,2279.592993832042,2952.85,673.257006167958,tabular_imputer
2026-05-08T13:28:00.484198+00:00,Telco,MCAR,10%,Mean/Mode,,6114,TotalCharges,2279.592993832042,520.95,1758.6429938320418,tabular_imputer
2026-05-08T13:28:00.484198+00:00,Telco,MCAR,10%,Mean/Mode,,6143,TotalCharges,2279.592993832042,938.95,1340.6429938320418,tabular_imputer
2026-05-08T13:28:00.484198+00:00,Telco,MCAR,10%,Mean/Mode,,6165,TotalCharges,2279.592993832042,293.85,1985.742993832042,tabular_imputer
2026-05-08T13:28:00.484198+00:00,Telco,MCAR,10%,Mean/Mode,,6169,TotalCharges,2279.592993832042,44.9,2234.692993832042,tabular_imputer
2026-05-08T13:28:00.484198+00:00,Telco,MCAR,10%,Mean/Mode,,6171,TotalCharges,2279.592993832042,5348.65,3069.0570061679578,tabular_imputer
2026-05-08T13:28:00.484198+00:00,Telco,MCAR,10%,Mean/Mode,,6176,TotalCharges,2279.592993832042,3365.85,1086.257006167958,tabular_imputer
2026-05-08T13:28:00.484198+00:00,Telco,MCAR,10%,Mean/Mode,,6181,TotalCharges,2279.592993832042,6241.35,3961.7570061679585,tabular_imputer
2026-05-08T13:28:00.484198+00:00,Telco,MCAR,10%,Mean/Mode,,6187,TotalCharges,2279.592993832042,165.5,2114.092993832042,tabular_imputer
2026-05-08T13:28:00.484198+00:00,Telco,MCAR,10%,Mean/Mode,,6195,TotalCharges,2279.592993832042,305.55,1974.042993832042,tabular_imputer
2026-05-08T13:28:00.484198+00:00,Telco,MCAR,10%,Mean/Mode,,6198,TotalCharges,2279.592993832042,630.6,1648.992993832042,tabular_imputer
2026-05-08T13:28:00.484198+00:00,Telco,MCAR,10%,Mean/Mode,,6209,TotalCharges,2279.592993832042,788.05,1491.542993832042,tabular_imputer
2026-05-08T13:28:00.484198+00:00,Telco,MCAR,10%,Mean/Mode,,6214,TotalCharges,2279.592993832042,845.25,1434.342993832042,tabular_imputer
2026-05-08T13:28:00.484198+00:00,Telco,MCAR,10%,Mean/Mode,,6219,TotalCharges,2279.592993832042,25.7,2253.892993832042,tabular_imputer
2026-05-08T13:28:00.484198+00:00,Telco,MCAR,10%,Mean/Mode,,6259,TotalCharges,2279.592993832042,4543.95,2264.357006167958,tabular_imputer
2026-05-08T13:28:00.484198+00:00,Telco,MCAR,10%,Mean/Mode,,6260,TotalCharges,2279.592993832042,450.4,1829.1929938320416,tabular_imputer
2026-05-08T13:28:00.484198+00:00,Telco,MCAR,10%,Mean/Mode,,6268,TotalCharges,2279.592993832042,450.65,1828.9429938320416,tabular_imputer
2026-05-08T13:28:00.484198+00:00,Telco,MCAR,10%,Mean/Mode,,6279,TotalCharges,2279.592993832042,926.25,1353.342993832042,tabular_imputer
2026-05-08T13:28:00.484198+00:00,Telco,MCAR,10%,Mean/Mode,,6290,TotalCharges,2279.592993832042,6585.35,4305.757006167958,tabular_imputer
2026-05-08T13:28:00.484198+00:00,Telco,MCAR,10%,Mean/Mode,,6303,TotalCharges,2279.592993832042,7707.7,5428.107006167958,tabular_imputer
2026-05-08T13:28:00.484198+00:00,Telco,MCAR,10%,Mean/Mode,,6308,TotalCharges,2279.592993832042,139.25,2140.342993832042,tabular_imputer
2026-05-08T13:28:00.484198+00:00,Telco,MCAR,10%,Mean/Mode,,6334,TotalCharges,2279.592993832042,7039.05,4759.457006167959,tabular_imputer
2026-05-08T13:28:00.484198+00:00,Telco,MCAR,10%,Mean/Mode,,6335,TotalCharges,2279.592993832042,921.4,1358.1929938320418,tabular_imputer
2026-05-08T13:28:00.484198+00:00,Telco,MCAR,10%,Mean/Mode,,6341,TotalCharges,2279.592993832042,1358.85,920.742993832042,tabular_imputer
2026-05-08T13:28:00.484198+00:00,Telco,MCAR,10%,Mean/Mode,,6342,TotalCharges,2279.592993832042,5135.15,2855.5570061679578,tabular_imputer
2026-05-08T13:28:00.484198+00:00,Telco,MCAR,10%,Mean/Mode,,6360,TotalCharges,2279.592993832042,20.3,2259.2929938320417,tabular_imputer
2026-05-08T13:28:00.484198+00:00,Telco,MCAR,10%,Mean/Mode,,6364,TotalCharges,2279.592993832042,788.55,1491.042993832042,tabular_imputer
2026-05-08T13:28:00.484198+00:00,Telco,MCAR,10%,Mean/Mode,,6368,TotalCharges,2279.592993832042,181.7,2097.892993832042,tabular_imputer
2026-05-08T13:28:00.484198+00:00,Telco,MCAR,10%,Mean/Mode,,6377,TotalCharges,2279.592993832042,44.65,2234.942993832042,tabular_imputer
2026-05-08T13:28:00.484198+00:00,Telco,MCAR,10%,Mean/Mode,,6408,TotalCharges,2279.592993832042,7348.8,5069.207006167959,tabular_imputer
2026-05-08T13:28:00.484198+00:00,Telco,MCAR,10%,Mean/Mode,,6414,TotalCharges,2279.592993832042,1006.9,1272.6929938320418,tabular_imputer
2026-05-08T13:28:00.484198+00:00,Telco,MCAR,10%,Mean/Mode,,6427,TotalCharges,2279.592993832042,802.35,1477.242993832042,tabular_imputer
2026-05-08T13:28:00.484198+00:00,Telco,MCAR,10%,Mean/Mode,,6440,TotalCharges,2279.592993832042,3334.9,1055.3070061679582,tabular_imputer
2026-05-08T13:28:00.484198+00:00,Telco,MCAR,10%,Mean/Mode,,6446,TotalCharges,2279.592993832042,5125.75,2846.157006167958,tabular_imputer
2026-05-08T13:28:00.484198+00:00,Telco,MCAR,10%,Mean/Mode,,6449,TotalCharges,2279.592993832042,19.55,2260.0429938320417,tabular_imputer
2026-05-08T13:28:00.484198+00:00,Telco,MCAR,10%,Mean/Mode,,6451,TotalCharges,2279.592993832042,7862.25,5582.657006167958,tabular_imputer
2026-05-08T13:28:00.484198+00:00,Telco,MCAR,10%,Mean/Mode,,6459,TotalCharges,2279.592993832042,1459.35,820.242993832042,tabular_imputer
2026-05-08T13:28:00.484198+00:00,Telco,MCAR,10%,Mean/Mode,,6461,TotalCharges,2279.592993832042,4297.95,2018.357006167958,tabular_imputer
2026-05-08T13:28:00.484198+00:00,Telco,MCAR,10%,Mean/Mode,,6469,TotalCharges,2279.592993832042,705.45,1574.1429938320418,tabular_imputer
2026-05-08T13:28:00.484198+00:00,Telco,MCAR,10%,Mean/Mode,,6478,TotalCharges,2279.592993832042,6640.7,4361.107006167958,tabular_imputer
2026-05-08T13:28:00.484198+00:00,Telco,MCAR,10%,Mean/Mode,,6479,TotalCharges,2279.592993832042,55.0,2224.592993832042,tabular_imputer
2026-05-08T13:28:00.484198+00:00,Telco,MCAR,10%,Mean/Mode,,6483,TotalCharges,2279.592993832042,1334.45,945.1429938320418,tabular_imputer
2026-05-08T13:28:00.484198+00:00,Telco,MCAR,10%,Mean/Mode,,6488,TotalCharges,2279.592993832042,69.5,2210.092993832042,tabular_imputer
2026-05-08T13:28:00.484198+00:00,Telco,MCAR,10%,Mean/Mode,,6493,TotalCharges,2279.592993832042,934.8,1344.792993832042,tabular_imputer
2026-05-08T13:28:00.484198+00:00,Telco,MCAR,10%,Mean/Mode,,6502,TotalCharges,2279.592993832042,2419.55,139.9570061679583,tabular_imputer
2026-05-08T13:28:00.484198+00:00,Telco,MCAR,10%,Mean/Mode,,6519,TotalCharges,2279.592993832042,5764.7,3485.107006167958,tabular_imputer
2026-05-08T13:28:00.484198+00:00,Telco,MCAR,10%,Mean/Mode,,6523,TotalCharges,2279.592993832042,693.45,1586.1429938320418,tabular_imputer
2026-05-08T13:28:00.484198+00:00,Telco,MCAR,10%,Mean/Mode,,6527,TotalCharges,2279.592993832042,324.25,1955.342993832042,tabular_imputer
2026-05-08T13:28:00.484198+00:00,Telco,MCAR,10%,Mean/Mode,,6600,TotalCharges,2279.592993832042,91.7,2187.892993832042,tabular_imputer
2026-05-08T13:28:00.484198+00:00,Telco,MCAR,10%,Mean/Mode,,6615,TotalCharges,2279.592993832042,484.05,1795.542993832042,tabular_imputer
2026-05-08T13:28:00.484198+00:00,Telco,MCAR,10%,Mean/Mode,,6617,TotalCharges,2279.592993832042,3887.85,1608.257006167958,tabular_imputer
2026-05-08T13:28:00.484198+00:00,Telco,MCAR,10%,Mean/Mode,,6621,TotalCharges,2279.592993832042,958.15,1321.4429938320418,tabular_imputer
2026-05-08T13:28:00.484198+00:00,Telco,MCAR,10%,Mean/Mode,,6628,TotalCharges,2279.592993832042,633.45,1646.1429938320418,tabular_imputer
2026-05-08T13:28:00.484198+00:00,Telco,MCAR,10%,Mean/Mode,,6629,TotalCharges,2279.592993832042,6129.65,3850.0570061679578,tabular_imputer
2026-05-08T13:28:00.484198+00:00,Telco,MCAR,10%,Mean/Mode,,6633,TotalCharges,2279.592993832042,74.5,2205.092993832042,tabular_imputer
2026-05-08T13:28:00.484198+00:00,Telco,MCAR,10%,Mean/Mode,,6683,TotalCharges,2279.592993832042,1931.3,348.29299383204193,tabular_imputer
2026-05-08T13:28:00.484198+00:00,Telco,MCAR,10%,Mean/Mode,,6780,TotalCharges,2279.592993832042,559.2,1720.3929938320418,tabular_imputer
2026-05-08T13:28:00.484198+00:00,Telco,MCAR,10%,Mean/Mode,,6782,TotalCharges,2279.592993832042,531.15,1748.4429938320418,tabular_imputer
2026-05-08T13:28:00.484198+00:00,Telco,MCAR,10%,Mean/Mode,,6793,TotalCharges,2279.592993832042,7767.25,5487.657006167958,tabular_imputer
2026-05-08T13:28:00.484198+00:00,Telco,MCAR,10%,Mean/Mode,,6827,TotalCharges,2279.592993832042,4663.4,2383.8070061679578,tabular_imputer
2026-05-08T13:28:00.484198+00:00,Telco,MCAR,10%,Mean/Mode,,6841,TotalCharges,2279.592993832042,266.95,2012.6429938320416,tabular_imputer
2026-05-08T13:28:00.484198+00:00,Telco,MCAR,10%,Mean/Mode,,6842,TotalCharges,2279.592993832042,257.0,2022.592993832042,tabular_imputer
2026-05-08T13:28:00.484198+00:00,Telco,MCAR,10%,Mean/Mode,,6860,TotalCharges,2279.592993832042,3545.35,1265.757006167958,tabular_imputer
2026-05-08T13:28:00.484198+00:00,Telco,MCAR,10%,Mean/Mode,,6865,TotalCharges,2279.592993832042,564.35,1715.242993832042,tabular_imputer
2026-05-08T13:28:00.484198+00:00,Telco,MCAR,10%,Mean/Mode,,6867,TotalCharges,2279.592993832042,1311.75,967.842993832042,tabular_imputer
2026-05-08T13:28:00.484198+00:00,Telco,MCAR,10%,Mean/Mode,,6870,TotalCharges,2279.592993832042,3720.35,1440.757006167958,tabular_imputer
2026-05-08T13:28:00.484198+00:00,Telco,MCAR,10%,Mean/Mode,,6888,TotalCharges,2279.592993832042,239.45,2040.1429938320416,tabular_imputer
2026-05-08T13:28:00.484198+00:00,Telco,MCAR,10%,Mean/Mode,,6905,TotalCharges,2279.592993832042,1307.8,971.792993832042,tabular_imputer
2026-05-08T13:28:00.484198+00:00,Telco,MCAR,10%,Mean/Mode,,6909,TotalCharges,2279.592993832042,53.55,2226.0429938320417,tabular_imputer
2026-05-08T13:28:00.484198+00:00,Telco,MCAR,10%,Mean/Mode,,6916,TotalCharges,2279.592993832042,819.95,1459.6429938320418,tabular_imputer
2026-05-08T13:28:00.484198+00:00,Telco,MCAR,10%,Mean/Mode,,6922,TotalCharges,2279.592993832042,221.1,2058.492993832042,tabular_imputer
2026-05-08T13:28:00.484198+00:00,Telco,MCAR,10%,Mean/Mode,,6929,TotalCharges,2279.592993832042,471.7,1807.8929938320416,tabular_imputer
2026-05-08T13:28:00.484198+00:00,Telco,MCAR,10%,Mean/Mode,,6938,TotalCharges,2279.592993832042,4615.9,2336.3070061679578,tabular_imputer
2026-05-08T13:28:00.484198+00:00,Telco,MCAR,10%,Mean/Mode,,6944,TotalCharges,2279.592993832042,53.05,2226.5429938320417,tabular_imputer
2026-05-08T13:28:00.484198+00:00,Telco,MCAR,10%,Mean/Mode,,6957,TotalCharges,2279.592993832042,770.5,1509.092993832042,tabular_imputer
2026-05-08T13:28:00.484198+00:00,Telco,MCAR,10%,Mean/Mode,,6959,TotalCharges,2279.592993832042,3342.0,1062.407006167958,tabular_imputer
2026-05-08T13:28:00.484198+00:00,Telco,MCAR,10%,Mean/Mode,,6967,TotalCharges,2279.592993832042,2196.15,83.4429938320418,tabular_imputer
2026-05-08T13:28:00.484198+00:00,Telco,MCAR,10%,Mean/Mode,,6979,TotalCharges,2279.592993832042,24.2,2255.392993832042,tabular_imputer
2026-05-08T13:28:00.484198+00:00,Telco,MCAR,10%,Mean/Mode,,6982,TotalCharges,2279.592993832042,5237.4,2957.8070061679578,tabular_imputer
2026-05-08T13:28:00.484198+00:00,Telco,MCAR,10%,Mean/Mode,,6984,TotalCharges,2279.592993832042,789.2,1490.3929938320418,tabular_imputer
2026-05-08T13:28:00.484198+00:00,Telco,MCAR,10%,Mean/Mode,,7018,TotalCharges,2279.592993832042,70.65,2208.942993832042,tabular_imputer
2026-05-08T13:28:00.484198+00:00,Telco,MCAR,10%,Mean/Mode,,7022,TotalCharges,2279.592993832042,7544.3,5264.707006167959,tabular_imputer
2026-05-08T13:28:00.484198+00:00,Telco,MCAR,10%,Mean/Mode,,7026,TotalCharges,2279.592993832042,403.35,1876.242993832042,tabular_imputer
2026-05-08T13:28:00.484198+00:00,Telco,MCAR,10%,Mean/Mode,,7027,TotalCharges,2279.592993832042,931.55,1348.042993832042,tabular_imputer
2026-05-08T13:28:00.525644+00:00,Telco,MCAR,"totalcharges, 10%",Mean/Mode,,17,TotalCharges,2282.834497471555,7382.25,5099.415502528445,tabular_imputer
2026-05-08T13:28:00.525644+00:00,Telco,MCAR,"totalcharges, 10%",Mean/Mode,,19,TotalCharges,2282.834497471555,1862.9,419.934497471555,tabular_imputer
2026-05-08T13:28:00.525644+00:00,Telco,MCAR,"totalcharges, 10%",Mean/Mode,,23,TotalCharges,2282.834497471555,3505.1,1222.2655025284448,tabular_imputer
2026-05-08T13:28:00.525644+00:00,Telco,MCAR,"totalcharges, 10%",Mean/Mode,,31,TotalCharges,2282.834497471555,181.65,2101.184497471555,tabular_imputer
2026-05-08T13:28:00.525644+00:00,Telco,MCAR,"totalcharges, 10%",Mean/Mode,,37,TotalCharges,2282.834497471555,3548.3,1265.465502528445,tabular_imputer
2026-05-08T13:28:00.525644+00:00,Telco,MCAR,"totalcharges, 10%",Mean/Mode,,50,TotalCharges,2282.834497471555,3838.75,1555.915502528445,tabular_imputer
2026-05-08T13:28:00.525644+00:00,Telco,MCAR,"totalcharges, 10%",Mean/Mode,,61,TotalCharges,2282.834497471555,5450.7,3167.8655025284447,tabular_imputer
2026-05-08T13:28:00.525644+00:00,Telco,MCAR,"totalcharges, 10%",Mean/Mode,,79,TotalCharges,2282.834497471555,1216.6,1066.2344974715552,tabular_imputer
2026-05-08T13:28:00.525644+00:00,Telco,MCAR,"totalcharges, 10%",Mean/Mode,,80,TotalCharges,2282.834497471555,79.35,2203.484497471555,tabular_imputer
2026-05-08T13:28:00.525644+00:00,Telco,MCAR,"totalcharges, 10%",Mean/Mode,,88,TotalCharges,2282.834497471555,927.1,1355.7344974715552,tabular_imputer
2026-05-08T13:28:00.525644+00:00,Telco,MCAR,"totalcharges, 10%",Mean/Mode,,93,TotalCharges,2282.834497471555,7107.0,4824.165502528445,tabular_imputer
2026-05-08T13:28:00.525644+00:00,Telco,MCAR,"totalcharges, 10%",Mean/Mode,,95,TotalCharges,2282.834497471555,927.35,1355.4844974715552,tabular_imputer
2026-05-08T13:28:00.525644+00:00,Telco,MCAR,"totalcharges, 10%",Mean/Mode,,96,TotalCharges,2282.834497471555,4748.7,2465.8655025284447,tabular_imputer
2026-05-08T13:28:00.525644+00:00,Telco,MCAR,"totalcharges, 10%",Mean/Mode,,101,TotalCharges,2282.834497471555,19.45,2263.3844974715553,tabular_imputer
2026-05-08T13:28:00.525644+00:00,Telco,MCAR,"totalcharges, 10%",Mean/Mode,,132,TotalCharges,2282.834497471555,3260.1,977.2655025284448,tabular_imputer
2026-05-08T13:28:00.525644+00:00,Telco,MCAR,"totalcharges, 10%",Mean/Mode,,156,TotalCharges,2282.834497471555,1821.95,460.88449747155505,tabular_imputer
2026-05-08T13:28:00.525644+00:00,Telco,MCAR,"totalcharges, 10%",Mean/Mode,,168,TotalCharges,2282.834497471555,2651.2,368.3655025284447,tabular_imputer
2026-05-08T13:28:00.525644+00:00,Telco,MCAR,"totalcharges, 10%",Mean/Mode,,169,TotalCharges,2282.834497471555,321.4,1961.434497471555,tabular_imputer
2026-05-08T13:28:00.525644+00:00,Telco,MCAR,"totalcharges, 10%",Mean/Mode,,177,TotalCharges,2282.834497471555,503.6,1779.2344974715552,tabular_imputer
2026-05-08T13:28:00.525644+00:00,Telco,MCAR,"totalcharges, 10%",Mean/Mode,,179,TotalCharges,2282.834497471555,1252.0,1030.834497471555,tabular_imputer
2026-05-08T13:28:00.525644+00:00,Telco,MCAR,"totalcharges, 10%",Mean/Mode,,185,TotalCharges,2282.834497471555,24.8,2258.034497471555,tabular_imputer
2026-05-08T13:28:00.525644+00:00,Telco,MCAR,"totalcharges, 10%",Mean/Mode,,198,TotalCharges,2282.834497471555,8041.65,5758.815502528445,tabular_imputer
2026-05-08T13:28:00.525644+00:00,Telco,MCAR,"totalcharges, 10%",Mean/Mode,,199,TotalCharges,2282.834497471555,20.75,2262.084497471555,tabular_imputer
2026-05-08T13:28:00.525644+00:00,Telco,MCAR,"totalcharges, 10%",Mean/Mode,,217,TotalCharges,2282.834497471555,3789.2,1506.3655025284447,tabular_imputer
2026-05-08T13:28:00.525644+00:00,Telco,MCAR,"totalcharges, 10%",Mean/Mode,,228,TotalCharges,2282.834497471555,2723.15,440.315502528445,tabular_imputer
2026-05-08T13:28:00.525644+00:00,Telco,MCAR,"totalcharges, 10%",Mean/Mode,,230,TotalCharges,2282.834497471555,5760.65,3477.8155025284445,tabular_imputer
2026-05-08T13:28:00.525644+00:00,Telco,MCAR,"totalcharges, 10%",Mean/Mode,,233,TotalCharges,2282.834497471555,1566.9,715.934497471555,tabular_imputer
2026-05-08T13:28:00.525644+00:00,Telco,MCAR,"totalcharges, 10%",Mean/Mode,,239,TotalCharges,2282.834497471555,284.35,1998.4844974715552,tabular_imputer
2026-05-08T13:28:00.525644+00:00,Telco,MCAR,"totalcharges, 10%",Mean/Mode,,245,TotalCharges,2282.834497471555,273.4,2009.434497471555,tabular_imputer
2026-05-08T13:28:00.525644+00:00,Telco,MCAR,"totalcharges, 10%",Mean/Mode,,247,TotalCharges,2282.834497471555,1074.3,1208.5344974715551,tabular_imputer
2026-05-08T13:28:00.525644+00:00,Telco,MCAR,"totalcharges, 10%",Mean/Mode,,263,TotalCharges,2282.834497471555,1520.1,762.7344974715552,tabular_imputer
2026-05-08T13:28:00.525644+00:00,Telco,MCAR,"totalcharges, 10%",Mean/Mode,,319,TotalCharges,2282.834497471555,3236.35,953.5155025284448,tabular_imputer
2026-05-08T13:28:00.525644+00:00,Telco,MCAR,"totalcharges, 10%",Mean/Mode,,321,TotalCharges,2282.834497471555,4264.0,1981.165502528445,tabular_imputer
2026-05-08T13:28:00.525644+00:00,Telco,MCAR,"totalcharges, 10%",Mean/Mode,,323,TotalCharges,2282.834497471555,422.3,1860.5344974715551,tabular_imputer
2026-05-08T13:28:00.525644+00:00,Telco,MCAR,"totalcharges, 10%",Mean/Mode,,324,TotalCharges,2282.834497471555,4176.7,1893.8655025284447,tabular_imputer
2026-05-08T13:28:00.525644+00:00,Telco,MCAR,"totalcharges, 10%",Mean/Mode,,334,TotalCharges,2282.834497471555,155.8,2127.034497471555,tabular_imputer
2026-05-08T13:28:00.525644+00:00,Telco,MCAR,"totalcharges, 10%",Mean/Mode,,378,TotalCharges,2282.834497471555,5308.7,3025.8655025284447,tabular_imputer
2026-05-08T13:28:00.525644+00:00,Telco,MCAR,"totalcharges, 10%",Mean/Mode,,381,TotalCharges,2282.834497471555,50.65,2232.184497471555,tabular_imputer
2026-05-08T13:28:00.525644+00:00,Telco,MCAR,"totalcharges, 10%",Mean/Mode,,393,TotalCharges,2282.834497471555,367.55,1915.2844974715551,tabular_imputer
2026-05-08T13:28:00.525644+00:00,Telco,MCAR,"totalcharges, 10%",Mean/Mode,,408,TotalCharges,2282.834497471555,19.9,2262.934497471555,tabular_imputer
2026-05-08T13:28:00.525644+00:00,Telco,MCAR,"totalcharges, 10%",Mean/Mode,,425,TotalCharges,2282.834497471555,2838.55,555.7155025284451,tabular_imputer
2026-05-08T13:28:00.525644+00:00,Telco,MCAR,"totalcharges, 10%",Mean/Mode,,429,TotalCharges,2282.834497471555,3975.7,1692.8655025284447,tabular_imputer
2026-05-08T13:28:00.525644+00:00,Telco,MCAR,"totalcharges, 10%",Mean/Mode,,435,TotalCharges,2282.834497471555,1183.8,1099.0344974715551,tabular_imputer
2026-05-08T13:28:00.525644+00:00,Telco,MCAR,"totalcharges, 10%",Mean/Mode,,437,TotalCharges,2282.834497471555,8468.2,6185.365502528446,tabular_imputer
2026-05-08T13:28:00.525644+00:00,Telco,MCAR,"totalcharges, 10%",Mean/Mode,,447,TotalCharges,2282.834497471555,1270.25,1012.5844974715551,tabular_imputer
2026-05-08T13:28:00.525644+00:00,Telco,MCAR,"totalcharges, 10%",Mean/Mode,,457,TotalCharges,2282.834497471555,2369.3,86.46550252844509,tabular_imputer
2026-05-08T13:28:00.525644+00:00,Telco,MCAR,"totalcharges, 10%",Mean/Mode,,468,TotalCharges,2282.834497471555,868.1,1414.7344974715552,tabular_imputer
2026-05-08T13:28:00.525644+00:00,Telco,MCAR,"totalcharges, 10%",Mean/Mode,,469,TotalCharges,2282.834497471555,734.35,1548.4844974715552,tabular_imputer
2026-05-08T13:28:00.525644+00:00,Telco,MCAR,"totalcharges, 10%",Mean/Mode,,472,TotalCharges,2282.834497471555,564.4,1718.434497471555,tabular_imputer
2026-05-08T13:28:00.525644+00:00,Telco,MCAR,"totalcharges, 10%",Mean/Mode,,473,TotalCharges,2282.834497471555,1315.35,967.4844974715552,tabular_imputer
2026-05-08T13:28:00.525644+00:00,Telco,MCAR,"totalcharges, 10%",Mean/Mode,,476,TotalCharges,2282.834497471555,2747.2,464.3655025284447,tabular_imputer
2026-05-08T13:28:00.525644+00:00,Telco,MCAR,"totalcharges, 10%",Mean/Mode,,487,TotalCharges,2282.834497471555,6201.95,3919.1155025284447,tabular_imputer
2026-05-08T13:28:00.525644+00:00,Telco,MCAR,"totalcharges, 10%",Mean/Mode,,492,TotalCharges,2282.834497471555,139.4,2143.434497471555,tabular_imputer
2026-05-08T13:28:00.525644+00:00,Telco,MCAR,"totalcharges, 10%",Mean/Mode,,497,TotalCharges,2282.834497471555,1397.65,885.184497471555,tabular_imputer
2026-05-08T13:28:00.525644+00:00,Telco,MCAR,"totalcharges, 10%",Mean/Mode,,504,TotalCharges,2282.834497471555,5502.55,3219.715502528445,tabular_imputer
2026-05-08T13:28:00.525644+00:00,Telco,MCAR,"totalcharges, 10%",Mean/Mode,,512,TotalCharges,2282.834497471555,334.8,1948.0344974715551,tabular_imputer
2026-05-08T13:28:00.525644+00:00,Telco,MCAR,"totalcharges, 10%",Mean/Mode,,519,TotalCharges,2282.834497471555,265.45,2017.384497471555,tabular_imputer
2026-05-08T13:28:00.525644+00:00,Telco,MCAR,"totalcharges, 10%",Mean/Mode,,535,TotalCharges,2282.834497471555,1021.75,1261.084497471555,tabular_imputer
2026-05-08T13:28:00.525644+00:00,Telco,MCAR,"totalcharges, 10%",Mean/Mode,,536,TotalCharges,2282.834497471555,5029.05,2746.215502528445,tabular_imputer
2026-05-08T13:28:00.525644+00:00,Telco,MCAR,"totalcharges, 10%",Mean/Mode,,539,TotalCharges,2282.834497471555,4946.7,2663.8655025284447,tabular_imputer
2026-05-08T13:28:00.525644+00:00,Telco,MCAR,"totalcharges, 10%",Mean/Mode,,544,TotalCharges,2282.834497471555,597.0,1685.834497471555,tabular_imputer
2026-05-08T13:28:00.525644+00:00,Telco,MCAR,"totalcharges, 10%",Mean/Mode,,545,TotalCharges,2282.834497471555,2647.2,364.3655025284447,tabular_imputer
2026-05-08T13:28:00.525644+00:00,Telco,MCAR,"totalcharges, 10%",Mean/Mode,,548,TotalCharges,2282.834497471555,5265.5,2982.665502528445,tabular_imputer
2026-05-08T13:28:00.525644+00:00,Telco,MCAR,"totalcharges, 10%",Mean/Mode,,562,TotalCharges,2282.834497471555,516.15,1766.684497471555,tabular_imputer
2026-05-08T13:28:00.525644+00:00,Telco,MCAR,"totalcharges, 10%",Mean/Mode,,577,TotalCharges,2282.834497471555,597.9,1684.934497471555,tabular_imputer
2026-05-08T13:28:00.525644+00:00,Telco,MCAR,"totalcharges, 10%",Mean/Mode,,586,TotalCharges,2282.834497471555,3342.45,1059.6155025284447,tabular_imputer
2026-05-08T13:28:00.525644+00:00,Telco,MCAR,"totalcharges, 10%",Mean/Mode,,587,TotalCharges,2282.834497471555,85.1,2197.734497471555,tabular_imputer
2026-05-08T13:28:00.525644+00:00,Telco,MCAR,"totalcharges, 10%",Mean/Mode,,593,TotalCharges,2282.834497471555,2438.6,155.7655025284448,tabular_imputer
2026-05-08T13:28:00.525644+00:00,Telco,MCAR,"totalcharges, 10%",Mean/Mode,,612,TotalCharges,2282.834497471555,1357.1,925.7344974715552,tabular_imputer
2026-05-08T13:28:00.525644+00:00,Telco,MCAR,"totalcharges, 10%",Mean/Mode,,626,TotalCharges,2282.834497471555,1968.1,314.7344974715552,tabular_imputer
2026-05-08T13:28:00.525644+00:00,Telco,MCAR,"totalcharges, 10%",Mean/Mode,,643,TotalCharges,2282.834497471555,4287.2,2004.3655025284447,tabular_imputer
2026-05-08T13:28:00.525644+00:00,Telco,MCAR,"totalcharges, 10%",Mean/Mode,,677,TotalCharges,2282.834497471555,62.25,2220.584497471555,tabular_imputer
2026-05-08T13:28:00.525644+00:00,Telco,MCAR,"totalcharges, 10%",Mean/Mode,,684,TotalCharges,2282.834497471555,71.1,2211.734497471555,tabular_imputer
2026-05-08T13:28:00.525644+00:00,Telco,MCAR,"totalcharges, 10%",Mean/Mode,,697,TotalCharges,2282.834497471555,168.15,2114.684497471555,tabular_imputer
2026-05-08T13:28:00.525644+00:00,Telco,MCAR,"totalcharges, 10%",Mean/Mode,,707,TotalCharges,2282.834497471555,2964.0,681.1655025284449,tabular_imputer
2026-05-08T13:28:00.525644+00:00,Telco,MCAR,"totalcharges, 10%",Mean/Mode,,713,TotalCharges,2282.834497471555,1164.05,1118.7844974715551,tabular_imputer
2026-05-08T13:28:00.525644+00:00,Telco,MCAR,"totalcharges, 10%",Mean/Mode,,734,TotalCharges,2282.834497471555,2423.4,140.565502528445,tabular_imputer
2026-05-08T13:28:00.525644+00:00,Telco,MCAR,"totalcharges, 10%",Mean/Mode,,735,TotalCharges,2282.834497471555,1653.45,629.384497471555,tabular_imputer
2026-05-08T13:28:00.525644+00:00,Telco,MCAR,"totalcharges, 10%",Mean/Mode,,743,TotalCharges,2282.834497471555,1551.6,731.2344974715552,tabular_imputer
2026-05-08T13:28:00.525644+00:00,Telco,MCAR,"totalcharges, 10%",Mean/Mode,,754,TotalCharges,2282.834497471555,190.5,2092.334497471555,tabular_imputer
2026-05-08T13:28:00.525644+00:00,Telco,MCAR,"totalcharges, 10%",Mean/Mode,,758,TotalCharges,2282.834497471555,1269.55,1013.2844974715551,tabular_imputer
2026-05-08T13:28:00.525644+00:00,Telco,MCAR,"totalcharges, 10%",Mean/Mode,,765,TotalCharges,2282.834497471555,363.15,1919.684497471555,tabular_imputer
2026-05-08T13:28:00.525644+00:00,Telco,MCAR,"totalcharges, 10%",Mean/Mode,,766,TotalCharges,2282.834497471555,1600.25,682.5844974715551,tabular_imputer
2026-05-08T13:28:00.525644+00:00,Telco,MCAR,"totalcharges, 10%",Mean/Mode,,813,TotalCharges,2282.834497471555,938.65,1344.184497471555,tabular_imputer
2026-05-08T13:28:00.525644+00:00,Telco,MCAR,"totalcharges, 10%",Mean/Mode,,830,TotalCharges,2282.834497471555,5610.7,3327.8655025284447,tabular_imputer
2026-05-08T13:28:00.525644+00:00,Telco,MCAR,"totalcharges, 10%",Mean/Mode,,844,TotalCharges,2282.834497471555,89.9,2192.934497471555,tabular_imputer
2026-05-08T13:28:00.525644+00:00,Telco,MCAR,"totalcharges, 10%",Mean/Mode,,854,TotalCharges,2282.834497471555,1424.9,857.934497471555,tabular_imputer
2026-05-08T13:28:00.525644+00:00,Telco,MCAR,"totalcharges, 10%",Mean/Mode,,867,TotalCharges,2282.834497471555,104.3,2178.534497471555,tabular_imputer
2026-05-08T13:28:00.525644+00:00,Telco,MCAR,"totalcharges, 10%",Mean/Mode,,929,TotalCharges,2282.834497471555,2538.05,255.21550252844509,tabular_imputer
2026-05-08T13:28:00.525644+00:00,Telco,MCAR,"totalcharges, 10%",Mean/Mode,,934,TotalCharges,2282.834497471555,435.45,1847.384497471555,tabular_imputer
2026-05-08T13:28:00.525644+00:00,Telco,MCAR,"totalcharges, 10%",Mean/Mode,,940,TotalCharges,2282.834497471555,531.55,1751.2844974715551,tabular_imputer
2026-05-08T13:28:00.525644+00:00,Telco,MCAR,"totalcharges, 10%",Mean/Mode,,963,TotalCharges,2282.834497471555,4054.2,1771.3655025284447,tabular_imputer
2026-05-08T13:28:00.525644+00:00,Telco,MCAR,"totalcharges, 10%",Mean/Mode,,968,TotalCharges,2282.834497471555,5550.1,3267.2655025284453,tabular_imputer
2026-05-08T13:28:00.525644+00:00,Telco,MCAR,"totalcharges, 10%",Mean/Mode,,973,TotalCharges,2282.834497471555,1359.7,923.134497471555,tabular_imputer
2026-05-08T13:28:00.525644+00:00,Telco,MCAR,"totalcharges, 10%",Mean/Mode,,985,TotalCharges,2282.834497471555,2656.5,373.6655025284449,tabular_imputer
2026-05-08T13:28:00.525644+00:00,Telco,MCAR,"totalcharges, 10%",Mean/Mode,,997,TotalCharges,2282.834497471555,424.45,1858.384497471555,tabular_imputer
2026-05-08T13:28:00.525644+00:00,Telco,MCAR,"totalcharges, 10%",Mean/Mode,,1008,TotalCharges,2282.834497471555,3204.65,921.815502528445,tabular_imputer
2026-05-08T13:28:00.525644+00:00,Telco,MCAR,"totalcharges, 10%",Mean/Mode,,1012,TotalCharges,2282.834497471555,827.45,1455.384497471555,tabular_imputer
2026-05-08T13:28:00.525644+00:00,Telco,MCAR,"totalcharges, 10%",Mean/Mode,,1028,TotalCharges,2282.834497471555,2070.6,212.2344974715552,tabular_imputer
2026-05-08T13:28:00.525644+00:00,Telco,MCAR,"totalcharges, 10%",Mean/Mode,,1041,TotalCharges,2282.834497471555,360.35,1922.4844974715552,tabular_imputer
2026-05-08T13:28:00.525644+00:00,Telco,MCAR,"totalcharges, 10%",Mean/Mode,,1042,TotalCharges,2282.834497471555,1046.5,1236.334497471555,tabular_imputer
2026-05-08T13:28:00.525644+00:00,Telco,MCAR,"totalcharges, 10%",Mean/Mode,,1045,TotalCharges,2282.834497471555,4209.95,1927.1155025284447,tabular_imputer
2026-05-08T13:28:00.525644+00:00,Telco,MCAR,"totalcharges, 10%",Mean/Mode,,1058,TotalCharges,2282.834497471555,185.55,2097.284497471555,tabular_imputer
2026-05-08T13:28:00.525644+00:00,Telco,MCAR,"totalcharges, 10%",Mean/Mode,,1060,TotalCharges,2282.834497471555,505.9,1776.934497471555,tabular_imputer
2026-05-08T13:28:00.525644+00:00,Telco,MCAR,"totalcharges, 10%",Mean/Mode,,1064,TotalCharges,2282.834497471555,795.15,1487.684497471555,tabular_imputer
2026-05-08T13:28:00.525644+00:00,Telco,MCAR,"totalcharges, 10%",Mean/Mode,,1077,TotalCharges,2282.834497471555,4527.45,2244.6155025284447,tabular_imputer
2026-05-08T13:28:00.525644+00:00,Telco,MCAR,"totalcharges, 10%",Mean/Mode,,1078,TotalCharges,2282.834497471555,4590.35,2307.5155025284453,tabular_imputer
2026-05-08T13:28:00.525644+00:00,Telco,MCAR,"totalcharges, 10%",Mean/Mode,,1081,TotalCharges,2282.834497471555,4564.9,2282.0655025284445,tabular_imputer
2026-05-08T13:28:00.525644+00:00,Telco,MCAR,"totalcharges, 10%",Mean/Mode,,1083,TotalCharges,2282.834497471555,171.15,2111.684497471555,tabular_imputer
2026-05-08T13:28:00.525644+00:00,Telco,MCAR,"totalcharges, 10%",Mean/Mode,,1088,TotalCharges,2282.834497471555,1622.45,660.384497471555,tabular_imputer
2026-05-08T13:28:00.525644+00:00,Telco,MCAR,"totalcharges, 10%",Mean/Mode,,1094,TotalCharges,2282.834497471555,2839.95,557.1155025284447,tabular_imputer
2026-05-08T13:28:00.525644+00:00,Telco,MCAR,"totalcharges, 10%",Mean/Mode,,1107,TotalCharges,2282.834497471555,1641.8,641.0344974715551,tabular_imputer
2026-05-08T13:28:00.525644+00:00,Telco,MCAR,"totalcharges, 10%",Mean/Mode,,1112,TotalCharges,2282.834497471555,6293.45,4010.6155025284447,tabular_imputer
2026-05-08T13:28:00.525644+00:00,Telco,MCAR,"totalcharges, 10%",Mean/Mode,,1119,TotalCharges,2282.834497471555,4144.8,1861.965502528445,tabular_imputer
2026-05-08T13:28:00.525644+00:00,Telco,MCAR,"totalcharges, 10%",Mean/Mode,,1172,TotalCharges,2282.834497471555,3217.65,934.815502528445,tabular_imputer
2026-05-08T13:28:00.525644+00:00,Telco,MCAR,"totalcharges, 10%",Mean/Mode,,1178,TotalCharges,2282.834497471555,1553.95,728.884497471555,tabular_imputer
2026-05-08T13:28:00.525644+00:00,Telco,MCAR,"totalcharges, 10%",Mean/Mode,,1179,TotalCharges,2282.834497471555,3953.15,1670.315502528445,tabular_imputer
2026-05-08T13:28:00.525644+00:00,Telco,MCAR,"totalcharges, 10%",Mean/Mode,,1180,TotalCharges,2282.834497471555,1971.15,311.684497471555,tabular_imputer
2026-05-08T13:28:00.525644+00:00,Telco,MCAR,"totalcharges, 10%",Mean/Mode,,1185,TotalCharges,2282.834497471555,60.15,2222.684497471555,tabular_imputer
2026-05-08T13:28:00.525644+00:00,Telco,MCAR,"totalcharges, 10%",Mean/Mode,,1192,TotalCharges,2282.834497471555,593.45,1689.384497471555,tabular_imputer
2026-05-08T13:28:00.525644+00:00,Telco,MCAR,"totalcharges, 10%",Mean/Mode,,1196,TotalCharges,2282.834497471555,5538.35,3255.5155025284453,tabular_imputer
2026-05-08T13:28:00.525644+00:00,Telco,MCAR,"totalcharges, 10%",Mean/Mode,,1199,TotalCharges,2282.834497471555,1348.95,933.884497471555,tabular_imputer
2026-05-08T13:28:00.525644+00:00,Telco,MCAR,"totalcharges, 10%",Mean/Mode,,1201,TotalCharges,2282.834497471555,611.65,1671.184497471555,tabular_imputer
2026-05-08T13:28:00.525644+00:00,Telco,MCAR,"totalcharges, 10%",Mean/Mode,,1203,TotalCharges,2282.834497471555,1505.05,777.7844974715551,tabular_imputer
2026-05-08T13:28:00.525644+00:00,Telco,MCAR,"totalcharges, 10%",Mean/Mode,,1205,TotalCharges,2282.834497471555,74.9,2207.934497471555,tabular_imputer
2026-05-08T13:28:00.525644+00:00,Telco,MCAR,"totalcharges, 10%",Mean/Mode,,1219,TotalCharges,2282.834497471555,4300.45,2017.6155025284447,tabular_imputer
2026-05-08T13:28:00.525644+00:00,Telco,MCAR,"totalcharges, 10%",Mean/Mode,,1223,TotalCharges,2282.834497471555,143.35,2139.484497471555,tabular_imputer
2026-05-08T13:28:00.525644+00:00,Telco,MCAR,"totalcharges, 10%",Mean/Mode,,1227,TotalCharges,2282.834497471555,2820.65,537.815502528445,tabular_imputer
2026-05-08T13:28:00.525644+00:00,Telco,MCAR,"totalcharges, 10%",Mean/Mode,,1246,TotalCharges,2282.834497471555,4730.9,2448.0655025284445,tabular_imputer
2026-05-08T13:28:00.525644+00:00,Telco,MCAR,"totalcharges, 10%",Mean/Mode,,1248,TotalCharges,2282.834497471555,987.95,1294.884497471555,tabular_imputer
2026-05-08T13:28:00.525644+00:00,Telco,MCAR,"totalcharges, 10%",Mean/Mode,,1265,TotalCharges,2282.834497471555,5264.3,2981.465502528445,tabular_imputer
2026-05-08T13:28:00.525644+00:00,Telco,MCAR,"totalcharges, 10%",Mean/Mode,,1267,TotalCharges,2282.834497471555,4818.8,2535.965502528445,tabular_imputer
2026-05-08T13:28:00.525644+00:00,Telco,MCAR,"totalcharges, 10%",Mean/Mode,,1291,TotalCharges,2282.834497471555,632.95,1649.884497471555,tabular_imputer
2026-05-08T13:28:00.525644+00:00,Telco,MCAR,"totalcharges, 10%",Mean/Mode,,1301,TotalCharges,2282.834497471555,3810.8,1527.965502528445,tabular_imputer
2026-05-08T13:28:00.525644+00:00,Telco,MCAR,"totalcharges, 10%",Mean/Mode,,1306,TotalCharges,2282.834497471555,8127.6,5844.765502528446,tabular_imputer
2026-05-08T13:28:00.525644+00:00,Telco,MCAR,"totalcharges, 10%",Mean/Mode,,1319,TotalCharges,2282.834497471555,19.45,2263.3844974715553,tabular_imputer
2026-05-08T13:28:00.525644+00:00,Telco,MCAR,"totalcharges, 10%",Mean/Mode,,1321,TotalCharges,2282.834497471555,3928.3,1645.465502528445,tabular_imputer
2026-05-08T13:28:00.525644+00:00,Telco,MCAR,"totalcharges, 10%",Mean/Mode,,1324,TotalCharges,2282.834497471555,76.35,2206.484497471555,tabular_imputer
2026-05-08T13:28:00.525644+00:00,Telco,MCAR,"totalcharges, 10%",Mean/Mode,,1325,TotalCharges,2282.834497471555,69.25,2213.584497471555,tabular_imputer
2026-05-08T13:28:00.525644+00:00,Telco,MCAR,"totalcharges, 10%",Mean/Mode,,1332,TotalCharges,2282.834497471555,1713.1,569.7344974715552,tabular_imputer
2026-05-08T13:28:00.525644+00:00,Telco,MCAR,"totalcharges, 10%",Mean/Mode,,1334,TotalCharges,2282.834497471555,25.2,2257.6344974715553,tabular_imputer
2026-05-08T13:28:00.525644+00:00,Telco,MCAR,"totalcharges, 10%",Mean/Mode,,1339,TotalCharges,2282.834497471555,7133.25,4850.415502528445,tabular_imputer
2026-05-08T13:28:00.525644+00:00,Telco,MCAR,"totalcharges, 10%",Mean/Mode,,1377,TotalCharges,2282.834497471555,5815.15,3532.3155025284445,tabular_imputer
2026-05-08T13:28:00.525644+00:00,Telco,MCAR,"totalcharges, 10%",Mean/Mode,,1378,TotalCharges,2282.834497471555,3970.4,1687.565502528445,tabular_imputer
2026-05-08T13:28:00.525644+00:00,Telco,MCAR,"totalcharges, 10%",Mean/Mode,,1384,TotalCharges,2282.834497471555,1554.0,728.8344974715551,tabular_imputer
2026-05-08T13:28:00.525644+00:00,Telco,MCAR,"totalcharges, 10%",Mean/Mode,,1390,TotalCharges,2282.834497471555,4888.2,2605.3655025284447,tabular_imputer
2026-05-08T13:28:00.525644+00:00,Telco,MCAR,"totalcharges, 10%",Mean/Mode,,1398,TotalCharges,2282.834497471555,1938.05,344.78449747155514,tabular_imputer
2026-05-08T13:28:00.525644+00:00,Telco,MCAR,"totalcharges, 10%",Mean/Mode,,1419,TotalCharges,2282.834497471555,1177.05,1105.7844974715551,tabular_imputer
2026-05-08T13:28:00.525644+00:00,Telco,MCAR,"totalcharges, 10%",Mean/Mode,,1425,TotalCharges,2282.834497471555,741.4,1541.434497471555,tabular_imputer
2026-05-08T13:28:00.525644+00:00,Telco,MCAR,"totalcharges, 10%",Mean/Mode,,1430,TotalCharges,2282.834497471555,615.35,1667.4844974715552,tabular_imputer
2026-05-08T13:28:00.525644+00:00,Telco,MCAR,"totalcharges, 10%",Mean/Mode,,1431,TotalCharges,2282.834497471555,2908.2,625.3655025284447,tabular_imputer
2026-05-08T13:28:00.525644+00:00,Telco,MCAR,"totalcharges, 10%",Mean/Mode,,1438,TotalCharges,2282.834497471555,2023.55,259.28449747155514,tabular_imputer
2026-05-08T13:28:00.525644+00:00,Telco,MCAR,"totalcharges, 10%",Mean/Mode,,1443,TotalCharges,2282.834497471555,154.55,2128.284497471555,tabular_imputer
2026-05-08T13:28:00.525644+00:00,Telco,MCAR,"totalcharges, 10%",Mean/Mode,,1451,TotalCharges,2282.834497471555,1199.4,1083.434497471555,tabular_imputer
2026-05-08T13:28:00.525644+00:00,Telco,MCAR,"totalcharges, 10%",Mean/Mode,,1456,TotalCharges,2282.834497471555,1534.75,748.0844974715551,tabular_imputer
2026-05-08T13:28:00.525644+00:00,Telco,MCAR,"totalcharges, 10%",Mean/Mode,,1470,TotalCharges,2282.834497471555,156.85,2125.984497471555,tabular_imputer
2026-05-08T13:28:00.525644+00:00,Telco,MCAR,"totalcharges, 10%",Mean/Mode,,1472,TotalCharges,2282.834497471555,896.75,1386.084497471555,tabular_imputer
2026-05-08T13:28:00.525644+00:00,Telco,MCAR,"totalcharges, 10%",Mean/Mode,,1482,TotalCharges,2282.834497471555,1235.55,1047.2844974715551,tabular_imputer
2026-05-08T13:28:00.525644+00:00,Telco,MCAR,"totalcharges, 10%",Mean/Mode,,1503,TotalCharges,2282.834497471555,4735.35,2452.5155025284453,tabular_imputer
2026-05-08T13:28:00.525644+00:00,Telco,MCAR,"totalcharges, 10%",Mean/Mode,,1504,TotalCharges,2282.834497471555,1247.75,1035.084497471555,tabular_imputer
2026-05-08T13:28:00.525644+00:00,Telco,MCAR,"totalcharges, 10%",Mean/Mode,,1514,TotalCharges,2282.834497471555,1215.1,1067.7344974715552,tabular_imputer
2026-05-08T13:28:00.525644+00:00,Telco,MCAR,"totalcharges, 10%",Mean/Mode,,1538,TotalCharges,2282.834497471555,819.55,1463.2844974715551,tabular_imputer
2026-05-08T13:28:00.525644+00:00,Telco,MCAR,"totalcharges, 10%",Mean/Mode,,1541,TotalCharges,2282.834497471555,1434.1,848.7344974715552,tabular_imputer
2026-05-08T13:28:00.525644+00:00,Telco,MCAR,"totalcharges, 10%",Mean/Mode,,1549,TotalCharges,2282.834497471555,45.85,2236.984497471555,tabular_imputer
2026-05-08T13:28:00.525644+00:00,Telco,MCAR,"totalcharges, 10%",Mean/Mode,,1555,TotalCharges,2282.834497471555,5769.75,3486.915502528445,tabular_imputer
2026-05-08T13:28:00.525644+00:00,Telco,MCAR,"totalcharges, 10%",Mean/Mode,,1563,TotalCharges,2282.834497471555,261.65,2021.184497471555,tabular_imputer
2026-05-08T13:28:00.525644+00:00,Telco,MCAR,"totalcharges, 10%",Mean/Mode,,1566,TotalCharges,2282.834497471555,5480.25,3197.415502528445,tabular_imputer
2026-05-08T13:28:00.525644+00:00,Telco,MCAR,"totalcharges, 10%",Mean/Mode,,1567,TotalCharges,2282.834497471555,653.15,1629.684497471555,tabular_imputer
2026-05-08T13:28:00.525644+00:00,Telco,MCAR,"totalcharges, 10%",Mean/Mode,,1574,TotalCharges,2282.834497471555,270.6,2012.2344974715552,tabular_imputer
2026-05-08T13:28:00.525644+00:00,Telco,MCAR,"totalcharges, 10%",Mean/Mode,,1583,TotalCharges,2282.834497471555,273.25,2009.584497471555,tabular_imputer
2026-05-08T13:28:00.525644+00:00,Telco,MCAR,"totalcharges, 10%",Mean/Mode,,1587,TotalCharges,2282.834497471555,1245.05,1037.7844974715551,tabular_imputer
2026-05-08T13:28:00.525644+00:00,Telco,MCAR,"totalcharges, 10%",Mean/Mode,,1600,TotalCharges,2282.834497471555,88.8,2194.034497471555,tabular_imputer
2026-05-08T13:28:00.525644+00:00,Telco,MCAR,"totalcharges, 10%",Mean/Mode,,1604,TotalCharges,2282.834497471555,6511.25,4228.415502528445,tabular_imputer
2026-05-08T13:28:00.525644+00:00,Telco,MCAR,"totalcharges, 10%",Mean/Mode,,1621,TotalCharges,2282.834497471555,3029.1,746.2655025284448,tabular_imputer
2026-05-08T13:28:00.525644+00:00,Telco,MCAR,"totalcharges, 10%",Mean/Mode,,1622,TotalCharges,2282.834497471555,3231.05,948.2155025284451,tabular_imputer
2026-05-08T13:28:00.525644+00:00,Telco,MCAR,"totalcharges, 10%",Mean/Mode,,1655,TotalCharges,2282.834497471555,134.5,2148.334497471555,tabular_imputer
2026-05-08T13:28:00.525644+00:00,Telco,MCAR,"totalcharges, 10%",Mean/Mode,,1657,TotalCharges,2282.834497471555,901.25,1381.584497471555,tabular_imputer
2026-05-08T13:28:00.525644+00:00,Telco,MCAR,"totalcharges, 10%",Mean/Mode,,1670,TotalCharges,2282.834497471555,50.15,2232.684497471555,tabular_imputer
2026-05-08T13:28:00.525644+00:00,Telco,MCAR,"totalcharges, 10%",Mean/Mode,,1675,TotalCharges,2282.834497471555,2384.15,101.315502528445,tabular_imputer
2026-05-08T13:28:00.525644+00:00,Telco,MCAR,"totalcharges, 10%",Mean/Mode,,1699,TotalCharges,2282.834497471555,958.1,1324.7344974715552,tabular_imputer
2026-05-08T13:28:00.525644+00:00,Telco,MCAR,"totalcharges, 10%",Mean/Mode,,1708,TotalCharges,2282.834497471555,299.7,1983.134497471555,tabular_imputer
2026-05-08T13:28:00.525644+00:00,Telco,MCAR,"totalcharges, 10%",Mean/Mode,,1723,TotalCharges,2282.834497471555,100.35,2182.484497471555,tabular_imputer
2026-05-08T13:28:00.525644+00:00,Telco,MCAR,"totalcharges, 10%",Mean/Mode,,1734,TotalCharges,2282.834497471555,418.8,1864.0344974715551,tabular_imputer
2026-05-08T13:28:00.525644+00:00,Telco,MCAR,"totalcharges, 10%",Mean/Mode,,1742,TotalCharges,2282.834497471555,183.75,2099.084497471555,tabular_imputer
2026-05-08T13:28:00.525644+00:00,Telco,MCAR,"totalcharges, 10%",Mean/Mode,,1749,TotalCharges,2282.834497471555,5832.0,3549.165502528445,tabular_imputer
2026-05-08T13:28:00.525644+00:00,Telco,MCAR,"totalcharges, 10%",Mean/Mode,,1765,TotalCharges,2282.834497471555,6526.65,4243.815502528445,tabular_imputer
2026-05-08T13:28:00.525644+00:00,Telco,MCAR,"totalcharges, 10%",Mean/Mode,,1770,TotalCharges,2282.834497471555,4689.5,2406.665502528445,tabular_imputer
2026-05-08T13:28:00.525644+00:00,Telco,MCAR,"totalcharges, 10%",Mean/Mode,,1780,TotalCharges,2282.834497471555,390.85,1891.9844974715552,tabular_imputer
2026-05-08T13:28:00.525644+00:00,Telco,MCAR,"totalcharges, 10%",Mean/Mode,,1808,TotalCharges,2282.834497471555,1676.95,605.884497471555,tabular_imputer
2026-05-08T13:28:00.525644+00:00,Telco,MCAR,"totalcharges, 10%",Mean/Mode,,1810,TotalCharges,2282.834497471555,6770.85,4488.015502528446,tabular_imputer
2026-05-08T13:28:00.525644+00:00,Telco,MCAR,"totalcharges, 10%",Mean/Mode,,1812,TotalCharges,2282.834497471555,1588.25,694.5844974715551,tabular_imputer
2026-05-08T13:28:00.525644+00:00,Telco,MCAR,"totalcharges, 10%",Mean/Mode,,1837,TotalCharges,2282.834497471555,20.05,2262.784497471555,tabular_imputer
2026-05-08T13:28:00.525644+00:00,Telco,MCAR,"totalcharges, 10%",Mean/Mode,,1845,TotalCharges,2282.834497471555,2492.25,209.4155025284449,tabular_imputer
2026-05-08T13:28:00.525644+00:00,Telco,MCAR,"totalcharges, 10%",Mean/Mode,,1849,TotalCharges,2282.834497471555,402.6,1880.2344974715552,tabular_imputer
2026-05-08T13:28:00.525644+00:00,Telco,MCAR,"totalcharges, 10%",Mean/Mode,,1864,TotalCharges,2282.834497471555,1597.4,685.434497471555,tabular_imputer
2026-05-08T13:28:00.525644+00:00,Telco,MCAR,"totalcharges, 10%",Mean/Mode,,1865,TotalCharges,2282.834497471555,4744.35,2461.5155025284453,tabular_imputer
2026-05-08T13:28:00.525644+00:00,Telco,MCAR,"totalcharges, 10%",Mean/Mode,,1867,TotalCharges,2282.834497471555,247.25,2035.584497471555,tabular_imputer
2026-05-08T13:28:00.525644+00:00,Telco,MCAR,"totalcharges, 10%",Mean/Mode,,1869,TotalCharges,2282.834497471555,1734.65,548.184497471555,tabular_imputer
2026-05-08T13:28:00.525644+00:00,Telco,MCAR,"totalcharges, 10%",Mean/Mode,,1872,TotalCharges,2282.834497471555,804.25,1478.584497471555,tabular_imputer
2026-05-08T13:28:00.525644+00:00,Telco,MCAR,"totalcharges, 10%",Mean/Mode,,1875,TotalCharges,2282.834497471555,8086.4,5803.565502528445,tabular_imputer
2026-05-08T13:28:00.525644+00:00,Telco,MCAR,"totalcharges, 10%",Mean/Mode,,1876,TotalCharges,2282.834497471555,4563.0,2280.165502528445,tabular_imputer
2026-05-08T13:28:00.525644+00:00,Telco,MCAR,"totalcharges, 10%",Mean/Mode,,1887,TotalCharges,2282.834497471555,1194.3,1088.5344974715551,tabular_imputer
2026-05-08T13:28:00.525644+00:00,Telco,MCAR,"totalcharges, 10%",Mean/Mode,,1899,TotalCharges,2282.834497471555,1612.2,670.634497471555,tabular_imputer
2026-05-08T13:28:00.525644+00:00,Telco,MCAR,"totalcharges, 10%",Mean/Mode,,1907,TotalCharges,2282.834497471555,571.05,1711.7844974715551,tabular_imputer
2026-05-08T13:28:00.525644+00:00,Telco,MCAR,"totalcharges, 10%",Mean/Mode,,1910,TotalCharges,2282.834497471555,167.2,2115.6344974715553,tabular_imputer
2026-05-08T13:28:00.525644+00:00,Telco,MCAR,"totalcharges, 10%",Mean/Mode,,1920,TotalCharges,2282.834497471555,471.55,1811.2844974715551,tabular_imputer
2026-05-08T13:28:00.525644+00:00,Telco,MCAR,"totalcharges, 10%",Mean/Mode,,1923,TotalCharges,2282.834497471555,726.1,1556.7344974715552,tabular_imputer
2026-05-08T13:28:00.525644+00:00,Telco,MCAR,"totalcharges, 10%",Mean/Mode,,1924,TotalCharges,2282.834497471555,1961.6,321.2344974715552,tabular_imputer
2026-05-08T13:28:00.525644+00:00,Telco,MCAR,"totalcharges, 10%",Mean/Mode,,1926,TotalCharges,2282.834497471555,4872.45,2589.6155025284447,tabular_imputer
2026-05-08T13:28:00.525644+00:00,Telco,MCAR,"totalcharges, 10%",Mean/Mode,,1950,TotalCharges,2282.834497471555,5940.85,3658.0155025284453,tabular_imputer
2026-05-08T13:28:00.525644+00:00,Telco,MCAR,"totalcharges, 10%",Mean/Mode,,1966,TotalCharges,2282.834497471555,1291.3,991.5344974715551,tabular_imputer
2026-05-08T13:28:00.525644+00:00,Telco,MCAR,"totalcharges, 10%",Mean/Mode,,1969,TotalCharges,2282.834497471555,3237.05,954.2155025284451,tabular_imputer
2026-05-08T13:28:00.525644+00:00,Telco,MCAR,"totalcharges, 10%",Mean/Mode,,1971,TotalCharges,2282.834497471555,433.75,1849.084497471555,tabular_imputer
2026-05-08T13:28:00.525644+00:00,Telco,MCAR,"totalcharges, 10%",Mean/Mode,,1976,TotalCharges,2282.834497471555,93.55,2189.284497471555,tabular_imputer
2026-05-08T13:28:00.525644+00:00,Telco,MCAR,"totalcharges, 10%",Mean/Mode,,2023,TotalCharges,2282.834497471555,371.65,1911.184497471555,tabular_imputer
2026-05-08T13:28:00.525644+00:00,Telco,MCAR,"totalcharges, 10%",Mean/Mode,,2074,TotalCharges,2282.834497471555,4600.7,2317.8655025284447,tabular_imputer
2026-05-08T13:28:00.525644+00:00,Telco,MCAR,"totalcharges, 10%",Mean/Mode,,2085,TotalCharges,2282.834497471555,2931.0,648.1655025284449,tabular_imputer
2026-05-08T13:28:00.525644+00:00,Telco,MCAR,"totalcharges, 10%",Mean/Mode,,2088,TotalCharges,2282.834497471555,1941.5,341.3344974715551,tabular_imputer
2026-05-08T13:28:00.525644+00:00,Telco,MCAR,"totalcharges, 10%",Mean/Mode,,2099,TotalCharges,2282.834497471555,3126.85,844.0155025284448,tabular_imputer
2026-05-08T13:28:00.525644+00:00,Telco,MCAR,"totalcharges, 10%",Mean/Mode,,2103,TotalCharges,2282.834497471555,834.7,1448.134497471555,tabular_imputer
2026-05-08T13:28:00.525644+00:00,Telco,MCAR,"totalcharges, 10%",Mean/Mode,,2112,TotalCharges,2282.834497471555,1952.8,330.03449747155514,tabular_imputer
2026-05-08T13:28:00.525644+00:00,Telco,MCAR,"totalcharges, 10%",Mean/Mode,,2143,TotalCharges,2282.834497471555,2181.75,101.0844974715551,tabular_imputer
2026-05-08T13:28:00.525644+00:00,Telco,MCAR,"totalcharges, 10%",Mean/Mode,,2159,TotalCharges,2282.834497471555,369.1,1913.7344974715552,tabular_imputer
2026-05-08T13:28:00.525644+00:00,Telco,MCAR,"totalcharges, 10%",Mean/Mode,,2162,TotalCharges,2282.834497471555,2684.35,401.5155025284448,tabular_imputer
2026-05-08T13:28:00.525644+00:00,Telco,MCAR,"totalcharges, 10%",Mean/Mode,,2169,TotalCharges,2282.834497471555,4985.9,2703.0655025284445,tabular_imputer
2026-05-08T13:28:00.525644+00:00,Telco,MCAR,"totalcharges, 10%",Mean/Mode,,2173,TotalCharges,2282.834497471555,308.1,1974.7344974715552,tabular_imputer
2026-05-08T13:28:00.525644+00:00,Telco,MCAR,"totalcharges, 10%",Mean/Mode,,2182,TotalCharges,2282.834497471555,5873.75,3590.915502528445,tabular_imputer
2026-05-08T13:28:00.525644+00:00,Telco,MCAR,"totalcharges, 10%",Mean/Mode,,2186,TotalCharges,2282.834497471555,862.4,1420.434497471555,tabular_imputer
2026-05-08T13:28:00.525644+00:00,Telco,MCAR,"totalcharges, 10%",Mean/Mode,,2189,TotalCharges,2282.834497471555,1718.2,564.634497471555,tabular_imputer
2026-05-08T13:28:00.525644+00:00,Telco,MCAR,"totalcharges, 10%",Mean/Mode,,2211,TotalCharges,2282.834497471555,5232.9,2950.0655025284445,tabular_imputer
2026-05-08T13:28:00.525644+00:00,Telco,MCAR,"totalcharges, 10%",Mean/Mode,,2232,TotalCharges,2282.834497471555,754.5,1528.334497471555,tabular_imputer
2026-05-08T13:28:00.525644+00:00,Telco,MCAR,"totalcharges, 10%",Mean/Mode,,2234,TotalCharges,2282.834497471555,1414.2,868.634497471555,tabular_imputer
2026-05-08T13:28:00.525644+00:00,Telco,MCAR,"totalcharges, 10%",Mean/Mode,,2273,TotalCharges,2282.834497471555,576.65,1706.184497471555,tabular_imputer
2026-05-08T13:28:00.525644+00:00,Telco,MCAR,"totalcharges, 10%",Mean/Mode,,2277,TotalCharges,2282.834497471555,6941.2,4658.365502528444,tabular_imputer
2026-05-08T13:28:00.525644+00:00,Telco,MCAR,"totalcharges, 10%",Mean/Mode,,2280,TotalCharges,2282.834497471555,908.55,1374.2844974715551,tabular_imputer
2026-05-08T13:28:00.525644+00:00,Telco,MCAR,"totalcharges, 10%",Mean/Mode,,2281,TotalCharges,2282.834497471555,1043.35,1239.4844974715552,tabular_imputer
2026-05-08T13:28:00.525644+00:00,Telco,MCAR,"totalcharges, 10%",Mean/Mode,,2288,TotalCharges,2282.834497471555,420.45,1862.384497471555,tabular_imputer
2026-05-08T13:28:00.525644+00:00,Telco,MCAR,"totalcharges, 10%",Mean/Mode,,2296,TotalCharges,2282.834497471555,45.2,2237.6344974715553,tabular_imputer
2026-05-08T13:28:00.525644+00:00,Telco,MCAR,"totalcharges, 10%",Mean/Mode,,2308,TotalCharges,2282.834497471555,7288.4,5005.565502528445,tabular_imputer
2026-05-08T13:28:00.525644+00:00,Telco,MCAR,"totalcharges, 10%",Mean/Mode,,2321,TotalCharges,2282.834497471555,6223.3,3940.465502528445,tabular_imputer
2026-05-08T13:28:00.525644+00:00,Telco,MCAR,"totalcharges, 10%",Mean/Mode,,2322,TotalCharges,2282.834497471555,1024.65,1258.184497471555,tabular_imputer
2026-05-08T13:28:00.525644+00:00,Telco,MCAR,"totalcharges, 10%",Mean/Mode,,2333,TotalCharges,2282.834497471555,3687.85,1405.0155025284448,tabular_imputer
2026-05-08T13:28:00.525644+00:00,Telco,MCAR,"totalcharges, 10%",Mean/Mode,,2338,TotalCharges,2282.834497471555,1322.85,959.9844974715552,tabular_imputer
2026-05-08T13:28:00.525644+00:00,Telco,MCAR,"totalcharges, 10%",Mean/Mode,,2359,TotalCharges,2282.834497471555,2447.45,164.61550252844472,tabular_imputer
2026-05-08T13:28:00.525644+00:00,Telco,MCAR,"totalcharges, 10%",Mean/Mode,,2380,TotalCharges,2282.834497471555,5969.95,3687.1155025284447,tabular_imputer
2026-05-08T13:28:00.525644+00:00,Telco,MCAR,"totalcharges, 10%",Mean/Mode,,2397,TotalCharges,2282.834497471555,88.35,2194.484497471555,tabular_imputer
2026-05-08T13:28:00.525644+00:00,Telco,MCAR,"totalcharges, 10%",Mean/Mode,,2403,TotalCharges,2282.834497471555,6046.1,3763.2655025284453,tabular_imputer
2026-05-08T13:28:00.525644+00:00,Telco,MCAR,"totalcharges, 10%",Mean/Mode,,2409,TotalCharges,2282.834497471555,1682.05,600.7844974715551,tabular_imputer
2026-05-08T13:28:00.525644+00:00,Telco,MCAR,"totalcharges, 10%",Mean/Mode,,2410,TotalCharges,2282.834497471555,3398.9,1116.065502528445,tabular_imputer
2026-05-08T13:28:00.525644+00:00,Telco,MCAR,"totalcharges, 10%",Mean/Mode,,2417,TotalCharges,2282.834497471555,389.8,1893.0344974715551,tabular_imputer
2026-05-08T13:28:00.525644+00:00,Telco,MCAR,"totalcharges, 10%",Mean/Mode,,2420,TotalCharges,2282.834497471555,156.1,2126.734497471555,tabular_imputer
2026-05-08T13:28:00.525644+00:00,Telco,MCAR,"totalcharges, 10%",Mean/Mode,,2423,TotalCharges,2282.834497471555,407.05,1875.7844974715551,tabular_imputer
2026-05-08T13:28:00.525644+00:00,Telco,MCAR,"totalcharges, 10%",Mean/Mode,,2436,TotalCharges,2282.834497471555,2094.65,188.184497471555,tabular_imputer
2026-05-08T13:28:00.525644+00:00,Telco,MCAR,"totalcharges, 10%",Mean/Mode,,2446,TotalCharges,2282.834497471555,1527.35,755.4844974715552,tabular_imputer
2026-05-08T13:28:00.525644+00:00,Telco,MCAR,"totalcharges, 10%",Mean/Mode,,2458,TotalCharges,2282.834497471555,5163.3,2880.465502528445,tabular_imputer
2026-05-08T13:28:00.525644+00:00,Telco,MCAR,"totalcharges, 10%",Mean/Mode,,2470,TotalCharges,2282.834497471555,1733.15,549.684497471555,tabular_imputer
2026-05-08T13:28:00.525644+00:00,Telco,MCAR,"totalcharges, 10%",Mean/Mode,,2478,TotalCharges,2282.834497471555,220.75,2062.084497471555,tabular_imputer
2026-05-08T13:28:00.525644+00:00,Telco,MCAR,"totalcharges, 10%",Mean/Mode,,2481,TotalCharges,2282.834497471555,1501.75,781.0844974715551,tabular_imputer
2026-05-08T13:28:00.525644+00:00,Telco,MCAR,"totalcharges, 10%",Mean/Mode,,2486,TotalCharges,2282.834497471555,2509.25,226.4155025284449,tabular_imputer
2026-05-08T13:28:00.525644+00:00,Telco,MCAR,"totalcharges, 10%",Mean/Mode,,2510,TotalCharges,2282.834497471555,74.25,2208.584497471555,tabular_imputer
2026-05-08T13:28:00.525644+00:00,Telco,MCAR,"totalcharges, 10%",Mean/Mode,,2515,TotalCharges,2282.834497471555,7334.05,5051.215502528445,tabular_imputer
2026-05-08T13:28:00.525644+00:00,Telco,MCAR,"totalcharges, 10%",Mean/Mode,,2524,TotalCharges,2282.834497471555,1529.65,753.184497471555,tabular_imputer
2026-05-08T13:28:00.525644+00:00,Telco,MCAR,"totalcharges, 10%",Mean/Mode,,2545,TotalCharges,2282.834497471555,4263.45,1980.6155025284447,tabular_imputer
2026-05-08T13:28:00.525644+00:00,Telco,MCAR,"totalcharges, 10%",Mean/Mode,,2574,TotalCharges,2282.834497471555,3759.05,1476.215502528445,tabular_imputer
2026-05-08T13:28:00.525644+00:00,Telco,MCAR,"totalcharges, 10%",Mean/Mode,,2575,TotalCharges,2282.834497471555,617.65,1665.184497471555,tabular_imputer
2026-05-08T13:28:00.525644+00:00,Telco,MCAR,"totalcharges, 10%",Mean/Mode,,2577,TotalCharges,2282.834497471555,94.6,2188.234497471555,tabular_imputer
2026-05-08T13:28:00.525644+00:00,Telco,MCAR,"totalcharges, 10%",Mean/Mode,,2579,TotalCharges,2282.834497471555,982.95,1299.884497471555,tabular_imputer
2026-05-08T13:28:00.525644+00:00,Telco,MCAR,"totalcharges, 10%",Mean/Mode,,2581,TotalCharges,2282.834497471555,198.7,2084.1344974715553,tabular_imputer
2026-05-08T13:28:00.525644+00:00,Telco,MCAR,"totalcharges, 10%",Mean/Mode,,2590,TotalCharges,2282.834497471555,2191.15,91.684497471555,tabular_imputer
2026-05-08T13:28:00.525644+00:00,Telco,MCAR,"totalcharges, 10%",Mean/Mode,,2594,TotalCharges,2282.834497471555,7082.85,4800.015502528446,tabular_imputer
2026-05-08T13:28:00.525644+00:00,Telco,MCAR,"totalcharges, 10%",Mean/Mode,,2599,TotalCharges,2282.834497471555,5265.2,2982.3655025284447,tabular_imputer
2026-05-08T13:28:00.525644+00:00,Telco,MCAR,"totalcharges, 10%",Mean/Mode,,2603,TotalCharges,2282.834497471555,8496.7,6213.865502528446,tabular_imputer
2026-05-08T13:28:00.525644+00:00,Telco,MCAR,"totalcharges, 10%",Mean/Mode,,2608,TotalCharges,2282.834497471555,279.25,2003.584497471555,tabular_imputer
2026-05-08T13:28:00.525644+00:00,Telco,MCAR,"totalcharges, 10%",Mean/Mode,,2620,TotalCharges,2282.834497471555,1299.8,983.0344974715551,tabular_imputer
2026-05-08T13:28:00.525644+00:00,Telco,MCAR,"totalcharges, 10%",Mean/Mode,,2622,TotalCharges,2282.834497471555,1381.8,901.0344974715551,tabular_imputer
2026-05-08T13:28:00.525644+00:00,Telco,MCAR,"totalcharges, 10%",Mean/Mode,,2627,TotalCharges,2282.834497471555,826.1,1456.7344974715552,tabular_imputer
2026-05-08T13:28:00.525644+00:00,Telco,MCAR,"totalcharges, 10%",Mean/Mode,,2651,TotalCharges,2282.834497471555,2238.5,44.334497471555096,tabular_imputer
2026-05-08T13:28:00.525644+00:00,Telco,MCAR,"totalcharges, 10%",Mean/Mode,,2652,TotalCharges,2282.834497471555,55.55,2227.284497471555,tabular_imputer
2026-05-08T13:28:00.525644+00:00,Telco,MCAR,"totalcharges, 10%",Mean/Mode,,2659,TotalCharges,2282.834497471555,5175.3,2892.465502528445,tabular_imputer
2026-05-08T13:28:00.525644+00:00,Telco,MCAR,"totalcharges, 10%",Mean/Mode,,2668,TotalCharges,2282.834497471555,19.75,2263.084497471555,tabular_imputer
2026-05-08T13:28:00.525644+00:00,Telco,MCAR,"totalcharges, 10%",Mean/Mode,,2681,TotalCharges,2282.834497471555,1842.7,440.13449747155505,tabular_imputer
2026-05-08T13:28:00.525644+00:00,Telco,MCAR,"totalcharges, 10%",Mean/Mode,,2689,TotalCharges,2282.834497471555,8277.05,5994.215502528445,tabular_imputer
2026-05-08T13:28:00.525644+00:00,Telco,MCAR,"totalcharges, 10%",Mean/Mode,,2692,TotalCharges,2282.834497471555,1049.05,1233.7844974715551,tabular_imputer
2026-05-08T13:28:00.525644+00:00,Telco,MCAR,"totalcharges, 10%",Mean/Mode,,2693,TotalCharges,2282.834497471555,1414.8,868.0344974715551,tabular_imputer
2026-05-08T13:28:00.525644+00:00,Telco,MCAR,"totalcharges, 10%",Mean/Mode,,2709,TotalCharges,2282.834497471555,2215.4,67.434497471555,tabular_imputer
2026-05-08T13:28:00.525644+00:00,Telco,MCAR,"totalcharges, 10%",Mean/Mode,,2711,TotalCharges,2282.834497471555,2598.95,316.1155025284447,tabular_imputer
2026-05-08T13:28:00.525644+00:00,Telco,MCAR,"totalcharges, 10%",Mean/Mode,,2720,TotalCharges,2282.834497471555,765.5,1517.334497471555,tabular_imputer
2026-05-08T13:28:00.525644+00:00,Telco,MCAR,"totalcharges, 10%",Mean/Mode,,2723,TotalCharges,2282.834497471555,402.85,1879.9844974715552,tabular_imputer
2026-05-08T13:28:00.525644+00:00,Telco,MCAR,"totalcharges, 10%",Mean/Mode,,2731,TotalCharges,2282.834497471555,6780.1,4497.265502528446,tabular_imputer
2026-05-08T13:28:00.525644+00:00,Telco,MCAR,"totalcharges, 10%",Mean/Mode,,2747,TotalCharges,2282.834497471555,168.65,2114.184497471555,tabular_imputer
2026-05-08T13:28:00.525644+00:00,Telco,MCAR,"totalcharges, 10%",Mean/Mode,,2751,TotalCharges,2282.834497471555,434.8,1848.0344974715551,tabular_imputer
2026-05-08T13:28:00.525644+00:00,Telco,MCAR,"totalcharges, 10%",Mean/Mode,,2756,TotalCharges,2282.834497471555,20.95,2261.8844974715553,tabular_imputer
2026-05-08T13:28:00.525644+00:00,Telco,MCAR,"totalcharges, 10%",Mean/Mode,,2760,TotalCharges,2282.834497471555,595.5,1687.334497471555,tabular_imputer
2026-05-08T13:28:00.525644+00:00,Telco,MCAR,"totalcharges, 10%",Mean/Mode,,2775,TotalCharges,2282.834497471555,3229.65,946.815502528445,tabular_imputer
2026-05-08T13:28:00.525644+00:00,Telco,MCAR,"totalcharges, 10%",Mean/Mode,,2776,TotalCharges,2282.834497471555,1178.25,1104.584497471555,tabular_imputer
2026-05-08T13:28:00.525644+00:00,Telco,MCAR,"totalcharges, 10%",Mean/Mode,,2810,TotalCharges,2282.834497471555,6767.1,4484.265502528446,tabular_imputer
2026-05-08T13:28:00.525644+00:00,Telco,MCAR,"totalcharges, 10%",Mean/Mode,,2812,TotalCharges,2282.834497471555,6890.0,4607.165502528445,tabular_imputer
2026-05-08T13:28:00.525644+00:00,Telco,MCAR,"totalcharges, 10%",Mean/Mode,,2832,TotalCharges,2282.834497471555,2921.75,638.9155025284449,tabular_imputer
2026-05-08T13:28:00.525644+00:00,Telco,MCAR,"totalcharges, 10%",Mean/Mode,,2847,TotalCharges,2282.834497471555,2015.8,267.03449747155514,tabular_imputer
2026-05-08T13:28:00.525644+00:00,Telco,MCAR,"totalcharges, 10%",Mean/Mode,,2848,TotalCharges,2282.834497471555,1454.25,828.5844974715551,tabular_imputer
2026-05-08T13:28:00.525644+00:00,Telco,MCAR,"totalcharges, 10%",Mean/Mode,,2851,TotalCharges,2282.834497471555,5817.45,3534.6155025284447,tabular_imputer
2026-05-08T13:28:00.525644+00:00,Telco,MCAR,"totalcharges, 10%",Mean/Mode,,2860,TotalCharges,2282.834497471555,6841.05,4558.215502528445,tabular_imputer
2026-05-08T13:28:00.525644+00:00,Telco,MCAR,"totalcharges, 10%",Mean/Mode,,2863,TotalCharges,2282.834497471555,44.6,2238.234497471555,tabular_imputer
2026-05-08T13:28:00.525644+00:00,Telco,MCAR,"totalcharges, 10%",Mean/Mode,,2932,TotalCharges,2282.834497471555,6292.7,4009.8655025284447,tabular_imputer
2026-05-08T13:28:00.525644+00:00,Telco,MCAR,"totalcharges, 10%",Mean/Mode,,2937,TotalCharges,2282.834497471555,5980.75,3697.915502528445,tabular_imputer
2026-05-08T13:28:00.525644+00:00,Telco,MCAR,"totalcharges, 10%",Mean/Mode,,2942,TotalCharges,2282.834497471555,907.05,1375.7844974715551,tabular_imputer
2026-05-08T13:28:00.525644+00:00,Telco,MCAR,"totalcharges, 10%",Mean/Mode,,2946,TotalCharges,2282.834497471555,4116.9,1834.0655025284445,tabular_imputer
2026-05-08T13:28:00.525644+00:00,Telco,MCAR,"totalcharges, 10%",Mean/Mode,,2960,TotalCharges,2282.834497471555,2095.0,187.8344974715551,tabular_imputer
2026-05-08T13:28:00.525644+00:00,Telco,MCAR,"totalcharges, 10%",Mean/Mode,,2971,TotalCharges,2282.834497471555,5194.05,2911.215502528445,tabular_imputer
2026-05-08T13:28:00.525644+00:00,Telco,MCAR,"totalcharges, 10%",Mean/Mode,,2982,TotalCharges,2282.834497471555,1071.6,1211.2344974715552,tabular_imputer
2026-05-08T13:28:00.525644+00:00,Telco,MCAR,"totalcharges, 10%",Mean/Mode,,2996,TotalCharges,2282.834497471555,1156.35,1126.4844974715552,tabular_imputer
2026-05-08T13:28:00.525644+00:00,Telco,MCAR,"totalcharges, 10%",Mean/Mode,,3008,TotalCharges,2282.834497471555,211.95,2070.8844974715553,tabular_imputer
2026-05-08T13:28:00.525644+00:00,Telco,MCAR,"totalcharges, 10%",Mean/Mode,,3013,TotalCharges,2282.834497471555,2080.1,202.7344974715552,tabular_imputer
2026-05-08T13:28:00.525644+00:00,Telco,MCAR,"totalcharges, 10%",Mean/Mode,,3022,TotalCharges,2282.834497471555,38.15,2244.684497471555,tabular_imputer
2026-05-08T13:28:00.525644+00:00,Telco,MCAR,"totalcharges, 10%",Mean/Mode,,3028,TotalCharges,2282.834497471555,219.0,2063.834497471555,tabular_imputer
2026-05-08T13:28:00.525644+00:00,Telco,MCAR,"totalcharges, 10%",Mean/Mode,,3029,TotalCharges,2282.834497471555,1067.15,1215.684497471555,tabular_imputer
2026-05-08T13:28:00.525644+00:00,Telco,MCAR,"totalcharges, 10%",Mean/Mode,,3039,TotalCharges,2282.834497471555,4641.1,2358.2655025284453,tabular_imputer
2026-05-08T13:28:00.525644+00:00,Telco,MCAR,"totalcharges, 10%",Mean/Mode,,3044,TotalCharges,2282.834497471555,45.4,2237.434497471555,tabular_imputer
2026-05-08T13:28:00.525644+00:00,Telco,MCAR,"totalcharges, 10%",Mean/Mode,,3052,TotalCharges,2282.834497471555,2030.75,252.0844974715551,tabular_imputer
2026-05-08T13:28:00.525644+00:00,Telco,MCAR,"totalcharges, 10%",Mean/Mode,,3054,TotalCharges,2282.834497471555,7244.7,4961.865502528444,tabular_imputer
2026-05-08T13:28:00.525644+00:00,Telco,MCAR,"totalcharges, 10%",Mean/Mode,,3082,TotalCharges,2282.834497471555,3043.6,760.7655025284448,tabular_imputer
2026-05-08T13:28:00.525644+00:00,Telco,MCAR,"totalcharges, 10%",Mean/Mode,,3083,TotalCharges,2282.834497471555,1506.4,776.434497471555,tabular_imputer
2026-05-08T13:28:00.525644+00:00,Telco,MCAR,"totalcharges, 10%",Mean/Mode,,3118,TotalCharges,2282.834497471555,835.5,1447.334497471555,tabular_imputer
2026-05-08T13:28:00.525644+00:00,Telco,MCAR,"totalcharges, 10%",Mean/Mode,,3126,TotalCharges,2282.834497471555,1025.15,1257.684497471555,tabular_imputer
2026-05-08T13:28:00.525644+00:00,Telco,MCAR,"totalcharges, 10%",Mean/Mode,,3131,TotalCharges,2282.834497471555,5682.25,3399.415502528445,tabular_imputer
2026-05-08T13:28:00.525644+00:00,Telco,MCAR,"totalcharges, 10%",Mean/Mode,,3132,TotalCharges,2282.834497471555,74.3,2208.534497471555,tabular_imputer
2026-05-08T13:28:00.525644+00:00,Telco,MCAR,"totalcharges, 10%",Mean/Mode,,3133,TotalCharges,2282.834497471555,3635.15,1352.315502528445,tabular_imputer
2026-05-08T13:28:00.525644+00:00,Telco,MCAR,"totalcharges, 10%",Mean/Mode,,3140,TotalCharges,2282.834497471555,1117.55,1165.2844974715551,tabular_imputer
2026-05-08T13:28:00.525644+00:00,Telco,MCAR,"totalcharges, 10%",Mean/Mode,,3158,TotalCharges,2282.834497471555,878.35,1404.4844974715552,tabular_imputer
2026-05-08T13:28:00.525644+00:00,Telco,MCAR,"totalcharges, 10%",Mean/Mode,,3173,TotalCharges,2282.834497471555,307.0,1975.834497471555,tabular_imputer
2026-05-08T13:28:00.525644+00:00,Telco,MCAR,"totalcharges, 10%",Mean/Mode,,3181,TotalCharges,2282.834497471555,5129.3,2846.465502528445,tabular_imputer
2026-05-08T13:28:00.525644+00:00,Telco,MCAR,"totalcharges, 10%",Mean/Mode,,3199,TotalCharges,2282.834497471555,1821.8,461.03449747155514,tabular_imputer
2026-05-08T13:28:00.525644+00:00,Telco,MCAR,"totalcharges, 10%",Mean/Mode,,3202,TotalCharges,2282.834497471555,55.25,2227.584497471555,tabular_imputer
2026-05-08T13:28:00.525644+00:00,Telco,MCAR,"totalcharges, 10%",Mean/Mode,,3212,TotalCharges,2282.834497471555,3168.75,885.9155025284449,tabular_imputer
2026-05-08T13:28:00.525644+00:00,Telco,MCAR,"totalcharges, 10%",Mean/Mode,,3213,TotalCharges,2282.834497471555,1412.4,870.434497471555,tabular_imputer
2026-05-08T13:28:00.525644+00:00,Telco,MCAR,"totalcharges, 10%",Mean/Mode,,3218,TotalCharges,2282.834497471555,5461.45,3178.6155025284447,tabular_imputer
2026-05-08T13:28:00.525644+00:00,Telco,MCAR,"totalcharges, 10%",Mean/Mode,,3223,TotalCharges,2282.834497471555,94.4,2188.434497471555,tabular_imputer
2026-05-08T13:28:00.525644+00:00,Telco,MCAR,"totalcharges, 10%",Mean/Mode,,3231,TotalCharges,2282.834497471555,1287.85,994.9844974715552,tabular_imputer
2026-05-08T13:28:00.525644+00:00,Telco,MCAR,"totalcharges, 10%",Mean/Mode,,3243,TotalCharges,2282.834497471555,710.05,1572.7844974715551,tabular_imputer
2026-05-08T13:28:00.525644+00:00,Telco,MCAR,"totalcharges, 10%",Mean/Mode,,3257,TotalCharges,2282.834497471555,2157.3,125.53449747155491,tabular_imputer
2026-05-08T13:28:00.525644+00:00,Telco,MCAR,"totalcharges, 10%",Mean/Mode,,3270,TotalCharges,2282.834497471555,399.25,1883.584497471555,tabular_imputer
2026-05-08T13:28:00.525644+00:00,Telco,MCAR,"totalcharges, 10%",Mean/Mode,,3279,TotalCharges,2282.834497471555,1423.35,859.4844974715552,tabular_imputer
2026-05-08T13:28:00.525644+00:00,Telco,MCAR,"totalcharges, 10%",Mean/Mode,,3290,TotalCharges,2282.834497471555,135.75,2147.084497471555,tabular_imputer
2026-05-08T13:28:00.525644+00:00,Telco,MCAR,"totalcharges, 10%",Mean/Mode,,3295,TotalCharges,2282.834497471555,5714.2,3431.3655025284447,tabular_imputer
2026-05-08T13:28:00.525644+00:00,Telco,MCAR,"totalcharges, 10%",Mean/Mode,,3302,TotalCharges,2282.834497471555,3066.45,783.6155025284447,tabular_imputer
2026-05-08T13:28:00.525644+00:00,Telco,MCAR,"totalcharges, 10%",Mean/Mode,,3308,TotalCharges,2282.834497471555,387.9,1894.934497471555,tabular_imputer
2026-05-08T13:28:00.525644+00:00,Telco,MCAR,"totalcharges, 10%",Mean/Mode,,3314,TotalCharges,2282.834497471555,3019.1,736.2655025284448,tabular_imputer
2026-05-08T13:28:00.525644+00:00,Telco,MCAR,"totalcharges, 10%",Mean/Mode,,3318,TotalCharges,2282.834497471555,255.25,2027.584497471555,tabular_imputer
2026-05-08T13:28:00.525644+00:00,Telco,MCAR,"totalcharges, 10%",Mean/Mode,,3322,TotalCharges,2282.834497471555,762.5,1520.334497471555,tabular_imputer
2026-05-08T13:28:00.525644+00:00,Telco,MCAR,"totalcharges, 10%",Mean/Mode,,3324,TotalCharges,2282.834497471555,75.55,2207.284497471555,tabular_imputer
2026-05-08T13:28:00.525644+00:00,Telco,MCAR,"totalcharges, 10%",Mean/Mode,,3332,TotalCharges,2282.834497471555,46.3,2236.534497471555,tabular_imputer
2026-05-08T13:28:00.525644+00:00,Telco,MCAR,"totalcharges, 10%",Mean/Mode,,3340,TotalCharges,2282.834497471555,446.05,1836.7844974715551,tabular_imputer
2026-05-08T13:28:00.525644+00:00,Telco,MCAR,"totalcharges, 10%",Mean/Mode,,3355,TotalCharges,2282.834497471555,6297.65,4014.8155025284445,tabular_imputer
2026-05-08T13:28:00.525644+00:00,Telco,MCAR,"totalcharges, 10%",Mean/Mode,,3361,TotalCharges,2282.834497471555,4869.35,2586.5155025284453,tabular_imputer
2026-05-08T13:28:00.525644+00:00,Telco,MCAR,"totalcharges, 10%",Mean/Mode,,3368,TotalCharges,2282.834497471555,4408.45,2125.6155025284447,tabular_imputer
2026-05-08T13:28:00.525644+00:00,Telco,MCAR,"totalcharges, 10%",Mean/Mode,,3376,TotalCharges,2282.834497471555,19.4,2263.434497471555,tabular_imputer
2026-05-08T13:28:00.525644+00:00,Telco,MCAR,"totalcharges, 10%",Mean/Mode,,3383,TotalCharges,2282.834497471555,438.0,1844.834497471555,tabular_imputer
2026-05-08T13:28:00.525644+00:00,Telco,MCAR,"totalcharges, 10%",Mean/Mode,,3385,TotalCharges,2282.834497471555,1148.1,1134.7344974715552,tabular_imputer
2026-05-08T13:28:00.525644+00:00,Telco,MCAR,"totalcharges, 10%",Mean/Mode,,3399,TotalCharges,2282.834497471555,3373.4,1090.565502528445,tabular_imputer
2026-05-08T13:28:00.525644+00:00,Telco,MCAR,"totalcharges, 10%",Mean/Mode,,3401,TotalCharges,2282.834497471555,1080.55,1202.2844974715551,tabular_imputer
2026-05-08T13:28:00.525644+00:00,Telco,MCAR,"totalcharges, 10%",Mean/Mode,,3412,TotalCharges,2282.834497471555,130.5,2152.334497471555,tabular_imputer
2026-05-08T13:28:00.525644+00:00,Telco,MCAR,"totalcharges, 10%",Mean/Mode,,3415,TotalCharges,2282.834497471555,5685.8,3402.965502528445,tabular_imputer
2026-05-08T13:28:00.525644+00:00,Telco,MCAR,"totalcharges, 10%",Mean/Mode,,3418,TotalCharges,2282.834497471555,6118.95,3836.1155025284447,tabular_imputer
2026-05-08T13:28:00.525644+00:00,Telco,MCAR,"totalcharges, 10%",Mean/Mode,,3420,TotalCharges,2282.834497471555,1800.05,482.78449747155514,tabular_imputer
2026-05-08T13:28:00.525644+00:00,Telco,MCAR,"totalcharges, 10%",Mean/Mode,,3430,TotalCharges,2282.834497471555,5036.9,2754.0655025284445,tabular_imputer
2026-05-08T13:28:00.525644+00:00,Telco,MCAR,"totalcharges, 10%",Mean/Mode,,3434,TotalCharges,2282.834497471555,617.85,1664.9844974715552,tabular_imputer
2026-05-08T13:28:00.525644+00:00,Telco,MCAR,"totalcharges, 10%",Mean/Mode,,3445,TotalCharges,2282.834497471555,4594.65,2311.8155025284445,tabular_imputer
2026-05-08T13:28:00.525644+00:00,Telco,MCAR,"totalcharges, 10%",Mean/Mode,,3448,TotalCharges,2282.834497471555,229.55,2053.284497471555,tabular_imputer
2026-05-08T13:28:00.525644+00:00,Telco,MCAR,"totalcharges, 10%",Mean/Mode,,3460,TotalCharges,2282.834497471555,4834.0,2551.165502528445,tabular_imputer
2026-05-08T13:28:00.525644+00:00,Telco,MCAR,"totalcharges, 10%",Mean/Mode,,3464,TotalCharges,2282.834497471555,2674.15,391.315502528445,tabular_imputer
2026-05-08T13:28:00.525644+00:00,Telco,MCAR,"totalcharges, 10%",Mean/Mode,,3469,TotalCharges,2282.834497471555,1400.3,882.5344974715551,tabular_imputer
2026-05-08T13:28:00.525644+00:00,Telco,MCAR,"totalcharges, 10%",Mean/Mode,,3473,TotalCharges,2282.834497471555,4512.7,2229.8655025284447,tabular_imputer
2026-05-08T13:28:00.525644+00:00,Telco,MCAR,"totalcharges, 10%",Mean/Mode,,3479,TotalCharges,2282.834497471555,196.95,2085.8844974715553,tabular_imputer
2026-05-08T13:28:00.525644+00:00,Telco,MCAR,"totalcharges, 10%",Mean/Mode,,3487,TotalCharges,2282.834497471555,1078.75,1204.084497471555,tabular_imputer
2026-05-08T13:28:00.525644+00:00,Telco,MCAR,"totalcharges, 10%",Mean/Mode,,3489,TotalCharges,2282.834497471555,2312.55,29.715502528445086,tabular_imputer
2026-05-08T13:28:00.525644+00:00,Telco,MCAR,"totalcharges, 10%",Mean/Mode,,3490,TotalCharges,2282.834497471555,415.05,1867.7844974715551,tabular_imputer
2026-05-08T13:28:00.525644+00:00,Telco,MCAR,"totalcharges, 10%",Mean/Mode,,3500,TotalCharges,2282.834497471555,5610.15,3327.3155025284445,tabular_imputer
2026-05-08T13:28:00.525644+00:00,Telco,MCAR,"totalcharges, 10%",Mean/Mode,,3511,TotalCharges,2282.834497471555,1279.0,1003.8344974715551,tabular_imputer
2026-05-08T13:28:00.525644+00:00,Telco,MCAR,"totalcharges, 10%",Mean/Mode,,3524,TotalCharges,2282.834497471555,906.85,1375.9844974715552,tabular_imputer
2026-05-08T13:28:00.525644+00:00,Telco,MCAR,"totalcharges, 10%",Mean/Mode,,3548,TotalCharges,2282.834497471555,6687.85,4405.015502528446,tabular_imputer
2026-05-08T13:28:00.525644+00:00,Telco,MCAR,"totalcharges, 10%",Mean/Mode,,3551,TotalCharges,2282.834497471555,79.6,2203.234497471555,tabular_imputer
2026-05-08T13:28:00.525644+00:00,Telco,MCAR,"totalcharges, 10%",Mean/Mode,,3554,TotalCharges,2282.834497471555,472.65,1810.184497471555,tabular_imputer
2026-05-08T13:28:00.525644+00:00,Telco,MCAR,"totalcharges, 10%",Mean/Mode,,3556,TotalCharges,2282.834497471555,113.5,2169.334497471555,tabular_imputer
2026-05-08T13:28:00.525644+00:00,Telco,MCAR,"totalcharges, 10%",Mean/Mode,,3561,TotalCharges,2282.834497471555,2088.8,194.03449747155491,tabular_imputer
2026-05-08T13:28:00.525644+00:00,Telco,MCAR,"totalcharges, 10%",Mean/Mode,,3564,TotalCharges,2282.834497471555,5825.5,3542.665502528445,tabular_imputer
2026-05-08T13:28:00.525644+00:00,Telco,MCAR,"totalcharges, 10%",Mean/Mode,,3573,TotalCharges,2282.834497471555,543.8,1739.0344974715551,tabular_imputer
2026-05-08T13:28:00.525644+00:00,Telco,MCAR,"totalcharges, 10%",Mean/Mode,,3577,TotalCharges,2282.834497471555,2498.4,215.565502528445,tabular_imputer
2026-05-08T13:28:00.525644+00:00,Telco,MCAR,"totalcharges, 10%",Mean/Mode,,3589,TotalCharges,2282.834497471555,1825.5,457.3344974715551,tabular_imputer
2026-05-08T13:28:00.525644+00:00,Telco,MCAR,"totalcharges, 10%",Mean/Mode,,3596,TotalCharges,2282.834497471555,165.2,2117.6344974715553,tabular_imputer
2026-05-08T13:28:00.525644+00:00,Telco,MCAR,"totalcharges, 10%",Mean/Mode,,3614,TotalCharges,2282.834497471555,4055.5,1772.665502528445,tabular_imputer
2026-05-08T13:28:00.525644+00:00,Telco,MCAR,"totalcharges, 10%",Mean/Mode,,3619,TotalCharges,2282.834497471555,6129.2,3846.3655025284447,tabular_imputer
2026-05-08T13:28:00.525644+00:00,Telco,MCAR,"totalcharges, 10%",Mean/Mode,,3621,TotalCharges,2282.834497471555,36.55,2246.284497471555,tabular_imputer
2026-05-08T13:28:00.525644+00:00,Telco,MCAR,"totalcharges, 10%",Mean/Mode,,3631,TotalCharges,2282.834497471555,49.55,2233.284497471555,tabular_imputer
2026-05-08T13:28:00.525644+00:00,Telco,MCAR,"totalcharges, 10%",Mean/Mode,,3652,TotalCharges,2282.834497471555,25.25,2257.584497471555,tabular_imputer
2026-05-08T13:28:00.525644+00:00,Telco,MCAR,"totalcharges, 10%",Mean/Mode,,3662,TotalCharges,2282.834497471555,416.45,1866.384497471555,tabular_imputer
2026-05-08T13:28:00.525644+00:00,Telco,MCAR,"totalcharges, 10%",Mean/Mode,,3667,TotalCharges,2282.834497471555,2263.45,19.384497471555278,tabular_imputer
2026-05-08T13:28:00.525644+00:00,Telco,MCAR,"totalcharges, 10%",Mean/Mode,,3672,TotalCharges,2282.834497471555,3715.65,1432.815502528445,tabular_imputer
2026-05-08T13:28:00.525644+00:00,Telco,MCAR,"totalcharges, 10%",Mean/Mode,,3686,TotalCharges,2282.834497471555,999.45,1283.384497471555,tabular_imputer
2026-05-08T13:28:00.525644+00:00,Telco,MCAR,"totalcharges, 10%",Mean/Mode,,3692,TotalCharges,2282.834497471555,235.0,2047.834497471555,tabular_imputer
2026-05-08T13:28:00.525644+00:00,Telco,MCAR,"totalcharges, 10%",Mean/Mode,,3695,TotalCharges,2282.834497471555,3089.6,806.7655025284448,tabular_imputer
2026-05-08T13:28:00.525644+00:00,Telco,MCAR,"totalcharges, 10%",Mean/Mode,,3709,TotalCharges,2282.834497471555,50.75,2232.084497471555,tabular_imputer
2026-05-08T13:28:00.525644+00:00,Telco,MCAR,"totalcharges, 10%",Mean/Mode,,3716,TotalCharges,2282.834497471555,1145.35,1137.4844974715552,tabular_imputer
2026-05-08T13:28:00.525644+00:00,Telco,MCAR,"totalcharges, 10%",Mean/Mode,,3723,TotalCharges,2282.834497471555,357.0,1925.834497471555,tabular_imputer
2026-05-08T13:28:00.525644+00:00,Telco,MCAR,"totalcharges, 10%",Mean/Mode,,3740,TotalCharges,2282.834497471555,135.75,2147.084497471555,tabular_imputer
2026-05-08T13:28:00.525644+00:00,Telco,MCAR,"totalcharges, 10%",Mean/Mode,,3770,TotalCharges,2282.834497471555,1115.6,1167.2344974715552,tabular_imputer
2026-05-08T13:28:00.525644+00:00,Telco,MCAR,"totalcharges, 10%",Mean/Mode,,3774,TotalCharges,2282.834497471555,4079.55,1796.715502528445,tabular_imputer
2026-05-08T13:28:00.525644+00:00,Telco,MCAR,"totalcharges, 10%",Mean/Mode,,3776,TotalCharges,2282.834497471555,2391.15,108.315502528445,tabular_imputer
2026-05-08T13:28:00.525644+00:00,Telco,MCAR,"totalcharges, 10%",Mean/Mode,,3777,TotalCharges,2282.834497471555,890.5,1392.334497471555,tabular_imputer
2026-05-08T13:28:00.525644+00:00,Telco,MCAR,"totalcharges, 10%",Mean/Mode,,3791,TotalCharges,2282.834497471555,435.0,1847.834497471555,tabular_imputer
2026-05-08T13:28:00.525644+00:00,Telco,MCAR,"totalcharges, 10%",Mean/Mode,,3819,TotalCharges,2282.834497471555,1489.3,793.5344974715551,tabular_imputer
2026-05-08T13:28:00.525644+00:00,Telco,MCAR,"totalcharges, 10%",Mean/Mode,,3831,TotalCharges,2282.834497471555,2177.45,105.38449747155528,tabular_imputer
2026-05-08T13:28:00.525644+00:00,Telco,MCAR,"totalcharges, 10%",Mean/Mode,,3836,TotalCharges,2282.834497471555,3756.45,1473.6155025284447,tabular_imputer
2026-05-08T13:28:00.525644+00:00,Telco,MCAR,"totalcharges, 10%",Mean/Mode,,3849,TotalCharges,2282.834497471555,6144.55,3861.715502528445,tabular_imputer
2026-05-08T13:28:00.525644+00:00,Telco,MCAR,"totalcharges, 10%",Mean/Mode,,3853,TotalCharges,2282.834497471555,3249.4,966.565502528445,tabular_imputer
2026-05-08T13:28:00.525644+00:00,Telco,MCAR,"totalcharges, 10%",Mean/Mode,,3863,TotalCharges,2282.834497471555,1742.5,540.3344974715551,tabular_imputer
2026-05-08T13:28:00.525644+00:00,Telco,MCAR,"totalcharges, 10%",Mean/Mode,,3864,TotalCharges,2282.834497471555,2983.8,700.9655025284451,tabular_imputer
2026-05-08T13:28:00.525644+00:00,Telco,MCAR,"totalcharges, 10%",Mean/Mode,,3878,TotalCharges,2282.834497471555,8297.5,6014.665502528445,tabular_imputer
2026-05-08T13:28:00.525644+00:00,Telco,MCAR,"totalcharges, 10%",Mean/Mode,,3889,TotalCharges,2282.834497471555,259.65,2023.184497471555,tabular_imputer
2026-05-08T13:28:00.525644+00:00,Telco,MCAR,"totalcharges, 10%",Mean/Mode,,3893,TotalCharges,2282.834497471555,419.35,1863.4844974715552,tabular_imputer
2026-05-08T13:28:00.525644+00:00,Telco,MCAR,"totalcharges, 10%",Mean/Mode,,3894,TotalCharges,2282.834497471555,7990.05,5707.215502528445,tabular_imputer
2026-05-08T13:28:00.525644+00:00,Telco,MCAR,"totalcharges, 10%",Mean/Mode,,3898,TotalCharges,2282.834497471555,1171.5,1111.334497471555,tabular_imputer
2026-05-08T13:28:00.525644+00:00,Telco,MCAR,"totalcharges, 10%",Mean/Mode,,3914,TotalCharges,2282.834497471555,791.15,1491.684497471555,tabular_imputer
2026-05-08T13:28:00.525644+00:00,Telco,MCAR,"totalcharges, 10%",Mean/Mode,,3921,TotalCharges,2282.834497471555,1559.45,723.384497471555,tabular_imputer
2026-05-08T13:28:00.525644+00:00,Telco,MCAR,"totalcharges, 10%",Mean/Mode,,3923,TotalCharges,2282.834497471555,80.85,2201.984497471555,tabular_imputer
2026-05-08T13:28:00.525644+00:00,Telco,MCAR,"totalcharges, 10%",Mean/Mode,,3948,TotalCharges,2282.834497471555,4968.0,2685.165502528445,tabular_imputer
2026-05-08T13:28:00.525644+00:00,Telco,MCAR,"totalcharges, 10%",Mean/Mode,,3958,TotalCharges,2282.834497471555,1284.2,998.634497471555,tabular_imputer
2026-05-08T13:28:00.525644+00:00,Telco,MCAR,"totalcharges, 10%",Mean/Mode,,3963,TotalCharges,2282.834497471555,1441.65,841.184497471555,tabular_imputer
2026-05-08T13:28:00.525644+00:00,Telco,MCAR,"totalcharges, 10%",Mean/Mode,,3968,TotalCharges,2282.834497471555,1423.65,859.184497471555,tabular_imputer
2026-05-08T13:28:00.525644+00:00,Telco,MCAR,"totalcharges, 10%",Mean/Mode,,3971,TotalCharges,2282.834497471555,692.1,1590.7344974715552,tabular_imputer
2026-05-08T13:28:00.525644+00:00,Telco,MCAR,"totalcharges, 10%",Mean/Mode,,3978,TotalCharges,2282.834497471555,237.65,2045.184497471555,tabular_imputer
2026-05-08T13:28:00.525644+00:00,Telco,MCAR,"totalcharges, 10%",Mean/Mode,,4018,TotalCharges,2282.834497471555,477.05,1805.7844974715551,tabular_imputer
2026-05-08T13:28:00.525644+00:00,Telco,MCAR,"totalcharges, 10%",Mean/Mode,,4022,TotalCharges,2282.834497471555,163.2,2119.6344974715553,tabular_imputer
2026-05-08T13:28:00.525644+00:00,Telco,MCAR,"totalcharges, 10%",Mean/Mode,,4032,TotalCharges,2282.834497471555,5683.6,3400.7655025284453,tabular_imputer
2026-05-08T13:28:00.525644+00:00,Telco,MCAR,"totalcharges, 10%",Mean/Mode,,4037,TotalCharges,2282.834497471555,1534.05,748.7844974715551,tabular_imputer
2026-05-08T13:28:00.525644+00:00,Telco,MCAR,"totalcharges, 10%",Mean/Mode,,4042,TotalCharges,2282.834497471555,262.3,2020.5344974715551,tabular_imputer
2026-05-08T13:28:00.525644+00:00,Telco,MCAR,"totalcharges, 10%",Mean/Mode,,4045,TotalCharges,2282.834497471555,914.0,1368.834497471555,tabular_imputer
2026-05-08T13:28:00.525644+00:00,Telco,MCAR,"totalcharges, 10%",Mean/Mode,,4046,TotalCharges,2282.834497471555,2139.1,143.7344974715552,tabular_imputer
2026-05-08T13:28:00.525644+00:00,Telco,MCAR,"totalcharges, 10%",Mean/Mode,,4048,TotalCharges,2282.834497471555,3624.35,1341.5155025284448,tabular_imputer
2026-05-08T13:28:00.525644+00:00,Telco,MCAR,"totalcharges, 10%",Mean/Mode,,4055,TotalCharges,2282.834497471555,2431.95,149.11550252844472,tabular_imputer
2026-05-08T13:28:00.525644+00:00,Telco,MCAR,"totalcharges, 10%",Mean/Mode,,4057,TotalCharges,2282.834497471555,1859.2,423.63449747155505,tabular_imputer
2026-05-08T13:28:00.525644+00:00,Telco,MCAR,"totalcharges, 10%",Mean/Mode,,4063,TotalCharges,2282.834497471555,953.45,1329.384497471555,tabular_imputer
2026-05-08T13:28:00.525644+00:00,Telco,MCAR,"totalcharges, 10%",Mean/Mode,,4083,TotalCharges,2282.834497471555,6851.65,4568.815502528445,tabular_imputer
2026-05-08T13:28:00.525644+00:00,Telco,MCAR,"totalcharges, 10%",Mean/Mode,,4098,TotalCharges,2282.834497471555,20.2,2262.6344974715553,tabular_imputer
2026-05-08T13:28:00.525644+00:00,Telco,MCAR,"totalcharges, 10%",Mean/Mode,,4099,TotalCharges,2282.834497471555,161.45,2121.3844974715553,tabular_imputer
2026-05-08T13:28:00.525644+00:00,Telco,MCAR,"totalcharges, 10%",Mean/Mode,,4128,TotalCharges,2282.834497471555,2111.45,171.38449747155528,tabular_imputer
2026-05-08T13:28:00.525644+00:00,Telco,MCAR,"totalcharges, 10%",Mean/Mode,,4135,TotalCharges,2282.834497471555,3379.25,1096.415502528445,tabular_imputer
2026-05-08T13:28:00.525644+00:00,Telco,MCAR,"totalcharges, 10%",Mean/Mode,,4136,TotalCharges,2282.834497471555,942.95,1339.884497471555,tabular_imputer
2026-05-08T13:28:00.525644+00:00,Telco,MCAR,"totalcharges, 10%",Mean/Mode,,4154,TotalCharges,2282.834497471555,469.8,1813.0344974715551,tabular_imputer
2026-05-08T13:28:00.525644+00:00,Telco,MCAR,"totalcharges, 10%",Mean/Mode,,4156,TotalCharges,2282.834497471555,19.75,2263.084497471555,tabular_imputer
2026-05-08T13:28:00.525644+00:00,Telco,MCAR,"totalcharges, 10%",Mean/Mode,,4167,TotalCharges,2282.834497471555,3876.2,1593.3655025284447,tabular_imputer
2026-05-08T13:28:00.525644+00:00,Telco,MCAR,"totalcharges, 10%",Mean/Mode,,4168,TotalCharges,2282.834497471555,3778.85,1496.0155025284448,tabular_imputer
2026-05-08T13:28:00.525644+00:00,Telco,MCAR,"totalcharges, 10%",Mean/Mode,,4181,TotalCharges,2282.834497471555,6164.7,3881.8655025284447,tabular_imputer
2026-05-08T13:28:00.525644+00:00,Telco,MCAR,"totalcharges, 10%",Mean/Mode,,4202,TotalCharges,2282.834497471555,189.45,2093.3844974715553,tabular_imputer
2026-05-08T13:28:00.525644+00:00,Telco,MCAR,"totalcharges, 10%",Mean/Mode,,4211,TotalCharges,2282.834497471555,2496.7,213.86550252844472,tabular_imputer
2026-05-08T13:28:00.525644+00:00,Telco,MCAR,"totalcharges, 10%",Mean/Mode,,4242,TotalCharges,2282.834497471555,19.75,2263.084497471555,tabular_imputer
2026-05-08T13:28:00.525644+00:00,Telco,MCAR,"totalcharges, 10%",Mean/Mode,,4246,TotalCharges,2282.834497471555,7467.5,5184.665502528445,tabular_imputer
2026-05-08T13:28:00.525644+00:00,Telco,MCAR,"totalcharges, 10%",Mean/Mode,,4274,TotalCharges,2282.834497471555,867.3,1415.5344974715551,tabular_imputer
2026-05-08T13:28:00.525644+00:00,Telco,MCAR,"totalcharges, 10%",Mean/Mode,,4277,TotalCharges,2282.834497471555,109.5,2173.334497471555,tabular_imputer
2026-05-08T13:28:00.525644+00:00,Telco,MCAR,"totalcharges, 10%",Mean/Mode,,4287,TotalCharges,2282.834497471555,6975.25,4692.415502528445,tabular_imputer
2026-05-08T13:28:00.525644+00:00,Telco,MCAR,"totalcharges, 10%",Mean/Mode,,4294,TotalCharges,2282.834497471555,979.05,1303.7844974715551,tabular_imputer
2026-05-08T13:28:00.525644+00:00,Telco,MCAR,"totalcharges, 10%",Mean/Mode,,4295,TotalCharges,2282.834497471555,4119.4,1836.5655025284445,tabular_imputer
2026-05-08T13:28:00.525644+00:00,Telco,MCAR,"totalcharges, 10%",Mean/Mode,,4298,TotalCharges,2282.834497471555,492.1,1790.7344974715552,tabular_imputer
2026-05-08T13:28:00.525644+00:00,Telco,MCAR,"totalcharges, 10%",Mean/Mode,,4303,TotalCharges,2282.834497471555,1121.05,1161.7844974715551,tabular_imputer
2026-05-08T13:28:00.525644+00:00,Telco,MCAR,"totalcharges, 10%",Mean/Mode,,4306,TotalCharges,2282.834497471555,4469.1,2186.2655025284453,tabular_imputer
2026-05-08T13:28:00.525644+00:00,Telco,MCAR,"totalcharges, 10%",Mean/Mode,,4322,TotalCharges,2282.834497471555,123.8,2159.034497471555,tabular_imputer
2026-05-08T13:28:00.525644+00:00,Telco,MCAR,"totalcharges, 10%",Mean/Mode,,4323,TotalCharges,2282.834497471555,2781.85,499.0155025284448,tabular_imputer
2026-05-08T13:28:00.525644+00:00,Telco,MCAR,"totalcharges, 10%",Mean/Mode,,4342,TotalCharges,2282.834497471555,3103.25,820.4155025284449,tabular_imputer
2026-05-08T13:28:00.525644+00:00,Telco,MCAR,"totalcharges, 10%",Mean/Mode,,4343,TotalCharges,2282.834497471555,606.25,1676.584497471555,tabular_imputer
2026-05-08T13:28:00.525644+00:00,Telco,MCAR,"totalcharges, 10%",Mean/Mode,,4357,TotalCharges,2282.834497471555,330.8,1952.0344974715551,tabular_imputer
2026-05-08T13:28:00.525644+00:00,Telco,MCAR,"totalcharges, 10%",Mean/Mode,,4379,TotalCharges,2282.834497471555,5974.3,3691.465502528445,tabular_imputer
2026-05-08T13:28:00.525644+00:00,Telco,MCAR,"totalcharges, 10%",Mean/Mode,,4387,TotalCharges,2282.834497471555,20.25,2262.584497471555,tabular_imputer
2026-05-08T13:28:00.525644+00:00,Telco,MCAR,"totalcharges, 10%",Mean/Mode,,4395,TotalCharges,2282.834497471555,7446.9,5164.065502528445,tabular_imputer
2026-05-08T13:28:00.525644+00:00,Telco,MCAR,"totalcharges, 10%",Mean/Mode,,4406,TotalCharges,2282.834497471555,2976.95,694.1155025284447,tabular_imputer
2026-05-08T13:28:00.525644+00:00,Telco,MCAR,"totalcharges, 10%",Mean/Mode,,4412,TotalCharges,2282.834497471555,1699.15,583.684497471555,tabular_imputer
2026-05-08T13:28:00.525644+00:00,Telco,MCAR,"totalcharges, 10%",Mean/Mode,,4435,TotalCharges,2282.834497471555,1336.9,945.934497471555,tabular_imputer
2026-05-08T13:28:00.525644+00:00,Telco,MCAR,"totalcharges, 10%",Mean/Mode,,4446,TotalCharges,2282.834497471555,260.9,2021.934497471555,tabular_imputer
2026-05-08T13:28:00.525644+00:00,Telco,MCAR,"totalcharges, 10%",Mean/Mode,,4464,TotalCharges,2282.834497471555,858.6,1424.2344974715552,tabular_imputer
2026-05-08T13:28:00.525644+00:00,Telco,MCAR,"totalcharges, 10%",Mean/Mode,,4490,TotalCharges,2282.834497471555,6431.05,4148.215502528445,tabular_imputer
2026-05-08T13:28:00.525644+00:00,Telco,MCAR,"totalcharges, 10%",Mean/Mode,,4512,TotalCharges,2282.834497471555,5212.65,2929.8155025284445,tabular_imputer
2026-05-08T13:28:00.525644+00:00,Telco,MCAR,"totalcharges, 10%",Mean/Mode,,4513,TotalCharges,2282.834497471555,6440.25,4157.415502528445,tabular_imputer
2026-05-08T13:28:00.525644+00:00,Telco,MCAR,"totalcharges, 10%",Mean/Mode,,4545,TotalCharges,2282.834497471555,44.15,2238.684497471555,tabular_imputer
2026-05-08T13:28:00.525644+00:00,Telco,MCAR,"totalcharges, 10%",Mean/Mode,,4558,TotalCharges,2282.834497471555,2287.25,4.415502528444904,tabular_imputer
2026-05-08T13:28:00.525644+00:00,Telco,MCAR,"totalcharges, 10%",Mean/Mode,,4565,TotalCharges,2282.834497471555,4689.15,2406.3155025284445,tabular_imputer
2026-05-08T13:28:00.525644+00:00,Telco,MCAR,"totalcharges, 10%",Mean/Mode,,4590,TotalCharges,2282.834497471555,5779.6,3496.7655025284453,tabular_imputer
2026-05-08T13:28:00.525644+00:00,Telco,MCAR,"totalcharges, 10%",Mean/Mode,,4609,TotalCharges,2282.834497471555,1466.1,816.7344974715552,tabular_imputer
2026-05-08T13:28:00.525644+00:00,Telco,MCAR,"totalcharges, 10%",Mean/Mode,,4615,TotalCharges,2282.834497471555,4804.75,2521.915502528445,tabular_imputer
2026-05-08T13:28:00.525644+00:00,Telco,MCAR,"totalcharges, 10%",Mean/Mode,,4625,TotalCharges,2282.834497471555,600.15,1682.684497471555,tabular_imputer
2026-05-08T13:28:00.525644+00:00,Telco,MCAR,"totalcharges, 10%",Mean/Mode,,4659,TotalCharges,2282.834497471555,6725.3,4442.465502528445,tabular_imputer
2026-05-08T13:28:00.525644+00:00,Telco,MCAR,"totalcharges, 10%",Mean/Mode,,4674,TotalCharges,2282.834497471555,1285.8,997.0344974715551,tabular_imputer
2026-05-08T13:28:00.525644+00:00,Telco,MCAR,"totalcharges, 10%",Mean/Mode,,4675,TotalCharges,2282.834497471555,4211.55,1928.715502528445,tabular_imputer
2026-05-08T13:28:00.525644+00:00,Telco,MCAR,"totalcharges, 10%",Mean/Mode,,4679,TotalCharges,2282.834497471555,6058.95,3776.1155025284447,tabular_imputer
2026-05-08T13:28:00.525644+00:00,Telco,MCAR,"totalcharges, 10%",Mean/Mode,,4688,TotalCharges,2282.834497471555,6470.1,4187.265502528446,tabular_imputer
2026-05-08T13:28:00.525644+00:00,Telco,MCAR,"totalcharges, 10%",Mean/Mode,,4703,TotalCharges,2282.834497471555,1772.25,510.5844974715551,tabular_imputer
2026-05-08T13:28:00.525644+00:00,Telco,MCAR,"totalcharges, 10%",Mean/Mode,,4734,TotalCharges,2282.834497471555,3182.95,900.1155025284447,tabular_imputer
2026-05-08T13:28:00.525644+00:00,Telco,MCAR,"totalcharges, 10%",Mean/Mode,,4738,TotalCharges,2282.834497471555,541.9,1740.934497471555,tabular_imputer
2026-05-08T13:28:00.525644+00:00,Telco,MCAR,"totalcharges, 10%",Mean/Mode,,4739,TotalCharges,2282.834497471555,929.3,1353.5344974715551,tabular_imputer
2026-05-08T13:28:00.525644+00:00,Telco,MCAR,"totalcharges, 10%",Mean/Mode,,4775,TotalCharges,2282.834497471555,2431.35,148.5155025284448,tabular_imputer
2026-05-08T13:28:00.525644+00:00,Telco,MCAR,"totalcharges, 10%",Mean/Mode,,4781,TotalCharges,2282.834497471555,1050.5,1232.334497471555,tabular_imputer
2026-05-08T13:28:00.525644+00:00,Telco,MCAR,"totalcharges, 10%",Mean/Mode,,4786,TotalCharges,2282.834497471555,7634.8,5351.965502528445,tabular_imputer
2026-05-08T13:28:00.525644+00:00,Telco,MCAR,"totalcharges, 10%",Mean/Mode,,4795,TotalCharges,2282.834497471555,1021.8,1261.0344974715551,tabular_imputer
2026-05-08T13:28:00.525644+00:00,Telco,MCAR,"totalcharges, 10%",Mean/Mode,,4809,TotalCharges,2282.834497471555,20.3,2262.534497471555,tabular_imputer
2026-05-08T13:28:00.525644+00:00,Telco,MCAR,"totalcharges, 10%",Mean/Mode,,4816,TotalCharges,2282.834497471555,4213.9,1931.0655025284445,tabular_imputer
2026-05-08T13:28:00.525644+00:00,Telco,MCAR,"totalcharges, 10%",Mean/Mode,,4821,TotalCharges,2282.834497471555,2959.8,676.9655025284451,tabular_imputer
2026-05-08T13:28:00.525644+00:00,Telco,MCAR,"totalcharges, 10%",Mean/Mode,,4825,TotalCharges,2282.834497471555,1799.3,483.53449747155514,tabular_imputer
2026-05-08T13:28:00.525644+00:00,Telco,MCAR,"totalcharges, 10%",Mean/Mode,,4831,TotalCharges,2282.834497471555,711.95,1570.884497471555,tabular_imputer
2026-05-08T13:28:00.525644+00:00,Telco,MCAR,"totalcharges, 10%",Mean/Mode,,4845,TotalCharges,2282.834497471555,825.4,1457.434497471555,tabular_imputer
2026-05-08T13:28:00.525644+00:00,Telco,MCAR,"totalcharges, 10%",Mean/Mode,,4852,TotalCharges,2282.834497471555,1356.3,926.5344974715551,tabular_imputer
2026-05-08T13:28:00.525644+00:00,Telco,MCAR,"totalcharges, 10%",Mean/Mode,,4853,TotalCharges,2282.834497471555,5042.75,2759.915502528445,tabular_imputer
2026-05-08T13:28:00.525644+00:00,Telco,MCAR,"totalcharges, 10%",Mean/Mode,,4859,TotalCharges,2282.834497471555,6991.9,4709.065502528445,tabular_imputer
2026-05-08T13:28:00.525644+00:00,Telco,MCAR,"totalcharges, 10%",Mean/Mode,,4863,TotalCharges,2282.834497471555,1123.15,1159.684497471555,tabular_imputer
2026-05-08T13:28:00.525644+00:00,Telco,MCAR,"totalcharges, 10%",Mean/Mode,,4908,TotalCharges,2282.834497471555,3152.5,869.6655025284449,tabular_imputer
2026-05-08T13:28:00.525644+00:00,Telco,MCAR,"totalcharges, 10%",Mean/Mode,,4926,TotalCharges,2282.834497471555,3753.2,1470.3655025284447,tabular_imputer
2026-05-08T13:28:00.525644+00:00,Telco,MCAR,"totalcharges, 10%",Mean/Mode,,4938,TotalCharges,2282.834497471555,1539.45,743.384497471555,tabular_imputer
2026-05-08T13:28:00.525644+00:00,Telco,MCAR,"totalcharges, 10%",Mean/Mode,,4950,TotalCharges,2282.834497471555,365.4,1917.434497471555,tabular_imputer
2026-05-08T13:28:00.525644+00:00,Telco,MCAR,"totalcharges, 10%",Mean/Mode,,4958,TotalCharges,2282.834497471555,5597.65,3314.8155025284445,tabular_imputer
2026-05-08T13:28:00.525644+00:00,Telco,MCAR,"totalcharges, 10%",Mean/Mode,,4963,TotalCharges,2282.834497471555,3522.65,1239.815502528445,tabular_imputer
2026-05-08T13:28:00.525644+00:00,Telco,MCAR,"totalcharges, 10%",Mean/Mode,,5009,TotalCharges,2282.834497471555,7942.15,5659.315502528445,tabular_imputer
2026-05-08T13:28:00.525644+00:00,Telco,MCAR,"totalcharges, 10%",Mean/Mode,,5010,TotalCharges,2282.834497471555,5321.25,3038.415502528445,tabular_imputer
2026-05-08T13:28:00.525644+00:00,Telco,MCAR,"totalcharges, 10%",Mean/Mode,,5015,TotalCharges,2282.834497471555,2157.5,125.3344974715551,tabular_imputer
2026-05-08T13:28:00.525644+00:00,Telco,MCAR,"totalcharges, 10%",Mean/Mode,,5044,TotalCharges,2282.834497471555,2180.55,102.28449747155491,tabular_imputer
2026-05-08T13:28:00.525644+00:00,Telco,MCAR,"totalcharges, 10%",Mean/Mode,,5045,TotalCharges,2282.834497471555,2835.9,553.065502528445,tabular_imputer
2026-05-08T13:28:00.525644+00:00,Telco,MCAR,"totalcharges, 10%",Mean/Mode,,5047,TotalCharges,2282.834497471555,2730.85,448.0155025284448,tabular_imputer
2026-05-08T13:28:00.525644+00:00,Telco,MCAR,"totalcharges, 10%",Mean/Mode,,5056,TotalCharges,2282.834497471555,5893.9,3611.0655025284445,tabular_imputer
2026-05-08T13:28:00.525644+00:00,Telco,MCAR,"totalcharges, 10%",Mean/Mode,,5057,TotalCharges,2282.834497471555,724.65,1558.184497471555,tabular_imputer
2026-05-08T13:28:00.525644+00:00,Telco,MCAR,"totalcharges, 10%",Mean/Mode,,5063,TotalCharges,2282.834497471555,1852.85,429.9844974715552,tabular_imputer
2026-05-08T13:28:00.525644+00:00,Telco,MCAR,"totalcharges, 10%",Mean/Mode,,5067,TotalCharges,2282.834497471555,1923.5,359.3344974715551,tabular_imputer
2026-05-08T13:28:00.525644+00:00,Telco,MCAR,"totalcharges, 10%",Mean/Mode,,5069,TotalCharges,2282.834497471555,338.1,1944.7344974715552,tabular_imputer
2026-05-08T13:28:00.525644+00:00,Telco,MCAR,"totalcharges, 10%",Mean/Mode,,5075,TotalCharges,2282.834497471555,3875.4,1592.565502528445,tabular_imputer
2026-05-08T13:28:00.525644+00:00,Telco,MCAR,"totalcharges, 10%",Mean/Mode,,5080,TotalCharges,2282.834497471555,6368.2,4085.3655025284447,tabular_imputer
2026-05-08T13:28:00.525644+00:00,Telco,MCAR,"totalcharges, 10%",Mean/Mode,,5082,TotalCharges,2282.834497471555,350.1,1932.7344974715552,tabular_imputer
2026-05-08T13:28:00.525644+00:00,Telco,MCAR,"totalcharges, 10%",Mean/Mode,,5084,TotalCharges,2282.834497471555,452.35,1830.4844974715552,tabular_imputer
2026-05-08T13:28:00.525644+00:00,Telco,MCAR,"totalcharges, 10%",Mean/Mode,,5104,TotalCharges,2282.834497471555,370.5,1912.334497471555,tabular_imputer
2026-05-08T13:28:00.525644+00:00,Telco,MCAR,"totalcharges, 10%",Mean/Mode,,5122,TotalCharges,2282.834497471555,1336.15,946.684497471555,tabular_imputer
2026-05-08T13:28:00.525644+00:00,Telco,MCAR,"totalcharges, 10%",Mean/Mode,,5157,TotalCharges,2282.834497471555,1114.85,1167.9844974715552,tabular_imputer
2026-05-08T13:28:00.525644+00:00,Telco,MCAR,"totalcharges, 10%",Mean/Mode,,5178,TotalCharges,2282.834497471555,5718.2,3435.3655025284447,tabular_imputer
2026-05-08T13:28:00.525644+00:00,Telco,MCAR,"totalcharges, 10%",Mean/Mode,,5179,TotalCharges,2282.834497471555,191.35,2091.484497471555,tabular_imputer
2026-05-08T13:28:00.525644+00:00,Telco,MCAR,"totalcharges, 10%",Mean/Mode,,5186,TotalCharges,2282.834497471555,36.45,2246.3844974715553,tabular_imputer
2026-05-08T13:28:00.525644+00:00,Telco,MCAR,"totalcharges, 10%",Mean/Mode,,5194,TotalCharges,2282.834497471555,2001.5,281.3344974715551,tabular_imputer
2026-05-08T13:28:00.525644+00:00,Telco,MCAR,"totalcharges, 10%",Mean/Mode,,5195,TotalCharges,2282.834497471555,5336.35,3053.5155025284453,tabular_imputer
2026-05-08T13:28:00.525644+00:00,Telco,MCAR,"totalcharges, 10%",Mean/Mode,,5204,TotalCharges,2282.834497471555,955.75,1327.084497471555,tabular_imputer
2026-05-08T13:28:00.525644+00:00,Telco,MCAR,"totalcharges, 10%",Mean/Mode,,5206,TotalCharges,2282.834497471555,2313.8,30.965502528445086,tabular_imputer
2026-05-08T13:28:00.525644+00:00,Telco,MCAR,"totalcharges, 10%",Mean/Mode,,5244,TotalCharges,2282.834497471555,4192.15,1909.3155025284445,tabular_imputer
2026-05-08T13:28:00.525644+00:00,Telco,MCAR,"totalcharges, 10%",Mean/Mode,,5253,TotalCharges,2282.834497471555,2471.25,188.4155025284449,tabular_imputer
2026-05-08T13:28:00.525644+00:00,Telco,MCAR,"totalcharges, 10%",Mean/Mode,,5261,TotalCharges,2282.834497471555,6077.75,3794.915502528445,tabular_imputer
2026-05-08T13:28:00.525644+00:00,Telco,MCAR,"totalcharges, 10%",Mean/Mode,,5266,TotalCharges,2282.834497471555,2203.1,79.73449747155519,tabular_imputer
2026-05-08T13:28:00.525644+00:00,Telco,MCAR,"totalcharges, 10%",Mean/Mode,,5275,TotalCharges,2282.834497471555,608.0,1674.834497471555,tabular_imputer
2026-05-08T13:28:00.525644+00:00,Telco,MCAR,"totalcharges, 10%",Mean/Mode,,5294,TotalCharges,2282.834497471555,5566.4,3283.5655025284445,tabular_imputer
2026-05-08T13:28:00.525644+00:00,Telco,MCAR,"totalcharges, 10%",Mean/Mode,,5313,TotalCharges,2282.834497471555,4952.95,2670.1155025284447,tabular_imputer
2026-05-08T13:28:00.525644+00:00,Telco,MCAR,"totalcharges, 10%",Mean/Mode,,5341,TotalCharges,2282.834497471555,74.45,2208.3844974715553,tabular_imputer
2026-05-08T13:28:00.525644+00:00,Telco,MCAR,"totalcharges, 10%",Mean/Mode,,5375,TotalCharges,2282.834497471555,50.8,2232.034497471555,tabular_imputer
2026-05-08T13:28:00.525644+00:00,Telco,MCAR,"totalcharges, 10%",Mean/Mode,,5378,TotalCharges,2282.834497471555,4415.75,2132.915502528445,tabular_imputer
2026-05-08T13:28:00.525644+00:00,Telco,MCAR,"totalcharges, 10%",Mean/Mode,,5379,TotalCharges,2282.834497471555,5270.6,2987.7655025284453,tabular_imputer
2026-05-08T13:28:00.525644+00:00,Telco,MCAR,"totalcharges, 10%",Mean/Mode,,5428,TotalCharges,2282.834497471555,853.1,1429.7344974715552,tabular_imputer
2026-05-08T13:28:00.525644+00:00,Telco,MCAR,"totalcharges, 10%",Mean/Mode,,5439,TotalCharges,2282.834497471555,3019.25,736.4155025284449,tabular_imputer
2026-05-08T13:28:00.525644+00:00,Telco,MCAR,"totalcharges, 10%",Mean/Mode,,5442,TotalCharges,2282.834497471555,1498.35,784.4844974715552,tabular_imputer
2026-05-08T13:28:00.525644+00:00,Telco,MCAR,"totalcharges, 10%",Mean/Mode,,5454,TotalCharges,2282.834497471555,69.55,2213.284497471555,tabular_imputer
2026-05-08T13:28:00.525644+00:00,Telco,MCAR,"totalcharges, 10%",Mean/Mode,,5462,TotalCharges,2282.834497471555,4480.7,2197.8655025284447,tabular_imputer
2026-05-08T13:28:00.525644+00:00,Telco,MCAR,"totalcharges, 10%",Mean/Mode,,5473,TotalCharges,2282.834497471555,939.8,1343.0344974715551,tabular_imputer
2026-05-08T13:28:00.525644+00:00,Telco,MCAR,"totalcharges, 10%",Mean/Mode,,5479,TotalCharges,2282.834497471555,651.5,1631.334497471555,tabular_imputer
2026-05-08T13:28:00.525644+00:00,Telco,MCAR,"totalcharges, 10%",Mean/Mode,,5481,TotalCharges,2282.834497471555,73.65,2209.184497471555,tabular_imputer
2026-05-08T13:28:00.525644+00:00,Telco,MCAR,"totalcharges, 10%",Mean/Mode,,5486,TotalCharges,2282.834497471555,4735.2,2452.3655025284447,tabular_imputer
2026-05-08T13:28:00.525644+00:00,Telco,MCAR,"totalcharges, 10%",Mean/Mode,,5491,TotalCharges,2282.834497471555,1424.4,858.434497471555,tabular_imputer
2026-05-08T13:28:00.525644+00:00,Telco,MCAR,"totalcharges, 10%",Mean/Mode,,5494,TotalCharges,2282.834497471555,668.4,1614.434497471555,tabular_imputer
2026-05-08T13:28:00.525644+00:00,Telco,MCAR,"totalcharges, 10%",Mean/Mode,,5496,TotalCharges,2282.834497471555,1077.95,1204.884497471555,tabular_imputer
2026-05-08T13:28:00.525644+00:00,Telco,MCAR,"totalcharges, 10%",Mean/Mode,,5514,TotalCharges,2282.834497471555,48.45,2234.3844974715553,tabular_imputer
2026-05-08T13:28:00.525644+00:00,Telco,MCAR,"totalcharges, 10%",Mean/Mode,,5532,TotalCharges,2282.834497471555,689.35,1593.4844974715552,tabular_imputer
2026-05-08T13:28:00.525644+00:00,Telco,MCAR,"totalcharges, 10%",Mean/Mode,,5546,TotalCharges,2282.834497471555,146.4,2136.434497471555,tabular_imputer
2026-05-08T13:28:00.525644+00:00,Telco,MCAR,"totalcharges, 10%",Mean/Mode,,5549,TotalCharges,2282.834497471555,315.3,1967.5344974715551,tabular_imputer
2026-05-08T13:28:00.525644+00:00,Telco,MCAR,"totalcharges, 10%",Mean/Mode,,5553,TotalCharges,2282.834497471555,55.7,2227.1344974715553,tabular_imputer
2026-05-08T13:28:00.525644+00:00,Telco,MCAR,"totalcharges, 10%",Mean/Mode,,5554,TotalCharges,2282.834497471555,1298.7,984.134497471555,tabular_imputer
2026-05-08T13:28:00.525644+00:00,Telco,MCAR,"totalcharges, 10%",Mean/Mode,,5564,TotalCharges,2282.834497471555,1924.1,358.7344974715552,tabular_imputer
2026-05-08T13:28:00.525644+00:00,Telco,MCAR,"totalcharges, 10%",Mean/Mode,,5568,TotalCharges,2282.834497471555,4060.55,1777.715502528445,tabular_imputer
2026-05-08T13:28:00.525644+00:00,Telco,MCAR,"totalcharges, 10%",Mean/Mode,,5588,TotalCharges,2282.834497471555,49.65,2233.184497471555,tabular_imputer
2026-05-08T13:28:00.525644+00:00,Telco,MCAR,"totalcharges, 10%",Mean/Mode,,5591,TotalCharges,2282.834497471555,370.65,1912.184497471555,tabular_imputer
2026-05-08T13:28:00.525644+00:00,Telco,MCAR,"totalcharges, 10%",Mean/Mode,,5595,TotalCharges,2282.834497471555,61.05,2221.784497471555,tabular_imputer
2026-05-08T13:28:00.525644+00:00,Telco,MCAR,"totalcharges, 10%",Mean/Mode,,5599,TotalCharges,2282.834497471555,890.6,1392.2344974715552,tabular_imputer
2026-05-08T13:28:00.525644+00:00,Telco,MCAR,"totalcharges, 10%",Mean/Mode,,5604,TotalCharges,2282.834497471555,1207.0,1075.834497471555,tabular_imputer
2026-05-08T13:28:00.525644+00:00,Telco,MCAR,"totalcharges, 10%",Mean/Mode,,5611,TotalCharges,2282.834497471555,5749.8,3466.965502528445,tabular_imputer
2026-05-08T13:28:00.525644+00:00,Telco,MCAR,"totalcharges, 10%",Mean/Mode,,5632,TotalCharges,2282.834497471555,1131.5,1151.334497471555,tabular_imputer
2026-05-08T13:28:00.525644+00:00,Telco,MCAR,"totalcharges, 10%",Mean/Mode,,5643,TotalCharges,2282.834497471555,75.9,2206.934497471555,tabular_imputer
2026-05-08T13:28:00.525644+00:00,Telco,MCAR,"totalcharges, 10%",Mean/Mode,,5649,TotalCharges,2282.834497471555,669.45,1613.384497471555,tabular_imputer
2026-05-08T13:28:00.525644+00:00,Telco,MCAR,"totalcharges, 10%",Mean/Mode,,5652,TotalCharges,2282.834497471555,48.6,2234.234497471555,tabular_imputer
2026-05-08T13:28:00.525644+00:00,Telco,MCAR,"totalcharges, 10%",Mean/Mode,,5656,TotalCharges,2282.834497471555,49.75,2233.084497471555,tabular_imputer
2026-05-08T13:28:00.525644+00:00,Telco,MCAR,"totalcharges, 10%",Mean/Mode,,5681,TotalCharges,2282.834497471555,2106.3,176.53449747155491,tabular_imputer
2026-05-08T13:28:00.525644+00:00,Telco,MCAR,"totalcharges, 10%",Mean/Mode,,5689,TotalCharges,2282.834497471555,383.65,1899.184497471555,tabular_imputer
2026-05-08T13:28:00.525644+00:00,Telco,MCAR,"totalcharges, 10%",Mean/Mode,,5697,TotalCharges,2282.834497471555,7674.55,5391.715502528445,tabular_imputer
2026-05-08T13:28:00.525644+00:00,Telco,MCAR,"totalcharges, 10%",Mean/Mode,,5701,TotalCharges,2282.834497471555,1155.6,1127.2344974715552,tabular_imputer
2026-05-08T13:28:00.525644+00:00,Telco,MCAR,"totalcharges, 10%",Mean/Mode,,5704,TotalCharges,2282.834497471555,1564.4,718.434497471555,tabular_imputer
2026-05-08T13:28:00.525644+00:00,Telco,MCAR,"totalcharges, 10%",Mean/Mode,,5707,TotalCharges,2282.834497471555,84.4,2198.434497471555,tabular_imputer
2026-05-08T13:28:00.525644+00:00,Telco,MCAR,"totalcharges, 10%",Mean/Mode,,5719,TotalCharges,2282.834497471555,494.05,1788.7844974715551,tabular_imputer
2026-05-08T13:28:00.525644+00:00,Telco,MCAR,"totalcharges, 10%",Mean/Mode,,5725,TotalCharges,2282.834497471555,471.35,1811.4844974715552,tabular_imputer
2026-05-08T13:28:00.525644+00:00,Telco,MCAR,"totalcharges, 10%",Mean/Mode,,5730,TotalCharges,2282.834497471555,1311.3,971.5344974715551,tabular_imputer
2026-05-08T13:28:00.525644+00:00,Telco,MCAR,"totalcharges, 10%",Mean/Mode,,5733,TotalCharges,2282.834497471555,1326.35,956.4844974715552,tabular_imputer
2026-05-08T13:28:00.525644+00:00,Telco,MCAR,"totalcharges, 10%",Mean/Mode,,5752,TotalCharges,2282.834497471555,1796.55,486.28449747155514,tabular_imputer
2026-05-08T13:28:00.525644+00:00,Telco,MCAR,"totalcharges, 10%",Mean/Mode,,5755,TotalCharges,2282.834497471555,1392.25,890.5844974715551,tabular_imputer
2026-05-08T13:28:00.525644+00:00,Telco,MCAR,"totalcharges, 10%",Mean/Mode,,5779,TotalCharges,2282.834497471555,3692.85,1410.0155025284448,tabular_imputer
2026-05-08T13:28:00.525644+00:00,Telco,MCAR,"totalcharges, 10%",Mean/Mode,,5784,TotalCharges,2282.834497471555,1438.05,844.7844974715551,tabular_imputer
2026-05-08T13:28:00.525644+00:00,Telco,MCAR,"totalcharges, 10%",Mean/Mode,,5794,TotalCharges,2282.834497471555,7932.5,5649.665502528445,tabular_imputer
2026-05-08T13:28:00.525644+00:00,Telco,MCAR,"totalcharges, 10%",Mean/Mode,,5822,TotalCharges,2282.834497471555,2419.0,136.1655025284449,tabular_imputer
2026-05-08T13:28:00.525644+00:00,Telco,MCAR,"totalcharges, 10%",Mean/Mode,,5825,TotalCharges,2282.834497471555,70.3,2212.534497471555,tabular_imputer
2026-05-08T13:28:00.525644+00:00,Telco,MCAR,"totalcharges, 10%",Mean/Mode,,5844,TotalCharges,2282.834497471555,154.8,2128.034497471555,tabular_imputer
2026-05-08T13:28:00.525644+00:00,Telco,MCAR,"totalcharges, 10%",Mean/Mode,,5850,TotalCharges,2282.834497471555,1389.2,893.634497471555,tabular_imputer
2026-05-08T13:28:00.525644+00:00,Telco,MCAR,"totalcharges, 10%",Mean/Mode,,5857,TotalCharges,2282.834497471555,1460.65,822.184497471555,tabular_imputer
2026-05-08T13:28:00.525644+00:00,Telco,MCAR,"totalcharges, 10%",Mean/Mode,,5884,TotalCharges,2282.834497471555,2816.65,533.815502528445,tabular_imputer
2026-05-08T13:28:00.525644+00:00,Telco,MCAR,"totalcharges, 10%",Mean/Mode,,5889,TotalCharges,2282.834497471555,2997.45,714.6155025284447,tabular_imputer
2026-05-08T13:28:00.525644+00:00,Telco,MCAR,"totalcharges, 10%",Mean/Mode,,5900,TotalCharges,2282.834497471555,1448.8,834.0344974715551,tabular_imputer
2026-05-08T13:28:00.525644+00:00,Telco,MCAR,"totalcharges, 10%",Mean/Mode,,5914,TotalCharges,2282.834497471555,1296.8,986.0344974715551,tabular_imputer
2026-05-08T13:28:00.525644+00:00,Telco,MCAR,"totalcharges, 10%",Mean/Mode,,5930,TotalCharges,2282.834497471555,6185.15,3902.3155025284445,tabular_imputer
2026-05-08T13:28:00.525644+00:00,Telco,MCAR,"totalcharges, 10%",Mean/Mode,,5949,TotalCharges,2282.834497471555,3085.35,802.5155025284448,tabular_imputer
2026-05-08T13:28:00.525644+00:00,Telco,MCAR,"totalcharges, 10%",Mean/Mode,,5977,TotalCharges,2282.834497471555,1125.6,1157.2344974715552,tabular_imputer
2026-05-08T13:28:00.525644+00:00,Telco,MCAR,"totalcharges, 10%",Mean/Mode,,5984,TotalCharges,2282.834497471555,1139.2,1143.634497471555,tabular_imputer
2026-05-08T13:28:00.525644+00:00,Telco,MCAR,"totalcharges, 10%",Mean/Mode,,5985,TotalCharges,2282.834497471555,4368.95,2086.1155025284447,tabular_imputer
2026-05-08T13:28:00.525644+00:00,Telco,MCAR,"totalcharges, 10%",Mean/Mode,,6001,TotalCharges,2282.834497471555,24.9,2257.934497471555,tabular_imputer
2026-05-08T13:28:00.525644+00:00,Telco,MCAR,"totalcharges, 10%",Mean/Mode,,6002,TotalCharges,2282.834497471555,460.25,1822.584497471555,tabular_imputer
2026-05-08T13:28:00.525644+00:00,Telco,MCAR,"totalcharges, 10%",Mean/Mode,,6004,TotalCharges,2282.834497471555,5598.3,3315.465502528445,tabular_imputer
2026-05-08T13:28:00.525644+00:00,Telco,MCAR,"totalcharges, 10%",Mean/Mode,,6005,TotalCharges,2282.834497471555,4374.55,2091.715502528445,tabular_imputer
2026-05-08T13:28:00.525644+00:00,Telco,MCAR,"totalcharges, 10%",Mean/Mode,,6018,TotalCharges,2282.834497471555,689.75,1593.084497471555,tabular_imputer
2026-05-08T13:28:00.525644+00:00,Telco,MCAR,"totalcharges, 10%",Mean/Mode,,6020,TotalCharges,2282.834497471555,1993.2,289.63449747155505,tabular_imputer
2026-05-08T13:28:00.525644+00:00,Telco,MCAR,"totalcharges, 10%",Mean/Mode,,6027,TotalCharges,2282.834497471555,809.25,1473.584497471555,tabular_imputer
2026-05-08T13:28:00.525644+00:00,Telco,MCAR,"totalcharges, 10%",Mean/Mode,,6054,TotalCharges,2282.834497471555,3457.9,1175.065502528445,tabular_imputer
2026-05-08T13:28:00.525644+00:00,Telco,MCAR,"totalcharges, 10%",Mean/Mode,,6056,TotalCharges,2282.834497471555,4299.2,2016.3655025284447,tabular_imputer
2026-05-08T13:28:00.525644+00:00,Telco,MCAR,"totalcharges, 10%",Mean/Mode,,6071,TotalCharges,2282.834497471555,7542.25,5259.415502528445,tabular_imputer
2026-05-08T13:28:00.525644+00:00,Telco,MCAR,"totalcharges, 10%",Mean/Mode,,6081,TotalCharges,2282.834497471555,49.8,2233.034497471555,tabular_imputer
2026-05-08T13:28:00.525644+00:00,Telco,MCAR,"totalcharges, 10%",Mean/Mode,,6084,TotalCharges,2282.834497471555,3440.25,1157.415502528445,tabular_imputer
2026-05-08T13:28:00.525644+00:00,Telco,MCAR,"totalcharges, 10%",Mean/Mode,,6087,TotalCharges,2282.834497471555,1023.75,1259.084497471555,tabular_imputer
2026-05-08T13:28:00.525644+00:00,Telco,MCAR,"totalcharges, 10%",Mean/Mode,,6090,TotalCharges,2282.834497471555,7074.4,4791.565502528445,tabular_imputer
2026-05-08T13:28:00.525644+00:00,Telco,MCAR,"totalcharges, 10%",Mean/Mode,,6092,TotalCharges,2282.834497471555,6849.75,4566.915502528445,tabular_imputer
2026-05-08T13:28:00.525644+00:00,Telco,MCAR,"totalcharges, 10%",Mean/Mode,,6125,TotalCharges,2282.834497471555,1359.0,923.8344974715551,tabular_imputer
2026-05-08T13:28:00.525644+00:00,Telco,MCAR,"totalcharges, 10%",Mean/Mode,,6150,TotalCharges,2282.834497471555,2871.5,588.6655025284449,tabular_imputer
2026-05-08T13:28:00.525644+00:00,Telco,MCAR,"totalcharges, 10%",Mean/Mode,,6168,TotalCharges,2282.834497471555,79.25,2203.584497471555,tabular_imputer
2026-05-08T13:28:00.525644+00:00,Telco,MCAR,"totalcharges, 10%",Mean/Mode,,6188,TotalCharges,2282.834497471555,358.5,1924.334497471555,tabular_imputer
2026-05-08T13:28:00.525644+00:00,Telco,MCAR,"totalcharges, 10%",Mean/Mode,,6189,TotalCharges,2282.834497471555,6614.9,4332.065502528445,tabular_imputer
2026-05-08T13:28:00.525644+00:00,Telco,MCAR,"totalcharges, 10%",Mean/Mode,,6207,TotalCharges,2282.834497471555,3969.4,1686.565502528445,tabular_imputer
2026-05-08T13:28:00.525644+00:00,Telco,MCAR,"totalcharges, 10%",Mean/Mode,,6236,TotalCharges,2282.834497471555,3270.25,987.4155025284449,tabular_imputer
2026-05-08T13:28:00.525644+00:00,Telco,MCAR,"totalcharges, 10%",Mean/Mode,,6241,TotalCharges,2282.834497471555,169.05,2113.784497471555,tabular_imputer
2026-05-08T13:28:00.525644+00:00,Telco,MCAR,"totalcharges, 10%",Mean/Mode,,6246,TotalCharges,2282.834497471555,3512.9,1230.065502528445,tabular_imputer
2026-05-08T13:28:00.525644+00:00,Telco,MCAR,"totalcharges, 10%",Mean/Mode,,6252,TotalCharges,2282.834497471555,2021.35,261.4844974715552,tabular_imputer
2026-05-08T13:28:00.525644+00:00,Telco,MCAR,"totalcharges, 10%",Mean/Mode,,6268,TotalCharges,2282.834497471555,450.65,1832.184497471555,tabular_imputer
2026-05-08T13:28:00.525644+00:00,Telco,MCAR,"totalcharges, 10%",Mean/Mode,,6281,TotalCharges,2282.834497471555,116.6,2166.234497471555,tabular_imputer
2026-05-08T13:28:00.525644+00:00,Telco,MCAR,"totalcharges, 10%",Mean/Mode,,6295,TotalCharges,2282.834497471555,1027.25,1255.584497471555,tabular_imputer
2026-05-08T13:28:00.525644+00:00,Telco,MCAR,"totalcharges, 10%",Mean/Mode,,6307,TotalCharges,2282.834497471555,601.55,1681.2844974715551,tabular_imputer
2026-05-08T13:28:00.525644+00:00,Telco,MCAR,"totalcharges, 10%",Mean/Mode,,6348,TotalCharges,2282.834497471555,1815.65,467.184497471555,tabular_imputer
2026-05-08T13:28:00.525644+00:00,Telco,MCAR,"totalcharges, 10%",Mean/Mode,,6357,TotalCharges,2282.834497471555,5769.6,3486.7655025284453,tabular_imputer
2026-05-08T13:28:00.525644+00:00,Telco,MCAR,"totalcharges, 10%",Mean/Mode,,6378,TotalCharges,2282.834497471555,1095.3,1187.5344974715551,tabular_imputer
2026-05-08T13:28:00.525644+00:00,Telco,MCAR,"totalcharges, 10%",Mean/Mode,,6395,TotalCharges,2282.834497471555,4213.35,1930.5155025284453,tabular_imputer
2026-05-08T13:28:00.525644+00:00,Telco,MCAR,"totalcharges, 10%",Mean/Mode,,6402,TotalCharges,2282.834497471555,3246.45,963.6155025284447,tabular_imputer
2026-05-08T13:28:00.525644+00:00,Telco,MCAR,"totalcharges, 10%",Mean/Mode,,6409,TotalCharges,2282.834497471555,776.25,1506.584497471555,tabular_imputer
2026-05-08T13:28:00.525644+00:00,Telco,MCAR,"totalcharges, 10%",Mean/Mode,,6484,TotalCharges,2282.834497471555,3358.65,1075.815502528445,tabular_imputer
2026-05-08T13:28:00.525644+00:00,Telco,MCAR,"totalcharges, 10%",Mean/Mode,,6488,TotalCharges,2282.834497471555,69.5,2213.334497471555,tabular_imputer
2026-05-08T13:28:00.525644+00:00,Telco,MCAR,"totalcharges, 10%",Mean/Mode,,6493,TotalCharges,2282.834497471555,934.8,1348.0344974715551,tabular_imputer
2026-05-08T13:28:00.525644+00:00,Telco,MCAR,"totalcharges, 10%",Mean/Mode,,6503,TotalCharges,2282.834497471555,4138.7,1855.8655025284447,tabular_imputer
2026-05-08T13:28:00.525644+00:00,Telco,MCAR,"totalcharges, 10%",Mean/Mode,,6508,TotalCharges,2282.834497471555,4186.3,1903.465502528445,tabular_imputer
2026-05-08T13:28:00.525644+00:00,Telco,MCAR,"totalcharges, 10%",Mean/Mode,,6523,TotalCharges,2282.834497471555,693.45,1589.384497471555,tabular_imputer
2026-05-08T13:28:00.525644+00:00,Telco,MCAR,"totalcharges, 10%",Mean/Mode,,6525,TotalCharges,2282.834497471555,1177.95,1104.884497471555,tabular_imputer
2026-05-08T13:28:00.525644+00:00,Telco,MCAR,"totalcharges, 10%",Mean/Mode,,6530,TotalCharges,2282.834497471555,2298.9,16.065502528444995,tabular_imputer
2026-05-08T13:28:00.525644+00:00,Telco,MCAR,"totalcharges, 10%",Mean/Mode,,6532,TotalCharges,2282.834497471555,369.6,1913.2344974715552,tabular_imputer
2026-05-08T13:28:00.525644+00:00,Telco,MCAR,"totalcharges, 10%",Mean/Mode,,6544,TotalCharges,2282.834497471555,4323.45,2040.6155025284447,tabular_imputer
2026-05-08T13:28:00.525644+00:00,Telco,MCAR,"totalcharges, 10%",Mean/Mode,,6548,TotalCharges,2282.834497471555,1647.0,635.8344974715551,tabular_imputer
2026-05-08T13:28:00.525644+00:00,Telco,MCAR,"totalcharges, 10%",Mean/Mode,,6560,TotalCharges,2282.834497471555,465.45,1817.384497471555,tabular_imputer
2026-05-08T13:28:00.525644+00:00,Telco,MCAR,"totalcharges, 10%",Mean/Mode,,6567,TotalCharges,2282.834497471555,1566.75,716.0844974715551,tabular_imputer
2026-05-08T13:28:00.525644+00:00,Telco,MCAR,"totalcharges, 10%",Mean/Mode,,6578,TotalCharges,2282.834497471555,693.3,1589.5344974715551,tabular_imputer
2026-05-08T13:28:00.525644+00:00,Telco,MCAR,"totalcharges, 10%",Mean/Mode,,6592,TotalCharges,2282.834497471555,1507.0,775.8344974715551,tabular_imputer
2026-05-08T13:28:00.525644+00:00,Telco,MCAR,"totalcharges, 10%",Mean/Mode,,6612,TotalCharges,2282.834497471555,69.9,2212.934497471555,tabular_imputer
2026-05-08T13:28:00.525644+00:00,Telco,MCAR,"totalcharges, 10%",Mean/Mode,,6632,TotalCharges,2282.834497471555,2274.9,7.934497471555005,tabular_imputer
2026-05-08T13:28:00.525644+00:00,Telco,MCAR,"totalcharges, 10%",Mean/Mode,,6635,TotalCharges,2282.834497471555,533.9,1748.934497471555,tabular_imputer
2026-05-08T13:28:00.525644+00:00,Telco,MCAR,"totalcharges, 10%",Mean/Mode,,6685,TotalCharges,2282.834497471555,2221.55,61.284497471554914,tabular_imputer
2026-05-08T13:28:00.525644+00:00,Telco,MCAR,"totalcharges, 10%",Mean/Mode,,6709,TotalCharges,2282.834497471555,5059.75,2776.915502528445,tabular_imputer
2026-05-08T13:28:00.525644+00:00,Telco,MCAR,"totalcharges, 10%",Mean/Mode,,6713,TotalCharges,2282.834497471555,6503.2,4220.365502528444,tabular_imputer
2026-05-08T13:28:00.525644+00:00,Telco,MCAR,"totalcharges, 10%",Mean/Mode,,6722,TotalCharges,2282.834497471555,7142.5,4859.665502528445,tabular_imputer
2026-05-08T13:28:00.525644+00:00,Telco,MCAR,"totalcharges, 10%",Mean/Mode,,6743,TotalCharges,2282.834497471555,226.55,2056.284497471555,tabular_imputer
2026-05-08T13:28:00.525644+00:00,Telco,MCAR,"totalcharges, 10%",Mean/Mode,,6753,TotalCharges,2282.834497471555,3815.4,1532.565502528445,tabular_imputer
2026-05-08T13:28:00.525644+00:00,Telco,MCAR,"totalcharges, 10%",Mean/Mode,,6765,TotalCharges,2282.834497471555,1673.4,609.434497471555,tabular_imputer
2026-05-08T13:28:00.525644+00:00,Telco,MCAR,"totalcharges, 10%",Mean/Mode,,6768,TotalCharges,2282.834497471555,8670.1,6387.265502528446,tabular_imputer
2026-05-08T13:28:00.525644+00:00,Telco,MCAR,"totalcharges, 10%",Mean/Mode,,6773,TotalCharges,2282.834497471555,3473.4,1190.565502528445,tabular_imputer
2026-05-08T13:28:00.525644+00:00,Telco,MCAR,"totalcharges, 10%",Mean/Mode,,6779,TotalCharges,2282.834497471555,1242.45,1040.384497471555,tabular_imputer
2026-05-08T13:28:00.525644+00:00,Telco,MCAR,"totalcharges, 10%",Mean/Mode,,6784,TotalCharges,2282.834497471555,465.85,1816.9844974715552,tabular_imputer
2026-05-08T13:28:00.525644+00:00,Telco,MCAR,"totalcharges, 10%",Mean/Mode,,6791,TotalCharges,2282.834497471555,733.35,1549.4844974715552,tabular_imputer
2026-05-08T13:28:00.525644+00:00,Telco,MCAR,"totalcharges, 10%",Mean/Mode,,6796,TotalCharges,2282.834497471555,113.55,2169.284497471555,tabular_imputer
2026-05-08T13:28:00.525644+00:00,Telco,MCAR,"totalcharges, 10%",Mean/Mode,,6801,TotalCharges,2282.834497471555,1686.85,595.9844974715552,tabular_imputer
2026-05-08T13:28:00.525644+00:00,Telco,MCAR,"totalcharges, 10%",Mean/Mode,,6819,TotalCharges,2282.834497471555,5617.75,3334.915502528445,tabular_imputer
2026-05-08T13:28:00.525644+00:00,Telco,MCAR,"totalcharges, 10%",Mean/Mode,,6829,TotalCharges,2282.834497471555,125.0,2157.834497471555,tabular_imputer
2026-05-08T13:28:00.525644+00:00,Telco,MCAR,"totalcharges, 10%",Mean/Mode,,6840,TotalCharges,2282.834497471555,19.3,2263.534497471555,tabular_imputer
2026-05-08T13:28:00.525644+00:00,Telco,MCAR,"totalcharges, 10%",Mean/Mode,,6842,TotalCharges,2282.834497471555,257.0,2025.834497471555,tabular_imputer
2026-05-08T13:28:00.525644+00:00,Telco,MCAR,"totalcharges, 10%",Mean/Mode,,6847,TotalCharges,2282.834497471555,1082.8,1200.0344974715551,tabular_imputer
2026-05-08T13:28:00.525644+00:00,Telco,MCAR,"totalcharges, 10%",Mean/Mode,,6849,TotalCharges,2282.834497471555,2570.2,287.3655025284447,tabular_imputer
2026-05-08T13:28:00.525644+00:00,Telco,MCAR,"totalcharges, 10%",Mean/Mode,,6872,TotalCharges,2282.834497471555,5224.5,2941.665502528445,tabular_imputer
2026-05-08T13:28:00.525644+00:00,Telco,MCAR,"totalcharges, 10%",Mean/Mode,,6889,TotalCharges,2282.834497471555,244.45,2038.384497471555,tabular_imputer
2026-05-08T13:28:00.525644+00:00,Telco,MCAR,"totalcharges, 10%",Mean/Mode,,6900,TotalCharges,2282.834497471555,4905.75,2622.915502528445,tabular_imputer
2026-05-08T13:28:00.525644+00:00,Telco,MCAR,"totalcharges, 10%",Mean/Mode,,6920,TotalCharges,2282.834497471555,509.3,1773.5344974715551,tabular_imputer
2026-05-08T13:28:00.525644+00:00,Telco,MCAR,"totalcharges, 10%",Mean/Mode,,6926,TotalCharges,2282.834497471555,4092.85,1810.0155025284448,tabular_imputer
2026-05-08T13:28:00.525644+00:00,Telco,MCAR,"totalcharges, 10%",Mean/Mode,,6933,TotalCharges,2282.834497471555,69.6,2213.234497471555,tabular_imputer
2026-05-08T13:28:00.525644+00:00,Telco,MCAR,"totalcharges, 10%",Mean/Mode,,6940,TotalCharges,2282.834497471555,3880.05,1597.215502528445,tabular_imputer
2026-05-08T13:28:00.525644+00:00,Telco,MCAR,"totalcharges, 10%",Mean/Mode,,6955,TotalCharges,2282.834497471555,523.1,1759.7344974715552,tabular_imputer
2026-05-08T13:28:00.525644+00:00,Telco,MCAR,"totalcharges, 10%",Mean/Mode,,6964,TotalCharges,2282.834497471555,2780.6,497.7655025284448,tabular_imputer
2026-05-08T13:28:00.525644+00:00,Telco,MCAR,"totalcharges, 10%",Mean/Mode,,6983,TotalCharges,2282.834497471555,2032.3,250.53449747155514,tabular_imputer
2026-05-08T13:28:00.525644+00:00,Telco,MCAR,"totalcharges, 10%",Mean/Mode,,6989,TotalCharges,2282.834497471555,1588.75,694.0844974715551,tabular_imputer
2026-05-08T13:28:00.525644+00:00,Telco,MCAR,"totalcharges, 10%",Mean/Mode,,6994,TotalCharges,2282.834497471555,993.15,1289.684497471555,tabular_imputer
2026-05-08T13:28:00.525644+00:00,Telco,MCAR,"totalcharges, 10%",Mean/Mode,,6996,TotalCharges,2282.834497471555,2728.6,445.7655025284448,tabular_imputer
2026-05-08T13:28:00.525644+00:00,Telco,MCAR,"totalcharges, 10%",Mean/Mode,,7010,TotalCharges,2282.834497471555,74.45,2208.3844974715553,tabular_imputer
2026-05-08T13:28:00.525644+00:00,Telco,MCAR,"totalcharges, 10%",Mean/Mode,,7017,TotalCharges,2282.834497471555,1020.75,1262.084497471555,tabular_imputer
2026-05-08T13:28:00.525644+00:00,Telco,MCAR,"totalcharges, 10%",Mean/Mode,,7018,TotalCharges,2282.834497471555,70.65,2212.184497471555,tabular_imputer
2026-05-08T13:28:00.525644+00:00,Telco,MCAR,"totalcharges, 10%",Mean/Mode,,7025,TotalCharges,2282.834497471555,1679.4,603.434497471555,tabular_imputer
2026-05-08T13:28:00.525644+00:00,Telco,MCAR,"totalcharges, 10%",Mean/Mode,,7034,TotalCharges,2282.834497471555,6886.25,4603.415502528445,tabular_imputer
2026-05-08T13:28:00.525644+00:00,Telco,MCAR,"totalcharges, 10%",Mean/Mode,,7037,TotalCharges,2282.834497471555,1419.4,863.434497471555,tabular_imputer
