run_id,run_timestamp_utc,dataset_key,dataset_name,target_column,scenario_family,missingness_type,mcar_scope,rate_pct,seed,method_family,method_key,method_name,model_key,model_name,status,error_message,full_path,missing_path,n_masked_target,mean_rmse,mean_nrmse,runtime_seconds,fallback_rate,source_file,source_type,provenance_note
R000545,2026-05-20T13:36:38.525377+00:00,creditcard,German Credit Card,BILL_AMT1,MAR_TARGET,MAR,target,10,42,classical,meanmode,Mean/Mode,,,success,,/Users/janawue/Desktop/Masterthesis/master/data/raw/default_of_credit_card_clients.csv,/Users/janawue/Desktop/Masterthesis/master/data/processed/MAR/german_credit_mar_billamt1_pay0_10pct.csv,3000,76787.35831515948,1.0079738087996415,0.0751260000397451,,/Users/janawue/Desktop/Masterthesis/master/data/results/benchmark_local_classical_runs_mice_mean.csv,classical_run_csv,
R000547,2026-05-20T14:16:29.143231+00:00,creditcard,German Credit Card,BILL_AMT1,MAR_TARGET,MAR,target,10,42,classical,mice,MICE,,,success,,/Users/janawue/Desktop/Masterthesis/master/data/raw/default_of_credit_card_clients.csv,/Users/janawue/Desktop/Masterthesis/master/data/processed/MAR/german_credit_mar_billamt1_pay0_10pct.csv,3000,20367.175533031997,0.2673562412742639,0.4147970830090344,,/Users/janawue/Desktop/Masterthesis/master/data/results/benchmark_local_classical_runs_mice_mean.csv,classical_run_csv,
R000548,2026-05-22T09:43:06.857419+00:00,creditcard,German Credit Card,BILL_AMT1,MAR_TARGET,MAR,target,10,42,classical,missforest,MissForest,,,success,,/Users/janawue/Desktop/Masterthesis/master/data/raw/default_of_credit_card_clients.csv,/Users/janawue/Desktop/Masterthesis/master/data/processed/MAR/german_credit_mar_billamt1_pay0_10pct.csv,3000,20062.013527749594,0.2633504346478271,10.551129958999809,,/Users/janawue/Desktop/Masterthesis/master/data/results/benchmark_local_classical_missforest_final.csv,classical_run_csv,
R000549,2026-06-02T13:44:18.075517+00:00,creditcard,German Credit Card,BILL_AMT1,MAR_TARGET,MAR,target,10,42,classical,dae,DAE,,,success,,/Users/janawue/Desktop/Masterthesis/master/data/raw/default_of_credit_card_clients.csv,/Users/janawue/Desktop/Masterthesis/master/data/processed/MAR/german_credit_mar_billamt1_pay0_10pct.csv,3000,24251.47282241607,0.3183447115016298,20.632102916017175,,/Users/janawue/Desktop/Masterthesis/master/data/results/benchmark_local_classical_dae_final.csv,classical_run_csv,
R000546,2026-06-10T14:32:06.298462+00:00,creditcard,German Credit Card,BILL_AMT1,MAR_TARGET,MAR,target,10,42,classical,medianmode,Median/Mode,,,success,,/Users/janawue/Desktop/Masterthesis/master/data/raw/default_of_credit_card_clients.csv,/Users/janawue/Desktop/Masterthesis/master/data/processed/MAR/german_credit_mar_billamt1_pay0_10pct.csv,3000,85546.7706220755,1.1229570349396858,0.1328382090432569,,/Users/janawue/Desktop/Masterthesis/master/data/results/benchmark_local_classical_medianmode_final.csv,classical_run_csv,
R000550,2026-05-20T13:36:38.592958+00:00,creditcard,German Credit Card,BILL_AMT1,MAR_TARGET,MAR,target,10,202,classical,meanmode,Mean/Mode,,,success,,/Users/janawue/Desktop/Masterthesis/master/data/raw/default_of_credit_card_clients.csv,/Users/janawue/Desktop/Masterthesis/master/data/processed/MAR/german_credit_mar_billamt1_pay0_10pct.csv,3000,76787.35831515948,1.0079738087996415,0.0675607920275069,,/Users/janawue/Desktop/Masterthesis/master/data/results/benchmark_local_classical_runs_mice_mean.csv,classical_run_csv,
R000552,2026-05-20T14:16:29.573830+00:00,creditcard,German Credit Card,BILL_AMT1,MAR_TARGET,MAR,target,10,202,classical,mice,MICE,,,success,,/Users/janawue/Desktop/Masterthesis/master/data/raw/default_of_credit_card_clients.csv,/Users/janawue/Desktop/Masterthesis/master/data/processed/MAR/german_credit_mar_billamt1_pay0_10pct.csv,3000,20367.175533031997,0.2673562412742639,0.4305851249955594,,/Users/janawue/Desktop/Masterthesis/master/data/results/benchmark_local_classical_runs_mice_mean.csv,classical_run_csv,
R000553,2026-05-22T09:43:17.341106+00:00,creditcard,German Credit Card,BILL_AMT1,MAR_TARGET,MAR,target,10,202,classical,missforest,MissForest,,,success,,/Users/janawue/Desktop/Masterthesis/master/data/raw/default_of_credit_card_clients.csv,/Users/janawue/Desktop/Masterthesis/master/data/processed/MAR/german_credit_mar_billamt1_pay0_10pct.csv,3000,20086.55475223612,0.2636725828771848,10.48381112498464,,/Users/janawue/Desktop/Masterthesis/master/data/results/benchmark_local_classical_missforest_final.csv,classical_run_csv,
R000554,2026-06-02T13:44:37.004282+00:00,creditcard,German Credit Card,BILL_AMT1,MAR_TARGET,MAR,target,10,202,classical,dae,DAE,,,success,,/Users/janawue/Desktop/Masterthesis/master/data/raw/default_of_credit_card_clients.csv,/Users/janawue/Desktop/Masterthesis/master/data/processed/MAR/german_credit_mar_billamt1_pay0_10pct.csv,3000,23795.000690502104,0.31235268412223,18.928968624968547,,/Users/janawue/Desktop/Masterthesis/master/data/results/benchmark_local_classical_dae_final.csv,classical_run_csv,
R000551,2026-06-10T14:32:06.437020+00:00,creditcard,German Credit Card,BILL_AMT1,MAR_TARGET,MAR,target,10,202,classical,medianmode,Median/Mode,,,success,,/Users/janawue/Desktop/Masterthesis/master/data/raw/default_of_credit_card_clients.csv,/Users/janawue/Desktop/Masterthesis/master/data/processed/MAR/german_credit_mar_billamt1_pay0_10pct.csv,3000,85546.7706220755,1.1229570349396858,0.1385210419539362,,/Users/janawue/Desktop/Masterthesis/master/data/results/benchmark_local_classical_medianmode_final.csv,classical_run_csv,
R000555,2026-05-20T13:36:38.659819+00:00,creditcard,German Credit Card,BILL_AMT1,MAR_TARGET,MAR,target,10,303,classical,meanmode,Mean/Mode,,,success,,/Users/janawue/Desktop/Masterthesis/master/data/raw/default_of_credit_card_clients.csv,/Users/janawue/Desktop/Masterthesis/master/data/processed/MAR/german_credit_mar_billamt1_pay0_10pct.csv,3000,76787.35831515948,1.0079738087996415,0.0668347080354578,,/Users/janawue/Desktop/Masterthesis/master/data/results/benchmark_local_classical_runs_mice_mean.csv,classical_run_csv,
R000557,2026-05-20T14:16:29.988886+00:00,creditcard,German Credit Card,BILL_AMT1,MAR_TARGET,MAR,target,10,303,classical,mice,MICE,,,success,,/Users/janawue/Desktop/Masterthesis/master/data/raw/default_of_credit_card_clients.csv,/Users/janawue/Desktop/Masterthesis/master/data/processed/MAR/german_credit_mar_billamt1_pay0_10pct.csv,3000,20367.175533031997,0.2673562412742639,0.4150357079925015,,/Users/janawue/Desktop/Masterthesis/master/data/results/benchmark_local_classical_runs_mice_mean.csv,classical_run_csv,
R000558,2026-05-22T09:43:21.616820+00:00,creditcard,German Credit Card,BILL_AMT1,MAR_TARGET,MAR,target,10,303,classical,missforest,MissForest,,,success,,/Users/janawue/Desktop/Masterthesis/master/data/raw/default_of_credit_card_clients.csv,/Users/janawue/Desktop/Masterthesis/master/data/processed/MAR/german_credit_mar_billamt1_pay0_10pct.csv,3000,20057.615546359382,0.263292703139019,4.275750249973498,,/Users/janawue/Desktop/Masterthesis/master/data/results/benchmark_local_classical_missforest_final.csv,classical_run_csv,
R000559,2026-06-02T13:44:55.728207+00:00,creditcard,German Credit Card,BILL_AMT1,MAR_TARGET,MAR,target,10,303,classical,dae,DAE,,,success,,/Users/janawue/Desktop/Masterthesis/master/data/raw/default_of_credit_card_clients.csv,/Users/janawue/Desktop/Masterthesis/master/data/processed/MAR/german_credit_mar_billamt1_pay0_10pct.csv,3000,23288.371743498996,0.3057022572738036,18.72413037501974,,/Users/janawue/Desktop/Masterthesis/master/data/results/benchmark_local_classical_dae_final.csv,classical_run_csv,
R000556,2026-06-10T14:32:06.570233+00:00,creditcard,German Credit Card,BILL_AMT1,MAR_TARGET,MAR,target,10,303,classical,medianmode,Median/Mode,,,success,,/Users/janawue/Desktop/Masterthesis/master/data/raw/default_of_credit_card_clients.csv,/Users/janawue/Desktop/Masterthesis/master/data/processed/MAR/german_credit_mar_billamt1_pay0_10pct.csv,3000,85546.7706220755,1.1229570349396858,0.1331662079319358,,/Users/janawue/Desktop/Masterthesis/master/data/results/benchmark_local_classical_medianmode_final.csv,classical_run_csv,
R000560,2026-05-20T13:36:38.724227+00:00,creditcard,German Credit Card,BILL_AMT1,MAR_TARGET,MAR,target,10,404,classical,meanmode,Mean/Mode,,,success,,/Users/janawue/Desktop/Masterthesis/master/data/raw/default_of_credit_card_clients.csv,/Users/janawue/Desktop/Masterthesis/master/data/processed/MAR/german_credit_mar_billamt1_pay0_10pct.csv,3000,76787.35831515948,1.0079738087996415,0.0643839999684132,,/Users/janawue/Desktop/Masterthesis/master/data/results/benchmark_local_classical_runs_mice_mean.csv,classical_run_csv,
R000562,2026-05-20T14:16:30.423876+00:00,creditcard,German Credit Card,BILL_AMT1,MAR_TARGET,MAR,target,10,404,classical,mice,MICE,,,success,,/Users/janawue/Desktop/Masterthesis/master/data/raw/default_of_credit_card_clients.csv,/Users/janawue/Desktop/Masterthesis/master/data/processed/MAR/german_credit_mar_billamt1_pay0_10pct.csv,3000,20367.175533031997,0.2673562412742639,0.4349705839995295,,/Users/janawue/Desktop/Masterthesis/master/data/results/benchmark_local_classical_runs_mice_mean.csv,classical_run_csv,
R000563,2026-05-22T09:43:32.089825+00:00,creditcard,German Credit Card,BILL_AMT1,MAR_TARGET,MAR,target,10,404,classical,missforest,MissForest,,,success,,/Users/janawue/Desktop/Masterthesis/master/data/raw/default_of_credit_card_clients.csv,/Users/janawue/Desktop/Masterthesis/master/data/processed/MAR/german_credit_mar_billamt1_pay0_10pct.csv,3000,20217.05041317755,0.2653855758916221,10.473122333001813,,/Users/janawue/Desktop/Masterthesis/master/data/results/benchmark_local_classical_missforest_final.csv,classical_run_csv,
R000564,2026-06-02T13:45:15.384770+00:00,creditcard,German Credit Card,BILL_AMT1,MAR_TARGET,MAR,target,10,404,classical,dae,DAE,,,success,,/Users/janawue/Desktop/Masterthesis/master/data/raw/default_of_credit_card_clients.csv,/Users/janawue/Desktop/Masterthesis/master/data/processed/MAR/german_credit_mar_billamt1_pay0_10pct.csv,3000,23976.43690756761,0.3147343646329608,19.656766208005138,,/Users/janawue/Desktop/Masterthesis/master/data/results/benchmark_local_classical_dae_final.csv,classical_run_csv,
R000561,2026-06-10T14:32:06.703966+00:00,creditcard,German Credit Card,BILL_AMT1,MAR_TARGET,MAR,target,10,404,classical,medianmode,Median/Mode,,,success,,/Users/janawue/Desktop/Masterthesis/master/data/raw/default_of_credit_card_clients.csv,/Users/janawue/Desktop/Masterthesis/master/data/processed/MAR/german_credit_mar_billamt1_pay0_10pct.csv,3000,85546.7706220755,1.1229570349396858,0.1336803340818733,,/Users/janawue/Desktop/Masterthesis/master/data/results/benchmark_local_classical_medianmode_final.csv,classical_run_csv,
R000565,2026-05-20T13:36:38.794190+00:00,creditcard,German Credit Card,BILL_AMT1,MAR_TARGET,MAR,target,10,505,classical,meanmode,Mean/Mode,,,success,,/Users/janawue/Desktop/Masterthesis/master/data/raw/default_of_credit_card_clients.csv,/Users/janawue/Desktop/Masterthesis/master/data/processed/MAR/german_credit_mar_billamt1_pay0_10pct.csv,3000,76787.35831515948,1.0079738087996415,0.0699405829655006,,/Users/janawue/Desktop/Masterthesis/master/data/results/benchmark_local_classical_runs_mice_mean.csv,classical_run_csv,
R000567,2026-05-20T14:16:30.877269+00:00,creditcard,German Credit Card,BILL_AMT1,MAR_TARGET,MAR,target,10,505,classical,mice,MICE,,,success,,/Users/janawue/Desktop/Masterthesis/master/data/raw/default_of_credit_card_clients.csv,/Users/janawue/Desktop/Masterthesis/master/data/processed/MAR/german_credit_mar_billamt1_pay0_10pct.csv,3000,20367.175533031997,0.2673562412742639,0.4533746659872122,,/Users/janawue/Desktop/Masterthesis/master/data/results/benchmark_local_classical_runs_mice_mean.csv,classical_run_csv,
R000568,2026-05-22T09:43:40.070504+00:00,creditcard,German Credit Card,BILL_AMT1,MAR_TARGET,MAR,target,10,505,classical,missforest,MissForest,,,success,,/Users/janawue/Desktop/Masterthesis/master/data/raw/default_of_credit_card_clients.csv,/Users/janawue/Desktop/Masterthesis/master/data/processed/MAR/german_credit_mar_billamt1_pay0_10pct.csv,3000,20163.520816964552,0.264682902532853,7.980768666020595,,/Users/janawue/Desktop/Masterthesis/master/data/results/benchmark_local_classical_missforest_final.csv,classical_run_csv,
R000569,2026-06-02T13:45:36.266986+00:00,creditcard,German Credit Card,BILL_AMT1,MAR_TARGET,MAR,target,10,505,classical,dae,DAE,,,success,,/Users/janawue/Desktop/Masterthesis/master/data/raw/default_of_credit_card_clients.csv,/Users/janawue/Desktop/Masterthesis/master/data/processed/MAR/german_credit_mar_billamt1_pay0_10pct.csv,3000,24404.845176704486,0.3203580027452503,20.882438707980327,,/Users/janawue/Desktop/Masterthesis/master/data/results/benchmark_local_classical_dae_final.csv,classical_run_csv,
R000566,2026-06-10T14:32:06.836104+00:00,creditcard,German Credit Card,BILL_AMT1,MAR_TARGET,MAR,target,10,505,classical,medianmode,Median/Mode,,,success,,/Users/janawue/Desktop/Masterthesis/master/data/raw/default_of_credit_card_clients.csv,/Users/janawue/Desktop/Masterthesis/master/data/processed/MAR/german_credit_mar_billamt1_pay0_10pct.csv,3000,85546.7706220755,1.1229570349396858,0.1321069170953706,,/Users/janawue/Desktop/Masterthesis/master/data/results/benchmark_local_classical_medianmode_final.csv,classical_run_csv,
R000579,2026-05-20T13:36:38.863545+00:00,creditcard,German Credit Card,BILL_AMT1,MAR_TARGET,MAR,target,15,42,classical,meanmode,Mean/Mode,,,success,,/Users/janawue/Desktop/Masterthesis/master/data/raw/default_of_credit_card_clients.csv,/Users/janawue/Desktop/Masterthesis/master/data/processed/MAR/german_credit_mar_billamt1_pay0_15pct.csv,4500,76778.15306721664,1.0086518934822482,0.0693354590330272,,/Users/janawue/Desktop/Masterthesis/master/data/results/benchmark_local_classical_runs_mice_mean.csv,classical_run_csv,
R000581,2026-05-20T14:16:31.339829+00:00,creditcard,German Credit Card,BILL_AMT1,MAR_TARGET,MAR,target,15,42,classical,mice,MICE,,,success,,/Users/janawue/Desktop/Masterthesis/master/data/raw/default_of_credit_card_clients.csv,/Users/janawue/Desktop/Masterthesis/master/data/processed/MAR/german_credit_mar_billamt1_pay0_15pct.csv,4500,18836.337194819625,0.2474572051921029,0.4625468750018626,,/Users/janawue/Desktop/Masterthesis/master/data/results/benchmark_local_classical_runs_mice_mean.csv,classical_run_csv,
R000582,2026-05-22T09:43:50.043372+00:00,creditcard,German Credit Card,BILL_AMT1,MAR_TARGET,MAR,target,15,42,classical,missforest,MissForest,,,success,,/Users/janawue/Desktop/Masterthesis/master/data/raw/default_of_credit_card_clients.csv,/Users/janawue/Desktop/Masterthesis/master/data/processed/MAR/german_credit_mar_billamt1_pay0_15pct.csv,4500,19618.913136361785,0.2577380816354201,9.972982166975273,,/Users/janawue/Desktop/Masterthesis/master/data/results/benchmark_local_classical_missforest_final.csv,classical_run_csv,
R000583,2026-06-02T13:45:56.329983+00:00,creditcard,German Credit Card,BILL_AMT1,MAR_TARGET,MAR,target,15,42,classical,dae,DAE,,,success,,/Users/janawue/Desktop/Masterthesis/master/data/raw/default_of_credit_card_clients.csv,/Users/janawue/Desktop/Masterthesis/master/data/processed/MAR/german_credit_mar_billamt1_pay0_15pct.csv,4500,23391.676658664182,0.3073017259588199,20.06321829202352,,/Users/janawue/Desktop/Masterthesis/master/data/results/benchmark_local_classical_dae_final.csv,classical_run_csv,
R000580,2026-06-10T14:32:06.976402+00:00,creditcard,German Credit Card,BILL_AMT1,MAR_TARGET,MAR,target,15,42,classical,medianmode,Median/Mode,,,success,,/Users/janawue/Desktop/Masterthesis/master/data/raw/default_of_credit_card_clients.csv,/Users/janawue/Desktop/Masterthesis/master/data/processed/MAR/german_credit_mar_billamt1_pay0_15pct.csv,4500,85713.77340004995,1.1260411508177337,0.140246249968186,,/Users/janawue/Desktop/Masterthesis/master/data/results/benchmark_local_classical_medianmode_final.csv,classical_run_csv,
R000584,2026-05-20T13:36:38.931376+00:00,creditcard,German Credit Card,BILL_AMT1,MAR_TARGET,MAR,target,15,202,classical,meanmode,Mean/Mode,,,success,,/Users/janawue/Desktop/Masterthesis/master/data/raw/default_of_credit_card_clients.csv,/Users/janawue/Desktop/Masterthesis/master/data/processed/MAR/german_credit_mar_billamt1_pay0_15pct.csv,4500,76778.15306721664,1.0086518934822482,0.0678079589852131,,/Users/janawue/Desktop/Masterthesis/master/data/results/benchmark_local_classical_runs_mice_mean.csv,classical_run_csv,
R000586,2026-05-20T14:16:31.794537+00:00,creditcard,German Credit Card,BILL_AMT1,MAR_TARGET,MAR,target,15,202,classical,mice,MICE,,,success,,/Users/janawue/Desktop/Masterthesis/master/data/raw/default_of_credit_card_clients.csv,/Users/janawue/Desktop/Masterthesis/master/data/processed/MAR/german_credit_mar_billamt1_pay0_15pct.csv,4500,18836.337194819625,0.2474572051921029,0.4546894170343876,,/Users/janawue/Desktop/Masterthesis/master/data/results/benchmark_local_classical_runs_mice_mean.csv,classical_run_csv,
R000587,2026-05-22T09:43:59.991701+00:00,creditcard,German Credit Card,BILL_AMT1,MAR_TARGET,MAR,target,15,202,classical,missforest,MissForest,,,success,,/Users/janawue/Desktop/Masterthesis/master/data/raw/default_of_credit_card_clients.csv,/Users/janawue/Desktop/Masterthesis/master/data/processed/MAR/german_credit_mar_billamt1_pay0_15pct.csv,4500,19591.848508662253,0.2573825275241924,9.948438792023808,,/Users/janawue/Desktop/Masterthesis/master/data/results/benchmark_local_classical_missforest_final.csv,classical_run_csv,
R000588,2026-06-02T13:46:15.446671+00:00,creditcard,German Credit Card,BILL_AMT1,MAR_TARGET,MAR,target,15,202,classical,dae,DAE,,,success,,/Users/janawue/Desktop/Masterthesis/master/data/raw/default_of_credit_card_clients.csv,/Users/janawue/Desktop/Masterthesis/master/data/processed/MAR/german_credit_mar_billamt1_pay0_15pct.csv,4500,22893.78095380111,0.3007607579177268,19.11687495803926,,/Users/janawue/Desktop/Masterthesis/master/data/results/benchmark_local_classical_dae_final.csv,classical_run_csv,
R000585,2026-06-10T14:32:07.109206+00:00,creditcard,German Credit Card,BILL_AMT1,MAR_TARGET,MAR,target,15,202,classical,medianmode,Median/Mode,,,success,,/Users/janawue/Desktop/Masterthesis/master/data/raw/default_of_credit_card_clients.csv,/Users/janawue/Desktop/Masterthesis/master/data/processed/MAR/german_credit_mar_billamt1_pay0_15pct.csv,4500,85713.77340004995,1.1260411508177337,0.1327625419944524,,/Users/janawue/Desktop/Masterthesis/master/data/results/benchmark_local_classical_medianmode_final.csv,classical_run_csv,
R000589,2026-05-20T13:36:38.995008+00:00,creditcard,German Credit Card,BILL_AMT1,MAR_TARGET,MAR,target,15,303,classical,meanmode,Mean/Mode,,,success,,/Users/janawue/Desktop/Masterthesis/master/data/raw/default_of_credit_card_clients.csv,/Users/janawue/Desktop/Masterthesis/master/data/processed/MAR/german_credit_mar_billamt1_pay0_15pct.csv,4500,76778.15306721664,1.0086518934822482,0.0636102500138804,,/Users/janawue/Desktop/Masterthesis/master/data/results/benchmark_local_classical_runs_mice_mean.csv,classical_run_csv,
R000591,2026-05-20T14:16:32.240692+00:00,creditcard,German Credit Card,BILL_AMT1,MAR_TARGET,MAR,target,15,303,classical,mice,MICE,,,success,,/Users/janawue/Desktop/Masterthesis/master/data/raw/default_of_credit_card_clients.csv,/Users/janawue/Desktop/Masterthesis/master/data/processed/MAR/german_credit_mar_billamt1_pay0_15pct.csv,4500,18836.337194819625,0.2474572051921029,0.4461334579973481,,/Users/janawue/Desktop/Masterthesis/master/data/results/benchmark_local_classical_runs_mice_mean.csv,classical_run_csv,
R000592,2026-05-22T09:44:09.968443+00:00,creditcard,German Credit Card,BILL_AMT1,MAR_TARGET,MAR,target,15,303,classical,missforest,MissForest,,,success,,/Users/janawue/Desktop/Masterthesis/master/data/raw/default_of_credit_card_clients.csv,/Users/janawue/Desktop/Masterthesis/master/data/processed/MAR/german_credit_mar_billamt1_pay0_15pct.csv,4500,19516.881331406516,0.2563976668279235,9.976854792039376,,/Users/janawue/Desktop/Masterthesis/master/data/results/benchmark_local_classical_missforest_final.csv,classical_run_csv,
R000593,2026-06-02T13:46:35.441650+00:00,creditcard,German Credit Card,BILL_AMT1,MAR_TARGET,MAR,target,15,303,classical,dae,DAE,,,success,,/Users/janawue/Desktop/Masterthesis/master/data/raw/default_of_credit_card_clients.csv,/Users/janawue/Desktop/Masterthesis/master/data/processed/MAR/german_credit_mar_billamt1_pay0_15pct.csv,4500,23193.47041078845,0.3046978458284285,19.995203999977093,,/Users/janawue/Desktop/Masterthesis/master/data/results/benchmark_local_classical_dae_final.csv,classical_run_csv,
R000590,2026-06-10T14:32:07.245448+00:00,creditcard,German Credit Card,BILL_AMT1,MAR_TARGET,MAR,target,15,303,classical,medianmode,Median/Mode,,,success,,/Users/janawue/Desktop/Masterthesis/master/data/raw/default_of_credit_card_clients.csv,/Users/janawue/Desktop/Masterthesis/master/data/processed/MAR/german_credit_mar_billamt1_pay0_15pct.csv,4500,85713.77340004995,1.1260411508177337,0.1362170419888571,,/Users/janawue/Desktop/Masterthesis/master/data/results/benchmark_local_classical_medianmode_final.csv,classical_run_csv,
R000594,2026-05-20T13:36:39.059004+00:00,creditcard,German Credit Card,BILL_AMT1,MAR_TARGET,MAR,target,15,404,classical,meanmode,Mean/Mode,,,success,,/Users/janawue/Desktop/Masterthesis/master/data/raw/default_of_credit_card_clients.csv,/Users/janawue/Desktop/Masterthesis/master/data/processed/MAR/german_credit_mar_billamt1_pay0_15pct.csv,4500,76778.15306721664,1.0086518934822482,0.0639711249968968,,/Users/janawue/Desktop/Masterthesis/master/data/results/benchmark_local_classical_runs_mice_mean.csv,classical_run_csv,
R000596,2026-05-20T14:16:32.684954+00:00,creditcard,German Credit Card,BILL_AMT1,MAR_TARGET,MAR,target,15,404,classical,mice,MICE,,,success,,/Users/janawue/Desktop/Masterthesis/master/data/raw/default_of_credit_card_clients.csv,/Users/janawue/Desktop/Masterthesis/master/data/processed/MAR/german_credit_mar_billamt1_pay0_15pct.csv,4500,18836.337194819625,0.2474572051921029,0.4442469580098986,,/Users/janawue/Desktop/Masterthesis/master/data/results/benchmark_local_classical_runs_mice_mean.csv,classical_run_csv,
R000597,2026-05-22T09:44:19.943346+00:00,creditcard,German Credit Card,BILL_AMT1,MAR_TARGET,MAR,target,15,404,classical,missforest,MissForest,,,success,,/Users/janawue/Desktop/Masterthesis/master/data/raw/default_of_credit_card_clients.csv,/Users/janawue/Desktop/Masterthesis/master/data/processed/MAR/german_credit_mar_billamt1_pay0_15pct.csv,4500,19697.961923676743,0.2587765633625451,9.975015082978643,,/Users/janawue/Desktop/Masterthesis/master/data/results/benchmark_local_classical_missforest_final.csv,classical_run_csv,
R000598,2026-06-02T13:46:53.915826+00:00,creditcard,German Credit Card,BILL_AMT1,MAR_TARGET,MAR,target,15,404,classical,dae,DAE,,,success,,/Users/janawue/Desktop/Masterthesis/master/data/raw/default_of_credit_card_clients.csv,/Users/janawue/Desktop/Masterthesis/master/data/processed/MAR/german_credit_mar_billamt1_pay0_15pct.csv,4500,22275.455252313284,0.292637673880417,18.474355250014924,,/Users/janawue/Desktop/Masterthesis/master/data/results/benchmark_local_classical_dae_final.csv,classical_run_csv,
R000595,2026-06-10T14:32:07.383795+00:00,creditcard,German Credit Card,BILL_AMT1,MAR_TARGET,MAR,target,15,404,classical,medianmode,Median/Mode,,,success,,/Users/janawue/Desktop/Masterthesis/master/data/raw/default_of_credit_card_clients.csv,/Users/janawue/Desktop/Masterthesis/master/data/processed/MAR/german_credit_mar_billamt1_pay0_15pct.csv,4500,85713.77340004995,1.1260411508177337,0.1383001250214874,,/Users/janawue/Desktop/Masterthesis/master/data/results/benchmark_local_classical_medianmode_final.csv,classical_run_csv,
R000599,2026-05-20T13:36:39.127186+00:00,creditcard,German Credit Card,BILL_AMT1,MAR_TARGET,MAR,target,15,505,classical,meanmode,Mean/Mode,,,success,,/Users/janawue/Desktop/Masterthesis/master/data/raw/default_of_credit_card_clients.csv,/Users/janawue/Desktop/Masterthesis/master/data/processed/MAR/german_credit_mar_billamt1_pay0_15pct.csv,4500,76778.15306721664,1.0086518934822482,0.0681628340389579,,/Users/janawue/Desktop/Masterthesis/master/data/results/benchmark_local_classical_runs_mice_mean.csv,classical_run_csv,
R000601,2026-05-20T14:16:33.150523+00:00,creditcard,German Credit Card,BILL_AMT1,MAR_TARGET,MAR,target,15,505,classical,mice,MICE,,,success,,/Users/janawue/Desktop/Masterthesis/master/data/raw/default_of_credit_card_clients.csv,/Users/janawue/Desktop/Masterthesis/master/data/processed/MAR/german_credit_mar_billamt1_pay0_15pct.csv,4500,18836.337194819625,0.2474572051921029,0.4655548749724403,,/Users/janawue/Desktop/Masterthesis/master/data/results/benchmark_local_classical_runs_mice_mean.csv,classical_run_csv,
R000602,2026-05-22T09:44:26.018544+00:00,creditcard,German Credit Card,BILL_AMT1,MAR_TARGET,MAR,target,15,505,classical,missforest,MissForest,,,success,,/Users/janawue/Desktop/Masterthesis/master/data/raw/default_of_credit_card_clients.csv,/Users/janawue/Desktop/Masterthesis/master/data/processed/MAR/german_credit_mar_billamt1_pay0_15pct.csv,4500,19617.790225043012,0.2577233296964552,6.075257833988871,,/Users/janawue/Desktop/Masterthesis/master/data/results/benchmark_local_classical_missforest_final.csv,classical_run_csv,
R000603,2026-06-02T13:47:12.769593+00:00,creditcard,German Credit Card,BILL_AMT1,MAR_TARGET,MAR,target,15,505,classical,dae,DAE,,,success,,/Users/janawue/Desktop/Masterthesis/master/data/raw/default_of_credit_card_clients.csv,/Users/janawue/Desktop/Masterthesis/master/data/processed/MAR/german_credit_mar_billamt1_pay0_15pct.csv,4500,24073.7762610638,0.3162626220994388,18.85396824998315,,/Users/janawue/Desktop/Masterthesis/master/data/results/benchmark_local_classical_dae_final.csv,classical_run_csv,
R000600,2026-06-10T14:32:07.520874+00:00,creditcard,German Credit Card,BILL_AMT1,MAR_TARGET,MAR,target,15,505,classical,medianmode,Median/Mode,,,success,,/Users/janawue/Desktop/Masterthesis/master/data/raw/default_of_credit_card_clients.csv,/Users/janawue/Desktop/Masterthesis/master/data/processed/MAR/german_credit_mar_billamt1_pay0_15pct.csv,4500,85713.77340004995,1.1260411508177337,0.1370279999682679,,/Users/janawue/Desktop/Masterthesis/master/data/results/benchmark_local_classical_medianmode_final.csv,classical_run_csv,
R000749,2026-05-20T13:36:40.492180+00:00,creditcard,German Credit Card,BILL_AMT1,MCAR_GLOBAL,MCAR,global,10,42,classical,meanmode,Mean/Mode,,,success,,/Users/janawue/Desktop/Masterthesis/master/data/raw/default_of_credit_card_clients.csv,/Users/janawue/Desktop/Masterthesis/master/data/processed/MCAR/german_credit_mcar_10pct.csv,3030,74912.35558456114,1.0000048313287324,0.0685525839799083,,/Users/janawue/Desktop/Masterthesis/master/data/results/benchmark_local_classical_runs_mice_mean.csv,classical_run_csv,
R000751,2026-05-20T14:16:43.897051+00:00,creditcard,German Credit Card,BILL_AMT1,MCAR_GLOBAL,MCAR,global,10,42,classical,mice,MICE,,,success,,/Users/janawue/Desktop/Masterthesis/master/data/raw/default_of_credit_card_clients.csv,/Users/janawue/Desktop/Masterthesis/master/data/processed/MCAR/german_credit_mcar_10pct.csv,3030,20642.42675342395,0.2755556986920819,1.980785500025377,,/Users/janawue/Desktop/Masterthesis/master/data/results/benchmark_local_classical_runs_mice_mean.csv,classical_run_csv,
R000752,2026-05-22T09:48:27.936697+00:00,creditcard,German Credit Card,BILL_AMT1,MCAR_GLOBAL,MCAR,global,10,42,classical,missforest,MissForest,,,success,,/Users/janawue/Desktop/Masterthesis/master/data/raw/default_of_credit_card_clients.csv,/Users/janawue/Desktop/Masterthesis/master/data/processed/MCAR/german_credit_mcar_10pct.csv,3030,20466.2182240593,0.2732034915119583,128.4502375839511,,/Users/janawue/Desktop/Masterthesis/master/data/results/benchmark_local_classical_missforest_final.csv,classical_run_csv,
R000753,2026-06-02T13:53:47.113840+00:00,creditcard,German Credit Card,BILL_AMT1,MCAR_GLOBAL,MCAR,global,10,42,classical,dae,DAE,,,success,,/Users/janawue/Desktop/Masterthesis/master/data/raw/default_of_credit_card_clients.csv,/Users/janawue/Desktop/Masterthesis/master/data/processed/MCAR/german_credit_mcar_10pct.csv,3030,23719.62972514132,0.3166332728076487,18.67482920800103,,/Users/janawue/Desktop/Masterthesis/master/data/results/benchmark_local_classical_dae_final.csv,classical_run_csv,
R000750,2026-06-10T14:32:10.381763+00:00,creditcard,German Credit Card,BILL_AMT1,MCAR_GLOBAL,MCAR,global,10,42,classical,medianmode,Median/Mode,,,success,,/Users/janawue/Desktop/Masterthesis/master/data/raw/default_of_credit_card_clients.csv,/Users/janawue/Desktop/Masterthesis/master/data/processed/MCAR/german_credit_mcar_10pct.csv,3030,80330.14953882426,1.072326948116144,0.1379767080070451,,/Users/janawue/Desktop/Masterthesis/master/data/results/benchmark_local_classical_medianmode_final.csv,classical_run_csv,
R000754,2026-05-20T13:36:40.559239+00:00,creditcard,German Credit Card,BILL_AMT1,MCAR_GLOBAL,MCAR,global,10,202,classical,meanmode,Mean/Mode,,,success,,/Users/janawue/Desktop/Masterthesis/master/data/raw/default_of_credit_card_clients.csv,/Users/janawue/Desktop/Masterthesis/master/data/processed/MCAR/german_credit_mcar_10pct.csv,3030,74912.35558456114,1.0000048313287324,0.0670346660190261,,/Users/janawue/Desktop/Masterthesis/master/data/results/benchmark_local_classical_runs_mice_mean.csv,classical_run_csv,
R000756,2026-05-20T14:16:45.852586+00:00,creditcard,German Credit Card,BILL_AMT1,MCAR_GLOBAL,MCAR,global,10,202,classical,mice,MICE,,,success,,/Users/janawue/Desktop/Masterthesis/master/data/raw/default_of_credit_card_clients.csv,/Users/janawue/Desktop/Masterthesis/master/data/processed/MCAR/german_credit_mcar_10pct.csv,3030,20642.42675342395,0.2755556986920819,1.9555401249672288,,/Users/janawue/Desktop/Masterthesis/master/data/results/benchmark_local_classical_runs_mice_mean.csv,classical_run_csv,
R000757,2026-05-22T09:51:01.831394+00:00,creditcard,German Credit Card,BILL_AMT1,MCAR_GLOBAL,MCAR,global,10,202,classical,missforest,MissForest,,,success,,/Users/janawue/Desktop/Masterthesis/master/data/raw/default_of_credit_card_clients.csv,/Users/janawue/Desktop/Masterthesis/master/data/processed/MCAR/german_credit_mcar_10pct.csv,3030,20356.118221681063,0.271733766879107,153.89681245799875,,/Users/janawue/Desktop/Masterthesis/master/data/results/benchmark_local_classical_missforest_final.csv,classical_run_csv,
R000758,2026-06-02T13:54:05.675869+00:00,creditcard,German Credit Card,BILL_AMT1,MCAR_GLOBAL,MCAR,global,10,202,classical,dae,DAE,,,success,,/Users/janawue/Desktop/Masterthesis/master/data/raw/default_of_credit_card_clients.csv,/Users/janawue/Desktop/Masterthesis/master/data/processed/MCAR/german_credit_mcar_10pct.csv,3030,23850.998433687044,0.3183869133413902,18.562224749999583,,/Users/janawue/Desktop/Masterthesis/master/data/results/benchmark_local_classical_dae_final.csv,classical_run_csv,
R000755,2026-06-10T14:32:10.517287+00:00,creditcard,German Credit Card,BILL_AMT1,MCAR_GLOBAL,MCAR,global,10,202,classical,medianmode,Median/Mode,,,success,,/Users/janawue/Desktop/Masterthesis/master/data/raw/default_of_credit_card_clients.csv,/Users/janawue/Desktop/Masterthesis/master/data/processed/MCAR/german_credit_mcar_10pct.csv,3030,80330.14953882426,1.072326948116144,0.1354944169288501,,/Users/janawue/Desktop/Masterthesis/master/data/results/benchmark_local_classical_medianmode_final.csv,classical_run_csv,
R000759,2026-05-20T13:36:40.625330+00:00,creditcard,German Credit Card,BILL_AMT1,MCAR_GLOBAL,MCAR,global,10,303,classical,meanmode,Mean/Mode,,,success,,/Users/janawue/Desktop/Masterthesis/master/data/raw/default_of_credit_card_clients.csv,/Users/janawue/Desktop/Masterthesis/master/data/processed/MCAR/german_credit_mcar_10pct.csv,3030,74912.35558456114,1.0000048313287324,0.0660683750174939,,/Users/janawue/Desktop/Masterthesis/master/data/results/benchmark_local_classical_runs_mice_mean.csv,classical_run_csv,
R000761,2026-05-20T14:16:47.804556+00:00,creditcard,German Credit Card,BILL_AMT1,MCAR_GLOBAL,MCAR,global,10,303,classical,mice,MICE,,,success,,/Users/janawue/Desktop/Masterthesis/master/data/raw/default_of_credit_card_clients.csv,/Users/janawue/Desktop/Masterthesis/master/data/processed/MCAR/german_credit_mcar_10pct.csv,3030,20642.42675342395,0.2755556986920819,1.9519676659838296,,/Users/janawue/Desktop/Masterthesis/master/data/results/benchmark_local_classical_runs_mice_mean.csv,classical_run_csv,
R000762,2026-05-22T09:53:33.333832+00:00,creditcard,German Credit Card,BILL_AMT1,MCAR_GLOBAL,MCAR,global,10,303,classical,missforest,MissForest,,,success,,/Users/janawue/Desktop/Masterthesis/master/data/raw/default_of_credit_card_clients.csv,/Users/janawue/Desktop/Masterthesis/master/data/processed/MCAR/german_credit_mcar_10pct.csv,3030,20472.752490952964,0.2732907174229828,151.34077204100322,,/Users/janawue/Desktop/Masterthesis/master/data/results/benchmark_local_classical_missforest_final.csv,classical_run_csv,
R000763,2026-06-02T13:54:24.660682+00:00,creditcard,German Credit Card,BILL_AMT1,MCAR_GLOBAL,MCAR,global,10,303,classical,dae,DAE,,,success,,/Users/janawue/Desktop/Masterthesis/master/data/raw/default_of_credit_card_clients.csv,/Users/janawue/Desktop/Masterthesis/master/data/processed/MCAR/german_credit_mcar_10pct.csv,3030,24551.15767679194,0.3277333371768284,18.985027958988212,,/Users/janawue/Desktop/Masterthesis/master/data/results/benchmark_local_classical_dae_final.csv,classical_run_csv,
R000760,2026-06-10T14:32:10.656698+00:00,creditcard,German Credit Card,BILL_AMT1,MCAR_GLOBAL,MCAR,global,10,303,classical,medianmode,Median/Mode,,,success,,/Users/janawue/Desktop/Masterthesis/master/data/raw/default_of_credit_card_clients.csv,/Users/janawue/Desktop/Masterthesis/master/data/processed/MCAR/german_credit_mcar_10pct.csv,3030,80330.14953882426,1.072326948116144,0.1393549590138718,,/Users/janawue/Desktop/Masterthesis/master/data/results/benchmark_local_classical_medianmode_final.csv,classical_run_csv,
R000764,2026-05-20T13:36:40.691677+00:00,creditcard,German Credit Card,BILL_AMT1,MCAR_GLOBAL,MCAR,global,10,404,classical,meanmode,Mean/Mode,,,success,,/Users/janawue/Desktop/Masterthesis/master/data/raw/default_of_credit_card_clients.csv,/Users/janawue/Desktop/Masterthesis/master/data/processed/MCAR/german_credit_mcar_10pct.csv,3030,74912.35558456114,1.0000048313287324,0.066323833016213,,/Users/janawue/Desktop/Masterthesis/master/data/results/benchmark_local_classical_runs_mice_mean.csv,classical_run_csv,
R000766,2026-05-20T14:16:49.742679+00:00,creditcard,German Credit Card,BILL_AMT1,MCAR_GLOBAL,MCAR,global,10,404,classical,mice,MICE,,,success,,/Users/janawue/Desktop/Masterthesis/master/data/raw/default_of_credit_card_clients.csv,/Users/janawue/Desktop/Masterthesis/master/data/processed/MCAR/german_credit_mcar_10pct.csv,3030,20642.42675342395,0.2755556986920819,1.9381217500194907,,/Users/janawue/Desktop/Masterthesis/master/data/results/benchmark_local_classical_runs_mice_mean.csv,classical_run_csv,
R000767,2026-05-22T09:55:39.313260+00:00,creditcard,German Credit Card,BILL_AMT1,MCAR_GLOBAL,MCAR,global,10,404,classical,missforest,MissForest,,,success,,/Users/janawue/Desktop/Masterthesis/master/data/raw/default_of_credit_card_clients.csv,/Users/janawue/Desktop/Masterthesis/master/data/processed/MCAR/german_credit_mcar_10pct.csv,3030,20347.709027395464,0.2716215125674175,125.97842925001169,,/Users/janawue/Desktop/Masterthesis/master/data/results/benchmark_local_classical_missforest_final.csv,classical_run_csv,
R000768,2026-06-02T13:54:43.735516+00:00,creditcard,German Credit Card,BILL_AMT1,MCAR_GLOBAL,MCAR,global,10,404,classical,dae,DAE,,,success,,/Users/janawue/Desktop/Masterthesis/master/data/raw/default_of_credit_card_clients.csv,/Users/janawue/Desktop/Masterthesis/master/data/processed/MCAR/german_credit_mcar_10pct.csv,3030,23750.363591156573,0.317043539101651,19.07502041599946,,/Users/janawue/Desktop/Masterthesis/master/data/results/benchmark_local_classical_dae_final.csv,classical_run_csv,
R000765,2026-06-10T14:32:10.814672+00:00,creditcard,German Credit Card,BILL_AMT1,MCAR_GLOBAL,MCAR,global,10,404,classical,medianmode,Median/Mode,,,success,,/Users/janawue/Desktop/Masterthesis/master/data/raw/default_of_credit_card_clients.csv,/Users/janawue/Desktop/Masterthesis/master/data/processed/MCAR/german_credit_mcar_10pct.csv,3030,80330.14953882426,1.072326948116144,0.1579320839373394,,/Users/janawue/Desktop/Masterthesis/master/data/results/benchmark_local_classical_medianmode_final.csv,classical_run_csv,
R000769,2026-05-20T13:36:40.758457+00:00,creditcard,German Credit Card,BILL_AMT1,MCAR_GLOBAL,MCAR,global,10,505,classical,meanmode,Mean/Mode,,,success,,/Users/janawue/Desktop/Masterthesis/master/data/raw/default_of_credit_card_clients.csv,/Users/janawue/Desktop/Masterthesis/master/data/processed/MCAR/german_credit_mcar_10pct.csv,3030,74912.35558456114,1.0000048313287324,0.0667549999780021,,/Users/janawue/Desktop/Masterthesis/master/data/results/benchmark_local_classical_runs_mice_mean.csv,classical_run_csv,
R000771,2026-05-20T14:16:51.731197+00:00,creditcard,German Credit Card,BILL_AMT1,MCAR_GLOBAL,MCAR,global,10,505,classical,mice,MICE,,,success,,/Users/janawue/Desktop/Masterthesis/master/data/raw/default_of_credit_card_clients.csv,/Users/janawue/Desktop/Masterthesis/master/data/processed/MCAR/german_credit_mcar_10pct.csv,3030,20642.42675342395,0.2755556986920819,1.9885182079742665,,/Users/janawue/Desktop/Masterthesis/master/data/results/benchmark_local_classical_runs_mice_mean.csv,classical_run_csv,
R000772,2026-05-22T09:57:46.602650+00:00,creditcard,German Credit Card,BILL_AMT1,MCAR_GLOBAL,MCAR,global,10,505,classical,missforest,MissForest,,,success,,/Users/janawue/Desktop/Masterthesis/master/data/raw/default_of_credit_card_clients.csv,/Users/janawue/Desktop/Masterthesis/master/data/processed/MCAR/german_credit_mcar_10pct.csv,3030,20305.43792814978,0.271057235778343,127.28833604196552,,/Users/janawue/Desktop/Masterthesis/master/data/results/benchmark_local_classical_missforest_final.csv,classical_run_csv,
R000773,2026-06-02T13:55:02.136775+00:00,creditcard,German Credit Card,BILL_AMT1,MCAR_GLOBAL,MCAR,global,10,505,classical,dae,DAE,,,success,,/Users/janawue/Desktop/Masterthesis/master/data/raw/default_of_credit_card_clients.csv,/Users/janawue/Desktop/Masterthesis/master/data/processed/MCAR/german_credit_mcar_10pct.csv,3030,24949.65286356301,0.3330528483432138,18.401449666009285,,/Users/janawue/Desktop/Masterthesis/master/data/results/benchmark_local_classical_dae_final.csv,classical_run_csv,
R000770,2026-06-10T14:32:10.946618+00:00,creditcard,German Credit Card,BILL_AMT1,MCAR_GLOBAL,MCAR,global,10,505,classical,medianmode,Median/Mode,,,success,,/Users/janawue/Desktop/Masterthesis/master/data/raw/default_of_credit_card_clients.csv,/Users/janawue/Desktop/Masterthesis/master/data/processed/MCAR/german_credit_mcar_10pct.csv,3030,80330.14953882426,1.072326948116144,0.1319054580526426,,/Users/janawue/Desktop/Masterthesis/master/data/results/benchmark_local_classical_medianmode_final.csv,classical_run_csv,
R000783,2026-05-20T13:36:40.827795+00:00,creditcard,German Credit Card,BILL_AMT1,MCAR_GLOBAL,MCAR,global,15,42,classical,meanmode,Mean/Mode,,,success,,/Users/janawue/Desktop/Masterthesis/master/data/raw/default_of_credit_card_clients.csv,/Users/janawue/Desktop/Masterthesis/master/data/processed/MCAR/german_credit_mcar_15pct.csv,4523,73829.06573189299,1.000008127240046,0.0693172080209478,,/Users/janawue/Desktop/Masterthesis/master/data/results/benchmark_local_classical_runs_mice_mean.csv,classical_run_csv,
R000785,2026-05-20T14:16:53.672391+00:00,creditcard,German Credit Card,BILL_AMT1,MCAR_GLOBAL,MCAR,global,15,42,classical,mice,MICE,,,success,,/Users/janawue/Desktop/Masterthesis/master/data/raw/default_of_credit_card_clients.csv,/Users/janawue/Desktop/Masterthesis/master/data/processed/MCAR/german_credit_mcar_15pct.csv,4523,22062.605496131,0.2988360286765912,1.9411975420080123,,/Users/janawue/Desktop/Masterthesis/master/data/results/benchmark_local_classical_runs_mice_mean.csv,classical_run_csv,
R000786,2026-05-22T10:00:16.101486+00:00,creditcard,German Credit Card,BILL_AMT1,MCAR_GLOBAL,MCAR,global,15,42,classical,missforest,MissForest,,,success,,/Users/janawue/Desktop/Masterthesis/master/data/raw/default_of_credit_card_clients.csv,/Users/janawue/Desktop/Masterthesis/master/data/processed/MCAR/german_credit_mcar_15pct.csv,4523,21527.143188616505,0.2915832393579544,149.4976410419913,,/Users/janawue/Desktop/Masterthesis/master/data/results/benchmark_local_classical_missforest_final.csv,classical_run_csv,
R000787,2026-06-02T13:55:21.578276+00:00,creditcard,German Credit Card,BILL_AMT1,MCAR_GLOBAL,MCAR,global,15,42,classical,dae,DAE,,,success,,/Users/janawue/Desktop/Masterthesis/master/data/raw/default_of_credit_card_clients.csv,/Users/janawue/Desktop/Masterthesis/master/data/processed/MCAR/german_credit_mcar_15pct.csv,4523,26217.68606867896,0.3551162253808851,19.441709041013382,,/Users/janawue/Desktop/Masterthesis/master/data/results/benchmark_local_classical_dae_final.csv,classical_run_csv,
R000784,2026-06-10T14:32:11.079127+00:00,creditcard,German Credit Card,BILL_AMT1,MCAR_GLOBAL,MCAR,global,15,42,classical,medianmode,Median/Mode,,,success,,/Users/janawue/Desktop/Masterthesis/master/data/raw/default_of_credit_card_clients.csv,/Users/janawue/Desktop/Masterthesis/master/data/processed/MCAR/german_credit_mcar_15pct.csv,4523,79373.0413238289,1.0751007834208683,0.1324513750150799,,/Users/janawue/Desktop/Masterthesis/master/data/results/benchmark_local_classical_medianmode_final.csv,classical_run_csv,
R000788,2026-05-20T13:36:40.895086+00:00,creditcard,German Credit Card,BILL_AMT1,MCAR_GLOBAL,MCAR,global,15,202,classical,meanmode,Mean/Mode,,,success,,/Users/janawue/Desktop/Masterthesis/master/data/raw/default_of_credit_card_clients.csv,/Users/janawue/Desktop/Masterthesis/master/data/processed/MCAR/german_credit_mcar_15pct.csv,4523,73829.06573189299,1.000008127240046,0.0672677920083515,,/Users/janawue/Desktop/Masterthesis/master/data/results/benchmark_local_classical_runs_mice_mean.csv,classical_run_csv,
R000790,2026-05-20T14:16:55.621054+00:00,creditcard,German Credit Card,BILL_AMT1,MCAR_GLOBAL,MCAR,global,15,202,classical,mice,MICE,,,success,,/Users/janawue/Desktop/Masterthesis/master/data/raw/default_of_credit_card_clients.csv,/Users/janawue/Desktop/Masterthesis/master/data/processed/MCAR/german_credit_mcar_15pct.csv,4523,22062.605496131,0.2988360286765912,1.948657875007484,,/Users/janawue/Desktop/Masterthesis/master/data/results/benchmark_local_classical_runs_mice_mean.csv,classical_run_csv,
R000791,2026-05-22T10:02:50.194074+00:00,creditcard,German Credit Card,BILL_AMT1,MCAR_GLOBAL,MCAR,global,15,202,classical,missforest,MissForest,,,success,,/Users/janawue/Desktop/Masterthesis/master/data/raw/default_of_credit_card_clients.csv,/Users/janawue/Desktop/Masterthesis/master/data/processed/MCAR/german_credit_mcar_15pct.csv,4523,21482.493649491746,0.2909784653226927,154.0913378340192,,/Users/janawue/Desktop/Masterthesis/master/data/results/benchmark_local_classical_missforest_final.csv,classical_run_csv,
R000792,2026-06-02T13:55:40.536385+00:00,creditcard,German Credit Card,BILL_AMT1,MCAR_GLOBAL,MCAR,global,15,202,classical,dae,DAE,,,success,,/Users/janawue/Desktop/Masterthesis/master/data/raw/default_of_credit_card_clients.csv,/Users/janawue/Desktop/Masterthesis/master/data/processed/MCAR/german_credit_mcar_15pct.csv,4523,25004.20402892154,0.3386797191080848,18.958311124995816,,/Users/janawue/Desktop/Masterthesis/master/data/results/benchmark_local_classical_dae_final.csv,classical_run_csv,
R000789,2026-06-10T14:32:11.214311+00:00,creditcard,German Credit Card,BILL_AMT1,MCAR_GLOBAL,MCAR,global,15,202,classical,medianmode,Median/Mode,,,success,,/Users/janawue/Desktop/Masterthesis/master/data/raw/default_of_credit_card_clients.csv,/Users/janawue/Desktop/Masterthesis/master/data/processed/MCAR/german_credit_mcar_15pct.csv,4523,79373.0413238289,1.0751007834208683,0.1351359579712152,,/Users/janawue/Desktop/Masterthesis/master/data/results/benchmark_local_classical_medianmode_final.csv,classical_run_csv,
R000793,2026-05-20T13:36:40.961825+00:00,creditcard,German Credit Card,BILL_AMT1,MCAR_GLOBAL,MCAR,global,15,303,classical,meanmode,Mean/Mode,,,success,,/Users/janawue/Desktop/Masterthesis/master/data/raw/default_of_credit_card_clients.csv,/Users/janawue/Desktop/Masterthesis/master/data/processed/MCAR/german_credit_mcar_15pct.csv,4523,73829.06573189299,1.000008127240046,0.0667129590292461,,/Users/janawue/Desktop/Masterthesis/master/data/results/benchmark_local_classical_runs_mice_mean.csv,classical_run_csv,
R000795,2026-05-20T14:16:57.578072+00:00,creditcard,German Credit Card,BILL_AMT1,MCAR_GLOBAL,MCAR,global,15,303,classical,mice,MICE,,,success,,/Users/janawue/Desktop/Masterthesis/master/data/raw/default_of_credit_card_clients.csv,/Users/janawue/Desktop/Masterthesis/master/data/processed/MCAR/german_credit_mcar_15pct.csv,4523,22062.605496131,0.2988360286765912,1.9570209590019656,,/Users/janawue/Desktop/Masterthesis/master/data/results/benchmark_local_classical_runs_mice_mean.csv,classical_run_csv,
R000796,2026-05-22T10:04:59.517442+00:00,creditcard,German Credit Card,BILL_AMT1,MCAR_GLOBAL,MCAR,global,15,303,classical,missforest,MissForest,,,success,,/Users/janawue/Desktop/Masterthesis/master/data/raw/default_of_credit_card_clients.csv,/Users/janawue/Desktop/Masterthesis/master/data/processed/MCAR/german_credit_mcar_15pct.csv,4523,21505.767957065793,0.2912937137482173,129.32232200005092,,/Users/janawue/Desktop/Masterthesis/master/data/results/benchmark_local_classical_missforest_final.csv,classical_run_csv,
R000797,2026-06-02T13:55:59.246139+00:00,creditcard,German Credit Card,BILL_AMT1,MCAR_GLOBAL,MCAR,global,15,303,classical,dae,DAE,,,success,,/Users/janawue/Desktop/Masterthesis/master/data/raw/default_of_credit_card_clients.csv,/Users/janawue/Desktop/Masterthesis/master/data/processed/MCAR/german_credit_mcar_15pct.csv,4523,26647.61859683333,0.3609396232263966,18.70995650003897,,/Users/janawue/Desktop/Masterthesis/master/data/results/benchmark_local_classical_dae_final.csv,classical_run_csv,
R000794,2026-06-10T14:32:11.352785+00:00,creditcard,German Credit Card,BILL_AMT1,MCAR_GLOBAL,MCAR,global,15,303,classical,medianmode,Median/Mode,,,success,,/Users/janawue/Desktop/Masterthesis/master/data/raw/default_of_credit_card_clients.csv,/Users/janawue/Desktop/Masterthesis/master/data/processed/MCAR/german_credit_mcar_15pct.csv,4523,79373.0413238289,1.0751007834208683,0.1384373330511152,,/Users/janawue/Desktop/Masterthesis/master/data/results/benchmark_local_classical_medianmode_final.csv,classical_run_csv,
R000798,2026-05-20T13:36:41.027912+00:00,creditcard,German Credit Card,BILL_AMT1,MCAR_GLOBAL,MCAR,global,15,404,classical,meanmode,Mean/Mode,,,success,,/Users/janawue/Desktop/Masterthesis/master/data/raw/default_of_credit_card_clients.csv,/Users/janawue/Desktop/Masterthesis/master/data/processed/MCAR/german_credit_mcar_15pct.csv,4523,73829.06573189299,1.000008127240046,0.0660644169547595,,/Users/janawue/Desktop/Masterthesis/master/data/results/benchmark_local_classical_runs_mice_mean.csv,classical_run_csv,
R000800,2026-05-20T14:16:59.517538+00:00,creditcard,German Credit Card,BILL_AMT1,MCAR_GLOBAL,MCAR,global,15,404,classical,mice,MICE,,,success,,/Users/janawue/Desktop/Masterthesis/master/data/raw/default_of_credit_card_clients.csv,/Users/janawue/Desktop/Masterthesis/master/data/processed/MCAR/german_credit_mcar_15pct.csv,4523,22062.605496131,0.2988360286765912,1.9394605410052463,,/Users/janawue/Desktop/Masterthesis/master/data/results/benchmark_local_classical_runs_mice_mean.csv,classical_run_csv,
R000801,2026-05-22T10:08:19.583844+00:00,creditcard,German Credit Card,BILL_AMT1,MCAR_GLOBAL,MCAR,global,15,404,classical,missforest,MissForest,,,success,,/Users/janawue/Desktop/Masterthesis/master/data/raw/default_of_credit_card_clients.csv,/Users/janawue/Desktop/Masterthesis/master/data/processed/MCAR/german_credit_mcar_15pct.csv,4523,21490.117389607713,0.2910817282043282,200.06479329202557,,/Users/janawue/Desktop/Masterthesis/master/data/results/benchmark_local_classical_missforest_final.csv,classical_run_csv,
R000802,2026-06-02T13:56:17.239143+00:00,creditcard,German Credit Card,BILL_AMT1,MCAR_GLOBAL,MCAR,global,15,404,classical,dae,DAE,,,success,,/Users/janawue/Desktop/Masterthesis/master/data/raw/default_of_credit_card_clients.csv,/Users/janawue/Desktop/Masterthesis/master/data/processed/MCAR/german_credit_mcar_15pct.csv,4523,25379.007337411036,0.3437563965777286,17.99319499998819,,/Users/janawue/Desktop/Masterthesis/master/data/results/benchmark_local_classical_dae_final.csv,classical_run_csv,
R000799,2026-06-10T14:32:11.488740+00:00,creditcard,German Credit Card,BILL_AMT1,MCAR_GLOBAL,MCAR,global,15,404,classical,medianmode,Median/Mode,,,success,,/Users/janawue/Desktop/Masterthesis/master/data/raw/default_of_credit_card_clients.csv,/Users/janawue/Desktop/Masterthesis/master/data/processed/MCAR/german_credit_mcar_15pct.csv,4523,79373.0413238289,1.0751007834208683,0.1359112919308245,,/Users/janawue/Desktop/Masterthesis/master/data/results/benchmark_local_classical_medianmode_final.csv,classical_run_csv,
R000803,2026-05-20T13:36:41.093497+00:00,creditcard,German Credit Card,BILL_AMT1,MCAR_GLOBAL,MCAR,global,15,505,classical,meanmode,Mean/Mode,,,success,,/Users/janawue/Desktop/Masterthesis/master/data/raw/default_of_credit_card_clients.csv,/Users/janawue/Desktop/Masterthesis/master/data/processed/MCAR/german_credit_mcar_15pct.csv,4523,73829.06573189299,1.000008127240046,0.0655613749986514,,/Users/janawue/Desktop/Masterthesis/master/data/results/benchmark_local_classical_runs_mice_mean.csv,classical_run_csv,
R000805,2026-05-20T14:17:01.462356+00:00,creditcard,German Credit Card,BILL_AMT1,MCAR_GLOBAL,MCAR,global,15,505,classical,mice,MICE,,,success,,/Users/janawue/Desktop/Masterthesis/master/data/raw/default_of_credit_card_clients.csv,/Users/janawue/Desktop/Masterthesis/master/data/processed/MCAR/german_credit_mcar_15pct.csv,4523,22062.605496131,0.2988360286765912,1.9448167909868064,,/Users/janawue/Desktop/Masterthesis/master/data/results/benchmark_local_classical_runs_mice_mean.csv,classical_run_csv,
R000806,2026-05-22T10:10:51.326249+00:00,creditcard,German Credit Card,BILL_AMT1,MCAR_GLOBAL,MCAR,global,15,505,classical,missforest,MissForest,,,success,,/Users/janawue/Desktop/Masterthesis/master/data/raw/default_of_credit_card_clients.csv,/Users/janawue/Desktop/Masterthesis/master/data/processed/MCAR/german_credit_mcar_15pct.csv,4523,21578.03722516661,0.2922725945553096,151.7411933330004,,/Users/janawue/Desktop/Masterthesis/master/data/results/benchmark_local_classical_missforest_final.csv,classical_run_csv,
R000807,2026-06-02T13:56:35.895683+00:00,creditcard,German Credit Card,BILL_AMT1,MCAR_GLOBAL,MCAR,global,15,505,classical,dae,DAE,,,success,,/Users/janawue/Desktop/Masterthesis/master/data/raw/default_of_credit_card_clients.csv,/Users/janawue/Desktop/Masterthesis/master/data/processed/MCAR/german_credit_mcar_15pct.csv,4523,25396.935992873965,0.3439992386209765,18.65673058299581,,/Users/janawue/Desktop/Masterthesis/master/data/results/benchmark_local_classical_dae_final.csv,classical_run_csv,
R000804,2026-06-10T14:32:11.625646+00:00,creditcard,German Credit Card,BILL_AMT1,MCAR_GLOBAL,MCAR,global,15,505,classical,medianmode,Median/Mode,,,success,,/Users/janawue/Desktop/Masterthesis/master/data/raw/default_of_credit_card_clients.csv,/Users/janawue/Desktop/Masterthesis/master/data/processed/MCAR/german_credit_mcar_15pct.csv,4523,79373.0413238289,1.0751007834208683,0.1368505000136792,,/Users/janawue/Desktop/Masterthesis/master/data/results/benchmark_local_classical_medianmode_final.csv,classical_run_csv,
R000681,2026-05-20T13:36:39.847732+00:00,creditcard,German Credit Card,BILL_AMT1,MCAR_TARGET,MCAR,target,10,42,classical,meanmode,Mean/Mode,,,success,,/Users/janawue/Desktop/Masterthesis/master/data/raw/default_of_credit_card_clients.csv,/Users/janawue/Desktop/Masterthesis/master/data/processed/MCAR/german_credit_mcar_billamt1_10pct.csv,3000,69190.93023459395,1.0004463963628996,0.0656514579895883,,/Users/janawue/Desktop/Masterthesis/master/data/results/benchmark_local_classical_runs_mice_mean.csv,classical_run_csv,
R000683,2026-05-20T14:16:37.862638+00:00,creditcard,German Credit Card,BILL_AMT1,MCAR_TARGET,MCAR,target,10,42,classical,mice,MICE,,,success,,/Users/janawue/Desktop/Masterthesis/master/data/raw/default_of_credit_card_clients.csv,/Users/janawue/Desktop/Masterthesis/master/data/processed/MCAR/german_credit_mcar_billamt1_10pct.csv,3000,16587.021665398857,0.2398352789199064,0.4261622920166701,,/Users/janawue/Desktop/Masterthesis/master/data/results/benchmark_local_classical_runs_mice_mean.csv,classical_run_csv,
R000684,2026-05-22T09:45:43.420467+00:00,creditcard,German Credit Card,BILL_AMT1,MCAR_TARGET,MCAR,target,10,42,classical,missforest,MissForest,,,success,,/Users/janawue/Desktop/Masterthesis/master/data/raw/default_of_credit_card_clients.csv,/Users/janawue/Desktop/Masterthesis/master/data/processed/MCAR/german_credit_mcar_billamt1_10pct.csv,3000,17359.278971003914,0.2510015117749637,3.522538249962963,,/Users/janawue/Desktop/Masterthesis/master/data/results/benchmark_local_classical_missforest_final.csv,classical_run_csv,
R000685,2026-06-02T13:50:37.868829+00:00,creditcard,German Credit Card,BILL_AMT1,MCAR_TARGET,MCAR,target,10,42,classical,dae,DAE,,,success,,/Users/janawue/Desktop/Masterthesis/master/data/raw/default_of_credit_card_clients.csv,/Users/janawue/Desktop/Masterthesis/master/data/processed/MCAR/german_credit_mcar_billamt1_10pct.csv,3000,19548.018728789164,0.2826489660847722,19.44244799995795,,/Users/janawue/Desktop/Masterthesis/master/data/results/benchmark_local_classical_dae_final.csv,classical_run_csv,
R000682,2026-06-10T14:32:09.018415+00:00,creditcard,German Credit Card,BILL_AMT1,MCAR_TARGET,MCAR,target,10,42,classical,medianmode,Median/Mode,,,success,,/Users/janawue/Desktop/Masterthesis/master/data/raw/default_of_credit_card_clients.csv,/Users/janawue/Desktop/Masterthesis/master/data/processed/MCAR/german_credit_mcar_billamt1_10pct.csv,3000,74208.67643528394,1.0729990573449606,0.1347452499903738,,/Users/janawue/Desktop/Masterthesis/master/data/results/benchmark_local_classical_medianmode_final.csv,classical_run_csv,
R000686,2026-05-20T13:36:39.912275+00:00,creditcard,German Credit Card,BILL_AMT1,MCAR_TARGET,MCAR,target,10,202,classical,meanmode,Mean/Mode,,,success,,/Users/janawue/Desktop/Masterthesis/master/data/raw/default_of_credit_card_clients.csv,/Users/janawue/Desktop/Masterthesis/master/data/processed/MCAR/german_credit_mcar_billamt1_10pct.csv,3000,69190.93023459395,1.0004463963628996,0.0645203330204822,,/Users/janawue/Desktop/Masterthesis/master/data/results/benchmark_local_classical_runs_mice_mean.csv,classical_run_csv,
R000688,2026-05-20T14:16:38.295590+00:00,creditcard,German Credit Card,BILL_AMT1,MCAR_TARGET,MCAR,target,10,202,classical,mice,MICE,,,success,,/Users/janawue/Desktop/Masterthesis/master/data/raw/default_of_credit_card_clients.csv,/Users/janawue/Desktop/Masterthesis/master/data/processed/MCAR/german_credit_mcar_billamt1_10pct.csv,3000,16587.021665398857,0.2398352789199064,0.4329423749586567,,/Users/janawue/Desktop/Masterthesis/master/data/results/benchmark_local_classical_runs_mice_mean.csv,classical_run_csv,
R000689,2026-05-22T09:45:47.882612+00:00,creditcard,German Credit Card,BILL_AMT1,MCAR_TARGET,MCAR,target,10,202,classical,missforest,MissForest,,,success,,/Users/janawue/Desktop/Masterthesis/master/data/raw/default_of_credit_card_clients.csv,/Users/janawue/Desktop/Masterthesis/master/data/processed/MCAR/german_credit_mcar_billamt1_10pct.csv,3000,17403.214918979334,0.2516367910041021,4.462182708957698,,/Users/janawue/Desktop/Masterthesis/master/data/results/benchmark_local_classical_missforest_final.csv,classical_run_csv,
R000690,2026-06-02T13:50:56.926422+00:00,creditcard,German Credit Card,BILL_AMT1,MCAR_TARGET,MCAR,target,10,202,classical,dae,DAE,,,success,,/Users/janawue/Desktop/Masterthesis/master/data/raw/default_of_credit_card_clients.csv,/Users/janawue/Desktop/Masterthesis/master/data/processed/MCAR/german_credit_mcar_billamt1_10pct.csv,3000,20085.69071344832,0.290423279822913,19.057800541981123,,/Users/janawue/Desktop/Masterthesis/master/data/results/benchmark_local_classical_dae_final.csv,classical_run_csv,
R000687,2026-06-10T14:32:09.149679+00:00,creditcard,German Credit Card,BILL_AMT1,MCAR_TARGET,MCAR,target,10,202,classical,medianmode,Median/Mode,,,success,,/Users/janawue/Desktop/Masterthesis/master/data/raw/default_of_credit_card_clients.csv,/Users/janawue/Desktop/Masterthesis/master/data/processed/MCAR/german_credit_mcar_billamt1_10pct.csv,3000,74208.67643528394,1.0729990573449606,0.1312134579056874,,/Users/janawue/Desktop/Masterthesis/master/data/results/benchmark_local_classical_medianmode_final.csv,classical_run_csv,
R000691,2026-05-20T13:36:39.976243+00:00,creditcard,German Credit Card,BILL_AMT1,MCAR_TARGET,MCAR,target,10,303,classical,meanmode,Mean/Mode,,,success,,/Users/janawue/Desktop/Masterthesis/master/data/raw/default_of_credit_card_clients.csv,/Users/janawue/Desktop/Masterthesis/master/data/processed/MCAR/german_credit_mcar_billamt1_10pct.csv,3000,69190.93023459395,1.0004463963628996,0.0639437499921768,,/Users/janawue/Desktop/Masterthesis/master/data/results/benchmark_local_classical_runs_mice_mean.csv,classical_run_csv,
R000693,2026-05-20T14:16:38.736690+00:00,creditcard,German Credit Card,BILL_AMT1,MCAR_TARGET,MCAR,target,10,303,classical,mice,MICE,,,success,,/Users/janawue/Desktop/Masterthesis/master/data/raw/default_of_credit_card_clients.csv,/Users/janawue/Desktop/Masterthesis/master/data/processed/MCAR/german_credit_mcar_billamt1_10pct.csv,3000,16587.021665398857,0.2398352789199064,0.441071625042241,,/Users/janawue/Desktop/Masterthesis/master/data/results/benchmark_local_classical_runs_mice_mean.csv,classical_run_csv,
R000694,2026-05-22T09:45:52.262164+00:00,creditcard,German Credit Card,BILL_AMT1,MCAR_TARGET,MCAR,target,10,303,classical,missforest,MissForest,,,success,,/Users/janawue/Desktop/Masterthesis/master/data/raw/default_of_credit_card_clients.csv,/Users/janawue/Desktop/Masterthesis/master/data/processed/MCAR/german_credit_mcar_billamt1_10pct.csv,3000,17353.868287092053,0.250923277543929,4.379588833020534,,/Users/janawue/Desktop/Masterthesis/master/data/results/benchmark_local_classical_missforest_final.csv,classical_run_csv,
R000695,2026-06-02T13:51:15.574106+00:00,creditcard,German Credit Card,BILL_AMT1,MCAR_TARGET,MCAR,target,10,303,classical,dae,DAE,,,success,,/Users/janawue/Desktop/Masterthesis/master/data/raw/default_of_credit_card_clients.csv,/Users/janawue/Desktop/Masterthesis/master/data/processed/MCAR/german_credit_mcar_billamt1_10pct.csv,3000,19472.348396644953,0.2815548326362324,18.64787583303405,,/Users/janawue/Desktop/Masterthesis/master/data/results/benchmark_local_classical_dae_final.csv,classical_run_csv,
R000692,2026-06-10T14:32:09.283425+00:00,creditcard,German Credit Card,BILL_AMT1,MCAR_TARGET,MCAR,target,10,303,classical,medianmode,Median/Mode,,,success,,/Users/janawue/Desktop/Masterthesis/master/data/raw/default_of_credit_card_clients.csv,/Users/janawue/Desktop/Masterthesis/master/data/processed/MCAR/german_credit_mcar_billamt1_10pct.csv,3000,74208.67643528394,1.0729990573449606,0.1337061250815168,,/Users/janawue/Desktop/Masterthesis/master/data/results/benchmark_local_classical_medianmode_final.csv,classical_run_csv,
R000696,2026-05-20T13:36:40.039879+00:00,creditcard,German Credit Card,BILL_AMT1,MCAR_TARGET,MCAR,target,10,404,classical,meanmode,Mean/Mode,,,success,,/Users/janawue/Desktop/Masterthesis/master/data/raw/default_of_credit_card_clients.csv,/Users/janawue/Desktop/Masterthesis/master/data/processed/MCAR/german_credit_mcar_billamt1_10pct.csv,3000,69190.93023459395,1.0004463963628996,0.0636137500405311,,/Users/janawue/Desktop/Masterthesis/master/data/results/benchmark_local_classical_runs_mice_mean.csv,classical_run_csv,
R000698,2026-05-20T14:16:39.220813+00:00,creditcard,German Credit Card,BILL_AMT1,MCAR_TARGET,MCAR,target,10,404,classical,mice,MICE,,,success,,/Users/janawue/Desktop/Masterthesis/master/data/raw/default_of_credit_card_clients.csv,/Users/janawue/Desktop/Masterthesis/master/data/processed/MCAR/german_credit_mcar_billamt1_10pct.csv,3000,16587.021665398857,0.2398352789199064,0.4841080000041984,,/Users/janawue/Desktop/Masterthesis/master/data/results/benchmark_local_classical_runs_mice_mean.csv,classical_run_csv,
R000699,2026-05-22T09:45:56.673204+00:00,creditcard,German Credit Card,BILL_AMT1,MCAR_TARGET,MCAR,target,10,404,classical,missforest,MissForest,,,success,,/Users/janawue/Desktop/Masterthesis/master/data/raw/default_of_credit_card_clients.csv,/Users/janawue/Desktop/Masterthesis/master/data/processed/MCAR/german_credit_mcar_billamt1_10pct.csv,3000,17401.127579741777,0.2516066097215103,4.411079417041037,,/Users/janawue/Desktop/Masterthesis/master/data/results/benchmark_local_classical_missforest_final.csv,classical_run_csv,
R000700,2026-06-02T13:51:34.948844+00:00,creditcard,German Credit Card,BILL_AMT1,MCAR_TARGET,MCAR,target,10,404,classical,dae,DAE,,,success,,/Users/janawue/Desktop/Masterthesis/master/data/raw/default_of_credit_card_clients.csv,/Users/janawue/Desktop/Masterthesis/master/data/processed/MCAR/german_credit_mcar_billamt1_10pct.csv,3000,19666.07639810216,0.2843559870689783,19.374941209040117,,/Users/janawue/Desktop/Masterthesis/master/data/results/benchmark_local_classical_dae_final.csv,classical_run_csv,
R000697,2026-06-10T14:32:09.416823+00:00,creditcard,German Credit Card,BILL_AMT1,MCAR_TARGET,MCAR,target,10,404,classical,medianmode,Median/Mode,,,success,,/Users/janawue/Desktop/Masterthesis/master/data/raw/default_of_credit_card_clients.csv,/Users/janawue/Desktop/Masterthesis/master/data/processed/MCAR/german_credit_mcar_billamt1_10pct.csv,3000,74208.67643528394,1.0729990573449606,0.1333498329622671,,/Users/janawue/Desktop/Masterthesis/master/data/results/benchmark_local_classical_medianmode_final.csv,classical_run_csv,
R000701,2026-05-20T13:36:40.104010+00:00,creditcard,German Credit Card,BILL_AMT1,MCAR_TARGET,MCAR,target,10,505,classical,meanmode,Mean/Mode,,,success,,/Users/janawue/Desktop/Masterthesis/master/data/raw/default_of_credit_card_clients.csv,/Users/janawue/Desktop/Masterthesis/master/data/processed/MCAR/german_credit_mcar_billamt1_10pct.csv,3000,69190.93023459395,1.0004463963628996,0.0641004579956643,,/Users/janawue/Desktop/Masterthesis/master/data/results/benchmark_local_classical_runs_mice_mean.csv,classical_run_csv,
R000703,2026-05-20T14:16:39.648872+00:00,creditcard,German Credit Card,BILL_AMT1,MCAR_TARGET,MCAR,target,10,505,classical,mice,MICE,,,success,,/Users/janawue/Desktop/Masterthesis/master/data/raw/default_of_credit_card_clients.csv,/Users/janawue/Desktop/Masterthesis/master/data/processed/MCAR/german_credit_mcar_billamt1_10pct.csv,3000,16587.021665398857,0.2398352789199064,0.4280437499983236,,/Users/janawue/Desktop/Masterthesis/master/data/results/benchmark_local_classical_runs_mice_mean.csv,classical_run_csv,
R000704,2026-05-22T09:46:00.013121+00:00,creditcard,German Credit Card,BILL_AMT1,MCAR_TARGET,MCAR,target,10,505,classical,missforest,MissForest,,,success,,/Users/janawue/Desktop/Masterthesis/master/data/raw/default_of_credit_card_clients.csv,/Users/janawue/Desktop/Masterthesis/master/data/processed/MCAR/german_credit_mcar_billamt1_10pct.csv,3000,17354.534178105117,0.2509329058039066,3.3399382079951465,,/Users/janawue/Desktop/Masterthesis/master/data/results/benchmark_local_classical_missforest_final.csv,classical_run_csv,
R000705,2026-06-02T13:51:53.038463+00:00,creditcard,German Credit Card,BILL_AMT1,MCAR_TARGET,MCAR,target,10,505,classical,dae,DAE,,,success,,/Users/janawue/Desktop/Masterthesis/master/data/raw/default_of_credit_card_clients.csv,/Users/janawue/Desktop/Masterthesis/master/data/processed/MCAR/german_credit_mcar_billamt1_10pct.csv,3000,20199.942835496466,0.2920752755887211,18.089813209022395,,/Users/janawue/Desktop/Masterthesis/master/data/results/benchmark_local_classical_dae_final.csv,classical_run_csv,
R000702,2026-06-10T14:32:09.554980+00:00,creditcard,German Credit Card,BILL_AMT1,MCAR_TARGET,MCAR,target,10,505,classical,medianmode,Median/Mode,,,success,,/Users/janawue/Desktop/Masterthesis/master/data/raw/default_of_credit_card_clients.csv,/Users/janawue/Desktop/Masterthesis/master/data/processed/MCAR/german_credit_mcar_billamt1_10pct.csv,3000,74208.67643528394,1.0729990573449606,0.1381088329944759,,/Users/janawue/Desktop/Masterthesis/master/data/results/benchmark_local_classical_medianmode_final.csv,classical_run_csv,
R000715,2026-05-20T13:36:40.169553+00:00,creditcard,German Credit Card,BILL_AMT1,MCAR_TARGET,MCAR,target,15,42,classical,meanmode,Mean/Mode,,,success,,/Users/janawue/Desktop/Masterthesis/master/data/raw/default_of_credit_card_clients.csv,/Users/janawue/Desktop/Masterthesis/master/data/processed/MCAR/german_credit_mcar_billamt1_15pct.csv,4500,73155.44360907447,1.0000198689159543,0.0655230830307118,,/Users/janawue/Desktop/Masterthesis/master/data/results/benchmark_local_classical_runs_mice_mean.csv,classical_run_csv,
R000717,2026-05-20T14:16:40.090421+00:00,creditcard,German Credit Card,BILL_AMT1,MCAR_TARGET,MCAR,target,15,42,classical,mice,MICE,,,success,,/Users/janawue/Desktop/Masterthesis/master/data/raw/default_of_credit_card_clients.csv,/Users/janawue/Desktop/Masterthesis/master/data/processed/MCAR/german_credit_mcar_billamt1_15pct.csv,4500,19520.204539013783,0.2668371815039582,0.4415322919958271,,/Users/janawue/Desktop/Masterthesis/master/data/results/benchmark_local_classical_runs_mice_mean.csv,classical_run_csv,
R000718,2026-05-22T09:46:04.435085+00:00,creditcard,German Credit Card,BILL_AMT1,MCAR_TARGET,MCAR,target,15,42,classical,missforest,MissForest,,,success,,/Users/janawue/Desktop/Masterthesis/master/data/raw/default_of_credit_card_clients.csv,/Users/janawue/Desktop/Masterthesis/master/data/processed/MCAR/german_credit_mcar_billamt1_15pct.csv,4500,19848.600985532164,0.27132629338953,4.42200216697529,,/Users/janawue/Desktop/Masterthesis/master/data/results/benchmark_local_classical_missforest_final.csv,classical_run_csv,
R000719,2026-06-02T13:52:12.316005+00:00,creditcard,German Credit Card,BILL_AMT1,MCAR_TARGET,MCAR,target,15,42,classical,dae,DAE,,,success,,/Users/janawue/Desktop/Masterthesis/master/data/raw/default_of_credit_card_clients.csv,/Users/janawue/Desktop/Masterthesis/master/data/processed/MCAR/german_credit_mcar_billamt1_15pct.csv,4500,22214.49507543446,0.3036675790264015,19.277761375007685,,/Users/janawue/Desktop/Masterthesis/master/data/results/benchmark_local_classical_dae_final.csv,classical_run_csv,
R000716,2026-06-10T14:32:09.695046+00:00,creditcard,German Credit Card,BILL_AMT1,MCAR_TARGET,MCAR,target,15,42,classical,medianmode,Median/Mode,,,success,,/Users/janawue/Desktop/Masterthesis/master/data/raw/default_of_credit_card_clients.csv,/Users/janawue/Desktop/Masterthesis/master/data/processed/MCAR/german_credit_mcar_billamt1_15pct.csv,4500,78784.5103157312,1.0769680531165866,0.1400124169886112,,/Users/janawue/Desktop/Masterthesis/master/data/results/benchmark_local_classical_medianmode_final.csv,classical_run_csv,
R000720,2026-05-20T13:36:40.234208+00:00,creditcard,German Credit Card,BILL_AMT1,MCAR_TARGET,MCAR,target,15,202,classical,meanmode,Mean/Mode,,,success,,/Users/janawue/Desktop/Masterthesis/master/data/raw/default_of_credit_card_clients.csv,/Users/janawue/Desktop/Masterthesis/master/data/processed/MCAR/german_credit_mcar_billamt1_15pct.csv,4500,73155.44360907447,1.0000198689159543,0.0646283749956637,,/Users/janawue/Desktop/Masterthesis/master/data/results/benchmark_local_classical_runs_mice_mean.csv,classical_run_csv,
R000722,2026-05-20T14:16:40.526263+00:00,creditcard,German Credit Card,BILL_AMT1,MCAR_TARGET,MCAR,target,15,202,classical,mice,MICE,,,success,,/Users/janawue/Desktop/Masterthesis/master/data/raw/default_of_credit_card_clients.csv,/Users/janawue/Desktop/Masterthesis/master/data/processed/MCAR/german_credit_mcar_billamt1_15pct.csv,4500,19520.204539013783,0.2668371815039582,0.4358228329801932,,/Users/janawue/Desktop/Masterthesis/master/data/results/benchmark_local_classical_runs_mice_mean.csv,classical_run_csv,
R000723,2026-05-22T09:46:07.686776+00:00,creditcard,German Credit Card,BILL_AMT1,MCAR_TARGET,MCAR,target,15,202,classical,missforest,MissForest,,,success,,/Users/janawue/Desktop/Masterthesis/master/data/raw/default_of_credit_card_clients.csv,/Users/janawue/Desktop/Masterthesis/master/data/processed/MCAR/german_credit_mcar_billamt1_15pct.csv,4500,19708.65304368872,0.2694132338063607,3.2517123330035247,,/Users/janawue/Desktop/Masterthesis/master/data/results/benchmark_local_classical_missforest_final.csv,classical_run_csv,
R000724,2026-06-02T13:52:30.743586+00:00,creditcard,German Credit Card,BILL_AMT1,MCAR_TARGET,MCAR,target,15,202,classical,dae,DAE,,,success,,/Users/janawue/Desktop/Masterthesis/master/data/raw/default_of_credit_card_clients.csv,/Users/janawue/Desktop/Masterthesis/master/data/processed/MCAR/german_credit_mcar_billamt1_15pct.csv,4500,21942.345632023666,0.2999473521054966,18.42775316699408,,/Users/janawue/Desktop/Masterthesis/master/data/results/benchmark_local_classical_dae_final.csv,classical_run_csv,
R000721,2026-06-10T14:32:09.835320+00:00,creditcard,German Credit Card,BILL_AMT1,MCAR_TARGET,MCAR,target,15,202,classical,medianmode,Median/Mode,,,success,,/Users/janawue/Desktop/Masterthesis/master/data/raw/default_of_credit_card_clients.csv,/Users/janawue/Desktop/Masterthesis/master/data/processed/MCAR/german_credit_mcar_billamt1_15pct.csv,4500,78784.5103157312,1.0769680531165866,0.1402332499856129,,/Users/janawue/Desktop/Masterthesis/master/data/results/benchmark_local_classical_medianmode_final.csv,classical_run_csv,
R000725,2026-05-20T13:36:40.298210+00:00,creditcard,German Credit Card,BILL_AMT1,MCAR_TARGET,MCAR,target,15,303,classical,meanmode,Mean/Mode,,,success,,/Users/janawue/Desktop/Masterthesis/master/data/raw/default_of_credit_card_clients.csv,/Users/janawue/Desktop/Masterthesis/master/data/processed/MCAR/german_credit_mcar_billamt1_15pct.csv,4500,73155.44360907447,1.0000198689159543,0.063980208011344,,/Users/janawue/Desktop/Masterthesis/master/data/results/benchmark_local_classical_runs_mice_mean.csv,classical_run_csv,
R000727,2026-05-20T14:16:40.991765+00:00,creditcard,German Credit Card,BILL_AMT1,MCAR_TARGET,MCAR,target,15,303,classical,mice,MICE,,,success,,/Users/janawue/Desktop/Masterthesis/master/data/raw/default_of_credit_card_clients.csv,/Users/janawue/Desktop/Masterthesis/master/data/processed/MCAR/german_credit_mcar_billamt1_15pct.csv,4500,19520.204539013783,0.2668371815039582,0.465483917039819,,/Users/janawue/Desktop/Masterthesis/master/data/results/benchmark_local_classical_runs_mice_mean.csv,classical_run_csv,
R000728,2026-05-22T09:46:11.940212+00:00,creditcard,German Credit Card,BILL_AMT1,MCAR_TARGET,MCAR,target,15,303,classical,missforest,MissForest,,,success,,/Users/janawue/Desktop/Masterthesis/master/data/raw/default_of_credit_card_clients.csv,/Users/janawue/Desktop/Masterthesis/master/data/processed/MCAR/german_credit_mcar_billamt1_15pct.csv,4500,19774.61681454947,0.2703149449878536,4.253472457989119,,/Users/janawue/Desktop/Masterthesis/master/data/results/benchmark_local_classical_missforest_final.csv,classical_run_csv,
R000729,2026-06-02T13:52:49.897212+00:00,creditcard,German Credit Card,BILL_AMT1,MCAR_TARGET,MCAR,target,15,303,classical,dae,DAE,,,success,,/Users/janawue/Desktop/Masterthesis/master/data/raw/default_of_credit_card_clients.csv,/Users/janawue/Desktop/Masterthesis/master/data/processed/MCAR/german_credit_mcar_billamt1_15pct.csv,4500,22206.07921710411,0.3035525359738393,19.15383229200961,,/Users/janawue/Desktop/Masterthesis/master/data/results/benchmark_local_classical_dae_final.csv,classical_run_csv,
R000726,2026-06-10T14:32:09.975070+00:00,creditcard,German Credit Card,BILL_AMT1,MCAR_TARGET,MCAR,target,15,303,classical,medianmode,Median/Mode,,,success,,/Users/janawue/Desktop/Masterthesis/master/data/raw/default_of_credit_card_clients.csv,/Users/janawue/Desktop/Masterthesis/master/data/processed/MCAR/german_credit_mcar_billamt1_15pct.csv,4500,78784.5103157312,1.0769680531165866,0.1397050420055166,,/Users/janawue/Desktop/Masterthesis/master/data/results/benchmark_local_classical_medianmode_final.csv,classical_run_csv,
R000730,2026-05-20T13:36:40.359996+00:00,creditcard,German Credit Card,BILL_AMT1,MCAR_TARGET,MCAR,target,15,404,classical,meanmode,Mean/Mode,,,success,,/Users/janawue/Desktop/Masterthesis/master/data/raw/default_of_credit_card_clients.csv,/Users/janawue/Desktop/Masterthesis/master/data/processed/MCAR/german_credit_mcar_billamt1_15pct.csv,4500,73155.44360907447,1.0000198689159543,0.0617597500095143,,/Users/janawue/Desktop/Masterthesis/master/data/results/benchmark_local_classical_runs_mice_mean.csv,classical_run_csv,
R000732,2026-05-20T14:16:41.422529+00:00,creditcard,German Credit Card,BILL_AMT1,MCAR_TARGET,MCAR,target,15,404,classical,mice,MICE,,,success,,/Users/janawue/Desktop/Masterthesis/master/data/raw/default_of_credit_card_clients.csv,/Users/janawue/Desktop/Masterthesis/master/data/processed/MCAR/german_credit_mcar_billamt1_15pct.csv,4500,19520.204539013783,0.2668371815039582,0.4307473329827189,,/Users/janawue/Desktop/Masterthesis/master/data/results/benchmark_local_classical_runs_mice_mean.csv,classical_run_csv,
R000733,2026-05-22T09:46:16.242313+00:00,creditcard,German Credit Card,BILL_AMT1,MCAR_TARGET,MCAR,target,15,404,classical,missforest,MissForest,,,success,,/Users/janawue/Desktop/Masterthesis/master/data/raw/default_of_credit_card_clients.csv,/Users/janawue/Desktop/Masterthesis/master/data/processed/MCAR/german_credit_mcar_billamt1_15pct.csv,4500,19880.950995931096,0.2717685113785486,4.302135041973088,,/Users/janawue/Desktop/Masterthesis/master/data/results/benchmark_local_classical_missforest_final.csv,classical_run_csv,
R000734,2026-06-02T13:53:09.144928+00:00,creditcard,German Credit Card,BILL_AMT1,MCAR_TARGET,MCAR,target,15,404,classical,dae,DAE,,,success,,/Users/janawue/Desktop/Masterthesis/master/data/raw/default_of_credit_card_clients.csv,/Users/janawue/Desktop/Masterthesis/master/data/processed/MCAR/german_credit_mcar_billamt1_15pct.csv,4500,21996.225318526136,0.3006838763390364,19.247928166994825,,/Users/janawue/Desktop/Masterthesis/master/data/results/benchmark_local_classical_dae_final.csv,classical_run_csv,
R000731,2026-06-10T14:32:10.111234+00:00,creditcard,German Credit Card,BILL_AMT1,MCAR_TARGET,MCAR,target,15,404,classical,medianmode,Median/Mode,,,success,,/Users/janawue/Desktop/Masterthesis/master/data/raw/default_of_credit_card_clients.csv,/Users/janawue/Desktop/Masterthesis/master/data/processed/MCAR/german_credit_mcar_billamt1_15pct.csv,4500,78784.5103157312,1.0769680531165866,0.136123750009574,,/Users/janawue/Desktop/Masterthesis/master/data/results/benchmark_local_classical_medianmode_final.csv,classical_run_csv,
R000735,2026-05-20T13:36:40.423606+00:00,creditcard,German Credit Card,BILL_AMT1,MCAR_TARGET,MCAR,target,15,505,classical,meanmode,Mean/Mode,,,success,,/Users/janawue/Desktop/Masterthesis/master/data/raw/default_of_credit_card_clients.csv,/Users/janawue/Desktop/Masterthesis/master/data/processed/MCAR/german_credit_mcar_billamt1_15pct.csv,4500,73155.44360907447,1.0000198689159543,0.0635857920278795,,/Users/janawue/Desktop/Masterthesis/master/data/results/benchmark_local_classical_runs_mice_mean.csv,classical_run_csv,
R000737,2026-05-20T14:16:41.916268+00:00,creditcard,German Credit Card,BILL_AMT1,MCAR_TARGET,MCAR,target,15,505,classical,mice,MICE,,,success,,/Users/janawue/Desktop/Masterthesis/master/data/raw/default_of_credit_card_clients.csv,/Users/janawue/Desktop/Masterthesis/master/data/processed/MCAR/german_credit_mcar_billamt1_15pct.csv,4500,19520.204539013783,0.2668371815039582,0.4937217499827966,,/Users/janawue/Desktop/Masterthesis/master/data/results/benchmark_local_classical_runs_mice_mean.csv,classical_run_csv,
R000738,2026-05-22T09:46:19.488211+00:00,creditcard,German Credit Card,BILL_AMT1,MCAR_TARGET,MCAR,target,15,505,classical,missforest,MissForest,,,success,,/Users/janawue/Desktop/Masterthesis/master/data/raw/default_of_credit_card_clients.csv,/Users/janawue/Desktop/Masterthesis/master/data/processed/MCAR/german_credit_mcar_billamt1_15pct.csv,4500,19836.299179349106,0.2711581302290091,3.2459206659696065,,/Users/janawue/Desktop/Masterthesis/master/data/results/benchmark_local_classical_missforest_final.csv,classical_run_csv,
R000739,2026-06-02T13:53:28.439209+00:00,creditcard,German Credit Card,BILL_AMT1,MCAR_TARGET,MCAR,target,15,505,classical,dae,DAE,,,success,,/Users/janawue/Desktop/Masterthesis/master/data/raw/default_of_credit_card_clients.csv,/Users/janawue/Desktop/Masterthesis/master/data/processed/MCAR/german_credit_mcar_billamt1_15pct.csv,4500,21754.11522536181,0.2973742811580787,19.29447462502867,,/Users/janawue/Desktop/Masterthesis/master/data/results/benchmark_local_classical_dae_final.csv,classical_run_csv,
R000736,2026-06-10T14:32:10.243737+00:00,creditcard,German Credit Card,BILL_AMT1,MCAR_TARGET,MCAR,target,15,505,classical,medianmode,Median/Mode,,,success,,/Users/janawue/Desktop/Masterthesis/master/data/raw/default_of_credit_card_clients.csv,/Users/janawue/Desktop/Masterthesis/master/data/processed/MCAR/german_credit_mcar_billamt1_15pct.csv,4500,78784.5103157312,1.0769680531165866,0.1324662090046331,,/Users/janawue/Desktop/Masterthesis/master/data/results/benchmark_local_classical_medianmode_final.csv,classical_run_csv,
R000613,2026-05-20T13:36:39.194187+00:00,creditcard,German Credit Card,BILL_AMT1,MNAR_TARGET,MNAR,target,10,42,classical,meanmode,Mean/Mode,,,success,,/Users/janawue/Desktop/Masterthesis/master/data/raw/default_of_credit_card_clients.csv,/Users/janawue/Desktop/Masterthesis/master/data/processed/MNAR/german_credit_mnar_billamt1_10pct.csv,3000,96470.04603516147,1.0850506608559651,0.0669745419872924,,/Users/janawue/Desktop/Masterthesis/master/data/results/benchmark_local_classical_runs_mice_mean.csv,classical_run_csv,
R000615,2026-05-20T14:16:33.585597+00:00,creditcard,German Credit Card,BILL_AMT1,MNAR_TARGET,MNAR,target,10,42,classical,mice,MICE,,,success,,/Users/janawue/Desktop/Masterthesis/master/data/raw/default_of_credit_card_clients.csv,/Users/janawue/Desktop/Masterthesis/master/data/processed/MNAR/german_credit_mnar_billamt1_10pct.csv,3000,25324.17885603952,0.2848347039594563,0.4350533329998143,,/Users/janawue/Desktop/Masterthesis/master/data/results/benchmark_local_classical_runs_mice_mean.csv,classical_run_csv,
R000616,2026-05-22T09:44:36.439980+00:00,creditcard,German Credit Card,BILL_AMT1,MNAR_TARGET,MNAR,target,10,42,classical,missforest,MissForest,,,success,,/Users/janawue/Desktop/Masterthesis/master/data/raw/default_of_credit_card_clients.csv,/Users/janawue/Desktop/Masterthesis/master/data/processed/MNAR/german_credit_mnar_billamt1_10pct.csv,3000,26470.962107412513,0.2977331939664714,10.421557875000872,,/Users/janawue/Desktop/Masterthesis/master/data/results/benchmark_local_classical_missforest_final.csv,classical_run_csv,
R000617,2026-06-02T13:47:30.986240+00:00,creditcard,German Credit Card,BILL_AMT1,MNAR_TARGET,MNAR,target,10,42,classical,dae,DAE,,,success,,/Users/janawue/Desktop/Masterthesis/master/data/raw/default_of_credit_card_clients.csv,/Users/janawue/Desktop/Masterthesis/master/data/processed/MNAR/german_credit_mnar_billamt1_10pct.csv,3000,28276.489453390495,0.3180409342492207,18.216839500004426,,/Users/janawue/Desktop/Masterthesis/master/data/results/benchmark_local_classical_dae_final.csv,classical_run_csv,
R000614,2026-06-10T14:32:07.658156+00:00,creditcard,German Credit Card,BILL_AMT1,MNAR_TARGET,MNAR,target,10,42,classical,medianmode,Median/Mode,,,success,,/Users/janawue/Desktop/Masterthesis/master/data/raw/default_of_credit_card_clients.csv,/Users/janawue/Desktop/Masterthesis/master/data/processed/MNAR/german_credit_mnar_billamt1_10pct.csv,3000,110454.2173301726,1.2423381809598155,0.1372154169948771,,/Users/janawue/Desktop/Masterthesis/master/data/results/benchmark_local_classical_medianmode_final.csv,classical_run_csv,
R000618,2026-05-20T13:36:39.258793+00:00,creditcard,German Credit Card,BILL_AMT1,MNAR_TARGET,MNAR,target,10,202,classical,meanmode,Mean/Mode,,,success,,/Users/janawue/Desktop/Masterthesis/master/data/raw/default_of_credit_card_clients.csv,/Users/janawue/Desktop/Masterthesis/master/data/processed/MNAR/german_credit_mnar_billamt1_10pct.csv,3000,96470.04603516147,1.0850506608559651,0.0645829169661738,,/Users/janawue/Desktop/Masterthesis/master/data/results/benchmark_local_classical_runs_mice_mean.csv,classical_run_csv,
R000620,2026-05-20T14:16:34.022663+00:00,creditcard,German Credit Card,BILL_AMT1,MNAR_TARGET,MNAR,target,10,202,classical,mice,MICE,,,success,,/Users/janawue/Desktop/Masterthesis/master/data/raw/default_of_credit_card_clients.csv,/Users/janawue/Desktop/Masterthesis/master/data/processed/MNAR/german_credit_mnar_billamt1_10pct.csv,3000,25324.17885603952,0.2848347039594563,0.437051041983068,,/Users/janawue/Desktop/Masterthesis/master/data/results/benchmark_local_classical_runs_mice_mean.csv,classical_run_csv,
R000621,2026-05-22T09:44:40.697943+00:00,creditcard,German Credit Card,BILL_AMT1,MNAR_TARGET,MNAR,target,10,202,classical,missforest,MissForest,,,success,,/Users/janawue/Desktop/Masterthesis/master/data/raw/default_of_credit_card_clients.csv,/Users/janawue/Desktop/Masterthesis/master/data/processed/MNAR/german_credit_mnar_billamt1_10pct.csv,3000,26404.23027708871,0.2969826250638032,4.257995292020496,,/Users/janawue/Desktop/Masterthesis/master/data/results/benchmark_local_classical_missforest_final.csv,classical_run_csv,
R000622,2026-06-02T13:47:48.782314+00:00,creditcard,German Credit Card,BILL_AMT1,MNAR_TARGET,MNAR,target,10,202,classical,dae,DAE,,,success,,/Users/janawue/Desktop/Masterthesis/master/data/raw/default_of_credit_card_clients.csv,/Users/janawue/Desktop/Masterthesis/master/data/processed/MNAR/german_credit_mnar_billamt1_10pct.csv,3000,28768.022484966015,0.3235694714756792,17.796260125003755,,/Users/janawue/Desktop/Masterthesis/master/data/results/benchmark_local_classical_dae_final.csv,classical_run_csv,
R000619,2026-06-10T14:32:07.793296+00:00,creditcard,German Credit Card,BILL_AMT1,MNAR_TARGET,MNAR,target,10,202,classical,medianmode,Median/Mode,,,success,,/Users/janawue/Desktop/Masterthesis/master/data/raw/default_of_credit_card_clients.csv,/Users/janawue/Desktop/Masterthesis/master/data/processed/MNAR/german_credit_mnar_billamt1_10pct.csv,3000,110454.2173301726,1.2423381809598155,0.1350986660690978,,/Users/janawue/Desktop/Masterthesis/master/data/results/benchmark_local_classical_medianmode_final.csv,classical_run_csv,
R000623,2026-05-20T13:36:39.326316+00:00,creditcard,German Credit Card,BILL_AMT1,MNAR_TARGET,MNAR,target,10,303,classical,meanmode,Mean/Mode,,,success,,/Users/janawue/Desktop/Masterthesis/master/data/raw/default_of_credit_card_clients.csv,/Users/janawue/Desktop/Masterthesis/master/data/processed/MNAR/german_credit_mnar_billamt1_10pct.csv,3000,96470.04603516147,1.0850506608559651,0.0674988750251941,,/Users/janawue/Desktop/Masterthesis/master/data/results/benchmark_local_classical_runs_mice_mean.csv,classical_run_csv,
R000625,2026-05-20T14:16:34.461970+00:00,creditcard,German Credit Card,BILL_AMT1,MNAR_TARGET,MNAR,target,10,303,classical,mice,MICE,,,success,,/Users/janawue/Desktop/Masterthesis/master/data/raw/default_of_credit_card_clients.csv,/Users/janawue/Desktop/Masterthesis/master/data/processed/MNAR/german_credit_mnar_billamt1_10pct.csv,3000,25324.17885603952,0.2848347039594563,0.4392871250165626,,/Users/janawue/Desktop/Masterthesis/master/data/results/benchmark_local_classical_runs_mice_mean.csv,classical_run_csv,
R000626,2026-05-22T09:44:51.282832+00:00,creditcard,German Credit Card,BILL_AMT1,MNAR_TARGET,MNAR,target,10,303,classical,missforest,MissForest,,,success,,/Users/janawue/Desktop/Masterthesis/master/data/raw/default_of_credit_card_clients.csv,/Users/janawue/Desktop/Masterthesis/master/data/processed/MNAR/german_credit_mnar_billamt1_10pct.csv,3000,26315.14540929254,0.2959806394874796,10.585009041999,,/Users/janawue/Desktop/Masterthesis/master/data/results/benchmark_local_classical_missforest_final.csv,classical_run_csv,
R000627,2026-06-02T13:48:07.147229+00:00,creditcard,German Credit Card,BILL_AMT1,MNAR_TARGET,MNAR,target,10,303,classical,dae,DAE,,,success,,/Users/janawue/Desktop/Masterthesis/master/data/raw/default_of_credit_card_clients.csv,/Users/janawue/Desktop/Masterthesis/master/data/processed/MNAR/german_credit_mnar_billamt1_10pct.csv,3000,28948.173154405573,0.3255957232601739,18.36510895896936,,/Users/janawue/Desktop/Masterthesis/master/data/results/benchmark_local_classical_dae_final.csv,classical_run_csv,
R000624,2026-06-10T14:32:07.925532+00:00,creditcard,German Credit Card,BILL_AMT1,MNAR_TARGET,MNAR,target,10,303,classical,medianmode,Median/Mode,,,success,,/Users/janawue/Desktop/Masterthesis/master/data/raw/default_of_credit_card_clients.csv,/Users/janawue/Desktop/Masterthesis/master/data/processed/MNAR/german_credit_mnar_billamt1_10pct.csv,3000,110454.2173301726,1.2423381809598155,0.1321909999242052,,/Users/janawue/Desktop/Masterthesis/master/data/results/benchmark_local_classical_medianmode_final.csv,classical_run_csv,
R000628,2026-05-20T13:36:39.396202+00:00,creditcard,German Credit Card,BILL_AMT1,MNAR_TARGET,MNAR,target,10,404,classical,meanmode,Mean/Mode,,,success,,/Users/janawue/Desktop/Masterthesis/master/data/raw/default_of_credit_card_clients.csv,/Users/janawue/Desktop/Masterthesis/master/data/processed/MNAR/german_credit_mnar_billamt1_10pct.csv,3000,96470.04603516147,1.0850506608559651,0.0698613749700598,,/Users/janawue/Desktop/Masterthesis/master/data/results/benchmark_local_classical_runs_mice_mean.csv,classical_run_csv,
R000630,2026-05-20T14:16:34.884380+00:00,creditcard,German Credit Card,BILL_AMT1,MNAR_TARGET,MNAR,target,10,404,classical,mice,MICE,,,success,,/Users/janawue/Desktop/Masterthesis/master/data/raw/default_of_credit_card_clients.csv,/Users/janawue/Desktop/Masterthesis/master/data/processed/MNAR/german_credit_mnar_billamt1_10pct.csv,3000,25324.17885603952,0.2848347039594563,0.4223892079899087,,/Users/janawue/Desktop/Masterthesis/master/data/results/benchmark_local_classical_runs_mice_mean.csv,classical_run_csv,
R000631,2026-05-22T09:44:58.601962+00:00,creditcard,German Credit Card,BILL_AMT1,MNAR_TARGET,MNAR,target,10,404,classical,missforest,MissForest,,,success,,/Users/janawue/Desktop/Masterthesis/master/data/raw/default_of_credit_card_clients.csv,/Users/janawue/Desktop/Masterthesis/master/data/processed/MNAR/german_credit_mnar_billamt1_10pct.csv,3000,26522.30628740404,0.2983106896630176,7.319208583037835,,/Users/janawue/Desktop/Masterthesis/master/data/results/benchmark_local_classical_missforest_final.csv,classical_run_csv,
R000632,2026-06-02T13:48:25.008132+00:00,creditcard,German Credit Card,BILL_AMT1,MNAR_TARGET,MNAR,target,10,404,classical,dae,DAE,,,success,,/Users/janawue/Desktop/Masterthesis/master/data/raw/default_of_credit_card_clients.csv,/Users/janawue/Desktop/Masterthesis/master/data/processed/MNAR/german_credit_mnar_billamt1_10pct.csv,3000,28792.187462096834,0.3238412680123556,17.861093583982438,,/Users/janawue/Desktop/Masterthesis/master/data/results/benchmark_local_classical_dae_final.csv,classical_run_csv,
R000629,2026-06-10T14:32:08.060215+00:00,creditcard,German Credit Card,BILL_AMT1,MNAR_TARGET,MNAR,target,10,404,classical,medianmode,Median/Mode,,,success,,/Users/janawue/Desktop/Masterthesis/master/data/raw/default_of_credit_card_clients.csv,/Users/janawue/Desktop/Masterthesis/master/data/processed/MNAR/german_credit_mnar_billamt1_10pct.csv,3000,110454.2173301726,1.2423381809598155,0.1346411249833181,,/Users/janawue/Desktop/Masterthesis/master/data/results/benchmark_local_classical_medianmode_final.csv,classical_run_csv,
R000633,2026-05-20T13:36:39.459208+00:00,creditcard,German Credit Card,BILL_AMT1,MNAR_TARGET,MNAR,target,10,505,classical,meanmode,Mean/Mode,,,success,,/Users/janawue/Desktop/Masterthesis/master/data/raw/default_of_credit_card_clients.csv,/Users/janawue/Desktop/Masterthesis/master/data/processed/MNAR/german_credit_mnar_billamt1_10pct.csv,3000,96470.04603516147,1.0850506608559651,0.0629804579657502,,/Users/janawue/Desktop/Masterthesis/master/data/results/benchmark_local_classical_runs_mice_mean.csv,classical_run_csv,
R000635,2026-05-20T14:16:35.308270+00:00,creditcard,German Credit Card,BILL_AMT1,MNAR_TARGET,MNAR,target,10,505,classical,mice,MICE,,,success,,/Users/janawue/Desktop/Masterthesis/master/data/raw/default_of_credit_card_clients.csv,/Users/janawue/Desktop/Masterthesis/master/data/processed/MNAR/german_credit_mnar_billamt1_10pct.csv,3000,25324.17885603952,0.2848347039594563,0.4238732079975307,,/Users/janawue/Desktop/Masterthesis/master/data/results/benchmark_local_classical_runs_mice_mean.csv,classical_run_csv,
R000636,2026-05-22T09:45:09.830926+00:00,creditcard,German Credit Card,BILL_AMT1,MNAR_TARGET,MNAR,target,10,505,classical,missforest,MissForest,,,success,,/Users/janawue/Desktop/Masterthesis/master/data/raw/default_of_credit_card_clients.csv,/Users/janawue/Desktop/Masterthesis/master/data/processed/MNAR/german_credit_mnar_billamt1_10pct.csv,3000,26499.07537967159,0.2980493991088679,11.229095416958444,,/Users/janawue/Desktop/Masterthesis/master/data/results/benchmark_local_classical_missforest_final.csv,classical_run_csv,
R000637,2026-06-02T13:48:43.463875+00:00,creditcard,German Credit Card,BILL_AMT1,MNAR_TARGET,MNAR,target,10,505,classical,dae,DAE,,,success,,/Users/janawue/Desktop/Masterthesis/master/data/raw/default_of_credit_card_clients.csv,/Users/janawue/Desktop/Masterthesis/master/data/processed/MNAR/german_credit_mnar_billamt1_10pct.csv,3000,27677.89051271023,0.3113081689726698,18.455934500030708,,/Users/janawue/Desktop/Masterthesis/master/data/results/benchmark_local_classical_dae_final.csv,classical_run_csv,
R000634,2026-06-10T14:32:08.195725+00:00,creditcard,German Credit Card,BILL_AMT1,MNAR_TARGET,MNAR,target,10,505,classical,medianmode,Median/Mode,,,success,,/Users/janawue/Desktop/Masterthesis/master/data/raw/default_of_credit_card_clients.csv,/Users/janawue/Desktop/Masterthesis/master/data/processed/MNAR/german_credit_mnar_billamt1_10pct.csv,3000,110454.2173301726,1.2423381809598155,0.1354771250626072,,/Users/janawue/Desktop/Masterthesis/master/data/results/benchmark_local_classical_medianmode_final.csv,classical_run_csv,
R000647,2026-05-20T13:36:39.524202+00:00,creditcard,German Credit Card,BILL_AMT1,MNAR_TARGET,MNAR,target,15,42,classical,meanmode,Mean/Mode,,,success,,/Users/janawue/Desktop/Masterthesis/master/data/raw/default_of_credit_card_clients.csv,/Users/janawue/Desktop/Masterthesis/master/data/processed/MNAR/german_credit_mnar_billamt1_15pct.csv,4500,96051.6893531187,1.0861895300164055,0.0649769160081632,,/Users/janawue/Desktop/Masterthesis/master/data/results/benchmark_local_classical_runs_mice_mean.csv,classical_run_csv,
R000649,2026-05-20T14:16:35.734394+00:00,creditcard,German Credit Card,BILL_AMT1,MNAR_TARGET,MNAR,target,15,42,classical,mice,MICE,,,success,,/Users/janawue/Desktop/Masterthesis/master/data/raw/default_of_credit_card_clients.csv,/Users/janawue/Desktop/Masterthesis/master/data/processed/MNAR/german_credit_mnar_billamt1_15pct.csv,4500,24706.070928858186,0.2793857739670992,0.426107375009451,,/Users/janawue/Desktop/Masterthesis/master/data/results/benchmark_local_classical_runs_mice_mean.csv,classical_run_csv,
R000650,2026-05-22T09:45:12.860541+00:00,creditcard,German Credit Card,BILL_AMT1,MNAR_TARGET,MNAR,target,15,42,classical,missforest,MissForest,,,success,,/Users/janawue/Desktop/Masterthesis/master/data/raw/default_of_credit_card_clients.csv,/Users/janawue/Desktop/Masterthesis/master/data/processed/MNAR/german_credit_mnar_billamt1_15pct.csv,4500,26050.452321380908,0.2945885569971682,3.0296265829820186,,/Users/janawue/Desktop/Masterthesis/master/data/results/benchmark_local_classical_missforest_final.csv,classical_run_csv,
R000651,2026-06-02T13:49:02.850499+00:00,creditcard,German Credit Card,BILL_AMT1,MNAR_TARGET,MNAR,target,15,42,classical,dae,DAE,,,success,,/Users/janawue/Desktop/Masterthesis/master/data/raw/default_of_credit_card_clients.csv,/Users/janawue/Desktop/Masterthesis/master/data/processed/MNAR/german_credit_mnar_billamt1_15pct.csv,4500,28295.46300128023,0.3199760031910282,19.38688904198352,,/Users/janawue/Desktop/Masterthesis/master/data/results/benchmark_local_classical_dae_final.csv,classical_run_csv,
R000648,2026-06-10T14:32:08.336903+00:00,creditcard,German Credit Card,BILL_AMT1,MNAR_TARGET,MNAR,target,15,42,classical,medianmode,Median/Mode,,,success,,/Users/janawue/Desktop/Masterthesis/master/data/raw/default_of_credit_card_clients.csv,/Users/janawue/Desktop/Masterthesis/master/data/processed/MNAR/german_credit_mnar_billamt1_15pct.csv,4500,109604.31061041247,1.239447795572068,0.1411508329911157,,/Users/janawue/Desktop/Masterthesis/master/data/results/benchmark_local_classical_medianmode_final.csv,classical_run_csv,
R000652,2026-05-20T13:36:39.592216+00:00,creditcard,German Credit Card,BILL_AMT1,MNAR_TARGET,MNAR,target,15,202,classical,meanmode,Mean/Mode,,,success,,/Users/janawue/Desktop/Masterthesis/master/data/raw/default_of_credit_card_clients.csv,/Users/janawue/Desktop/Masterthesis/master/data/processed/MNAR/german_credit_mnar_billamt1_15pct.csv,4500,96051.6893531187,1.0861895300164055,0.0679874169873073,,/Users/janawue/Desktop/Masterthesis/master/data/results/benchmark_local_classical_runs_mice_mean.csv,classical_run_csv,
R000654,2026-05-20T14:16:36.159143+00:00,creditcard,German Credit Card,BILL_AMT1,MNAR_TARGET,MNAR,target,15,202,classical,mice,MICE,,,success,,/Users/janawue/Desktop/Masterthesis/master/data/raw/default_of_credit_card_clients.csv,/Users/janawue/Desktop/Masterthesis/master/data/processed/MNAR/german_credit_mnar_billamt1_15pct.csv,4500,24706.070928858186,0.2793857739670992,0.4247302079456858,,/Users/janawue/Desktop/Masterthesis/master/data/results/benchmark_local_classical_runs_mice_mean.csv,classical_run_csv,
R000655,2026-05-22T09:45:18.979580+00:00,creditcard,German Credit Card,BILL_AMT1,MNAR_TARGET,MNAR,target,15,202,classical,missforest,MissForest,,,success,,/Users/janawue/Desktop/Masterthesis/master/data/raw/default_of_credit_card_clients.csv,/Users/janawue/Desktop/Masterthesis/master/data/processed/MNAR/german_credit_mnar_billamt1_15pct.csv,4500,25964.367145678298,0.2936150726454871,6.1191152080427855,,/Users/janawue/Desktop/Masterthesis/master/data/results/benchmark_local_classical_missforest_final.csv,classical_run_csv,
R000656,2026-06-02T13:49:22.040785+00:00,creditcard,German Credit Card,BILL_AMT1,MNAR_TARGET,MNAR,target,15,202,classical,dae,DAE,,,success,,/Users/janawue/Desktop/Masterthesis/master/data/raw/default_of_credit_card_clients.csv,/Users/janawue/Desktop/Masterthesis/master/data/processed/MNAR/german_credit_mnar_billamt1_15pct.csv,4500,29583.526977867394,0.3345419271719878,19.190402542008087,,/Users/janawue/Desktop/Masterthesis/master/data/results/benchmark_local_classical_dae_final.csv,classical_run_csv,
R000653,2026-06-10T14:32:08.470686+00:00,creditcard,German Credit Card,BILL_AMT1,MNAR_TARGET,MNAR,target,15,202,classical,medianmode,Median/Mode,,,success,,/Users/janawue/Desktop/Masterthesis/master/data/raw/default_of_credit_card_clients.csv,/Users/janawue/Desktop/Masterthesis/master/data/processed/MNAR/german_credit_mnar_billamt1_15pct.csv,4500,109604.31061041247,1.239447795572068,0.1336984999943524,,/Users/janawue/Desktop/Masterthesis/master/data/results/benchmark_local_classical_medianmode_final.csv,classical_run_csv,
R000657,2026-05-20T13:36:39.656931+00:00,creditcard,German Credit Card,BILL_AMT1,MNAR_TARGET,MNAR,target,15,303,classical,meanmode,Mean/Mode,,,success,,/Users/janawue/Desktop/Masterthesis/master/data/raw/default_of_credit_card_clients.csv,/Users/janawue/Desktop/Masterthesis/master/data/processed/MNAR/german_credit_mnar_billamt1_15pct.csv,4500,96051.6893531187,1.0861895300164055,0.0646927499910816,,/Users/janawue/Desktop/Masterthesis/master/data/results/benchmark_local_classical_runs_mice_mean.csv,classical_run_csv,
R000659,2026-05-20T14:16:36.581594+00:00,creditcard,German Credit Card,BILL_AMT1,MNAR_TARGET,MNAR,target,15,303,classical,mice,MICE,,,success,,/Users/janawue/Desktop/Masterthesis/master/data/raw/default_of_credit_card_clients.csv,/Users/janawue/Desktop/Masterthesis/master/data/processed/MNAR/german_credit_mnar_billamt1_15pct.csv,4500,24706.070928858186,0.2793857739670992,0.4224351250450127,,/Users/janawue/Desktop/Masterthesis/master/data/results/benchmark_local_classical_runs_mice_mean.csv,classical_run_csv,
R000660,2026-05-22T09:45:22.063095+00:00,creditcard,German Credit Card,BILL_AMT1,MNAR_TARGET,MNAR,target,15,303,classical,missforest,MissForest,,,success,,/Users/janawue/Desktop/Masterthesis/master/data/raw/default_of_credit_card_clients.csv,/Users/janawue/Desktop/Masterthesis/master/data/processed/MNAR/german_credit_mnar_billamt1_15pct.csv,4500,25961.615912543886,0.2935839606406347,3.0835243749897927,,/Users/janawue/Desktop/Masterthesis/master/data/results/benchmark_local_classical_missforest_final.csv,classical_run_csv,
R000661,2026-06-02T13:49:41.193557+00:00,creditcard,German Credit Card,BILL_AMT1,MNAR_TARGET,MNAR,target,15,303,classical,dae,DAE,,,success,,/Users/janawue/Desktop/Masterthesis/master/data/raw/default_of_credit_card_clients.csv,/Users/janawue/Desktop/Masterthesis/master/data/processed/MNAR/german_credit_mnar_billamt1_15pct.csv,4500,27924.763977064897,0.3157839957250302,19.1529687079601,,/Users/janawue/Desktop/Masterthesis/master/data/results/benchmark_local_classical_dae_final.csv,classical_run_csv,
R000658,2026-06-10T14:32:08.621297+00:00,creditcard,German Credit Card,BILL_AMT1,MNAR_TARGET,MNAR,target,15,303,classical,medianmode,Median/Mode,,,success,,/Users/janawue/Desktop/Masterthesis/master/data/raw/default_of_credit_card_clients.csv,/Users/janawue/Desktop/Masterthesis/master/data/processed/MNAR/german_credit_mnar_billamt1_15pct.csv,4500,109604.31061041247,1.239447795572068,0.1505742919398471,,/Users/janawue/Desktop/Masterthesis/master/data/results/benchmark_local_classical_medianmode_final.csv,classical_run_csv,
R000662,2026-05-20T13:36:39.718953+00:00,creditcard,German Credit Card,BILL_AMT1,MNAR_TARGET,MNAR,target,15,404,classical,meanmode,Mean/Mode,,,success,,/Users/janawue/Desktop/Masterthesis/master/data/raw/default_of_credit_card_clients.csv,/Users/janawue/Desktop/Masterthesis/master/data/processed/MNAR/german_credit_mnar_billamt1_15pct.csv,4500,96051.6893531187,1.0861895300164055,0.062000458012335,,/Users/janawue/Desktop/Masterthesis/master/data/results/benchmark_local_classical_runs_mice_mean.csv,classical_run_csv,
R000664,2026-05-20T14:16:37.008199+00:00,creditcard,German Credit Card,BILL_AMT1,MNAR_TARGET,MNAR,target,15,404,classical,mice,MICE,,,success,,/Users/janawue/Desktop/Masterthesis/master/data/raw/default_of_credit_card_clients.csv,/Users/janawue/Desktop/Masterthesis/master/data/processed/MNAR/german_credit_mnar_billamt1_15pct.csv,4500,24706.070928858186,0.2793857739670992,0.426588291011285,,/Users/janawue/Desktop/Masterthesis/master/data/results/benchmark_local_classical_runs_mice_mean.csv,classical_run_csv,
R000665,2026-05-22T09:45:28.331290+00:00,creditcard,German Credit Card,BILL_AMT1,MNAR_TARGET,MNAR,target,15,404,classical,missforest,MissForest,,,success,,/Users/janawue/Desktop/Masterthesis/master/data/raw/default_of_credit_card_clients.csv,/Users/janawue/Desktop/Masterthesis/master/data/processed/MNAR/german_credit_mnar_billamt1_15pct.csv,4500,26286.140343130883,0.2972538080021136,6.268285292026121,,/Users/janawue/Desktop/Masterthesis/master/data/results/benchmark_local_classical_missforest_final.csv,classical_run_csv,
R000666,2026-06-02T13:49:59.622771+00:00,creditcard,German Credit Card,BILL_AMT1,MNAR_TARGET,MNAR,target,15,404,classical,dae,DAE,,,success,,/Users/janawue/Desktop/Masterthesis/master/data/raw/default_of_credit_card_clients.csv,/Users/janawue/Desktop/Masterthesis/master/data/processed/MNAR/german_credit_mnar_billamt1_15pct.csv,4500,28967.08778558071,0.3275709951554566,18.429408583033364,,/Users/janawue/Desktop/Masterthesis/master/data/results/benchmark_local_classical_dae_final.csv,classical_run_csv,
R000663,2026-06-10T14:32:08.751537+00:00,creditcard,German Credit Card,BILL_AMT1,MNAR_TARGET,MNAR,target,15,404,classical,medianmode,Median/Mode,,,success,,/Users/janawue/Desktop/Masterthesis/master/data/raw/default_of_credit_card_clients.csv,/Users/janawue/Desktop/Masterthesis/master/data/processed/MNAR/german_credit_mnar_billamt1_15pct.csv,4500,109604.31061041247,1.239447795572068,0.1301764170639217,,/Users/janawue/Desktop/Masterthesis/master/data/results/benchmark_local_classical_medianmode_final.csv,classical_run_csv,
R000667,2026-05-20T13:36:39.782056+00:00,creditcard,German Credit Card,BILL_AMT1,MNAR_TARGET,MNAR,target,15,505,classical,meanmode,Mean/Mode,,,success,,/Users/janawue/Desktop/Masterthesis/master/data/raw/default_of_credit_card_clients.csv,/Users/janawue/Desktop/Masterthesis/master/data/processed/MNAR/german_credit_mnar_billamt1_15pct.csv,4500,96051.6893531187,1.0861895300164055,0.0630703749484382,,/Users/janawue/Desktop/Masterthesis/master/data/results/benchmark_local_classical_runs_mice_mean.csv,classical_run_csv,
R000669,2026-05-20T14:16:37.436454+00:00,creditcard,German Credit Card,BILL_AMT1,MNAR_TARGET,MNAR,target,15,505,classical,mice,MICE,,,success,,/Users/janawue/Desktop/Masterthesis/master/data/raw/default_of_credit_card_clients.csv,/Users/janawue/Desktop/Masterthesis/master/data/processed/MNAR/german_credit_mnar_billamt1_15pct.csv,4500,24706.070928858186,0.2793857739670992,0.4282402920071035,,/Users/janawue/Desktop/Masterthesis/master/data/results/benchmark_local_classical_runs_mice_mean.csv,classical_run_csv,
R000670,2026-05-22T09:45:39.897951+00:00,creditcard,German Credit Card,BILL_AMT1,MNAR_TARGET,MNAR,target,15,505,classical,missforest,MissForest,,,success,,/Users/janawue/Desktop/Masterthesis/master/data/raw/default_of_credit_card_clients.csv,/Users/janawue/Desktop/Masterthesis/master/data/processed/MNAR/german_credit_mnar_billamt1_15pct.csv,4500,25982.52240796265,0.2938203793500414,11.566734875028487,,/Users/janawue/Desktop/Masterthesis/master/data/results/benchmark_local_classical_missforest_final.csv,classical_run_csv,
R000671,2026-06-02T13:50:18.426585+00:00,creditcard,German Credit Card,BILL_AMT1,MNAR_TARGET,MNAR,target,15,505,classical,dae,DAE,,,success,,/Users/janawue/Desktop/Masterthesis/master/data/raw/default_of_credit_card_clients.csv,/Users/janawue/Desktop/Masterthesis/master/data/processed/MNAR/german_credit_mnar_billamt1_15pct.csv,4500,29010.409941887738,0.3280608987991648,18.804015917005017,,/Users/janawue/Desktop/Masterthesis/master/data/results/benchmark_local_classical_dae_final.csv,classical_run_csv,
R000668,2026-06-10T14:32:08.883626+00:00,creditcard,German Credit Card,BILL_AMT1,MNAR_TARGET,MNAR,target,15,505,classical,medianmode,Median/Mode,,,success,,/Users/janawue/Desktop/Masterthesis/master/data/raw/default_of_credit_card_clients.csv,/Users/janawue/Desktop/Masterthesis/master/data/processed/MNAR/german_credit_mnar_billamt1_15pct.csv,4500,109604.31061041247,1.239447795572068,0.1320556250866502,,/Users/janawue/Desktop/Masterthesis/master/data/results/benchmark_local_classical_medianmode_final.csv,classical_run_csv,
R000273,2026-05-20T13:36:38.252618+00:00,statlog,German Statlog,X2,MAR_TARGET,MAR,target,10,42,classical,meanmode,Mean/Mode,,,success,,/Users/janawue/Desktop/Masterthesis/master/data/raw/german_statlog_numeric.csv,/Users/janawue/Desktop/Masterthesis/master/data/processed/MAR/german_statlog_numeric_mar_duration_creditamount_10pct.csv,100,12.11591566270082,1.01308635837113,0.0063021249952726,,/Users/janawue/Desktop/Masterthesis/master/data/results/benchmark_local_classical_runs_mice_mean.csv,classical_run_csv,
R000275,2026-05-20T14:16:26.143689+00:00,statlog,German Statlog,X2,MAR_TARGET,MAR,target,10,42,classical,mice,MICE,,,success,,/Users/janawue/Desktop/Masterthesis/master/data/raw/german_statlog_numeric.csv,/Users/janawue/Desktop/Masterthesis/master/data/processed/MAR/german_statlog_numeric_mar_duration_creditamount_10pct.csv,100,10.148876400246428,0.8486100861148131,0.0434587919735349,,/Users/janawue/Desktop/Masterthesis/master/data/results/benchmark_local_classical_runs_mice_mean.csv,classical_run_csv,
R000276,2026-05-22T09:40:36.816944+00:00,statlog,German Statlog,X2,MAR_TARGET,MAR,target,10,42,classical,missforest,MissForest,,,success,,/Users/janawue/Desktop/Masterthesis/master/data/raw/german_statlog_numeric.csv,/Users/janawue/Desktop/Masterthesis/master/data/processed/MAR/german_statlog_numeric_mar_duration_creditamount_10pct.csv,100,9.306519180123146,0.7781754089232676,0.9172610000241548,,/Users/janawue/Desktop/Masterthesis/master/data/results/benchmark_local_classical_missforest_final.csv,classical_run_csv,
R000277,2026-06-02T13:43:31.403151+00:00,statlog,German Statlog,X2,MAR_TARGET,MAR,target,10,42,classical,dae,DAE,,,success,,/Users/janawue/Desktop/Masterthesis/master/data/raw/german_statlog_numeric.csv,/Users/janawue/Desktop/Masterthesis/master/data/processed/MAR/german_statlog_numeric_mar_duration_creditamount_10pct.csv,100,9.429983924142256,0.7884990568742521,0.6411630000220612,,/Users/janawue/Desktop/Masterthesis/master/data/results/benchmark_local_classical_dae_final.csv,classical_run_csv,
R000274,2026-06-10T14:32:05.768594+00:00,statlog,German Statlog,X2,MAR_TARGET,MAR,target,10,42,classical,medianmode,Median/Mode,,,success,,/Users/janawue/Desktop/Masterthesis/master/data/raw/german_statlog_numeric.csv,/Users/janawue/Desktop/Masterthesis/master/data/processed/MAR/german_statlog_numeric_mar_duration_creditamount_10pct.csv,100,12.831601614763452,1.0729292703802156,0.0127731669927015,,/Users/janawue/Desktop/Masterthesis/master/data/results/benchmark_local_classical_medianmode_final.csv,classical_run_csv,
R000278,2026-05-20T13:36:38.257399+00:00,statlog,German Statlog,X2,MAR_TARGET,MAR,target,10,202,classical,meanmode,Mean/Mode,,,success,,/Users/janawue/Desktop/Masterthesis/master/data/raw/german_statlog_numeric.csv,/Users/janawue/Desktop/Masterthesis/master/data/processed/MAR/german_statlog_numeric_mar_duration_creditamount_10pct.csv,100,12.11591566270082,1.01308635837113,0.0047535420162603,,/Users/janawue/Desktop/Masterthesis/master/data/results/benchmark_local_classical_runs_mice_mean.csv,classical_run_csv,
R000280,2026-05-20T14:16:26.184531+00:00,statlog,German Statlog,X2,MAR_TARGET,MAR,target,10,202,classical,mice,MICE,,,success,,/Users/janawue/Desktop/Masterthesis/master/data/raw/german_statlog_numeric.csv,/Users/janawue/Desktop/Masterthesis/master/data/processed/MAR/german_statlog_numeric_mar_duration_creditamount_10pct.csv,100,10.148876400246428,0.8486100861148131,0.0408192080212757,,/Users/janawue/Desktop/Masterthesis/master/data/results/benchmark_local_classical_runs_mice_mean.csv,classical_run_csv,
R000281,2026-05-22T09:40:37.707389+00:00,statlog,German Statlog,X2,MAR_TARGET,MAR,target,10,202,classical,missforest,MissForest,,,success,,/Users/janawue/Desktop/Masterthesis/master/data/raw/german_statlog_numeric.csv,/Users/janawue/Desktop/Masterthesis/master/data/processed/MAR/german_statlog_numeric_mar_duration_creditamount_10pct.csv,100,9.460384822511186,0.7910410632959876,0.8904280840069987,,/Users/janawue/Desktop/Masterthesis/master/data/results/benchmark_local_classical_missforest_final.csv,classical_run_csv,
R000282,2026-06-02T13:43:32.017998+00:00,statlog,German Statlog,X2,MAR_TARGET,MAR,target,10,202,classical,dae,DAE,,,success,,/Users/janawue/Desktop/Masterthesis/master/data/raw/german_statlog_numeric.csv,/Users/janawue/Desktop/Masterthesis/master/data/processed/MAR/german_statlog_numeric_mar_duration_creditamount_10pct.csv,100,9.496923467799297,0.7940962845541466,0.6148293330334127,,/Users/janawue/Desktop/Masterthesis/master/data/results/benchmark_local_classical_dae_final.csv,classical_run_csv,
R000279,2026-06-10T14:32:05.780115+00:00,statlog,German Statlog,X2,MAR_TARGET,MAR,target,10,202,classical,medianmode,Median/Mode,,,success,,/Users/janawue/Desktop/Masterthesis/master/data/raw/german_statlog_numeric.csv,/Users/janawue/Desktop/Masterthesis/master/data/processed/MAR/german_statlog_numeric_mar_duration_creditamount_10pct.csv,100,12.831601614763452,1.0729292703802156,0.0114805420162156,,/Users/janawue/Desktop/Masterthesis/master/data/results/benchmark_local_classical_medianmode_final.csv,classical_run_csv,
R000283,2026-05-20T13:36:38.262274+00:00,statlog,German Statlog,X2,MAR_TARGET,MAR,target,10,303,classical,meanmode,Mean/Mode,,,success,,/Users/janawue/Desktop/Masterthesis/master/data/raw/german_statlog_numeric.csv,/Users/janawue/Desktop/Masterthesis/master/data/processed/MAR/german_statlog_numeric_mar_duration_creditamount_10pct.csv,100,12.11591566270082,1.01308635837113,0.0048591249505989,,/Users/janawue/Desktop/Masterthesis/master/data/results/benchmark_local_classical_runs_mice_mean.csv,classical_run_csv,
R000285,2026-05-20T14:16:26.224931+00:00,statlog,German Statlog,X2,MAR_TARGET,MAR,target,10,303,classical,mice,MICE,,,success,,/Users/janawue/Desktop/Masterthesis/master/data/raw/german_statlog_numeric.csv,/Users/janawue/Desktop/Masterthesis/master/data/processed/MAR/german_statlog_numeric_mar_duration_creditamount_10pct.csv,100,10.148876400246428,0.8486100861148131,0.0403801669599488,,/Users/janawue/Desktop/Masterthesis/master/data/results/benchmark_local_classical_runs_mice_mean.csv,classical_run_csv,
R000286,2026-05-22T09:40:38.645999+00:00,statlog,German Statlog,X2,MAR_TARGET,MAR,target,10,303,classical,missforest,MissForest,,,success,,/Users/janawue/Desktop/Masterthesis/master/data/raw/german_statlog_numeric.csv,/Users/janawue/Desktop/Masterthesis/master/data/processed/MAR/german_statlog_numeric_mar_duration_creditamount_10pct.csv,100,9.438917549168442,0.7892460523054514,0.9386054589995184,,/Users/janawue/Desktop/Masterthesis/master/data/results/benchmark_local_classical_missforest_final.csv,classical_run_csv,
R000287,2026-06-02T13:43:32.677944+00:00,statlog,German Statlog,X2,MAR_TARGET,MAR,target,10,303,classical,dae,DAE,,,success,,/Users/janawue/Desktop/Masterthesis/master/data/raw/german_statlog_numeric.csv,/Users/janawue/Desktop/Masterthesis/master/data/processed/MAR/german_statlog_numeric_mar_duration_creditamount_10pct.csv,100,9.706210699254123,0.8115960794578762,0.6599312499747612,,/Users/janawue/Desktop/Masterthesis/master/data/results/benchmark_local_classical_dae_final.csv,classical_run_csv,
R000284,2026-06-10T14:32:05.790962+00:00,statlog,German Statlog,X2,MAR_TARGET,MAR,target,10,303,classical,medianmode,Median/Mode,,,success,,/Users/janawue/Desktop/Masterthesis/master/data/raw/german_statlog_numeric.csv,/Users/janawue/Desktop/Masterthesis/master/data/processed/MAR/german_statlog_numeric_mar_duration_creditamount_10pct.csv,100,12.831601614763452,1.0729292703802156,0.010704250074923,,/Users/janawue/Desktop/Masterthesis/master/data/results/benchmark_local_classical_medianmode_final.csv,classical_run_csv,
R000288,2026-05-20T13:36:38.267201+00:00,statlog,German Statlog,X2,MAR_TARGET,MAR,target,10,404,classical,meanmode,Mean/Mode,,,success,,/Users/janawue/Desktop/Masterthesis/master/data/raw/german_statlog_numeric.csv,/Users/janawue/Desktop/Masterthesis/master/data/processed/MAR/german_statlog_numeric_mar_duration_creditamount_10pct.csv,100,12.11591566270082,1.01308635837113,0.0048976250109262,,/Users/janawue/Desktop/Masterthesis/master/data/results/benchmark_local_classical_runs_mice_mean.csv,classical_run_csv,
R000290,2026-05-20T14:16:26.266600+00:00,statlog,German Statlog,X2,MAR_TARGET,MAR,target,10,404,classical,mice,MICE,,,success,,/Users/janawue/Desktop/Masterthesis/master/data/raw/german_statlog_numeric.csv,/Users/janawue/Desktop/Masterthesis/master/data/processed/MAR/german_statlog_numeric_mar_duration_creditamount_10pct.csv,100,10.148876400246428,0.8486100861148131,0.0416452080244198,,/Users/janawue/Desktop/Masterthesis/master/data/results/benchmark_local_classical_runs_mice_mean.csv,classical_run_csv,
R000291,2026-05-22T09:40:39.567222+00:00,statlog,German Statlog,X2,MAR_TARGET,MAR,target,10,404,classical,missforest,MissForest,,,success,,/Users/janawue/Desktop/Masterthesis/master/data/raw/german_statlog_numeric.csv,/Users/janawue/Desktop/Masterthesis/master/data/processed/MAR/german_statlog_numeric_mar_duration_creditamount_10pct.csv,100,9.463376292964623,0.7912911985719518,0.921212083019782,,/Users/janawue/Desktop/Masterthesis/master/data/results/benchmark_local_classical_missforest_final.csv,classical_run_csv,
R000292,2026-06-02T13:43:33.281467+00:00,statlog,German Statlog,X2,MAR_TARGET,MAR,target,10,404,classical,dae,DAE,,,success,,/Users/janawue/Desktop/Masterthesis/master/data/raw/german_statlog_numeric.csv,/Users/janawue/Desktop/Masterthesis/master/data/processed/MAR/german_statlog_numeric_mar_duration_creditamount_10pct.csv,100,9.598607336512082,0.8025986993222237,0.603507166961208,,/Users/janawue/Desktop/Masterthesis/master/data/results/benchmark_local_classical_dae_final.csv,classical_run_csv,
R000289,2026-06-10T14:32:05.801934+00:00,statlog,German Statlog,X2,MAR_TARGET,MAR,target,10,404,classical,medianmode,Median/Mode,,,success,,/Users/janawue/Desktop/Masterthesis/master/data/raw/german_statlog_numeric.csv,/Users/janawue/Desktop/Masterthesis/master/data/processed/MAR/german_statlog_numeric_mar_duration_creditamount_10pct.csv,100,12.831601614763452,1.0729292703802156,0.0109372079605236,,/Users/janawue/Desktop/Masterthesis/master/data/results/benchmark_local_classical_medianmode_final.csv,classical_run_csv,
R000293,2026-05-20T13:36:38.271720+00:00,statlog,German Statlog,X2,MAR_TARGET,MAR,target,10,505,classical,meanmode,Mean/Mode,,,success,,/Users/janawue/Desktop/Masterthesis/master/data/raw/german_statlog_numeric.csv,/Users/janawue/Desktop/Masterthesis/master/data/processed/MAR/german_statlog_numeric_mar_duration_creditamount_10pct.csv,100,12.11591566270082,1.01308635837113,0.0044983339612372,,/Users/janawue/Desktop/Masterthesis/master/data/results/benchmark_local_classical_runs_mice_mean.csv,classical_run_csv,
R000295,2026-05-20T14:16:26.307720+00:00,statlog,German Statlog,X2,MAR_TARGET,MAR,target,10,505,classical,mice,MICE,,,success,,/Users/janawue/Desktop/Masterthesis/master/data/raw/german_statlog_numeric.csv,/Users/janawue/Desktop/Masterthesis/master/data/processed/MAR/german_statlog_numeric_mar_duration_creditamount_10pct.csv,100,10.148876400246428,0.8486100861148131,0.0411000839667394,,/Users/janawue/Desktop/Masterthesis/master/data/results/benchmark_local_classical_runs_mice_mean.csv,classical_run_csv,
R000296,2026-05-22T09:40:40.454672+00:00,statlog,German Statlog,X2,MAR_TARGET,MAR,target,10,505,classical,missforest,MissForest,,,success,,/Users/janawue/Desktop/Masterthesis/master/data/raw/german_statlog_numeric.csv,/Users/janawue/Desktop/Masterthesis/master/data/processed/MAR/german_statlog_numeric_mar_duration_creditamount_10pct.csv,100,9.252116622697748,0.7736264759063562,0.8874372080317698,,/Users/janawue/Desktop/Masterthesis/master/data/results/benchmark_local_classical_missforest_final.csv,classical_run_csv,
R000297,2026-06-02T13:43:33.937612+00:00,statlog,German Statlog,X2,MAR_TARGET,MAR,target,10,505,classical,dae,DAE,,,success,,/Users/janawue/Desktop/Masterthesis/master/data/raw/german_statlog_numeric.csv,/Users/janawue/Desktop/Masterthesis/master/data/processed/MAR/german_statlog_numeric_mar_duration_creditamount_10pct.csv,100,9.634833641017384,0.8056278038431066,0.6561299590393901,,/Users/janawue/Desktop/Masterthesis/master/data/results/benchmark_local_classical_dae_final.csv,classical_run_csv,
R000294,2026-06-10T14:32:05.811991+00:00,statlog,German Statlog,X2,MAR_TARGET,MAR,target,10,505,classical,medianmode,Median/Mode,,,success,,/Users/janawue/Desktop/Masterthesis/master/data/raw/german_statlog_numeric.csv,/Users/janawue/Desktop/Masterthesis/master/data/processed/MAR/german_statlog_numeric_mar_duration_creditamount_10pct.csv,100,12.831601614763452,1.0729292703802156,0.0100108749466016,,/Users/janawue/Desktop/Masterthesis/master/data/results/benchmark_local_classical_medianmode_final.csv,classical_run_csv,
R000307,2026-05-20T13:36:38.277322+00:00,statlog,German Statlog,X2,MAR_TARGET,MAR,target,15,42,classical,meanmode,Mean/Mode,,,success,,/Users/janawue/Desktop/Masterthesis/master/data/raw/german_statlog_numeric.csv,/Users/janawue/Desktop/Masterthesis/master/data/processed/MAR/german_statlog_numeric_mar_duration_creditamount_15pct.csv,150,11.689713831309165,1.0023755185140342,0.0055862920125946,,/Users/janawue/Desktop/Masterthesis/master/data/results/benchmark_local_classical_runs_mice_mean.csv,classical_run_csv,
R000309,2026-05-20T14:16:26.351230+00:00,statlog,German Statlog,X2,MAR_TARGET,MAR,target,15,42,classical,mice,MICE,,,success,,/Users/janawue/Desktop/Masterthesis/master/data/raw/german_statlog_numeric.csv,/Users/janawue/Desktop/Masterthesis/master/data/processed/MAR/german_statlog_numeric_mar_duration_creditamount_15pct.csv,150,9.57730938048454,0.821239988828484,0.0434897090308368,,/Users/janawue/Desktop/Masterthesis/master/data/results/benchmark_local_classical_runs_mice_mean.csv,classical_run_csv,
R000310,2026-05-22T09:40:41.367263+00:00,statlog,German Statlog,X2,MAR_TARGET,MAR,target,15,42,classical,missforest,MissForest,,,success,,/Users/janawue/Desktop/Masterthesis/master/data/raw/german_statlog_numeric.csv,/Users/janawue/Desktop/Masterthesis/master/data/processed/MAR/german_statlog_numeric_mar_duration_creditamount_15pct.csv,150,9.136261735523998,0.7834208113715793,0.9125842080102302,,/Users/janawue/Desktop/Masterthesis/master/data/results/benchmark_local_classical_missforest_final.csv,classical_run_csv,
R000311,2026-06-02T13:43:34.550981+00:00,statlog,German Statlog,X2,MAR_TARGET,MAR,target,15,42,classical,dae,DAE,,,success,,/Users/janawue/Desktop/Masterthesis/master/data/raw/german_statlog_numeric.csv,/Users/janawue/Desktop/Masterthesis/master/data/processed/MAR/german_statlog_numeric_mar_duration_creditamount_15pct.csv,150,9.149086569548052,0.7845205217528792,0.613357416994404,,/Users/janawue/Desktop/Masterthesis/master/data/results/benchmark_local_classical_dae_final.csv,classical_run_csv,
R000308,2026-06-10T14:32:05.825382+00:00,statlog,German Statlog,X2,MAR_TARGET,MAR,target,15,42,classical,medianmode,Median/Mode,,,success,,/Users/janawue/Desktop/Masterthesis/master/data/raw/german_statlog_numeric.csv,/Users/janawue/Desktop/Masterthesis/master/data/processed/MAR/german_statlog_numeric_mar_duration_creditamount_15pct.csv,150,12.201092847227525,1.0462255060873362,0.0133349579991772,,/Users/janawue/Desktop/Masterthesis/master/data/results/benchmark_local_classical_medianmode_final.csv,classical_run_csv,
R000312,2026-05-20T13:36:38.282008+00:00,statlog,German Statlog,X2,MAR_TARGET,MAR,target,15,202,classical,meanmode,Mean/Mode,,,success,,/Users/janawue/Desktop/Masterthesis/master/data/raw/german_statlog_numeric.csv,/Users/janawue/Desktop/Masterthesis/master/data/processed/MAR/german_statlog_numeric_mar_duration_creditamount_15pct.csv,150,11.689713831309165,1.0023755185140342,0.0046607499825768,,/Users/janawue/Desktop/Masterthesis/master/data/results/benchmark_local_classical_runs_mice_mean.csv,classical_run_csv,
R000314,2026-05-20T14:16:26.393006+00:00,statlog,German Statlog,X2,MAR_TARGET,MAR,target,15,202,classical,mice,MICE,,,success,,/Users/janawue/Desktop/Masterthesis/master/data/raw/german_statlog_numeric.csv,/Users/janawue/Desktop/Masterthesis/master/data/processed/MAR/german_statlog_numeric_mar_duration_creditamount_15pct.csv,150,9.57730938048454,0.821239988828484,0.0417569580022245,,/Users/janawue/Desktop/Masterthesis/master/data/results/benchmark_local_classical_runs_mice_mean.csv,classical_run_csv,
R000315,2026-05-22T09:40:42.267200+00:00,statlog,German Statlog,X2,MAR_TARGET,MAR,target,15,202,classical,missforest,MissForest,,,success,,/Users/janawue/Desktop/Masterthesis/master/data/raw/german_statlog_numeric.csv,/Users/janawue/Desktop/Masterthesis/master/data/processed/MAR/german_statlog_numeric_mar_duration_creditamount_15pct.csv,150,9.175067061335302,0.7867483101574801,0.8999190839822404,,/Users/janawue/Desktop/Masterthesis/master/data/results/benchmark_local_classical_missforest_final.csv,classical_run_csv,
R000316,2026-06-02T13:43:35.223212+00:00,statlog,German Statlog,X2,MAR_TARGET,MAR,target,15,202,classical,dae,DAE,,,success,,/Users/janawue/Desktop/Masterthesis/master/data/raw/german_statlog_numeric.csv,/Users/janawue/Desktop/Masterthesis/master/data/processed/MAR/german_statlog_numeric_mar_duration_creditamount_15pct.csv,150,9.379707239156634,0.8042959000568207,0.6722133330185898,,/Users/janawue/Desktop/Masterthesis/master/data/results/benchmark_local_classical_dae_final.csv,classical_run_csv,
R000313,2026-06-10T14:32:05.836511+00:00,statlog,German Statlog,X2,MAR_TARGET,MAR,target,15,202,classical,medianmode,Median/Mode,,,success,,/Users/janawue/Desktop/Masterthesis/master/data/raw/german_statlog_numeric.csv,/Users/janawue/Desktop/Masterthesis/master/data/processed/MAR/german_statlog_numeric_mar_duration_creditamount_15pct.csv,150,12.201092847227525,1.0462255060873362,0.0110808330355212,,/Users/janawue/Desktop/Masterthesis/master/data/results/benchmark_local_classical_medianmode_final.csv,classical_run_csv,
R000317,2026-05-20T13:36:38.286645+00:00,statlog,German Statlog,X2,MAR_TARGET,MAR,target,15,303,classical,meanmode,Mean/Mode,,,success,,/Users/janawue/Desktop/Masterthesis/master/data/raw/german_statlog_numeric.csv,/Users/janawue/Desktop/Masterthesis/master/data/processed/MAR/german_statlog_numeric_mar_duration_creditamount_15pct.csv,150,11.689713831309165,1.0023755185140342,0.0046191660221666,,/Users/janawue/Desktop/Masterthesis/master/data/results/benchmark_local_classical_runs_mice_mean.csv,classical_run_csv,
R000319,2026-05-20T14:16:26.434568+00:00,statlog,German Statlog,X2,MAR_TARGET,MAR,target,15,303,classical,mice,MICE,,,success,,/Users/janawue/Desktop/Masterthesis/master/data/raw/german_statlog_numeric.csv,/Users/janawue/Desktop/Masterthesis/master/data/processed/MAR/german_statlog_numeric_mar_duration_creditamount_15pct.csv,150,9.57730938048454,0.821239988828484,0.0415359589969739,,/Users/janawue/Desktop/Masterthesis/master/data/results/benchmark_local_classical_runs_mice_mean.csv,classical_run_csv,
R000320,2026-05-22T09:40:42.718400+00:00,statlog,German Statlog,X2,MAR_TARGET,MAR,target,15,303,classical,missforest,MissForest,,,success,,/Users/janawue/Desktop/Masterthesis/master/data/raw/german_statlog_numeric.csv,/Users/janawue/Desktop/Masterthesis/master/data/processed/MAR/german_statlog_numeric_mar_duration_creditamount_15pct.csv,150,9.151365970304596,0.7847159769666008,0.4511845830129459,,/Users/janawue/Desktop/Masterthesis/master/data/results/benchmark_local_classical_missforest_final.csv,classical_run_csv,
R000321,2026-06-02T13:43:35.869478+00:00,statlog,German Statlog,X2,MAR_TARGET,MAR,target,15,303,classical,dae,DAE,,,success,,/Users/janawue/Desktop/Masterthesis/master/data/raw/german_statlog_numeric.csv,/Users/janawue/Desktop/Masterthesis/master/data/processed/MAR/german_statlog_numeric_mar_duration_creditamount_15pct.csv,150,9.334485701806452,0.8004182207052541,0.6462518330081366,,/Users/janawue/Desktop/Masterthesis/master/data/results/benchmark_local_classical_dae_final.csv,classical_run_csv,
R000318,2026-06-10T14:32:05.848464+00:00,statlog,German Statlog,X2,MAR_TARGET,MAR,target,15,303,classical,medianmode,Median/Mode,,,success,,/Users/janawue/Desktop/Masterthesis/master/data/raw/german_statlog_numeric.csv,/Users/janawue/Desktop/Masterthesis/master/data/processed/MAR/german_statlog_numeric_mar_duration_creditamount_15pct.csv,150,12.201092847227525,1.0462255060873362,0.0119189169490709,,/Users/janawue/Desktop/Masterthesis/master/data/results/benchmark_local_classical_medianmode_final.csv,classical_run_csv,
R000322,2026-05-20T13:36:38.291747+00:00,statlog,German Statlog,X2,MAR_TARGET,MAR,target,15,404,classical,meanmode,Mean/Mode,,,success,,/Users/janawue/Desktop/Masterthesis/master/data/raw/german_statlog_numeric.csv,/Users/janawue/Desktop/Masterthesis/master/data/processed/MAR/german_statlog_numeric_mar_duration_creditamount_15pct.csv,150,11.689713831309165,1.0023755185140342,0.0050742499879561,,/Users/janawue/Desktop/Masterthesis/master/data/results/benchmark_local_classical_runs_mice_mean.csv,classical_run_csv,
R000324,2026-05-20T14:16:26.476504+00:00,statlog,German Statlog,X2,MAR_TARGET,MAR,target,15,404,classical,mice,MICE,,,success,,/Users/janawue/Desktop/Masterthesis/master/data/raw/german_statlog_numeric.csv,/Users/janawue/Desktop/Masterthesis/master/data/processed/MAR/german_statlog_numeric_mar_duration_creditamount_15pct.csv,150,9.57730938048454,0.821239988828484,0.0419142920291051,,/Users/janawue/Desktop/Masterthesis/master/data/results/benchmark_local_classical_runs_mice_mean.csv,classical_run_csv,
R000325,2026-05-22T09:40:43.632641+00:00,statlog,German Statlog,X2,MAR_TARGET,MAR,target,15,404,classical,missforest,MissForest,,,success,,/Users/janawue/Desktop/Masterthesis/master/data/raw/german_statlog_numeric.csv,/Users/janawue/Desktop/Masterthesis/master/data/processed/MAR/german_statlog_numeric_mar_duration_creditamount_15pct.csv,150,9.174557945754117,0.786704654256058,0.9142268329742363,,/Users/janawue/Desktop/Masterthesis/master/data/results/benchmark_local_classical_missforest_final.csv,classical_run_csv,
R000326,2026-06-02T13:43:36.479123+00:00,statlog,German Statlog,X2,MAR_TARGET,MAR,target,15,404,classical,dae,DAE,,,success,,/Users/janawue/Desktop/Masterthesis/master/data/raw/german_statlog_numeric.csv,/Users/janawue/Desktop/Masterthesis/master/data/processed/MAR/german_statlog_numeric_mar_duration_creditamount_15pct.csv,150,9.43757241764638,0.8092577527702048,0.6096287500113249,,/Users/janawue/Desktop/Masterthesis/master/data/results/benchmark_local_classical_dae_final.csv,classical_run_csv,
R000323,2026-06-10T14:32:05.858634+00:00,statlog,German Statlog,X2,MAR_TARGET,MAR,target,15,404,classical,medianmode,Median/Mode,,,success,,/Users/janawue/Desktop/Masterthesis/master/data/raw/german_statlog_numeric.csv,/Users/janawue/Desktop/Masterthesis/master/data/processed/MAR/german_statlog_numeric_mar_duration_creditamount_15pct.csv,150,12.201092847227525,1.0462255060873362,0.0101157089229673,,/Users/janawue/Desktop/Masterthesis/master/data/results/benchmark_local_classical_medianmode_final.csv,classical_run_csv,
R000327,2026-05-20T13:36:38.296526+00:00,statlog,German Statlog,X2,MAR_TARGET,MAR,target,15,505,classical,meanmode,Mean/Mode,,,success,,/Users/janawue/Desktop/Masterthesis/master/data/raw/german_statlog_numeric.csv,/Users/janawue/Desktop/Masterthesis/master/data/processed/MAR/german_statlog_numeric_mar_duration_creditamount_15pct.csv,150,11.689713831309165,1.0023755185140342,0.0047547499998472,,/Users/janawue/Desktop/Masterthesis/master/data/results/benchmark_local_classical_runs_mice_mean.csv,classical_run_csv,
R000329,2026-05-20T14:16:26.517639+00:00,statlog,German Statlog,X2,MAR_TARGET,MAR,target,15,505,classical,mice,MICE,,,success,,/Users/janawue/Desktop/Masterthesis/master/data/raw/german_statlog_numeric.csv,/Users/janawue/Desktop/Masterthesis/master/data/processed/MAR/german_statlog_numeric_mar_duration_creditamount_15pct.csv,150,9.57730938048454,0.821239988828484,0.0411162080126814,,/Users/janawue/Desktop/Masterthesis/master/data/results/benchmark_local_classical_runs_mice_mean.csv,classical_run_csv,
R000330,2026-05-22T09:40:44.523227+00:00,statlog,German Statlog,X2,MAR_TARGET,MAR,target,15,505,classical,missforest,MissForest,,,success,,/Users/janawue/Desktop/Masterthesis/master/data/raw/german_statlog_numeric.csv,/Users/janawue/Desktop/Masterthesis/master/data/processed/MAR/german_statlog_numeric_mar_duration_creditamount_15pct.csv,150,8.979350524026406,0.7699659091168891,0.8905786670511588,,/Users/janawue/Desktop/Masterthesis/master/data/results/benchmark_local_classical_missforest_final.csv,classical_run_csv,
R000331,2026-06-02T13:43:37.133427+00:00,statlog,German Statlog,X2,MAR_TARGET,MAR,target,15,505,classical,dae,DAE,,,success,,/Users/janawue/Desktop/Masterthesis/master/data/raw/german_statlog_numeric.csv,/Users/janawue/Desktop/Masterthesis/master/data/processed/MAR/german_statlog_numeric_mar_duration_creditamount_15pct.csv,150,9.451209382984972,0.8104271021999248,0.6542869580443949,,/Users/janawue/Desktop/Masterthesis/master/data/results/benchmark_local_classical_dae_final.csv,classical_run_csv,
R000328,2026-06-10T14:32:05.868410+00:00,statlog,German Statlog,X2,MAR_TARGET,MAR,target,15,505,classical,medianmode,Median/Mode,,,success,,/Users/janawue/Desktop/Masterthesis/master/data/raw/german_statlog_numeric.csv,/Users/janawue/Desktop/Masterthesis/master/data/processed/MAR/german_statlog_numeric_mar_duration_creditamount_15pct.csv,150,12.201092847227525,1.0462255060873362,0.0097372910240665,,/Users/janawue/Desktop/Masterthesis/master/data/results/benchmark_local_classical_medianmode_final.csv,classical_run_csv,
R000477,2026-05-20T13:36:38.401315+00:00,statlog,German Statlog,X2,MCAR_GLOBAL,MCAR,global,10,42,classical,meanmode,Mean/Mode,,,success,,/Users/janawue/Desktop/Masterthesis/master/data/raw/german_statlog_numeric.csv,/Users/janawue/Desktop/Masterthesis/master/data/processed/MCAR/german_statlog_numeric_mcar_10pct.csv,81,13.06570579436888,1.0012127837261526,0.00588308298029,,/Users/janawue/Desktop/Masterthesis/master/data/results/benchmark_local_classical_runs_mice_mean.csv,classical_run_csv,
R000479,2026-05-20T14:16:27.466313+00:00,statlog,German Statlog,X2,MCAR_GLOBAL,MCAR,global,10,42,classical,mice,MICE,,,success,,/Users/janawue/Desktop/Masterthesis/master/data/raw/german_statlog_numeric.csv,/Users/janawue/Desktop/Masterthesis/master/data/processed/MCAR/german_statlog_numeric_mcar_10pct.csv,81,10.369708823845835,0.7946210638254952,0.124567124992609,,/Users/janawue/Desktop/Masterthesis/master/data/results/benchmark_local_classical_runs_mice_mean.csv,classical_run_csv,
R000480,2026-05-22T09:41:13.153244+00:00,statlog,German Statlog,X2,MCAR_GLOBAL,MCAR,global,10,42,classical,missforest,MissForest,,,success,,/Users/janawue/Desktop/Masterthesis/master/data/raw/german_statlog_numeric.csv,/Users/janawue/Desktop/Masterthesis/master/data/processed/MCAR/german_statlog_numeric_mcar_10pct.csv,81,10.606355609774154,0.8127550851350255,10.560215624980628,,/Users/janawue/Desktop/Masterthesis/master/data/results/benchmark_local_classical_missforest_final.csv,classical_run_csv,
R000481,2026-06-02T13:43:50.785774+00:00,statlog,German Statlog,X2,MCAR_GLOBAL,MCAR,global,10,42,classical,dae,DAE,,,success,,/Users/janawue/Desktop/Masterthesis/master/data/raw/german_statlog_numeric.csv,/Users/janawue/Desktop/Masterthesis/master/data/processed/MCAR/german_statlog_numeric_mcar_10pct.csv,81,10.434779889304291,0.7996073985565104,0.7410867090220563,,/Users/janawue/Desktop/Masterthesis/master/data/results/benchmark_local_classical_dae_final.csv,classical_run_csv,
R000478,2026-06-10T14:32:06.070612+00:00,statlog,German Statlog,X2,MCAR_GLOBAL,MCAR,global,10,42,classical,medianmode,Median/Mode,,,success,,/Users/janawue/Desktop/Masterthesis/master/data/raw/german_statlog_numeric.csv,/Users/janawue/Desktop/Masterthesis/master/data/processed/MCAR/german_statlog_numeric_mcar_10pct.csv,81,13.509484551214609,1.0352191337460297,0.0106084579601883,,/Users/janawue/Desktop/Masterthesis/master/data/results/benchmark_local_classical_medianmode_final.csv,classical_run_csv,
R000482,2026-05-20T13:36:38.407324+00:00,statlog,German Statlog,X2,MCAR_GLOBAL,MCAR,global,10,202,classical,meanmode,Mean/Mode,,,success,,/Users/janawue/Desktop/Masterthesis/master/data/raw/german_statlog_numeric.csv,/Users/janawue/Desktop/Masterthesis/master/data/processed/MCAR/german_statlog_numeric_mcar_10pct.csv,81,13.06570579436888,1.0012127837261526,0.0059907080139964,,/Users/janawue/Desktop/Masterthesis/master/data/results/benchmark_local_classical_runs_mice_mean.csv,classical_run_csv,
R000484,2026-05-20T14:16:27.591448+00:00,statlog,German Statlog,X2,MCAR_GLOBAL,MCAR,global,10,202,classical,mice,MICE,,,success,,/Users/janawue/Desktop/Masterthesis/master/data/raw/german_statlog_numeric.csv,/Users/janawue/Desktop/Masterthesis/master/data/processed/MCAR/german_statlog_numeric_mcar_10pct.csv,81,10.369708823845835,0.7946210638254952,0.1251089999568648,,/Users/janawue/Desktop/Masterthesis/master/data/results/benchmark_local_classical_runs_mice_mean.csv,classical_run_csv,
R000485,2026-05-22T09:41:25.912081+00:00,statlog,German Statlog,X2,MCAR_GLOBAL,MCAR,global,10,202,classical,missforest,MissForest,,,success,,/Users/janawue/Desktop/Masterthesis/master/data/raw/german_statlog_numeric.csv,/Users/janawue/Desktop/Masterthesis/master/data/processed/MCAR/german_statlog_numeric_mcar_10pct.csv,81,10.325447812606686,0.7912293840363802,12.758989125024527,,/Users/janawue/Desktop/Masterthesis/master/data/results/benchmark_local_classical_missforest_final.csv,classical_run_csv,
R000486,2026-06-02T13:43:51.483196+00:00,statlog,German Statlog,X2,MCAR_GLOBAL,MCAR,global,10,202,classical,dae,DAE,,,success,,/Users/janawue/Desktop/Masterthesis/master/data/raw/german_statlog_numeric.csv,/Users/janawue/Desktop/Masterthesis/master/data/processed/MCAR/german_statlog_numeric_mcar_10pct.csv,81,10.409382619975965,0.7976612296220915,0.6974026670213789,,/Users/janawue/Desktop/Masterthesis/master/data/results/benchmark_local_classical_dae_final.csv,classical_run_csv,
R000483,2026-06-10T14:32:06.081274+00:00,statlog,German Statlog,X2,MCAR_GLOBAL,MCAR,global,10,202,classical,medianmode,Median/Mode,,,success,,/Users/janawue/Desktop/Masterthesis/master/data/raw/german_statlog_numeric.csv,/Users/janawue/Desktop/Masterthesis/master/data/processed/MCAR/german_statlog_numeric_mcar_10pct.csv,81,13.509484551214609,1.0352191337460297,0.0106183750322088,,/Users/janawue/Desktop/Masterthesis/master/data/results/benchmark_local_classical_medianmode_final.csv,classical_run_csv,
R000487,2026-05-20T13:36:38.412712+00:00,statlog,German Statlog,X2,MCAR_GLOBAL,MCAR,global,10,303,classical,meanmode,Mean/Mode,,,success,,/Users/janawue/Desktop/Masterthesis/master/data/raw/german_statlog_numeric.csv,/Users/janawue/Desktop/Masterthesis/master/data/processed/MCAR/german_statlog_numeric_mcar_10pct.csv,81,13.06570579436888,1.0012127837261526,0.0053682080470025,,/Users/janawue/Desktop/Masterthesis/master/data/results/benchmark_local_classical_runs_mice_mean.csv,classical_run_csv,
R000489,2026-05-20T14:16:27.716265+00:00,statlog,German Statlog,X2,MCAR_GLOBAL,MCAR,global,10,303,classical,mice,MICE,,,success,,/Users/janawue/Desktop/Masterthesis/master/data/raw/german_statlog_numeric.csv,/Users/janawue/Desktop/Masterthesis/master/data/processed/MCAR/german_statlog_numeric_mcar_10pct.csv,81,10.369708823845835,0.7946210638254952,0.124802041973453,,/Users/janawue/Desktop/Masterthesis/master/data/results/benchmark_local_classical_runs_mice_mean.csv,classical_run_csv,
R000490,2026-05-22T09:41:38.715610+00:00,statlog,German Statlog,X2,MCAR_GLOBAL,MCAR,global,10,303,classical,missforest,MissForest,,,success,,/Users/janawue/Desktop/Masterthesis/master/data/raw/german_statlog_numeric.csv,/Users/janawue/Desktop/Masterthesis/master/data/processed/MCAR/german_statlog_numeric_mcar_10pct.csv,81,10.35892520879852,0.7937947255158719,12.80368054099381,,/Users/janawue/Desktop/Masterthesis/master/data/results/benchmark_local_classical_missforest_final.csv,classical_run_csv,
R000491,2026-06-02T13:43:52.439138+00:00,statlog,German Statlog,X2,MCAR_GLOBAL,MCAR,global,10,303,classical,dae,DAE,,,success,,/Users/janawue/Desktop/Masterthesis/master/data/raw/german_statlog_numeric.csv,/Users/janawue/Desktop/Masterthesis/master/data/processed/MCAR/german_statlog_numeric_mcar_10pct.csv,81,10.409115461021946,0.7976407574819515,0.9559335410012864,,/Users/janawue/Desktop/Masterthesis/master/data/results/benchmark_local_classical_dae_final.csv,classical_run_csv,
R000488,2026-06-10T14:32:06.091694+00:00,statlog,German Statlog,X2,MCAR_GLOBAL,MCAR,global,10,303,classical,medianmode,Median/Mode,,,success,,/Users/janawue/Desktop/Masterthesis/master/data/raw/german_statlog_numeric.csv,/Users/janawue/Desktop/Masterthesis/master/data/processed/MCAR/german_statlog_numeric_mcar_10pct.csv,81,13.509484551214609,1.0352191337460297,0.0103829160798341,,/Users/janawue/Desktop/Masterthesis/master/data/results/benchmark_local_classical_medianmode_final.csv,classical_run_csv,
R000492,2026-05-20T13:36:38.418116+00:00,statlog,German Statlog,X2,MCAR_GLOBAL,MCAR,global,10,404,classical,meanmode,Mean/Mode,,,success,,/Users/janawue/Desktop/Masterthesis/master/data/raw/german_statlog_numeric.csv,/Users/janawue/Desktop/Masterthesis/master/data/processed/MCAR/german_statlog_numeric_mcar_10pct.csv,81,13.06570579436888,1.0012127837261526,0.0053893749718554,,/Users/janawue/Desktop/Masterthesis/master/data/results/benchmark_local_classical_runs_mice_mean.csv,classical_run_csv,
R000494,2026-05-20T14:16:27.846974+00:00,statlog,German Statlog,X2,MCAR_GLOBAL,MCAR,global,10,404,classical,mice,MICE,,,success,,/Users/janawue/Desktop/Masterthesis/master/data/raw/german_statlog_numeric.csv,/Users/janawue/Desktop/Masterthesis/master/data/processed/MCAR/german_statlog_numeric_mcar_10pct.csv,81,10.369708823845835,0.7946210638254952,0.1306839999742806,,/Users/janawue/Desktop/Masterthesis/master/data/results/benchmark_local_classical_runs_mice_mean.csv,classical_run_csv,
R000495,2026-05-22T09:41:49.501717+00:00,statlog,German Statlog,X2,MCAR_GLOBAL,MCAR,global,10,404,classical,missforest,MissForest,,,success,,/Users/janawue/Desktop/Masterthesis/master/data/raw/german_statlog_numeric.csv,/Users/janawue/Desktop/Masterthesis/master/data/processed/MCAR/german_statlog_numeric_mcar_10pct.csv,81,10.40647241911862,0.7974382236591958,10.786234291037545,,/Users/janawue/Desktop/Masterthesis/master/data/results/benchmark_local_classical_missforest_final.csv,classical_run_csv,
R000496,2026-06-02T13:43:53.165529+00:00,statlog,German Statlog,X2,MCAR_GLOBAL,MCAR,global,10,404,classical,dae,DAE,,,success,,/Users/janawue/Desktop/Masterthesis/master/data/raw/german_statlog_numeric.csv,/Users/janawue/Desktop/Masterthesis/master/data/processed/MCAR/german_statlog_numeric_mcar_10pct.csv,81,10.547477091479037,0.8082432794865826,0.726367625000421,,/Users/janawue/Desktop/Masterthesis/master/data/results/benchmark_local_classical_dae_final.csv,classical_run_csv,
R000493,2026-06-10T14:32:06.101883+00:00,statlog,German Statlog,X2,MCAR_GLOBAL,MCAR,global,10,404,classical,medianmode,Median/Mode,,,success,,/Users/janawue/Desktop/Masterthesis/master/data/raw/german_statlog_numeric.csv,/Users/janawue/Desktop/Masterthesis/master/data/processed/MCAR/german_statlog_numeric_mcar_10pct.csv,81,13.509484551214609,1.0352191337460297,0.0101494160480797,,/Users/janawue/Desktop/Masterthesis/master/data/results/benchmark_local_classical_medianmode_final.csv,classical_run_csv,
R000497,2026-05-20T13:36:38.423236+00:00,statlog,German Statlog,X2,MCAR_GLOBAL,MCAR,global,10,505,classical,meanmode,Mean/Mode,,,success,,/Users/janawue/Desktop/Masterthesis/master/data/raw/german_statlog_numeric.csv,/Users/janawue/Desktop/Masterthesis/master/data/processed/MCAR/german_statlog_numeric_mcar_10pct.csv,81,13.06570579436888,1.0012127837261526,0.0050809579552151,,/Users/janawue/Desktop/Masterthesis/master/data/results/benchmark_local_classical_runs_mice_mean.csv,classical_run_csv,
R000499,2026-05-20T14:16:27.976913+00:00,statlog,German Statlog,X2,MCAR_GLOBAL,MCAR,global,10,505,classical,mice,MICE,,,success,,/Users/janawue/Desktop/Masterthesis/master/data/raw/german_statlog_numeric.csv,/Users/janawue/Desktop/Masterthesis/master/data/processed/MCAR/german_statlog_numeric_mcar_10pct.csv,81,10.369708823845835,0.7946210638254952,0.129920832987409,,/Users/janawue/Desktop/Masterthesis/master/data/results/benchmark_local_classical_runs_mice_mean.csv,classical_run_csv,
R000500,2026-05-22T09:41:58.095830+00:00,statlog,German Statlog,X2,MCAR_GLOBAL,MCAR,global,10,505,classical,missforest,MissForest,,,success,,/Users/janawue/Desktop/Masterthesis/master/data/raw/german_statlog_numeric.csv,/Users/janawue/Desktop/Masterthesis/master/data/processed/MCAR/german_statlog_numeric_mcar_10pct.csv,81,10.567974390395229,0.8098139682828657,8.594211041985545,,/Users/janawue/Desktop/Masterthesis/master/data/results/benchmark_local_classical_missforest_final.csv,classical_run_csv,
R000501,2026-06-02T13:43:53.850515+00:00,statlog,German Statlog,X2,MCAR_GLOBAL,MCAR,global,10,505,classical,dae,DAE,,,success,,/Users/janawue/Desktop/Masterthesis/master/data/raw/german_statlog_numeric.csv,/Users/janawue/Desktop/Masterthesis/master/data/processed/MCAR/german_statlog_numeric_mcar_10pct.csv,81,10.54683977867536,0.8081944428040249,0.6849768750253133,,/Users/janawue/Desktop/Masterthesis/master/data/results/benchmark_local_classical_dae_final.csv,classical_run_csv,
R000498,2026-06-10T14:32:06.112385+00:00,statlog,German Statlog,X2,MCAR_GLOBAL,MCAR,global,10,505,classical,medianmode,Median/Mode,,,success,,/Users/janawue/Desktop/Masterthesis/master/data/raw/german_statlog_numeric.csv,/Users/janawue/Desktop/Masterthesis/master/data/processed/MCAR/german_statlog_numeric_mcar_10pct.csv,81,13.509484551214609,1.0352191337460297,0.0104643749073147,,/Users/janawue/Desktop/Masterthesis/master/data/results/benchmark_local_classical_medianmode_final.csv,classical_run_csv,
R000511,2026-05-20T13:36:38.428982+00:00,statlog,German Statlog,X2,MCAR_GLOBAL,MCAR,global,15,42,classical,meanmode,Mean/Mode,,,success,,/Users/janawue/Desktop/Masterthesis/master/data/raw/german_statlog_numeric.csv,/Users/janawue/Desktop/Masterthesis/master/data/processed/MCAR/german_statlog_numeric_mcar_15pct.csv,143,12.336271196965829,1.0000009907526666,0.005723999987822,,/Users/janawue/Desktop/Masterthesis/master/data/results/benchmark_local_classical_runs_mice_mean.csv,classical_run_csv,
R000513,2026-05-20T14:16:28.128280+00:00,statlog,German Statlog,X2,MCAR_GLOBAL,MCAR,global,15,42,classical,mice,MICE,,,success,,/Users/janawue/Desktop/Masterthesis/master/data/raw/german_statlog_numeric.csv,/Users/janawue/Desktop/Masterthesis/master/data/processed/MCAR/german_statlog_numeric_mcar_15pct.csv,143,9.850204224261152,0.798475797597573,0.1513396669761277,,/Users/janawue/Desktop/Masterthesis/master/data/results/benchmark_local_classical_runs_mice_mean.csv,classical_run_csv,
R000514,2026-05-22T09:42:06.723119+00:00,statlog,German Statlog,X2,MCAR_GLOBAL,MCAR,global,15,42,classical,missforest,MissForest,,,success,,/Users/janawue/Desktop/Masterthesis/master/data/raw/german_statlog_numeric.csv,/Users/janawue/Desktop/Masterthesis/master/data/processed/MCAR/german_statlog_numeric_mcar_15pct.csv,143,10.258091978967192,0.8315399344270423,8.627384292019997,,/Users/janawue/Desktop/Masterthesis/master/data/results/benchmark_local_classical_missforest_final.csv,classical_run_csv,
R000515,2026-06-02T13:43:54.465924+00:00,statlog,German Statlog,X2,MCAR_GLOBAL,MCAR,global,15,42,classical,dae,DAE,,,success,,/Users/janawue/Desktop/Masterthesis/master/data/raw/german_statlog_numeric.csv,/Users/janawue/Desktop/Masterthesis/master/data/processed/MCAR/german_statlog_numeric_mcar_15pct.csv,143,10.23780541603934,0.8298954680641588,0.6153875419986434,,/Users/janawue/Desktop/Masterthesis/master/data/results/benchmark_local_classical_dae_final.csv,classical_run_csv,
R000512,2026-06-10T14:32:06.124636+00:00,statlog,German Statlog,X2,MCAR_GLOBAL,MCAR,global,15,42,classical,medianmode,Median/Mode,,,success,,/Users/janawue/Desktop/Masterthesis/master/data/raw/german_statlog_numeric.csv,/Users/janawue/Desktop/Masterthesis/master/data/processed/MCAR/german_statlog_numeric_mcar_15pct.csv,143,12.669825394395756,1.027039511759053,0.0122074590763077,,/Users/janawue/Desktop/Masterthesis/master/data/results/benchmark_local_classical_medianmode_final.csv,classical_run_csv,
R000516,2026-05-20T13:36:38.434215+00:00,statlog,German Statlog,X2,MCAR_GLOBAL,MCAR,global,15,202,classical,meanmode,Mean/Mode,,,success,,/Users/janawue/Desktop/Masterthesis/master/data/raw/german_statlog_numeric.csv,/Users/janawue/Desktop/Masterthesis/master/data/processed/MCAR/german_statlog_numeric_mcar_15pct.csv,143,12.336271196965829,1.0000009907526666,0.0052131249685771,,/Users/janawue/Desktop/Masterthesis/master/data/results/benchmark_local_classical_runs_mice_mean.csv,classical_run_csv,
R000518,2026-05-20T14:16:28.278772+00:00,statlog,German Statlog,X2,MCAR_GLOBAL,MCAR,global,15,202,classical,mice,MICE,,,success,,/Users/janawue/Desktop/Masterthesis/master/data/raw/german_statlog_numeric.csv,/Users/janawue/Desktop/Masterthesis/master/data/processed/MCAR/german_statlog_numeric_mcar_15pct.csv,143,9.850204224261152,0.798475797597573,0.1504729160224087,,/Users/janawue/Desktop/Masterthesis/master/data/results/benchmark_local_classical_runs_mice_mean.csv,classical_run_csv,
R000519,2026-05-22T09:42:17.469526+00:00,statlog,German Statlog,X2,MCAR_GLOBAL,MCAR,global,15,202,classical,missforest,MissForest,,,success,,/Users/janawue/Desktop/Masterthesis/master/data/raw/german_statlog_numeric.csv,/Users/janawue/Desktop/Masterthesis/master/data/processed/MCAR/german_statlog_numeric_mcar_15pct.csv,143,10.216853449354865,0.8281970628403952,10.74653333297465,,/Users/janawue/Desktop/Masterthesis/master/data/results/benchmark_local_classical_missforest_final.csv,classical_run_csv,
R000520,2026-06-02T13:43:55.103647+00:00,statlog,German Statlog,X2,MCAR_GLOBAL,MCAR,global,15,202,classical,dae,DAE,,,success,,/Users/janawue/Desktop/Masterthesis/master/data/raw/german_statlog_numeric.csv,/Users/janawue/Desktop/Masterthesis/master/data/processed/MCAR/german_statlog_numeric_mcar_15pct.csv,143,9.892007750257948,0.8018644688375528,0.6377052079769783,,/Users/janawue/Desktop/Masterthesis/master/data/results/benchmark_local_classical_dae_final.csv,classical_run_csv,
R000517,2026-06-10T14:32:06.135051+00:00,statlog,German Statlog,X2,MCAR_GLOBAL,MCAR,global,15,202,classical,medianmode,Median/Mode,,,success,,/Users/janawue/Desktop/Masterthesis/master/data/raw/german_statlog_numeric.csv,/Users/janawue/Desktop/Masterthesis/master/data/processed/MCAR/german_statlog_numeric_mcar_15pct.csv,143,12.669825394395756,1.027039511759053,0.0103685000212863,,/Users/janawue/Desktop/Masterthesis/master/data/results/benchmark_local_classical_medianmode_final.csv,classical_run_csv,
R000521,2026-05-20T13:36:38.439817+00:00,statlog,German Statlog,X2,MCAR_GLOBAL,MCAR,global,15,303,classical,meanmode,Mean/Mode,,,success,,/Users/janawue/Desktop/Masterthesis/master/data/raw/german_statlog_numeric.csv,/Users/janawue/Desktop/Masterthesis/master/data/processed/MCAR/german_statlog_numeric_mcar_15pct.csv,143,12.336271196965829,1.0000009907526666,0.0055682079982943,,/Users/janawue/Desktop/Masterthesis/master/data/results/benchmark_local_classical_runs_mice_mean.csv,classical_run_csv,
R000523,2026-05-20T14:16:28.431334+00:00,statlog,German Statlog,X2,MCAR_GLOBAL,MCAR,global,15,303,classical,mice,MICE,,,success,,/Users/janawue/Desktop/Masterthesis/master/data/raw/german_statlog_numeric.csv,/Users/janawue/Desktop/Masterthesis/master/data/processed/MCAR/german_statlog_numeric_mcar_15pct.csv,143,9.850204224261152,0.798475797597573,0.1525383330299519,,/Users/janawue/Desktop/Masterthesis/master/data/results/benchmark_local_classical_runs_mice_mean.csv,classical_run_csv,
R000524,2026-05-22T09:42:28.245890+00:00,statlog,German Statlog,X2,MCAR_GLOBAL,MCAR,global,15,303,classical,missforest,MissForest,,,success,,/Users/janawue/Desktop/Masterthesis/master/data/raw/german_statlog_numeric.csv,/Users/janawue/Desktop/Masterthesis/master/data/processed/MCAR/german_statlog_numeric_mcar_15pct.csv,143,10.345983216026095,0.8386645608829685,10.776489417010453,,/Users/janawue/Desktop/Masterthesis/master/data/results/benchmark_local_classical_missforest_final.csv,classical_run_csv,
R000525,2026-06-02T13:43:55.928943+00:00,statlog,German Statlog,X2,MCAR_GLOBAL,MCAR,global,15,303,classical,dae,DAE,,,success,,/Users/janawue/Desktop/Masterthesis/master/data/raw/german_statlog_numeric.csv,/Users/janawue/Desktop/Masterthesis/master/data/processed/MCAR/german_statlog_numeric_mcar_15pct.csv,143,10.003338098744033,0.8108891130764299,0.8252842499641702,,/Users/janawue/Desktop/Masterthesis/master/data/results/benchmark_local_classical_dae_final.csv,classical_run_csv,
R000522,2026-06-10T14:32:06.144981+00:00,statlog,German Statlog,X2,MCAR_GLOBAL,MCAR,global,15,303,classical,medianmode,Median/Mode,,,success,,/Users/janawue/Desktop/Masterthesis/master/data/raw/german_statlog_numeric.csv,/Users/janawue/Desktop/Masterthesis/master/data/processed/MCAR/german_statlog_numeric_mcar_15pct.csv,143,12.669825394395756,1.027039511759053,0.0098910420201718,,/Users/janawue/Desktop/Masterthesis/master/data/results/benchmark_local_classical_medianmode_final.csv,classical_run_csv,
R000526,2026-05-20T13:36:38.444980+00:00,statlog,German Statlog,X2,MCAR_GLOBAL,MCAR,global,15,404,classical,meanmode,Mean/Mode,,,success,,/Users/janawue/Desktop/Masterthesis/master/data/raw/german_statlog_numeric.csv,/Users/janawue/Desktop/Masterthesis/master/data/processed/MCAR/german_statlog_numeric_mcar_15pct.csv,143,12.336271196965829,1.0000009907526666,0.0051375839975662,,/Users/janawue/Desktop/Masterthesis/master/data/results/benchmark_local_classical_runs_mice_mean.csv,classical_run_csv,
R000528,2026-05-20T14:16:28.582253+00:00,statlog,German Statlog,X2,MCAR_GLOBAL,MCAR,global,15,404,classical,mice,MICE,,,success,,/Users/janawue/Desktop/Masterthesis/master/data/raw/german_statlog_numeric.csv,/Users/janawue/Desktop/Masterthesis/master/data/processed/MCAR/german_statlog_numeric_mcar_15pct.csv,143,9.850204224261152,0.798475797597573,0.1508971660514362,,/Users/janawue/Desktop/Masterthesis/master/data/results/benchmark_local_classical_runs_mice_mean.csv,classical_run_csv,
R000529,2026-05-22T09:42:41.162259+00:00,statlog,German Statlog,X2,MCAR_GLOBAL,MCAR,global,15,404,classical,missforest,MissForest,,,success,,/Users/janawue/Desktop/Masterthesis/master/data/raw/german_statlog_numeric.csv,/Users/janawue/Desktop/Masterthesis/master/data/processed/MCAR/german_statlog_numeric_mcar_15pct.csv,143,10.314170330927476,0.8360857494974708,12.916523749998303,,/Users/janawue/Desktop/Masterthesis/master/data/results/benchmark_local_classical_missforest_final.csv,classical_run_csv,
R000530,2026-06-02T13:43:56.700002+00:00,statlog,German Statlog,X2,MCAR_GLOBAL,MCAR,global,15,404,classical,dae,DAE,,,success,,/Users/janawue/Desktop/Masterthesis/master/data/raw/german_statlog_numeric.csv,/Users/janawue/Desktop/Masterthesis/master/data/processed/MCAR/german_statlog_numeric_mcar_15pct.csv,143,10.202312138483345,0.827018317249755,0.7710414579487406,,/Users/janawue/Desktop/Masterthesis/master/data/results/benchmark_local_classical_dae_final.csv,classical_run_csv,
R000527,2026-06-10T14:32:06.155325+00:00,statlog,German Statlog,X2,MCAR_GLOBAL,MCAR,global,15,404,classical,medianmode,Median/Mode,,,success,,/Users/janawue/Desktop/Masterthesis/master/data/raw/german_statlog_numeric.csv,/Users/janawue/Desktop/Masterthesis/master/data/processed/MCAR/german_statlog_numeric_mcar_15pct.csv,143,12.669825394395756,1.027039511759053,0.0103087089955806,,/Users/janawue/Desktop/Masterthesis/master/data/results/benchmark_local_classical_medianmode_final.csv,classical_run_csv,
R000531,2026-05-20T13:36:38.450230+00:00,statlog,German Statlog,X2,MCAR_GLOBAL,MCAR,global,15,505,classical,meanmode,Mean/Mode,,,success,,/Users/janawue/Desktop/Masterthesis/master/data/raw/german_statlog_numeric.csv,/Users/janawue/Desktop/Masterthesis/master/data/processed/MCAR/german_statlog_numeric_mcar_15pct.csv,143,12.336271196965829,1.0000009907526666,0.00523254199652,,/Users/janawue/Desktop/Masterthesis/master/data/results/benchmark_local_classical_runs_mice_mean.csv,classical_run_csv,
R000533,2026-05-20T14:16:28.728414+00:00,statlog,German Statlog,X2,MCAR_GLOBAL,MCAR,global,15,505,classical,mice,MICE,,,success,,/Users/janawue/Desktop/Masterthesis/master/data/raw/german_statlog_numeric.csv,/Users/janawue/Desktop/Masterthesis/master/data/processed/MCAR/german_statlog_numeric_mcar_15pct.csv,143,9.850204224261152,0.798475797597573,0.1461450839997269,,/Users/janawue/Desktop/Masterthesis/master/data/results/benchmark_local_classical_runs_mice_mean.csv,classical_run_csv,
R000534,2026-05-22T09:42:56.306402+00:00,statlog,German Statlog,X2,MCAR_GLOBAL,MCAR,global,15,505,classical,missforest,MissForest,,,success,,/Users/janawue/Desktop/Masterthesis/master/data/raw/german_statlog_numeric.csv,/Users/janawue/Desktop/Masterthesis/master/data/processed/MCAR/german_statlog_numeric_mcar_15pct.csv,143,10.379353320397682,0.8413696033467976,15.144335457996933,,/Users/janawue/Desktop/Masterthesis/master/data/results/benchmark_local_classical_missforest_final.csv,classical_run_csv,
R000535,2026-06-02T13:43:57.443637+00:00,statlog,German Statlog,X2,MCAR_GLOBAL,MCAR,global,15,505,classical,dae,DAE,,,success,,/Users/janawue/Desktop/Masterthesis/master/data/raw/german_statlog_numeric.csv,/Users/janawue/Desktop/Masterthesis/master/data/processed/MCAR/german_statlog_numeric_mcar_15pct.csv,143,10.42671305985926,0.8452086715406789,0.7436182090314105,,/Users/janawue/Desktop/Masterthesis/master/data/results/benchmark_local_classical_dae_final.csv,classical_run_csv,
R000532,2026-06-10T14:32:06.165595+00:00,statlog,German Statlog,X2,MCAR_GLOBAL,MCAR,global,15,505,classical,medianmode,Median/Mode,,,success,,/Users/janawue/Desktop/Masterthesis/master/data/raw/german_statlog_numeric.csv,/Users/janawue/Desktop/Masterthesis/master/data/processed/MCAR/german_statlog_numeric_mcar_15pct.csv,143,12.669825394395756,1.027039511759053,0.0102184580173343,,/Users/janawue/Desktop/Masterthesis/master/data/results/benchmark_local_classical_medianmode_final.csv,classical_run_csv,
R000409,2026-05-20T13:36:38.351063+00:00,statlog,German Statlog,X2,MCAR_TARGET,MCAR,target,10,42,classical,meanmode,Mean/Mode,,,success,,/Users/janawue/Desktop/Masterthesis/master/data/raw/german_statlog_numeric.csv,/Users/janawue/Desktop/Masterthesis/master/data/processed/MCAR/german_statlog_numeric_mcar_duration_10pct.csv,100,12.95415034307967,1.0013136226243635,0.0048410840099677,,/Users/janawue/Desktop/Masterthesis/master/data/results/benchmark_local_classical_runs_mice_mean.csv,classical_run_csv,
R000411,2026-05-20T14:16:26.969751+00:00,statlog,German Statlog,X2,MCAR_TARGET,MCAR,target,10,42,classical,mice,MICE,,,success,,/Users/janawue/Desktop/Masterthesis/master/data/raw/german_statlog_numeric.csv,/Users/janawue/Desktop/Masterthesis/master/data/processed/MCAR/german_statlog_numeric_mcar_duration_10pct.csv,100,9.333658576164648,0.7214614030036431,0.0423168340348638,,/Users/janawue/Desktop/Masterthesis/master/data/results/benchmark_local_classical_runs_mice_mean.csv,classical_run_csv,
R000412,2026-05-22T09:40:54.584424+00:00,statlog,German Statlog,X2,MCAR_TARGET,MCAR,target,10,42,classical,missforest,MissForest,,,success,,/Users/janawue/Desktop/Masterthesis/master/data/raw/german_statlog_numeric.csv,/Users/janawue/Desktop/Masterthesis/master/data/processed/MCAR/german_statlog_numeric_mcar_duration_10pct.csv,100,9.005844147690986,0.6961224155571332,0.9145332080079244,,/Users/janawue/Desktop/Masterthesis/master/data/results/benchmark_local_classical_missforest_final.csv,classical_run_csv,
R000413,2026-06-02T13:43:44.110979+00:00,statlog,German Statlog,X2,MCAR_TARGET,MCAR,target,10,42,classical,dae,DAE,,,success,,/Users/janawue/Desktop/Masterthesis/master/data/raw/german_statlog_numeric.csv,/Users/janawue/Desktop/Masterthesis/master/data/processed/MCAR/german_statlog_numeric_mcar_duration_10pct.csv,100,8.82852680437919,0.6824163625406562,0.6536117909708992,,/Users/janawue/Desktop/Masterthesis/master/data/results/benchmark_local_classical_dae_final.csv,classical_run_csv,
R000410,2026-06-10T14:32:05.975271+00:00,statlog,German Statlog,X2,MCAR_TARGET,MCAR,target,10,42,classical,medianmode,Median/Mode,,,success,,/Users/janawue/Desktop/Masterthesis/master/data/raw/german_statlog_numeric.csv,/Users/janawue/Desktop/Masterthesis/master/data/processed/MCAR/german_statlog_numeric_mcar_duration_10pct.csv,100,13.402238618977057,1.035949386677697,0.009467541007325,,/Users/janawue/Desktop/Masterthesis/master/data/results/benchmark_local_classical_medianmode_final.csv,classical_run_csv,
R000414,2026-05-20T13:36:38.356066+00:00,statlog,German Statlog,X2,MCAR_TARGET,MCAR,target,10,202,classical,meanmode,Mean/Mode,,,success,,/Users/janawue/Desktop/Masterthesis/master/data/raw/german_statlog_numeric.csv,/Users/janawue/Desktop/Masterthesis/master/data/processed/MCAR/german_statlog_numeric_mcar_duration_10pct.csv,100,12.95415034307967,1.0013136226243635,0.0049882090534083,,/Users/janawue/Desktop/Masterthesis/master/data/results/benchmark_local_classical_runs_mice_mean.csv,classical_run_csv,
R000416,2026-05-20T14:16:27.010699+00:00,statlog,German Statlog,X2,MCAR_TARGET,MCAR,target,10,202,classical,mice,MICE,,,success,,/Users/janawue/Desktop/Masterthesis/master/data/raw/german_statlog_numeric.csv,/Users/janawue/Desktop/Masterthesis/master/data/processed/MCAR/german_statlog_numeric_mcar_duration_10pct.csv,100,9.333658576164648,0.7214614030036431,0.0409272090182639,,/Users/janawue/Desktop/Masterthesis/master/data/results/benchmark_local_classical_runs_mice_mean.csv,classical_run_csv,
R000417,2026-05-22T09:40:55.459630+00:00,statlog,German Statlog,X2,MCAR_TARGET,MCAR,target,10,202,classical,missforest,MissForest,,,success,,/Users/janawue/Desktop/Masterthesis/master/data/raw/german_statlog_numeric.csv,/Users/janawue/Desktop/Masterthesis/master/data/processed/MCAR/german_statlog_numeric_mcar_duration_10pct.csv,100,9.130440323445525,0.7057532940636936,0.8751977920182981,,/Users/janawue/Desktop/Masterthesis/master/data/results/benchmark_local_classical_missforest_final.csv,classical_run_csv,
R000418,2026-06-02T13:43:44.736043+00:00,statlog,German Statlog,X2,MCAR_TARGET,MCAR,target,10,202,classical,dae,DAE,,,success,,/Users/janawue/Desktop/Masterthesis/master/data/raw/german_statlog_numeric.csv,/Users/janawue/Desktop/Masterthesis/master/data/processed/MCAR/german_statlog_numeric_mcar_duration_10pct.csv,100,9.192127233770488,0.710521491283127,0.6250554159632884,,/Users/janawue/Desktop/Masterthesis/master/data/results/benchmark_local_classical_dae_final.csv,classical_run_csv,
R000415,2026-06-10T14:32:05.984582+00:00,statlog,German Statlog,X2,MCAR_TARGET,MCAR,target,10,202,classical,medianmode,Median/Mode,,,success,,/Users/janawue/Desktop/Masterthesis/master/data/raw/german_statlog_numeric.csv,/Users/janawue/Desktop/Masterthesis/master/data/processed/MCAR/german_statlog_numeric_mcar_duration_10pct.csv,100,13.402238618977057,1.035949386677697,0.0092843340244144,,/Users/janawue/Desktop/Masterthesis/master/data/results/benchmark_local_classical_medianmode_final.csv,classical_run_csv,
R000419,2026-05-20T13:36:38.361366+00:00,statlog,German Statlog,X2,MCAR_TARGET,MCAR,target,10,303,classical,meanmode,Mean/Mode,,,success,,/Users/janawue/Desktop/Masterthesis/master/data/raw/german_statlog_numeric.csv,/Users/janawue/Desktop/Masterthesis/master/data/processed/MCAR/german_statlog_numeric_mcar_duration_10pct.csv,100,12.95415034307967,1.0013136226243635,0.0052777499658986,,/Users/janawue/Desktop/Masterthesis/master/data/results/benchmark_local_classical_runs_mice_mean.csv,classical_run_csv,
R000421,2026-05-20T14:16:27.050945+00:00,statlog,German Statlog,X2,MCAR_TARGET,MCAR,target,10,303,classical,mice,MICE,,,success,,/Users/janawue/Desktop/Masterthesis/master/data/raw/german_statlog_numeric.csv,/Users/janawue/Desktop/Masterthesis/master/data/processed/MCAR/german_statlog_numeric_mcar_duration_10pct.csv,100,9.333658576164648,0.7214614030036431,0.0402264579897746,,/Users/janawue/Desktop/Masterthesis/master/data/results/benchmark_local_classical_runs_mice_mean.csv,classical_run_csv,
R000422,2026-05-22T09:40:56.367383+00:00,statlog,German Statlog,X2,MCAR_TARGET,MCAR,target,10,303,classical,missforest,MissForest,,,success,,/Users/janawue/Desktop/Masterthesis/master/data/raw/german_statlog_numeric.csv,/Users/janawue/Desktop/Masterthesis/master/data/processed/MCAR/german_statlog_numeric_mcar_duration_10pct.csv,100,9.23259941728222,0.7136498592280999,0.9077422919799574,,/Users/janawue/Desktop/Masterthesis/master/data/results/benchmark_local_classical_missforest_final.csv,classical_run_csv,
R000423,2026-06-02T13:43:45.404695+00:00,statlog,German Statlog,X2,MCAR_TARGET,MCAR,target,10,303,classical,dae,DAE,,,success,,/Users/janawue/Desktop/Masterthesis/master/data/raw/german_statlog_numeric.csv,/Users/janawue/Desktop/Masterthesis/master/data/processed/MCAR/german_statlog_numeric_mcar_duration_10pct.csv,100,9.178105825661875,0.7094376821118811,0.6686290829675272,,/Users/janawue/Desktop/Masterthesis/master/data/results/benchmark_local_classical_dae_final.csv,classical_run_csv,
R000420,2026-06-10T14:32:05.994044+00:00,statlog,German Statlog,X2,MCAR_TARGET,MCAR,target,10,303,classical,medianmode,Median/Mode,,,success,,/Users/janawue/Desktop/Masterthesis/master/data/raw/german_statlog_numeric.csv,/Users/janawue/Desktop/Masterthesis/master/data/processed/MCAR/german_statlog_numeric_mcar_duration_10pct.csv,100,13.402238618977057,1.035949386677697,0.0094157080166041,,/Users/janawue/Desktop/Masterthesis/master/data/results/benchmark_local_classical_medianmode_final.csv,classical_run_csv,
R000424,2026-05-20T13:36:38.366016+00:00,statlog,German Statlog,X2,MCAR_TARGET,MCAR,target,10,404,classical,meanmode,Mean/Mode,,,success,,/Users/janawue/Desktop/Masterthesis/master/data/raw/german_statlog_numeric.csv,/Users/janawue/Desktop/Masterthesis/master/data/processed/MCAR/german_statlog_numeric_mcar_duration_10pct.csv,100,12.95415034307967,1.0013136226243635,0.0046279999660328,,/Users/janawue/Desktop/Masterthesis/master/data/results/benchmark_local_classical_runs_mice_mean.csv,classical_run_csv,
R000426,2026-05-20T14:16:27.091531+00:00,statlog,German Statlog,X2,MCAR_TARGET,MCAR,target,10,404,classical,mice,MICE,,,success,,/Users/janawue/Desktop/Masterthesis/master/data/raw/german_statlog_numeric.csv,/Users/janawue/Desktop/Masterthesis/master/data/processed/MCAR/german_statlog_numeric_mcar_duration_10pct.csv,100,9.333658576164648,0.7214614030036431,0.0405631249886937,,/Users/janawue/Desktop/Masterthesis/master/data/results/benchmark_local_classical_runs_mice_mean.csv,classical_run_csv,
R000427,2026-05-22T09:40:57.251290+00:00,statlog,German Statlog,X2,MCAR_TARGET,MCAR,target,10,404,classical,missforest,MissForest,,,success,,/Users/janawue/Desktop/Masterthesis/master/data/raw/german_statlog_numeric.csv,/Users/janawue/Desktop/Masterthesis/master/data/processed/MCAR/german_statlog_numeric_mcar_duration_10pct.csv,100,9.006356696106367,0.696162033879986,0.883894375001546,,/Users/janawue/Desktop/Masterthesis/master/data/results/benchmark_local_classical_missforest_final.csv,classical_run_csv,
R000428,2026-06-02T13:43:46.056970+00:00,statlog,German Statlog,X2,MCAR_TARGET,MCAR,target,10,404,classical,dae,DAE,,,success,,/Users/janawue/Desktop/Masterthesis/master/data/raw/german_statlog_numeric.csv,/Users/janawue/Desktop/Masterthesis/master/data/processed/MCAR/german_statlog_numeric_mcar_duration_10pct.csv,100,9.303766233853324,0.7191508223190157,0.6522598330047913,,/Users/janawue/Desktop/Masterthesis/master/data/results/benchmark_local_classical_dae_final.csv,classical_run_csv,
R000425,2026-06-10T14:32:06.003571+00:00,statlog,German Statlog,X2,MCAR_TARGET,MCAR,target,10,404,classical,medianmode,Median/Mode,,,success,,/Users/janawue/Desktop/Masterthesis/master/data/raw/german_statlog_numeric.csv,/Users/janawue/Desktop/Masterthesis/master/data/processed/MCAR/german_statlog_numeric_mcar_duration_10pct.csv,100,13.402238618977057,1.035949386677697,0.0094839590601623,,/Users/janawue/Desktop/Masterthesis/master/data/results/benchmark_local_classical_medianmode_final.csv,classical_run_csv,
R000429,2026-05-20T13:36:38.370593+00:00,statlog,German Statlog,X2,MCAR_TARGET,MCAR,target,10,505,classical,meanmode,Mean/Mode,,,success,,/Users/janawue/Desktop/Masterthesis/master/data/raw/german_statlog_numeric.csv,/Users/janawue/Desktop/Masterthesis/master/data/processed/MCAR/german_statlog_numeric_mcar_duration_10pct.csv,100,12.95415034307967,1.0013136226243635,0.0045646670041605,,/Users/janawue/Desktop/Masterthesis/master/data/results/benchmark_local_classical_runs_mice_mean.csv,classical_run_csv,
R000431,2026-05-20T14:16:27.132103+00:00,statlog,German Statlog,X2,MCAR_TARGET,MCAR,target,10,505,classical,mice,MICE,,,success,,/Users/janawue/Desktop/Masterthesis/master/data/raw/german_statlog_numeric.csv,/Users/janawue/Desktop/Masterthesis/master/data/processed/MCAR/german_statlog_numeric_mcar_duration_10pct.csv,100,9.333658576164648,0.7214614030036431,0.0405488749966025,,/Users/janawue/Desktop/Masterthesis/master/data/results/benchmark_local_classical_runs_mice_mean.csv,classical_run_csv,
R000432,2026-05-22T09:40:58.142532+00:00,statlog,German Statlog,X2,MCAR_TARGET,MCAR,target,10,505,classical,missforest,MissForest,,,success,,/Users/janawue/Desktop/Masterthesis/master/data/raw/german_statlog_numeric.csv,/Users/janawue/Desktop/Masterthesis/master/data/processed/MCAR/german_statlog_numeric_mcar_duration_10pct.csv,100,9.012343918091409,0.696624826635707,0.8912314170156606,,/Users/janawue/Desktop/Masterthesis/master/data/results/benchmark_local_classical_missforest_final.csv,classical_run_csv,
R000433,2026-06-02T13:43:46.694210+00:00,statlog,German Statlog,X2,MCAR_TARGET,MCAR,target,10,505,classical,dae,DAE,,,success,,/Users/janawue/Desktop/Masterthesis/master/data/raw/german_statlog_numeric.csv,/Users/janawue/Desktop/Masterthesis/master/data/processed/MCAR/german_statlog_numeric_mcar_duration_10pct.csv,100,9.318693318508842,0.7203046373370436,0.6372216250165366,,/Users/janawue/Desktop/Masterthesis/master/data/results/benchmark_local_classical_dae_final.csv,classical_run_csv,
R000430,2026-06-10T14:32:06.012866+00:00,statlog,German Statlog,X2,MCAR_TARGET,MCAR,target,10,505,classical,medianmode,Median/Mode,,,success,,/Users/janawue/Desktop/Masterthesis/master/data/raw/german_statlog_numeric.csv,/Users/janawue/Desktop/Masterthesis/master/data/processed/MCAR/german_statlog_numeric_mcar_duration_10pct.csv,100,13.402238618977057,1.035949386677697,0.0092576249735429,,/Users/janawue/Desktop/Masterthesis/master/data/results/benchmark_local_classical_medianmode_final.csv,classical_run_csv,
R000443,2026-05-20T13:36:38.375688+00:00,statlog,German Statlog,X2,MCAR_TARGET,MCAR,target,15,42,classical,meanmode,Mean/Mode,,,success,,/Users/janawue/Desktop/Masterthesis/master/data/raw/german_statlog_numeric.csv,/Users/janawue/Desktop/Masterthesis/master/data/processed/MCAR/german_statlog_numeric_mcar_duration_15pct.csv,150,12.466096675409103,1.002788510355919,0.005032458982896,,/Users/janawue/Desktop/Masterthesis/master/data/results/benchmark_local_classical_runs_mice_mean.csv,classical_run_csv,
R000445,2026-05-20T14:16:27.174711+00:00,statlog,German Statlog,X2,MCAR_TARGET,MCAR,target,15,42,classical,mice,MICE,,,success,,/Users/janawue/Desktop/Masterthesis/master/data/raw/german_statlog_numeric.csv,/Users/janawue/Desktop/Masterthesis/master/data/processed/MCAR/german_statlog_numeric_mcar_duration_15pct.csv,150,9.57449052998285,0.7701840717245417,0.0425865420256741,,/Users/janawue/Desktop/Masterthesis/master/data/results/benchmark_local_classical_runs_mice_mean.csv,classical_run_csv,
R000446,2026-05-22T09:40:59.019542+00:00,statlog,German Statlog,X2,MCAR_TARGET,MCAR,target,15,42,classical,missforest,MissForest,,,success,,/Users/janawue/Desktop/Masterthesis/master/data/raw/german_statlog_numeric.csv,/Users/janawue/Desktop/Masterthesis/master/data/processed/MCAR/german_statlog_numeric_mcar_duration_15pct.csv,150,8.9141473606098,0.7170652358626679,0.8769991669687442,,/Users/janawue/Desktop/Masterthesis/master/data/results/benchmark_local_classical_missforest_final.csv,classical_run_csv,
R000447,2026-06-02T13:43:47.366561+00:00,statlog,German Statlog,X2,MCAR_TARGET,MCAR,target,15,42,classical,dae,DAE,,,success,,/Users/janawue/Desktop/Masterthesis/master/data/raw/german_statlog_numeric.csv,/Users/janawue/Desktop/Masterthesis/master/data/processed/MCAR/german_statlog_numeric_mcar_duration_15pct.csv,150,9.076315275436626,0.7301102270873474,0.6723371249972843,,/Users/janawue/Desktop/Masterthesis/master/data/results/benchmark_local_classical_dae_final.csv,classical_run_csv,
R000444,2026-06-10T14:32:06.022110+00:00,statlog,German Statlog,X2,MCAR_TARGET,MCAR,target,15,42,classical,medianmode,Median/Mode,,,success,,/Users/janawue/Desktop/Masterthesis/master/data/raw/german_statlog_numeric.csv,/Users/janawue/Desktop/Masterthesis/master/data/processed/MCAR/german_statlog_numeric_mcar_duration_15pct.csv,150,12.609784560676152,1.0143469447379794,0.0091966250911355,,/Users/janawue/Desktop/Masterthesis/master/data/results/benchmark_local_classical_medianmode_final.csv,classical_run_csv,
R000448,2026-05-20T13:36:38.380189+00:00,statlog,German Statlog,X2,MCAR_TARGET,MCAR,target,15,202,classical,meanmode,Mean/Mode,,,success,,/Users/janawue/Desktop/Masterthesis/master/data/raw/german_statlog_numeric.csv,/Users/janawue/Desktop/Masterthesis/master/data/processed/MCAR/german_statlog_numeric_mcar_duration_15pct.csv,150,12.466096675409103,1.002788510355919,0.0044817919842898,,/Users/janawue/Desktop/Masterthesis/master/data/results/benchmark_local_classical_runs_mice_mean.csv,classical_run_csv,
R000450,2026-05-20T14:16:27.216809+00:00,statlog,German Statlog,X2,MCAR_TARGET,MCAR,target,15,202,classical,mice,MICE,,,success,,/Users/janawue/Desktop/Masterthesis/master/data/raw/german_statlog_numeric.csv,/Users/janawue/Desktop/Masterthesis/master/data/processed/MCAR/german_statlog_numeric_mcar_duration_15pct.csv,150,9.57449052998285,0.7701840717245417,0.0420781670254655,,/Users/janawue/Desktop/Masterthesis/master/data/results/benchmark_local_classical_runs_mice_mean.csv,classical_run_csv,
R000451,2026-05-22T09:40:59.902177+00:00,statlog,German Statlog,X2,MCAR_TARGET,MCAR,target,15,202,classical,missforest,MissForest,,,success,,/Users/janawue/Desktop/Masterthesis/master/data/raw/german_statlog_numeric.csv,/Users/janawue/Desktop/Masterthesis/master/data/processed/MCAR/german_statlog_numeric_mcar_duration_15pct.csv,150,9.07846133181903,0.7302828585644557,0.8826241249917075,,/Users/janawue/Desktop/Masterthesis/master/data/results/benchmark_local_classical_missforest_final.csv,classical_run_csv,
R000452,2026-06-02T13:43:48.113330+00:00,statlog,German Statlog,X2,MCAR_TARGET,MCAR,target,15,202,classical,dae,DAE,,,success,,/Users/janawue/Desktop/Masterthesis/master/data/raw/german_statlog_numeric.csv,/Users/janawue/Desktop/Masterthesis/master/data/processed/MCAR/german_statlog_numeric_mcar_duration_15pct.csv,150,9.363166100078486,0.7531848685430329,0.7467836249852553,,/Users/janawue/Desktop/Masterthesis/master/data/results/benchmark_local_classical_dae_final.csv,classical_run_csv,
R000449,2026-06-10T14:32:06.031777+00:00,statlog,German Statlog,X2,MCAR_TARGET,MCAR,target,15,202,classical,medianmode,Median/Mode,,,success,,/Users/janawue/Desktop/Masterthesis/master/data/raw/german_statlog_numeric.csv,/Users/janawue/Desktop/Masterthesis/master/data/processed/MCAR/german_statlog_numeric_mcar_duration_15pct.csv,150,12.609784560676152,1.0143469447379794,0.0096341670723631,,/Users/janawue/Desktop/Masterthesis/master/data/results/benchmark_local_classical_medianmode_final.csv,classical_run_csv,
R000453,2026-05-20T13:36:38.385317+00:00,statlog,German Statlog,X2,MCAR_TARGET,MCAR,target,15,303,classical,meanmode,Mean/Mode,,,success,,/Users/janawue/Desktop/Masterthesis/master/data/raw/german_statlog_numeric.csv,/Users/janawue/Desktop/Masterthesis/master/data/processed/MCAR/german_statlog_numeric_mcar_duration_15pct.csv,150,12.466096675409103,1.002788510355919,0.0051240830216556,,/Users/janawue/Desktop/Masterthesis/master/data/results/benchmark_local_classical_runs_mice_mean.csv,classical_run_csv,
R000455,2026-05-20T14:16:27.258885+00:00,statlog,German Statlog,X2,MCAR_TARGET,MCAR,target,15,303,classical,mice,MICE,,,success,,/Users/janawue/Desktop/Masterthesis/master/data/raw/german_statlog_numeric.csv,/Users/janawue/Desktop/Masterthesis/master/data/processed/MCAR/german_statlog_numeric_mcar_duration_15pct.csv,150,9.57449052998285,0.7701840717245417,0.0420531249837949,,/Users/janawue/Desktop/Masterthesis/master/data/results/benchmark_local_classical_runs_mice_mean.csv,classical_run_csv,
R000456,2026-05-22T09:41:00.809106+00:00,statlog,German Statlog,X2,MCAR_TARGET,MCAR,target,15,303,classical,missforest,MissForest,,,success,,/Users/janawue/Desktop/Masterthesis/master/data/raw/german_statlog_numeric.csv,/Users/janawue/Desktop/Masterthesis/master/data/processed/MCAR/german_statlog_numeric_mcar_duration_15pct.csv,150,9.068723522819148,0.7294995369494081,0.9069184580002912,,/Users/janawue/Desktop/Masterthesis/master/data/results/benchmark_local_classical_missforest_final.csv,classical_run_csv,
R000457,2026-06-02T13:43:48.791575+00:00,statlog,German Statlog,X2,MCAR_TARGET,MCAR,target,15,303,classical,dae,DAE,,,success,,/Users/janawue/Desktop/Masterthesis/master/data/raw/german_statlog_numeric.csv,/Users/janawue/Desktop/Masterthesis/master/data/processed/MCAR/german_statlog_numeric_mcar_duration_15pct.csv,150,8.996367398504429,0.7236791192191482,0.6781745419721119,,/Users/janawue/Desktop/Masterthesis/master/data/results/benchmark_local_classical_dae_final.csv,classical_run_csv,
R000454,2026-06-10T14:32:06.041101+00:00,statlog,German Statlog,X2,MCAR_TARGET,MCAR,target,15,303,classical,medianmode,Median/Mode,,,success,,/Users/janawue/Desktop/Masterthesis/master/data/raw/german_statlog_numeric.csv,/Users/janawue/Desktop/Masterthesis/master/data/processed/MCAR/german_statlog_numeric_mcar_duration_15pct.csv,150,12.609784560676152,1.0143469447379794,0.0092802500585094,,/Users/janawue/Desktop/Masterthesis/master/data/results/benchmark_local_classical_medianmode_final.csv,classical_run_csv,
R000458,2026-05-20T13:36:38.390153+00:00,statlog,German Statlog,X2,MCAR_TARGET,MCAR,target,15,404,classical,meanmode,Mean/Mode,,,success,,/Users/janawue/Desktop/Masterthesis/master/data/raw/german_statlog_numeric.csv,/Users/janawue/Desktop/Masterthesis/master/data/processed/MCAR/german_statlog_numeric_mcar_duration_15pct.csv,150,12.466096675409103,1.002788510355919,0.004798749985639,,/Users/janawue/Desktop/Masterthesis/master/data/results/benchmark_local_classical_runs_mice_mean.csv,classical_run_csv,
R000460,2026-05-20T14:16:27.300586+00:00,statlog,German Statlog,X2,MCAR_TARGET,MCAR,target,15,404,classical,mice,MICE,,,success,,/Users/janawue/Desktop/Masterthesis/master/data/raw/german_statlog_numeric.csv,/Users/janawue/Desktop/Masterthesis/master/data/processed/MCAR/german_statlog_numeric_mcar_duration_15pct.csv,150,9.57449052998285,0.7701840717245417,0.0416790419840253,,/Users/janawue/Desktop/Masterthesis/master/data/results/benchmark_local_classical_runs_mice_mean.csv,classical_run_csv,
R000461,2026-05-22T09:41:01.696106+00:00,statlog,German Statlog,X2,MCAR_TARGET,MCAR,target,15,404,classical,missforest,MissForest,,,success,,/Users/janawue/Desktop/Masterthesis/master/data/raw/german_statlog_numeric.csv,/Users/janawue/Desktop/Masterthesis/master/data/processed/MCAR/german_statlog_numeric_mcar_duration_15pct.csv,150,9.195342498605838,0.7396849267645211,0.8869891249923967,,/Users/janawue/Desktop/Masterthesis/master/data/results/benchmark_local_classical_missforest_final.csv,classical_run_csv,
R000462,2026-06-02T13:43:49.389717+00:00,statlog,German Statlog,X2,MCAR_TARGET,MCAR,target,15,404,classical,dae,DAE,,,success,,/Users/janawue/Desktop/Masterthesis/master/data/raw/german_statlog_numeric.csv,/Users/janawue/Desktop/Masterthesis/master/data/processed/MCAR/german_statlog_numeric_mcar_duration_15pct.csv,150,9.260893182344528,0.7449579062873577,0.5981247500167228,,/Users/janawue/Desktop/Masterthesis/master/data/results/benchmark_local_classical_dae_final.csv,classical_run_csv,
R000459,2026-06-10T14:32:06.050354+00:00,statlog,German Statlog,X2,MCAR_TARGET,MCAR,target,15,404,classical,medianmode,Median/Mode,,,success,,/Users/janawue/Desktop/Masterthesis/master/data/raw/german_statlog_numeric.csv,/Users/janawue/Desktop/Masterthesis/master/data/processed/MCAR/german_statlog_numeric_mcar_duration_15pct.csv,150,12.609784560676152,1.0143469447379794,0.0092154591111466,,/Users/janawue/Desktop/Masterthesis/master/data/results/benchmark_local_classical_medianmode_final.csv,classical_run_csv,
R000463,2026-05-20T13:36:38.395405+00:00,statlog,German Statlog,X2,MCAR_TARGET,MCAR,target,15,505,classical,meanmode,Mean/Mode,,,success,,/Users/janawue/Desktop/Masterthesis/master/data/raw/german_statlog_numeric.csv,/Users/janawue/Desktop/Masterthesis/master/data/processed/MCAR/german_statlog_numeric_mcar_duration_15pct.csv,150,12.466096675409103,1.002788510355919,0.005229040980339,,/Users/janawue/Desktop/Masterthesis/master/data/results/benchmark_local_classical_runs_mice_mean.csv,classical_run_csv,
R000465,2026-05-20T14:16:27.341726+00:00,statlog,German Statlog,X2,MCAR_TARGET,MCAR,target,15,505,classical,mice,MICE,,,success,,/Users/janawue/Desktop/Masterthesis/master/data/raw/german_statlog_numeric.csv,/Users/janawue/Desktop/Masterthesis/master/data/processed/MCAR/german_statlog_numeric_mcar_duration_15pct.csv,150,9.57449052998285,0.7701840717245417,0.0411197500070557,,/Users/janawue/Desktop/Masterthesis/master/data/results/benchmark_local_classical_runs_mice_mean.csv,classical_run_csv,
R000466,2026-05-22T09:41:02.593142+00:00,statlog,German Statlog,X2,MCAR_TARGET,MCAR,target,15,505,classical,missforest,MissForest,,,success,,/Users/janawue/Desktop/Masterthesis/master/data/raw/german_statlog_numeric.csv,/Users/janawue/Desktop/Masterthesis/master/data/processed/MCAR/german_statlog_numeric_mcar_duration_15pct.csv,150,9.10243097566066,0.7322110068908781,0.897029708023183,,/Users/janawue/Desktop/Masterthesis/master/data/results/benchmark_local_classical_missforest_final.csv,classical_run_csv,
R000467,2026-06-02T13:43:50.044676+00:00,statlog,German Statlog,X2,MCAR_TARGET,MCAR,target,15,505,classical,dae,DAE,,,success,,/Users/janawue/Desktop/Masterthesis/master/data/raw/german_statlog_numeric.csv,/Users/janawue/Desktop/Masterthesis/master/data/processed/MCAR/german_statlog_numeric_mcar_duration_15pct.csv,150,9.348019344217208,0.7519664444330373,0.6549432079773396,,/Users/janawue/Desktop/Masterthesis/master/data/results/benchmark_local_classical_dae_final.csv,classical_run_csv,
R000464,2026-06-10T14:32:06.059969+00:00,statlog,German Statlog,X2,MCAR_TARGET,MCAR,target,15,505,classical,medianmode,Median/Mode,,,success,,/Users/janawue/Desktop/Masterthesis/master/data/raw/german_statlog_numeric.csv,/Users/janawue/Desktop/Masterthesis/master/data/processed/MCAR/german_statlog_numeric_mcar_duration_15pct.csv,150,12.609784560676152,1.0143469447379794,0.0095729579916223,,/Users/janawue/Desktop/Masterthesis/master/data/results/benchmark_local_classical_medianmode_final.csv,classical_run_csv,
R000341,2026-05-20T13:36:38.302415+00:00,statlog,German Statlog,X2,MNAR_TARGET,MNAR,target,10,42,classical,meanmode,Mean/Mode,,,success,,/Users/janawue/Desktop/Masterthesis/master/data/raw/german_statlog_numeric.csv,/Users/janawue/Desktop/Masterthesis/master/data/processed/MNAR/german_statlog_numeric_mnar_duration_10pct.csv,100,13.607716810329478,1.145709995570186,0.0058731249882839,,/Users/janawue/Desktop/Masterthesis/master/data/results/benchmark_local_classical_runs_mice_mean.csv,classical_run_csv,
R000343,2026-05-20T14:16:26.559085+00:00,statlog,German Statlog,X2,MNAR_TARGET,MNAR,target,10,42,classical,mice,MICE,,,success,,/Users/janawue/Desktop/Masterthesis/master/data/raw/german_statlog_numeric.csv,/Users/janawue/Desktop/Masterthesis/master/data/processed/MNAR/german_statlog_numeric_mnar_duration_10pct.csv,100,9.891776427002576,0.8328441342753067,0.041421000030823,,/Users/janawue/Desktop/Masterthesis/master/data/results/benchmark_local_classical_runs_mice_mean.csv,classical_run_csv,
R000344,2026-05-22T09:40:45.456907+00:00,statlog,German Statlog,X2,MNAR_TARGET,MNAR,target,10,42,classical,missforest,MissForest,,,success,,/Users/janawue/Desktop/Masterthesis/master/data/raw/german_statlog_numeric.csv,/Users/janawue/Desktop/Masterthesis/master/data/processed/MNAR/german_statlog_numeric_mnar_duration_10pct.csv,100,9.112627337930592,0.7672432026986329,0.9336702090222389,,/Users/janawue/Desktop/Masterthesis/master/data/results/benchmark_local_classical_missforest_final.csv,classical_run_csv,
R000345,2026-06-02T13:43:37.736276+00:00,statlog,German Statlog,X2,MNAR_TARGET,MNAR,target,10,42,classical,dae,DAE,,,success,,/Users/janawue/Desktop/Masterthesis/master/data/raw/german_statlog_numeric.csv,/Users/janawue/Desktop/Masterthesis/master/data/processed/MNAR/german_statlog_numeric_mnar_duration_10pct.csv,100,9.995964671493269,0.8416163269067175,0.6028350830310956,,/Users/janawue/Desktop/Masterthesis/master/data/results/benchmark_local_classical_dae_final.csv,classical_run_csv,
R000342,2026-06-10T14:32:05.878114+00:00,statlog,German Statlog,X2,MNAR_TARGET,MNAR,target,10,42,classical,medianmode,Median/Mode,,,success,,/Users/janawue/Desktop/Masterthesis/master/data/raw/german_statlog_numeric.csv,/Users/janawue/Desktop/Masterthesis/master/data/processed/MNAR/german_statlog_numeric_mnar_duration_10pct.csv,100,14.829699929533302,1.2485956077271865,0.0096630420302972,,/Users/janawue/Desktop/Masterthesis/master/data/results/benchmark_local_classical_medianmode_final.csv,classical_run_csv,
R000346,2026-05-20T13:36:38.307165+00:00,statlog,German Statlog,X2,MNAR_TARGET,MNAR,target,10,202,classical,meanmode,Mean/Mode,,,success,,/Users/janawue/Desktop/Masterthesis/master/data/raw/german_statlog_numeric.csv,/Users/janawue/Desktop/Masterthesis/master/data/processed/MNAR/german_statlog_numeric_mnar_duration_10pct.csv,100,13.607716810329478,1.145709995570186,0.004724874976091,,/Users/janawue/Desktop/Masterthesis/master/data/results/benchmark_local_classical_runs_mice_mean.csv,classical_run_csv,
R000348,2026-05-20T14:16:26.599354+00:00,statlog,German Statlog,X2,MNAR_TARGET,MNAR,target,10,202,classical,mice,MICE,,,success,,/Users/janawue/Desktop/Masterthesis/master/data/raw/german_statlog_numeric.csv,/Users/janawue/Desktop/Masterthesis/master/data/processed/MNAR/german_statlog_numeric_mnar_duration_10pct.csv,100,9.891776427002576,0.8328441342753067,0.0402468749671243,,/Users/janawue/Desktop/Masterthesis/master/data/results/benchmark_local_classical_runs_mice_mean.csv,classical_run_csv,
R000349,2026-05-22T09:40:46.371324+00:00,statlog,German Statlog,X2,MNAR_TARGET,MNAR,target,10,202,classical,missforest,MissForest,,,success,,/Users/janawue/Desktop/Masterthesis/master/data/raw/german_statlog_numeric.csv,/Users/janawue/Desktop/Masterthesis/master/data/processed/MNAR/german_statlog_numeric_mnar_duration_10pct.csv,100,9.11453267785162,0.7674036239524632,0.9144062499981374,,/Users/janawue/Desktop/Masterthesis/master/data/results/benchmark_local_classical_missforest_final.csv,classical_run_csv,
R000350,2026-06-02T13:43:38.398205+00:00,statlog,German Statlog,X2,MNAR_TARGET,MNAR,target,10,202,classical,dae,DAE,,,success,,/Users/janawue/Desktop/Masterthesis/master/data/raw/german_statlog_numeric.csv,/Users/janawue/Desktop/Masterthesis/master/data/processed/MNAR/german_statlog_numeric_mnar_duration_10pct.csv,100,8.92675015038129,0.7515931598081127,0.6619140839902684,,/Users/janawue/Desktop/Masterthesis/master/data/results/benchmark_local_classical_dae_final.csv,classical_run_csv,
R000347,2026-06-10T14:32:05.888440+00:00,statlog,German Statlog,X2,MNAR_TARGET,MNAR,target,10,202,classical,medianmode,Median/Mode,,,success,,/Users/janawue/Desktop/Masterthesis/master/data/raw/german_statlog_numeric.csv,/Users/janawue/Desktop/Masterthesis/master/data/processed/MNAR/german_statlog_numeric_mnar_duration_10pct.csv,100,14.829699929533302,1.2485956077271865,0.0102935419417917,,/Users/janawue/Desktop/Masterthesis/master/data/results/benchmark_local_classical_medianmode_final.csv,classical_run_csv,
R000351,2026-05-20T13:36:38.312238+00:00,statlog,German Statlog,X2,MNAR_TARGET,MNAR,target,10,303,classical,meanmode,Mean/Mode,,,success,,/Users/janawue/Desktop/Masterthesis/master/data/raw/german_statlog_numeric.csv,/Users/janawue/Desktop/Masterthesis/master/data/processed/MNAR/german_statlog_numeric_mnar_duration_10pct.csv,100,13.607716810329478,1.145709995570186,0.0050488340202718,,/Users/janawue/Desktop/Masterthesis/master/data/results/benchmark_local_classical_runs_mice_mean.csv,classical_run_csv,
R000353,2026-05-20T14:16:26.639380+00:00,statlog,German Statlog,X2,MNAR_TARGET,MNAR,target,10,303,classical,mice,MICE,,,success,,/Users/janawue/Desktop/Masterthesis/master/data/raw/german_statlog_numeric.csv,/Users/janawue/Desktop/Masterthesis/master/data/processed/MNAR/german_statlog_numeric_mnar_duration_10pct.csv,100,9.891776427002576,0.8328441342753067,0.0400067080045118,,/Users/janawue/Desktop/Masterthesis/master/data/results/benchmark_local_classical_runs_mice_mean.csv,classical_run_csv,
R000354,2026-05-22T09:40:47.291851+00:00,statlog,German Statlog,X2,MNAR_TARGET,MNAR,target,10,303,classical,missforest,MissForest,,,success,,/Users/janawue/Desktop/Masterthesis/master/data/raw/german_statlog_numeric.csv,/Users/janawue/Desktop/Masterthesis/master/data/processed/MNAR/german_statlog_numeric_mnar_duration_10pct.csv,100,9.25653227456157,0.7793593663878164,0.9205153749790044,,/Users/janawue/Desktop/Masterthesis/master/data/results/benchmark_local_classical_missforest_final.csv,classical_run_csv,
R000355,2026-06-02T13:43:39.024333+00:00,statlog,German Statlog,X2,MNAR_TARGET,MNAR,target,10,303,classical,dae,DAE,,,success,,/Users/janawue/Desktop/Masterthesis/master/data/raw/german_statlog_numeric.csv,/Users/janawue/Desktop/Masterthesis/master/data/processed/MNAR/german_statlog_numeric_mnar_duration_10pct.csv,100,9.82818268325107,0.8274898203306983,0.6261132920044474,,/Users/janawue/Desktop/Masterthesis/master/data/results/benchmark_local_classical_dae_final.csv,classical_run_csv,
R000352,2026-06-10T14:32:05.898029+00:00,statlog,German Statlog,X2,MNAR_TARGET,MNAR,target,10,303,classical,medianmode,Median/Mode,,,success,,/Users/janawue/Desktop/Masterthesis/master/data/raw/german_statlog_numeric.csv,/Users/janawue/Desktop/Masterthesis/master/data/processed/MNAR/german_statlog_numeric_mnar_duration_10pct.csv,100,14.829699929533302,1.2485956077271865,0.0095369579503312,,/Users/janawue/Desktop/Masterthesis/master/data/results/benchmark_local_classical_medianmode_final.csv,classical_run_csv,
R000356,2026-05-20T13:36:38.316823+00:00,statlog,German Statlog,X2,MNAR_TARGET,MNAR,target,10,404,classical,meanmode,Mean/Mode,,,success,,/Users/janawue/Desktop/Masterthesis/master/data/raw/german_statlog_numeric.csv,/Users/janawue/Desktop/Masterthesis/master/data/processed/MNAR/german_statlog_numeric_mnar_duration_10pct.csv,100,13.607716810329478,1.145709995570186,0.0045590830268338,,/Users/janawue/Desktop/Masterthesis/master/data/results/benchmark_local_classical_runs_mice_mean.csv,classical_run_csv,
R000358,2026-05-20T14:16:26.679437+00:00,statlog,German Statlog,X2,MNAR_TARGET,MNAR,target,10,404,classical,mice,MICE,,,success,,/Users/janawue/Desktop/Masterthesis/master/data/raw/german_statlog_numeric.csv,/Users/janawue/Desktop/Masterthesis/master/data/processed/MNAR/german_statlog_numeric_mnar_duration_10pct.csv,100,9.891776427002576,0.8328441342753067,0.0400364170200191,,/Users/janawue/Desktop/Masterthesis/master/data/results/benchmark_local_classical_runs_mice_mean.csv,classical_run_csv,
R000359,2026-05-22T09:40:48.232210+00:00,statlog,German Statlog,X2,MNAR_TARGET,MNAR,target,10,404,classical,missforest,MissForest,,,success,,/Users/janawue/Desktop/Masterthesis/master/data/raw/german_statlog_numeric.csv,/Users/janawue/Desktop/Masterthesis/master/data/processed/MNAR/german_statlog_numeric_mnar_duration_10pct.csv,100,9.198579238121503,0.774479975227014,0.9403503750218078,,/Users/janawue/Desktop/Masterthesis/master/data/results/benchmark_local_classical_missforest_final.csv,classical_run_csv,
R000360,2026-06-02T13:43:39.652522+00:00,statlog,German Statlog,X2,MNAR_TARGET,MNAR,target,10,404,classical,dae,DAE,,,success,,/Users/janawue/Desktop/Masterthesis/master/data/raw/german_statlog_numeric.csv,/Users/janawue/Desktop/Masterthesis/master/data/processed/MNAR/german_statlog_numeric_mnar_duration_10pct.csv,100,10.424244944168576,0.8776756450237105,0.628170375013724,,/Users/janawue/Desktop/Masterthesis/master/data/results/benchmark_local_classical_dae_final.csv,classical_run_csv,
R000357,2026-06-10T14:32:05.907277+00:00,statlog,German Statlog,X2,MNAR_TARGET,MNAR,target,10,404,classical,medianmode,Median/Mode,,,success,,/Users/janawue/Desktop/Masterthesis/master/data/raw/german_statlog_numeric.csv,/Users/janawue/Desktop/Masterthesis/master/data/processed/MNAR/german_statlog_numeric_mnar_duration_10pct.csv,100,14.829699929533302,1.2485956077271865,0.0092098750174045,,/Users/janawue/Desktop/Masterthesis/master/data/results/benchmark_local_classical_medianmode_final.csv,classical_run_csv,
R000361,2026-05-20T13:36:38.321329+00:00,statlog,German Statlog,X2,MNAR_TARGET,MNAR,target,10,505,classical,meanmode,Mean/Mode,,,success,,/Users/janawue/Desktop/Masterthesis/master/data/raw/german_statlog_numeric.csv,/Users/janawue/Desktop/Masterthesis/master/data/processed/MNAR/german_statlog_numeric_mnar_duration_10pct.csv,100,13.607716810329478,1.145709995570186,0.0044852079590782,,/Users/janawue/Desktop/Masterthesis/master/data/results/benchmark_local_classical_runs_mice_mean.csv,classical_run_csv,
R000363,2026-05-20T14:16:26.720627+00:00,statlog,German Statlog,X2,MNAR_TARGET,MNAR,target,10,505,classical,mice,MICE,,,success,,/Users/janawue/Desktop/Masterthesis/master/data/raw/german_statlog_numeric.csv,/Users/janawue/Desktop/Masterthesis/master/data/processed/MNAR/german_statlog_numeric_mnar_duration_10pct.csv,100,9.891776427002576,0.8328441342753067,0.041171666001901,,/Users/janawue/Desktop/Masterthesis/master/data/results/benchmark_local_classical_runs_mice_mean.csv,classical_run_csv,
R000364,2026-05-22T09:40:49.158420+00:00,statlog,German Statlog,X2,MNAR_TARGET,MNAR,target,10,505,classical,missforest,MissForest,,,success,,/Users/janawue/Desktop/Masterthesis/master/data/raw/german_statlog_numeric.csv,/Users/janawue/Desktop/Masterthesis/master/data/processed/MNAR/german_statlog_numeric_mnar_duration_10pct.csv,100,9.47591545709437,0.7978304669105015,0.9262052080011928,,/Users/janawue/Desktop/Masterthesis/master/data/results/benchmark_local_classical_missforest_final.csv,classical_run_csv,
R000365,2026-06-02T13:43:40.292184+00:00,statlog,German Statlog,X2,MNAR_TARGET,MNAR,target,10,505,classical,dae,DAE,,,success,,/Users/janawue/Desktop/Masterthesis/master/data/raw/german_statlog_numeric.csv,/Users/janawue/Desktop/Masterthesis/master/data/processed/MNAR/german_statlog_numeric_mnar_duration_10pct.csv,100,10.356854033427512,0.8720016262942786,0.6396508750040084,,/Users/janawue/Desktop/Masterthesis/master/data/results/benchmark_local_classical_dae_final.csv,classical_run_csv,
R000362,2026-06-10T14:32:05.916663+00:00,statlog,German Statlog,X2,MNAR_TARGET,MNAR,target,10,505,classical,medianmode,Median/Mode,,,success,,/Users/janawue/Desktop/Masterthesis/master/data/raw/german_statlog_numeric.csv,/Users/janawue/Desktop/Masterthesis/master/data/processed/MNAR/german_statlog_numeric_mnar_duration_10pct.csv,100,14.829699929533302,1.2485956077271865,0.0093467080732807,,/Users/janawue/Desktop/Masterthesis/master/data/results/benchmark_local_classical_medianmode_final.csv,classical_run_csv,
R000375,2026-05-20T13:36:38.326803+00:00,statlog,German Statlog,X2,MNAR_TARGET,MNAR,target,15,42,classical,meanmode,Mean/Mode,,,success,,/Users/janawue/Desktop/Masterthesis/master/data/raw/german_statlog_numeric.csv,/Users/janawue/Desktop/Masterthesis/master/data/processed/MNAR/german_statlog_numeric_mnar_duration_15pct.csv,150,13.288516432373925,1.1690262183944289,0.0054722090135328,,/Users/janawue/Desktop/Masterthesis/master/data/results/benchmark_local_classical_runs_mice_mean.csv,classical_run_csv,
R000377,2026-05-20T14:16:26.762867+00:00,statlog,German Statlog,X2,MNAR_TARGET,MNAR,target,15,42,classical,mice,MICE,,,success,,/Users/janawue/Desktop/Masterthesis/master/data/raw/german_statlog_numeric.csv,/Users/janawue/Desktop/Masterthesis/master/data/processed/MNAR/german_statlog_numeric_mnar_duration_15pct.csv,150,9.941588633328404,0.8745880568382408,0.0422207079827785,,/Users/janawue/Desktop/Masterthesis/master/data/results/benchmark_local_classical_runs_mice_mean.csv,classical_run_csv,
R000378,2026-05-22T09:40:50.055824+00:00,statlog,German Statlog,X2,MNAR_TARGET,MNAR,target,15,42,classical,missforest,MissForest,,,success,,/Users/janawue/Desktop/Masterthesis/master/data/raw/german_statlog_numeric.csv,/Users/janawue/Desktop/Masterthesis/master/data/processed/MNAR/german_statlog_numeric_mnar_duration_15pct.csv,150,9.377881717104348,0.8249972565476421,0.8973872499773279,,/Users/janawue/Desktop/Masterthesis/master/data/results/benchmark_local_classical_missforest_final.csv,classical_run_csv,
R000379,2026-06-02T13:43:40.912687+00:00,statlog,German Statlog,X2,MNAR_TARGET,MNAR,target,15,42,classical,dae,DAE,,,success,,/Users/janawue/Desktop/Masterthesis/master/data/raw/german_statlog_numeric.csv,/Users/janawue/Desktop/Masterthesis/master/data/processed/MNAR/german_statlog_numeric_mnar_duration_15pct.csv,150,9.682842233910677,0.851825446250834,0.620485124993138,,/Users/janawue/Desktop/Masterthesis/master/data/results/benchmark_local_classical_dae_final.csv,classical_run_csv,
R000376,2026-06-10T14:32:05.926794+00:00,statlog,German Statlog,X2,MNAR_TARGET,MNAR,target,15,42,classical,medianmode,Median/Mode,,,success,,/Users/janawue/Desktop/Masterthesis/master/data/raw/german_statlog_numeric.csv,/Users/janawue/Desktop/Masterthesis/master/data/processed/MNAR/german_statlog_numeric_mnar_duration_15pct.csv,150,14.346892811104896,1.2621344101148817,0.0100929170148447,,/Users/janawue/Desktop/Masterthesis/master/data/results/benchmark_local_classical_medianmode_final.csv,classical_run_csv,
R000380,2026-05-20T13:36:38.331615+00:00,statlog,German Statlog,X2,MNAR_TARGET,MNAR,target,15,202,classical,meanmode,Mean/Mode,,,success,,/Users/janawue/Desktop/Masterthesis/master/data/raw/german_statlog_numeric.csv,/Users/janawue/Desktop/Masterthesis/master/data/processed/MNAR/german_statlog_numeric_mnar_duration_15pct.csv,150,13.288516432373925,1.1690262183944289,0.0047657499671913,,/Users/janawue/Desktop/Masterthesis/master/data/results/benchmark_local_classical_runs_mice_mean.csv,classical_run_csv,
R000382,2026-05-20T14:16:26.803071+00:00,statlog,German Statlog,X2,MNAR_TARGET,MNAR,target,15,202,classical,mice,MICE,,,success,,/Users/janawue/Desktop/Masterthesis/master/data/raw/german_statlog_numeric.csv,/Users/janawue/Desktop/Masterthesis/master/data/processed/MNAR/german_statlog_numeric_mnar_duration_15pct.csv,150,9.941588633328404,0.8745880568382408,0.0401740000233985,,/Users/janawue/Desktop/Masterthesis/master/data/results/benchmark_local_classical_runs_mice_mean.csv,classical_run_csv,
R000383,2026-05-22T09:40:50.962931+00:00,statlog,German Statlog,X2,MNAR_TARGET,MNAR,target,15,202,classical,missforest,MissForest,,,success,,/Users/janawue/Desktop/Masterthesis/master/data/raw/german_statlog_numeric.csv,/Users/janawue/Desktop/Masterthesis/master/data/processed/MNAR/german_statlog_numeric_mnar_duration_15pct.csv,150,9.524506269968365,0.8378962093713602,0.9070978339877912,,/Users/janawue/Desktop/Masterthesis/master/data/results/benchmark_local_classical_missforest_final.csv,classical_run_csv,
R000384,2026-06-02T13:43:41.578829+00:00,statlog,German Statlog,X2,MNAR_TARGET,MNAR,target,15,202,classical,dae,DAE,,,success,,/Users/janawue/Desktop/Masterthesis/master/data/raw/german_statlog_numeric.csv,/Users/janawue/Desktop/Masterthesis/master/data/processed/MNAR/german_statlog_numeric_mnar_duration_15pct.csv,150,9.211758063817577,0.8103829158741731,0.6661278750398196,,/Users/janawue/Desktop/Masterthesis/master/data/results/benchmark_local_classical_dae_final.csv,classical_run_csv,
R000381,2026-06-10T14:32:05.936593+00:00,statlog,German Statlog,X2,MNAR_TARGET,MNAR,target,15,202,classical,medianmode,Median/Mode,,,success,,/Users/janawue/Desktop/Masterthesis/master/data/raw/german_statlog_numeric.csv,/Users/janawue/Desktop/Masterthesis/master/data/processed/MNAR/german_statlog_numeric_mnar_duration_15pct.csv,150,14.346892811104896,1.2621344101148817,0.009757291059941,,/Users/janawue/Desktop/Masterthesis/master/data/results/benchmark_local_classical_medianmode_final.csv,classical_run_csv,
R000385,2026-05-20T13:36:38.336784+00:00,statlog,German Statlog,X2,MNAR_TARGET,MNAR,target,15,303,classical,meanmode,Mean/Mode,,,success,,/Users/janawue/Desktop/Masterthesis/master/data/raw/german_statlog_numeric.csv,/Users/janawue/Desktop/Masterthesis/master/data/processed/MNAR/german_statlog_numeric_mnar_duration_15pct.csv,150,13.288516432373925,1.1690262183944289,0.0051498329848982,,/Users/janawue/Desktop/Masterthesis/master/data/results/benchmark_local_classical_runs_mice_mean.csv,classical_run_csv,
R000387,2026-05-20T14:16:26.844295+00:00,statlog,German Statlog,X2,MNAR_TARGET,MNAR,target,15,303,classical,mice,MICE,,,success,,/Users/janawue/Desktop/Masterthesis/master/data/raw/german_statlog_numeric.csv,/Users/janawue/Desktop/Masterthesis/master/data/processed/MNAR/german_statlog_numeric_mnar_duration_15pct.csv,150,9.941588633328404,0.8745880568382408,0.0412042920361273,,/Users/janawue/Desktop/Masterthesis/master/data/results/benchmark_local_classical_runs_mice_mean.csv,classical_run_csv,
R000388,2026-05-22T09:40:51.866031+00:00,statlog,German Statlog,X2,MNAR_TARGET,MNAR,target,15,303,classical,missforest,MissForest,,,success,,/Users/janawue/Desktop/Masterthesis/master/data/raw/german_statlog_numeric.csv,/Users/janawue/Desktop/Masterthesis/master/data/processed/MNAR/german_statlog_numeric_mnar_duration_15pct.csv,150,9.363758342229186,0.8237547856062619,0.9030897910124622,,/Users/janawue/Desktop/Masterthesis/master/data/results/benchmark_local_classical_missforest_final.csv,classical_run_csv,
R000389,2026-06-02T13:43:42.194652+00:00,statlog,German Statlog,X2,MNAR_TARGET,MNAR,target,15,303,classical,dae,DAE,,,success,,/Users/janawue/Desktop/Masterthesis/master/data/raw/german_statlog_numeric.csv,/Users/janawue/Desktop/Masterthesis/master/data/processed/MNAR/german_statlog_numeric_mnar_duration_15pct.csv,150,9.70742406453137,0.8539879754269063,0.6158110830001533,,/Users/janawue/Desktop/Masterthesis/master/data/results/benchmark_local_classical_dae_final.csv,classical_run_csv,
R000386,2026-06-10T14:32:05.946218+00:00,statlog,German Statlog,X2,MNAR_TARGET,MNAR,target,15,303,classical,medianmode,Median/Mode,,,success,,/Users/janawue/Desktop/Masterthesis/master/data/raw/german_statlog_numeric.csv,/Users/janawue/Desktop/Masterthesis/master/data/processed/MNAR/german_statlog_numeric_mnar_duration_15pct.csv,150,14.346892811104896,1.2621344101148817,0.0097001669928431,,/Users/janawue/Desktop/Masterthesis/master/data/results/benchmark_local_classical_medianmode_final.csv,classical_run_csv,
R000390,2026-05-20T13:36:38.341553+00:00,statlog,German Statlog,X2,MNAR_TARGET,MNAR,target,15,404,classical,meanmode,Mean/Mode,,,success,,/Users/janawue/Desktop/Masterthesis/master/data/raw/german_statlog_numeric.csv,/Users/janawue/Desktop/Masterthesis/master/data/processed/MNAR/german_statlog_numeric_mnar_duration_15pct.csv,150,13.288516432373925,1.1690262183944289,0.0047452499857172,,/Users/janawue/Desktop/Masterthesis/master/data/results/benchmark_local_classical_runs_mice_mean.csv,classical_run_csv,
R000392,2026-05-20T14:16:26.886305+00:00,statlog,German Statlog,X2,MNAR_TARGET,MNAR,target,15,404,classical,mice,MICE,,,success,,/Users/janawue/Desktop/Masterthesis/master/data/raw/german_statlog_numeric.csv,/Users/janawue/Desktop/Masterthesis/master/data/processed/MNAR/german_statlog_numeric_mnar_duration_15pct.csv,150,9.941588633328404,0.8745880568382408,0.0419912500074133,,/Users/janawue/Desktop/Masterthesis/master/data/results/benchmark_local_classical_runs_mice_mean.csv,classical_run_csv,
R000393,2026-05-22T09:40:52.788011+00:00,statlog,German Statlog,X2,MNAR_TARGET,MNAR,target,15,404,classical,missforest,MissForest,,,success,,/Users/janawue/Desktop/Masterthesis/master/data/raw/german_statlog_numeric.csv,/Users/janawue/Desktop/Masterthesis/master/data/processed/MNAR/german_statlog_numeric_mnar_duration_15pct.csv,150,9.309069063732062,0.8189436239725633,0.9219696249929256,,/Users/janawue/Desktop/Masterthesis/master/data/results/benchmark_local_classical_missforest_final.csv,classical_run_csv,
R000394,2026-06-02T13:43:42.823530+00:00,statlog,German Statlog,X2,MNAR_TARGET,MNAR,target,15,404,classical,dae,DAE,,,success,,/Users/janawue/Desktop/Masterthesis/master/data/raw/german_statlog_numeric.csv,/Users/janawue/Desktop/Masterthesis/master/data/processed/MNAR/german_statlog_numeric_mnar_duration_15pct.csv,150,10.291061922362596,0.9053321537875584,0.6288509999867529,,/Users/janawue/Desktop/Masterthesis/master/data/results/benchmark_local_classical_dae_final.csv,classical_run_csv,
R000391,2026-06-10T14:32:05.955814+00:00,statlog,German Statlog,X2,MNAR_TARGET,MNAR,target,15,404,classical,medianmode,Median/Mode,,,success,,/Users/janawue/Desktop/Masterthesis/master/data/raw/german_statlog_numeric.csv,/Users/janawue/Desktop/Masterthesis/master/data/processed/MNAR/german_statlog_numeric_mnar_duration_15pct.csv,150,14.346892811104896,1.2621344101148817,0.0094179579755291,,/Users/janawue/Desktop/Masterthesis/master/data/results/benchmark_local_classical_medianmode_final.csv,classical_run_csv,
R000395,2026-05-20T13:36:38.346195+00:00,statlog,German Statlog,X2,MNAR_TARGET,MNAR,target,15,505,classical,meanmode,Mean/Mode,,,success,,/Users/janawue/Desktop/Masterthesis/master/data/raw/german_statlog_numeric.csv,/Users/janawue/Desktop/Masterthesis/master/data/processed/MNAR/german_statlog_numeric_mnar_duration_15pct.csv,150,13.288516432373925,1.1690262183944289,0.0046216250048018,,/Users/janawue/Desktop/Masterthesis/master/data/results/benchmark_local_classical_runs_mice_mean.csv,classical_run_csv,
R000397,2026-05-20T14:16:26.927408+00:00,statlog,German Statlog,X2,MNAR_TARGET,MNAR,target,15,505,classical,mice,MICE,,,success,,/Users/janawue/Desktop/Masterthesis/master/data/raw/german_statlog_numeric.csv,/Users/janawue/Desktop/Masterthesis/master/data/processed/MNAR/german_statlog_numeric_mnar_duration_15pct.csv,150,9.941588633328404,0.8745880568382408,0.0410869999905116,,/Users/janawue/Desktop/Masterthesis/master/data/results/benchmark_local_classical_runs_mice_mean.csv,classical_run_csv,
R000398,2026-05-22T09:40:53.669880+00:00,statlog,German Statlog,X2,MNAR_TARGET,MNAR,target,15,505,classical,missforest,MissForest,,,success,,/Users/janawue/Desktop/Masterthesis/master/data/raw/german_statlog_numeric.csv,/Users/janawue/Desktop/Masterthesis/master/data/processed/MNAR/german_statlog_numeric_mnar_duration_15pct.csv,150,9.309132525375285,0.8189492068625093,0.8818594589829445,,/Users/janawue/Desktop/Masterthesis/master/data/results/benchmark_local_classical_missforest_final.csv,classical_run_csv,
R000399,2026-06-02T13:43:43.457350+00:00,statlog,German Statlog,X2,MNAR_TARGET,MNAR,target,15,505,classical,dae,DAE,,,success,,/Users/janawue/Desktop/Masterthesis/master/data/raw/german_statlog_numeric.csv,/Users/janawue/Desktop/Masterthesis/master/data/processed/MNAR/german_statlog_numeric_mnar_duration_15pct.csv,150,10.240859658527308,0.9009157267962632,0.6338029159815051,,/Users/janawue/Desktop/Masterthesis/master/data/results/benchmark_local_classical_dae_final.csv,classical_run_csv,
R000396,2026-06-10T14:32:05.965762+00:00,statlog,German Statlog,X2,MNAR_TARGET,MNAR,target,15,505,classical,medianmode,Median/Mode,,,success,,/Users/janawue/Desktop/Masterthesis/master/data/raw/german_statlog_numeric.csv,/Users/janawue/Desktop/Masterthesis/master/data/processed/MNAR/german_statlog_numeric_mnar_duration_15pct.csv,150,14.346892811104896,1.2621344101148817,0.0099013749277219,,/Users/janawue/Desktop/Masterthesis/master/data/results/benchmark_local_classical_medianmode_final.csv,classical_run_csv,
R000001,2026-05-20T13:36:37.317777+00:00,telco,Telco,TotalCharges,MAR_TARGET,MAR,target,10,42,classical,meanmode,Mean/Mode,,,success,,/Users/janawue/Desktop/Masterthesis/master/data/raw/Telco-Customer-Churn_cleaned.csv,/Users/janawue/Desktop/Masterthesis/master/data/processed/MAR/telco_customer_churn_mar_totalcharges_tenure_10pct.csv,704,2623.4548714685493,1.1254671745160685,0.0284695829614065,,/Users/janawue/Desktop/Masterthesis/master/data/results/benchmark_local_classical_runs_mice_mean.csv,classical_run_csv,
R000003,2026-05-20T14:16:24.752049+00:00,telco,Telco,TotalCharges,MAR_TARGET,MAR,target,10,42,classical,mice,MICE,,,success,,/Users/janawue/Desktop/Masterthesis/master/data/raw/Telco-Customer-Churn_cleaned.csv,/Users/janawue/Desktop/Masterthesis/master/data/processed/MAR/telco_customer_churn_mar_totalcharges_tenure_10pct.csv,704,766.7115407728988,0.3289207223829619,0.0310654999921098,,/Users/janawue/Desktop/Masterthesis/master/data/results/benchmark_local_classical_runs_mice_mean.csv,classical_run_csv,
R000004,2026-05-22T09:39:46.971795+00:00,telco,Telco,TotalCharges,MAR_TARGET,MAR,target,10,42,classical,missforest,MissForest,,,success,,/Users/janawue/Desktop/Masterthesis/master/data/raw/Telco-Customer-Churn_cleaned.csv,/Users/janawue/Desktop/Masterthesis/master/data/processed/MAR/telco_customer_churn_mar_totalcharges_tenure_10pct.csv,704,105.74075283931026,0.0453629858944906,0.4758359999977983,,/Users/janawue/Desktop/Masterthesis/master/data/results/benchmark_local_classical_missforest_final.csv,classical_run_csv,
R000005,2026-06-02T13:40:55.761128+00:00,telco,Telco,TotalCharges,MAR_TARGET,MAR,target,10,42,classical,dae,DAE,,,success,,/Users/janawue/Desktop/Masterthesis/master/data/raw/Telco-Customer-Churn_cleaned.csv,/Users/janawue/Desktop/Masterthesis/master/data/processed/MAR/telco_customer_churn_mar_totalcharges_tenure_10pct.csv,704,650.525762568416,0.2790768005618285,4.920744458970148,,/Users/janawue/Desktop/Masterthesis/master/data/results/benchmark_local_classical_dae_final.csv,classical_run_csv,
R000002,2026-06-10T14:32:03.984070+00:00,telco,Telco,TotalCharges,MAR_TARGET,MAR,target,10,42,classical,medianmode,Median/Mode,,,success,,/Users/janawue/Desktop/Masterthesis/master/data/raw/Telco-Customer-Churn_cleaned.csv,/Users/janawue/Desktop/Masterthesis/master/data/processed/MAR/telco_customer_churn_mar_totalcharges_tenure_10pct.csv,704,3134.850171975542,1.344856739849135,0.0499009999912232,,/Users/janawue/Desktop/Masterthesis/master/data/results/benchmark_local_classical_medianmode_final.csv,classical_run_csv,
R000006,2026-05-20T13:36:37.340854+00:00,telco,Telco,TotalCharges,MAR_TARGET,MAR,target,10,202,classical,meanmode,Mean/Mode,,,success,,/Users/janawue/Desktop/Masterthesis/master/data/raw/Telco-Customer-Churn_cleaned.csv,/Users/janawue/Desktop/Masterthesis/master/data/processed/MAR/telco_customer_churn_mar_totalcharges_tenure_10pct.csv,704,2623.4548714685493,1.1254671745160685,0.0230558749753981,,/Users/janawue/Desktop/Masterthesis/master/data/results/benchmark_local_classical_runs_mice_mean.csv,classical_run_csv,
R000008,2026-05-20T14:16:24.779366+00:00,telco,Telco,TotalCharges,MAR_TARGET,MAR,target,10,202,classical,mice,MICE,,,success,,/Users/janawue/Desktop/Masterthesis/master/data/raw/Telco-Customer-Churn_cleaned.csv,/Users/janawue/Desktop/Masterthesis/master/data/processed/MAR/telco_customer_churn_mar_totalcharges_tenure_10pct.csv,704,766.7115407728988,0.3289207223829619,0.0272923340089619,,/Users/janawue/Desktop/Masterthesis/master/data/results/benchmark_local_classical_runs_mice_mean.csv,classical_run_csv,
R000009,2026-05-22T09:39:47.421940+00:00,telco,Telco,TotalCharges,MAR_TARGET,MAR,target,10,202,classical,missforest,MissForest,,,success,,/Users/janawue/Desktop/Masterthesis/master/data/raw/Telco-Customer-Churn_cleaned.csv,/Users/janawue/Desktop/Masterthesis/master/data/processed/MAR/telco_customer_churn_mar_totalcharges_tenure_10pct.csv,704,105.87629647475684,0.0454211343742181,0.4501099589979276,,/Users/janawue/Desktop/Masterthesis/master/data/results/benchmark_local_classical_missforest_final.csv,classical_run_csv,
R000010,2026-06-02T13:40:59.605595+00:00,telco,Telco,TotalCharges,MAR_TARGET,MAR,target,10,202,classical,dae,DAE,,,success,,/Users/janawue/Desktop/Masterthesis/master/data/raw/Telco-Customer-Churn_cleaned.csv,/Users/janawue/Desktop/Masterthesis/master/data/processed/MAR/telco_customer_churn_mar_totalcharges_tenure_10pct.csv,704,456.72165008770367,0.1959344643793262,3.8444426669739182,,/Users/janawue/Desktop/Masterthesis/master/data/results/benchmark_local_classical_dae_final.csv,classical_run_csv,
R000007,2026-06-10T14:32:04.032582+00:00,telco,Telco,TotalCharges,MAR_TARGET,MAR,target,10,202,classical,medianmode,Median/Mode,,,success,,/Users/janawue/Desktop/Masterthesis/master/data/raw/Telco-Customer-Churn_cleaned.csv,/Users/janawue/Desktop/Masterthesis/master/data/processed/MAR/telco_customer_churn_mar_totalcharges_tenure_10pct.csv,704,3134.850171975542,1.344856739849135,0.0484955420251935,,/Users/janawue/Desktop/Masterthesis/master/data/results/benchmark_local_classical_medianmode_final.csv,classical_run_csv,
R000011,2026-05-20T13:36:37.365125+00:00,telco,Telco,TotalCharges,MAR_TARGET,MAR,target,10,303,classical,meanmode,Mean/Mode,,,success,,/Users/janawue/Desktop/Masterthesis/master/data/raw/Telco-Customer-Churn_cleaned.csv,/Users/janawue/Desktop/Masterthesis/master/data/processed/MAR/telco_customer_churn_mar_totalcharges_tenure_10pct.csv,704,2623.4548714685493,1.1254671745160685,0.0242415419779717,,/Users/janawue/Desktop/Masterthesis/master/data/results/benchmark_local_classical_runs_mice_mean.csv,classical_run_csv,
R000013,2026-05-20T14:16:24.806622+00:00,telco,Telco,TotalCharges,MAR_TARGET,MAR,target,10,303,classical,mice,MICE,,,success,,/Users/janawue/Desktop/Masterthesis/master/data/raw/Telco-Customer-Churn_cleaned.csv,/Users/janawue/Desktop/Masterthesis/master/data/processed/MAR/telco_customer_churn_mar_totalcharges_tenure_10pct.csv,704,766.7115407728988,0.3289207223829619,0.0272350419545546,,/Users/janawue/Desktop/Masterthesis/master/data/results/benchmark_local_classical_runs_mice_mean.csv,classical_run_csv,
R000014,2026-05-22T09:39:47.897642+00:00,telco,Telco,TotalCharges,MAR_TARGET,MAR,target,10,303,classical,missforest,MissForest,,,success,,/Users/janawue/Desktop/Masterthesis/master/data/raw/Telco-Customer-Churn_cleaned.csv,/Users/janawue/Desktop/Masterthesis/master/data/processed/MAR/telco_customer_churn_mar_totalcharges_tenure_10pct.csv,704,107.51448704238857,0.0461239212715735,0.4756816659937612,,/Users/janawue/Desktop/Masterthesis/master/data/results/benchmark_local_classical_missforest_final.csv,classical_run_csv,
R000015,2026-06-02T13:41:03.580081+00:00,telco,Telco,TotalCharges,MAR_TARGET,MAR,target,10,303,classical,dae,DAE,,,success,,/Users/janawue/Desktop/Masterthesis/master/data/raw/Telco-Customer-Churn_cleaned.csv,/Users/janawue/Desktop/Masterthesis/master/data/processed/MAR/telco_customer_churn_mar_totalcharges_tenure_10pct.csv,704,734.1809417591463,0.3149650329767902,3.974507750011981,,/Users/janawue/Desktop/Masterthesis/master/data/results/benchmark_local_classical_dae_final.csv,classical_run_csv,
R000012,2026-06-10T14:32:04.079431+00:00,telco,Telco,TotalCharges,MAR_TARGET,MAR,target,10,303,classical,medianmode,Median/Mode,,,success,,/Users/janawue/Desktop/Masterthesis/master/data/raw/Telco-Customer-Churn_cleaned.csv,/Users/janawue/Desktop/Masterthesis/master/data/processed/MAR/telco_customer_churn_mar_totalcharges_tenure_10pct.csv,704,3134.850171975542,1.344856739849135,0.0467602079734206,,/Users/janawue/Desktop/Masterthesis/master/data/results/benchmark_local_classical_medianmode_final.csv,classical_run_csv,
R000016,2026-05-20T13:36:37.388156+00:00,telco,Telco,TotalCharges,MAR_TARGET,MAR,target,10,404,classical,meanmode,Mean/Mode,,,success,,/Users/janawue/Desktop/Masterthesis/master/data/raw/Telco-Customer-Churn_cleaned.csv,/Users/janawue/Desktop/Masterthesis/master/data/processed/MAR/telco_customer_churn_mar_totalcharges_tenure_10pct.csv,704,2623.4548714685493,1.1254671745160685,0.0229998340364545,,/Users/janawue/Desktop/Masterthesis/master/data/results/benchmark_local_classical_runs_mice_mean.csv,classical_run_csv,
R000018,2026-05-20T14:16:24.833948+00:00,telco,Telco,TotalCharges,MAR_TARGET,MAR,target,10,404,classical,mice,MICE,,,success,,/Users/janawue/Desktop/Masterthesis/master/data/raw/Telco-Customer-Churn_cleaned.csv,/Users/janawue/Desktop/Masterthesis/master/data/processed/MAR/telco_customer_churn_mar_totalcharges_tenure_10pct.csv,704,766.7115407728988,0.3289207223829619,0.0273073749849572,,/Users/janawue/Desktop/Masterthesis/master/data/results/benchmark_local_classical_runs_mice_mean.csv,classical_run_csv,
R000019,2026-05-22T09:39:48.505018+00:00,telco,Telco,TotalCharges,MAR_TARGET,MAR,target,10,404,classical,missforest,MissForest,,,success,,/Users/janawue/Desktop/Masterthesis/master/data/raw/Telco-Customer-Churn_cleaned.csv,/Users/janawue/Desktop/Masterthesis/master/data/processed/MAR/telco_customer_churn_mar_totalcharges_tenure_10pct.csv,704,106.1096183112891,0.0455212298898569,0.6073614580091089,,/Users/janawue/Desktop/Masterthesis/master/data/results/benchmark_local_classical_missforest_final.csv,classical_run_csv,
R000020,2026-06-02T13:41:07.322730+00:00,telco,Telco,TotalCharges,MAR_TARGET,MAR,target,10,404,classical,dae,DAE,,,success,,/Users/janawue/Desktop/Masterthesis/master/data/raw/Telco-Customer-Churn_cleaned.csv,/Users/janawue/Desktop/Masterthesis/master/data/processed/MAR/telco_customer_churn_mar_totalcharges_tenure_10pct.csv,704,705.3691122100164,0.3026047028076091,3.742669500003103,,/Users/janawue/Desktop/Masterthesis/master/data/results/benchmark_local_classical_dae_final.csv,classical_run_csv,
R000017,2026-06-10T14:32:04.126703+00:00,telco,Telco,TotalCharges,MAR_TARGET,MAR,target,10,404,classical,medianmode,Median/Mode,,,success,,/Users/janawue/Desktop/Masterthesis/master/data/raw/Telco-Customer-Churn_cleaned.csv,/Users/janawue/Desktop/Masterthesis/master/data/processed/MAR/telco_customer_churn_mar_totalcharges_tenure_10pct.csv,704,3134.850171975542,1.344856739849135,0.0471793749602511,,/Users/janawue/Desktop/Masterthesis/master/data/results/benchmark_local_classical_medianmode_final.csv,classical_run_csv,
R000021,2026-05-20T13:36:37.411595+00:00,telco,Telco,TotalCharges,MAR_TARGET,MAR,target,10,505,classical,meanmode,Mean/Mode,,,success,,/Users/janawue/Desktop/Masterthesis/master/data/raw/Telco-Customer-Churn_cleaned.csv,/Users/janawue/Desktop/Masterthesis/master/data/processed/MAR/telco_customer_churn_mar_totalcharges_tenure_10pct.csv,704,2623.4548714685493,1.1254671745160685,0.0234177079983055,,/Users/janawue/Desktop/Masterthesis/master/data/results/benchmark_local_classical_runs_mice_mean.csv,classical_run_csv,
R000023,2026-05-20T14:16:24.861362+00:00,telco,Telco,TotalCharges,MAR_TARGET,MAR,target,10,505,classical,mice,MICE,,,success,,/Users/janawue/Desktop/Masterthesis/master/data/raw/Telco-Customer-Churn_cleaned.csv,/Users/janawue/Desktop/Masterthesis/master/data/processed/MAR/telco_customer_churn_mar_totalcharges_tenure_10pct.csv,704,766.7115407728988,0.3289207223829619,0.0273910409887321,,/Users/janawue/Desktop/Masterthesis/master/data/results/benchmark_local_classical_runs_mice_mean.csv,classical_run_csv,
R000024,2026-05-22T09:39:49.095075+00:00,telco,Telco,TotalCharges,MAR_TARGET,MAR,target,10,505,classical,missforest,MissForest,,,success,,/Users/janawue/Desktop/Masterthesis/master/data/raw/Telco-Customer-Churn_cleaned.csv,/Users/janawue/Desktop/Masterthesis/master/data/processed/MAR/telco_customer_churn_mar_totalcharges_tenure_10pct.csv,704,105.60925737728392,0.0453065740889291,0.5900440840050578,,/Users/janawue/Desktop/Masterthesis/master/data/results/benchmark_local_classical_missforest_final.csv,classical_run_csv,
R000025,2026-06-02T13:41:11.140107+00:00,telco,Telco,TotalCharges,MAR_TARGET,MAR,target,10,505,classical,dae,DAE,,,success,,/Users/janawue/Desktop/Masterthesis/master/data/raw/Telco-Customer-Churn_cleaned.csv,/Users/janawue/Desktop/Masterthesis/master/data/processed/MAR/telco_customer_churn_mar_totalcharges_tenure_10pct.csv,704,591.8436454964606,0.2539020597214708,3.8174028749926943,,/Users/janawue/Desktop/Masterthesis/master/data/results/benchmark_local_classical_dae_final.csv,classical_run_csv,
R000022,2026-06-10T14:32:04.173975+00:00,telco,Telco,TotalCharges,MAR_TARGET,MAR,target,10,505,classical,medianmode,Median/Mode,,,success,,/Users/janawue/Desktop/Masterthesis/master/data/raw/Telco-Customer-Churn_cleaned.csv,/Users/janawue/Desktop/Masterthesis/master/data/processed/MAR/telco_customer_churn_mar_totalcharges_tenure_10pct.csv,704,3134.850171975542,1.344856739849135,0.0472305000293999,,/Users/janawue/Desktop/Masterthesis/master/data/results/benchmark_local_classical_medianmode_final.csv,classical_run_csv,
R000035,2026-05-20T13:36:37.441718+00:00,telco,Telco,TotalCharges,MAR_TARGET,MAR,target,15,42,classical,meanmode,Mean/Mode,,,success,,/Users/janawue/Desktop/Masterthesis/master/data/raw/Telco-Customer-Churn_cleaned.csv,/Users/janawue/Desktop/Masterthesis/master/data/processed/MAR/telco_customer_churn_mar_totalcharges_tenure_15pct.csv,1056,2644.276838058538,1.1256939484120108,0.0301031660055741,,/Users/janawue/Desktop/Masterthesis/master/data/results/benchmark_local_classical_runs_mice_mean.csv,classical_run_csv,
R000037,2026-05-20T14:16:24.891243+00:00,telco,Telco,TotalCharges,MAR_TARGET,MAR,target,15,42,classical,mice,MICE,,,success,,/Users/janawue/Desktop/Masterthesis/master/data/raw/Telco-Customer-Churn_cleaned.csv,/Users/janawue/Desktop/Masterthesis/master/data/processed/MAR/telco_customer_churn_mar_totalcharges_tenure_15pct.csv,1056,790.723767144968,0.3366186727234546,0.0298597079818137,,/Users/janawue/Desktop/Masterthesis/master/data/results/benchmark_local_classical_runs_mice_mean.csv,classical_run_csv,
R000038,2026-05-22T09:39:49.567256+00:00,telco,Telco,TotalCharges,MAR_TARGET,MAR,target,15,42,classical,missforest,MissForest,,,success,,/Users/janawue/Desktop/Masterthesis/master/data/raw/Telco-Customer-Churn_cleaned.csv,/Users/janawue/Desktop/Masterthesis/master/data/processed/MAR/telco_customer_churn_mar_totalcharges_tenure_15pct.csv,1056,109.5468295571897,0.0466351334041071,0.4721625840174965,,/Users/janawue/Desktop/Masterthesis/master/data/results/benchmark_local_classical_missforest_final.csv,classical_run_csv,
R000039,2026-06-02T13:41:14.885514+00:00,telco,Telco,TotalCharges,MAR_TARGET,MAR,target,15,42,classical,dae,DAE,,,success,,/Users/janawue/Desktop/Masterthesis/master/data/raw/Telco-Customer-Churn_cleaned.csv,/Users/janawue/Desktop/Masterthesis/master/data/processed/MAR/telco_customer_churn_mar_totalcharges_tenure_15pct.csv,1056,559.8004115688065,0.2383123909538279,3.745428040972911,,/Users/janawue/Desktop/Masterthesis/master/data/results/benchmark_local_classical_dae_final.csv,classical_run_csv,
R000036,2026-06-10T14:32:04.221916+00:00,telco,Telco,TotalCharges,MAR_TARGET,MAR,target,15,42,classical,medianmode,Median/Mode,,,success,,/Users/janawue/Desktop/Masterthesis/master/data/raw/Telco-Customer-Churn_cleaned.csv,/Users/janawue/Desktop/Masterthesis/master/data/processed/MAR/telco_customer_churn_mar_totalcharges_tenure_15pct.csv,1056,3149.688002971936,1.3408523167092568,0.0479015000164508,,/Users/janawue/Desktop/Masterthesis/master/data/results/benchmark_local_classical_medianmode_final.csv,classical_run_csv,
R000040,2026-05-20T13:36:37.463618+00:00,telco,Telco,TotalCharges,MAR_TARGET,MAR,target,15,202,classical,meanmode,Mean/Mode,,,success,,/Users/janawue/Desktop/Masterthesis/master/data/raw/Telco-Customer-Churn_cleaned.csv,/Users/janawue/Desktop/Masterthesis/master/data/processed/MAR/telco_customer_churn_mar_totalcharges_tenure_15pct.csv,1056,2644.276838058538,1.1256939484120108,0.021875166974496,,/Users/janawue/Desktop/Masterthesis/master/data/results/benchmark_local_classical_runs_mice_mean.csv,classical_run_csv,
R000042,2026-05-20T14:16:24.919037+00:00,telco,Telco,TotalCharges,MAR_TARGET,MAR,target,15,202,classical,mice,MICE,,,success,,/Users/janawue/Desktop/Masterthesis/master/data/raw/Telco-Customer-Churn_cleaned.csv,/Users/janawue/Desktop/Masterthesis/master/data/processed/MAR/telco_customer_churn_mar_totalcharges_tenure_15pct.csv,1056,790.723767144968,0.3366186727234546,0.0277741250465624,,/Users/janawue/Desktop/Masterthesis/master/data/results/benchmark_local_classical_runs_mice_mean.csv,classical_run_csv,
R000043,2026-05-22T09:39:50.026391+00:00,telco,Telco,TotalCharges,MAR_TARGET,MAR,target,15,202,classical,missforest,MissForest,,,success,,/Users/janawue/Desktop/Masterthesis/master/data/raw/Telco-Customer-Churn_cleaned.csv,/Users/janawue/Desktop/Masterthesis/master/data/processed/MAR/telco_customer_churn_mar_totalcharges_tenure_15pct.csv,1056,106.7940966953182,0.0454632686887323,0.4591159170377068,,/Users/janawue/Desktop/Masterthesis/master/data/results/benchmark_local_classical_missforest_final.csv,classical_run_csv,
R000044,2026-06-02T13:41:18.820355+00:00,telco,Telco,TotalCharges,MAR_TARGET,MAR,target,15,202,classical,dae,DAE,,,success,,/Users/janawue/Desktop/Masterthesis/master/data/raw/Telco-Customer-Churn_cleaned.csv,/Users/janawue/Desktop/Masterthesis/master/data/processed/MAR/telco_customer_churn_mar_totalcharges_tenure_15pct.csv,1056,556.3169715582634,0.2368294572144076,3.934862625028472,,/Users/janawue/Desktop/Masterthesis/master/data/results/benchmark_local_classical_dae_final.csv,classical_run_csv,
R000041,2026-06-10T14:32:04.268980+00:00,telco,Telco,TotalCharges,MAR_TARGET,MAR,target,15,202,classical,medianmode,Median/Mode,,,success,,/Users/janawue/Desktop/Masterthesis/master/data/raw/Telco-Customer-Churn_cleaned.csv,/Users/janawue/Desktop/Masterthesis/master/data/processed/MAR/telco_customer_churn_mar_totalcharges_tenure_15pct.csv,1056,3149.688002971936,1.3408523167092568,0.0470075419871136,,/Users/janawue/Desktop/Masterthesis/master/data/results/benchmark_local_classical_medianmode_final.csv,classical_run_csv,
R000045,2026-05-20T13:36:37.486878+00:00,telco,Telco,TotalCharges,MAR_TARGET,MAR,target,15,303,classical,meanmode,Mean/Mode,,,success,,/Users/janawue/Desktop/Masterthesis/master/data/raw/Telco-Customer-Churn_cleaned.csv,/Users/janawue/Desktop/Masterthesis/master/data/processed/MAR/telco_customer_churn_mar_totalcharges_tenure_15pct.csv,1056,2644.276838058538,1.1256939484120108,0.0232353329774923,,/Users/janawue/Desktop/Masterthesis/master/data/results/benchmark_local_classical_runs_mice_mean.csv,classical_run_csv,
R000047,2026-05-20T14:16:24.946302+00:00,telco,Telco,TotalCharges,MAR_TARGET,MAR,target,15,303,classical,mice,MICE,,,success,,/Users/janawue/Desktop/Masterthesis/master/data/raw/Telco-Customer-Churn_cleaned.csv,/Users/janawue/Desktop/Masterthesis/master/data/processed/MAR/telco_customer_churn_mar_totalcharges_tenure_15pct.csv,1056,790.723767144968,0.3366186727234546,0.0272436249651946,,/Users/janawue/Desktop/Masterthesis/master/data/results/benchmark_local_classical_runs_mice_mean.csv,classical_run_csv,
R000048,2026-05-22T09:39:50.480279+00:00,telco,Telco,TotalCharges,MAR_TARGET,MAR,target,15,303,classical,missforest,MissForest,,,success,,/Users/janawue/Desktop/Masterthesis/master/data/raw/Telco-Customer-Churn_cleaned.csv,/Users/janawue/Desktop/Masterthesis/master/data/processed/MAR/telco_customer_churn_mar_totalcharges_tenure_15pct.csv,1056,108.40797881875108,0.0461503137490871,0.4538759579882025,,/Users/janawue/Desktop/Masterthesis/master/data/results/benchmark_local_classical_missforest_final.csv,classical_run_csv,
R000049,2026-06-02T13:41:22.752552+00:00,telco,Telco,TotalCharges,MAR_TARGET,MAR,target,15,303,classical,dae,DAE,,,success,,/Users/janawue/Desktop/Masterthesis/master/data/raw/Telco-Customer-Churn_cleaned.csv,/Users/janawue/Desktop/Masterthesis/master/data/processed/MAR/telco_customer_churn_mar_totalcharges_tenure_15pct.csv,1056,645.8292219513221,0.2749356785925704,3.9322217910084873,,/Users/janawue/Desktop/Masterthesis/master/data/results/benchmark_local_classical_dae_final.csv,classical_run_csv,
R000046,2026-06-10T14:32:04.316224+00:00,telco,Telco,TotalCharges,MAR_TARGET,MAR,target,15,303,classical,medianmode,Median/Mode,,,success,,/Users/janawue/Desktop/Masterthesis/master/data/raw/Telco-Customer-Churn_cleaned.csv,/Users/janawue/Desktop/Masterthesis/master/data/processed/MAR/telco_customer_churn_mar_totalcharges_tenure_15pct.csv,1056,3149.688002971936,1.3408523167092568,0.0472108329413458,,/Users/janawue/Desktop/Masterthesis/master/data/results/benchmark_local_classical_medianmode_final.csv,classical_run_csv,
R000050,2026-05-20T13:36:37.510542+00:00,telco,Telco,TotalCharges,MAR_TARGET,MAR,target,15,404,classical,meanmode,Mean/Mode,,,success,,/Users/janawue/Desktop/Masterthesis/master/data/raw/Telco-Customer-Churn_cleaned.csv,/Users/janawue/Desktop/Masterthesis/master/data/processed/MAR/telco_customer_churn_mar_totalcharges_tenure_15pct.csv,1056,2644.276838058538,1.1256939484120108,0.0236357090179808,,/Users/janawue/Desktop/Masterthesis/master/data/results/benchmark_local_classical_runs_mice_mean.csv,classical_run_csv,
R000052,2026-05-20T14:16:24.973141+00:00,telco,Telco,TotalCharges,MAR_TARGET,MAR,target,15,404,classical,mice,MICE,,,success,,/Users/janawue/Desktop/Masterthesis/master/data/raw/Telco-Customer-Churn_cleaned.csv,/Users/janawue/Desktop/Masterthesis/master/data/processed/MAR/telco_customer_churn_mar_totalcharges_tenure_15pct.csv,1056,790.723767144968,0.3366186727234546,0.0268209999776445,,/Users/janawue/Desktop/Masterthesis/master/data/results/benchmark_local_classical_runs_mice_mean.csv,classical_run_csv,
R000053,2026-05-22T09:39:51.388449+00:00,telco,Telco,TotalCharges,MAR_TARGET,MAR,target,15,404,classical,missforest,MissForest,,,success,,/Users/janawue/Desktop/Masterthesis/master/data/raw/Telco-Customer-Churn_cleaned.csv,/Users/janawue/Desktop/Masterthesis/master/data/processed/MAR/telco_customer_churn_mar_totalcharges_tenure_15pct.csv,1056,108.39937925402276,0.046146652832108,0.9081575000309384,,/Users/janawue/Desktop/Masterthesis/master/data/results/benchmark_local_classical_missforest_final.csv,classical_run_csv,
R000054,2026-06-02T13:41:26.806282+00:00,telco,Telco,TotalCharges,MAR_TARGET,MAR,target,15,404,classical,dae,DAE,,,success,,/Users/janawue/Desktop/Masterthesis/master/data/raw/Telco-Customer-Churn_cleaned.csv,/Users/janawue/Desktop/Masterthesis/master/data/processed/MAR/telco_customer_churn_mar_totalcharges_tenure_15pct.csv,1056,741.5642194602833,0.3156909829525335,4.053752125008032,,/Users/janawue/Desktop/Masterthesis/master/data/results/benchmark_local_classical_dae_final.csv,classical_run_csv,
R000051,2026-06-10T14:32:04.362657+00:00,telco,Telco,TotalCharges,MAR_TARGET,MAR,target,15,404,classical,medianmode,Median/Mode,,,success,,/Users/janawue/Desktop/Masterthesis/master/data/raw/Telco-Customer-Churn_cleaned.csv,/Users/janawue/Desktop/Masterthesis/master/data/processed/MAR/telco_customer_churn_mar_totalcharges_tenure_15pct.csv,1056,3149.688002971936,1.3408523167092568,0.0463841670425608,,/Users/janawue/Desktop/Masterthesis/master/data/results/benchmark_local_classical_medianmode_final.csv,classical_run_csv,
R000055,2026-05-20T13:36:37.534094+00:00,telco,Telco,TotalCharges,MAR_TARGET,MAR,target,15,505,classical,meanmode,Mean/Mode,,,success,,/Users/janawue/Desktop/Masterthesis/master/data/raw/Telco-Customer-Churn_cleaned.csv,/Users/janawue/Desktop/Masterthesis/master/data/processed/MAR/telco_customer_churn_mar_totalcharges_tenure_15pct.csv,1056,2644.276838058538,1.1256939484120108,0.0235309170093387,,/Users/janawue/Desktop/Masterthesis/master/data/results/benchmark_local_classical_runs_mice_mean.csv,classical_run_csv,
R000057,2026-05-20T14:16:25.000565+00:00,telco,Telco,TotalCharges,MAR_TARGET,MAR,target,15,505,classical,mice,MICE,,,success,,/Users/janawue/Desktop/Masterthesis/master/data/raw/Telco-Customer-Churn_cleaned.csv,/Users/janawue/Desktop/Masterthesis/master/data/processed/MAR/telco_customer_churn_mar_totalcharges_tenure_15pct.csv,1056,790.723767144968,0.3366186727234546,0.0274058749782852,,/Users/janawue/Desktop/Masterthesis/master/data/results/benchmark_local_classical_runs_mice_mean.csv,classical_run_csv,
R000058,2026-05-22T09:39:51.843509+00:00,telco,Telco,TotalCharges,MAR_TARGET,MAR,target,15,505,classical,missforest,MissForest,,,success,,/Users/janawue/Desktop/Masterthesis/master/data/raw/Telco-Customer-Churn_cleaned.csv,/Users/janawue/Desktop/Masterthesis/master/data/processed/MAR/telco_customer_churn_mar_totalcharges_tenure_15pct.csv,1056,106.98989195181774,0.0455466206026458,0.4550477919983677,,/Users/janawue/Desktop/Masterthesis/master/data/results/benchmark_local_classical_missforest_final.csv,classical_run_csv,
R000059,2026-06-02T13:41:31.002571+00:00,telco,Telco,TotalCharges,MAR_TARGET,MAR,target,15,505,classical,dae,DAE,,,success,,/Users/janawue/Desktop/Masterthesis/master/data/raw/Telco-Customer-Churn_cleaned.csv,/Users/janawue/Desktop/Masterthesis/master/data/processed/MAR/telco_customer_churn_mar_totalcharges_tenure_15pct.csv,1056,416.0058689024581,0.1770976784228106,4.1963116669794545,,/Users/janawue/Desktop/Masterthesis/master/data/results/benchmark_local_classical_dae_final.csv,classical_run_csv,
R000056,2026-06-10T14:32:04.408947+00:00,telco,Telco,TotalCharges,MAR_TARGET,MAR,target,15,505,classical,medianmode,Median/Mode,,,success,,/Users/janawue/Desktop/Masterthesis/master/data/raw/Telco-Customer-Churn_cleaned.csv,/Users/janawue/Desktop/Masterthesis/master/data/processed/MAR/telco_customer_churn_mar_totalcharges_tenure_15pct.csv,1056,3149.688002971936,1.3408523167092568,0.0461862080264836,,/Users/janawue/Desktop/Masterthesis/master/data/results/benchmark_local_classical_medianmode_final.csv,classical_run_csv,
R000205,2026-05-20T13:36:38.029019+00:00,telco,Telco,TotalCharges,MCAR_GLOBAL,MCAR,global,10,42,classical,meanmode,Mean/Mode,,,success,,/Users/janawue/Desktop/Masterthesis/master/data/raw/Telco-Customer-Churn_cleaned.csv,/Users/janawue/Desktop/Masterthesis/master/data/processed/MCAR/telco_customer_churn_mcar_10pct.csv,663,2246.6742514031,1.0000241596257564,0.0256148750195279,,/Users/janawue/Desktop/Masterthesis/master/data/results/benchmark_local_classical_runs_mice_mean.csv,classical_run_csv,
R000207,2026-05-20T14:16:25.604478+00:00,telco,Telco,TotalCharges,MCAR_GLOBAL,MCAR,global,10,42,classical,mice,MICE,,,success,,/Users/janawue/Desktop/Masterthesis/master/data/raw/Telco-Customer-Churn_cleaned.csv,/Users/janawue/Desktop/Masterthesis/master/data/processed/MCAR/telco_customer_churn_mcar_10pct.csv,663,942.8451977709966,0.4196727567288752,0.055031040974427,,/Users/janawue/Desktop/Masterthesis/master/data/results/benchmark_local_classical_runs_mice_mean.csv,classical_run_csv,
R000208,2026-05-22T09:40:05.762940+00:00,telco,Telco,TotalCharges,MCAR_GLOBAL,MCAR,global,10,42,classical,missforest,MissForest,,,success,,/Users/janawue/Desktop/Masterthesis/master/data/raw/Telco-Customer-Churn_cleaned.csv,/Users/janawue/Desktop/Masterthesis/master/data/processed/MCAR/telco_customer_churn_mcar_10pct.csv,663,615.2827114216338,0.2738704002315461,3.114479665993713,,/Users/janawue/Desktop/Masterthesis/master/data/results/benchmark_local_classical_missforest_final.csv,classical_run_csv,
R000209,2026-06-02T13:42:54.714229+00:00,telco,Telco,TotalCharges,MCAR_GLOBAL,MCAR,global,10,42,classical,dae,DAE,,,success,,/Users/janawue/Desktop/Masterthesis/master/data/raw/Telco-Customer-Churn_cleaned.csv,/Users/janawue/Desktop/Masterthesis/master/data/processed/MCAR/telco_customer_churn_mcar_10pct.csv,663,903.1750545355612,0.402015055962298,3.9606340840109624,,/Users/janawue/Desktop/Masterthesis/master/data/results/benchmark_local_classical_dae_final.csv,classical_run_csv,
R000206,2026-06-10T14:32:05.325900+00:00,telco,Telco,TotalCharges,MCAR_GLOBAL,MCAR,global,10,42,classical,medianmode,Median/Mode,,,success,,/Users/janawue/Desktop/Masterthesis/master/data/raw/Telco-Customer-Churn_cleaned.csv,/Users/janawue/Desktop/Masterthesis/master/data/processed/MCAR/telco_customer_churn_mcar_10pct.csv,663,2409.8618735732784,1.0726611093838894,0.0464709580410271,,/Users/janawue/Desktop/Masterthesis/master/data/results/benchmark_local_classical_medianmode_final.csv,classical_run_csv,
R000210,2026-05-20T13:36:38.052247+00:00,telco,Telco,TotalCharges,MCAR_GLOBAL,MCAR,global,10,202,classical,meanmode,Mean/Mode,,,success,,/Users/janawue/Desktop/Masterthesis/master/data/raw/Telco-Customer-Churn_cleaned.csv,/Users/janawue/Desktop/Masterthesis/master/data/processed/MCAR/telco_customer_churn_mcar_10pct.csv,663,2246.6742514031,1.0000241596257564,0.0232086249743588,,/Users/janawue/Desktop/Masterthesis/master/data/results/benchmark_local_classical_runs_mice_mean.csv,classical_run_csv,
R000212,2026-05-20T14:16:25.658356+00:00,telco,Telco,TotalCharges,MCAR_GLOBAL,MCAR,global,10,202,classical,mice,MICE,,,success,,/Users/janawue/Desktop/Masterthesis/master/data/raw/Telco-Customer-Churn_cleaned.csv,/Users/janawue/Desktop/Masterthesis/master/data/processed/MCAR/telco_customer_churn_mcar_10pct.csv,663,942.8451977709966,0.4196727567288752,0.0538321670028381,,/Users/janawue/Desktop/Masterthesis/master/data/results/benchmark_local_classical_runs_mice_mean.csv,classical_run_csv,
R000213,2026-05-22T09:40:08.223304+00:00,telco,Telco,TotalCharges,MCAR_GLOBAL,MCAR,global,10,202,classical,missforest,MissForest,,,success,,/Users/janawue/Desktop/Masterthesis/master/data/raw/Telco-Customer-Churn_cleaned.csv,/Users/janawue/Desktop/Masterthesis/master/data/processed/MCAR/telco_customer_churn_mcar_10pct.csv,663,611.8113568923636,0.272325254826631,2.4603756660362706,,/Users/janawue/Desktop/Masterthesis/master/data/results/benchmark_local_classical_missforest_final.csv,classical_run_csv,
R000214,2026-06-02T13:42:58.679924+00:00,telco,Telco,TotalCharges,MCAR_GLOBAL,MCAR,global,10,202,classical,dae,DAE,,,success,,/Users/janawue/Desktop/Masterthesis/master/data/raw/Telco-Customer-Churn_cleaned.csv,/Users/janawue/Desktop/Masterthesis/master/data/processed/MCAR/telco_customer_churn_mcar_10pct.csv,663,885.1782346179936,0.3940044355073024,3.965717624989338,,/Users/janawue/Desktop/Masterthesis/master/data/results/benchmark_local_classical_dae_final.csv,classical_run_csv,
R000211,2026-06-10T14:32:05.372698+00:00,telco,Telco,TotalCharges,MCAR_GLOBAL,MCAR,global,10,202,classical,medianmode,Median/Mode,,,success,,/Users/janawue/Desktop/Masterthesis/master/data/raw/Telco-Customer-Churn_cleaned.csv,/Users/janawue/Desktop/Masterthesis/master/data/processed/MCAR/telco_customer_churn_mcar_10pct.csv,663,2409.8618735732784,1.0726611093838894,0.0467624999582767,,/Users/janawue/Desktop/Masterthesis/master/data/results/benchmark_local_classical_medianmode_final.csv,classical_run_csv,
R000215,2026-05-20T13:36:38.076548+00:00,telco,Telco,TotalCharges,MCAR_GLOBAL,MCAR,global,10,303,classical,meanmode,Mean/Mode,,,success,,/Users/janawue/Desktop/Masterthesis/master/data/raw/Telco-Customer-Churn_cleaned.csv,/Users/janawue/Desktop/Masterthesis/master/data/processed/MCAR/telco_customer_churn_mcar_10pct.csv,663,2246.6742514031,1.0000241596257564,0.0242731670150533,,/Users/janawue/Desktop/Masterthesis/master/data/results/benchmark_local_classical_runs_mice_mean.csv,classical_run_csv,
R000217,2026-05-20T14:16:25.713465+00:00,telco,Telco,TotalCharges,MCAR_GLOBAL,MCAR,global,10,303,classical,mice,MICE,,,success,,/Users/janawue/Desktop/Masterthesis/master/data/raw/Telco-Customer-Churn_cleaned.csv,/Users/janawue/Desktop/Masterthesis/master/data/processed/MCAR/telco_customer_churn_mcar_10pct.csv,663,942.8451977709966,0.4196727567288752,0.0550907910219393,,/Users/janawue/Desktop/Masterthesis/master/data/results/benchmark_local_classical_runs_mice_mean.csv,classical_run_csv,
R000218,2026-05-22T09:40:11.887497+00:00,telco,Telco,TotalCharges,MCAR_GLOBAL,MCAR,global,10,303,classical,missforest,MissForest,,,success,,/Users/janawue/Desktop/Masterthesis/master/data/raw/Telco-Customer-Churn_cleaned.csv,/Users/janawue/Desktop/Masterthesis/master/data/processed/MCAR/telco_customer_churn_mcar_10pct.csv,663,611.0965542174962,0.2720070867861213,3.664220417034812,,/Users/janawue/Desktop/Masterthesis/master/data/results/benchmark_local_classical_missforest_final.csv,classical_run_csv,
R000219,2026-06-02T13:43:02.648747+00:00,telco,Telco,TotalCharges,MCAR_GLOBAL,MCAR,global,10,303,classical,dae,DAE,,,success,,/Users/janawue/Desktop/Masterthesis/master/data/raw/Telco-Customer-Churn_cleaned.csv,/Users/janawue/Desktop/Masterthesis/master/data/processed/MCAR/telco_customer_churn_mcar_10pct.csv,663,726.5020796730203,0.3233755989492683,3.968847125011962,,/Users/janawue/Desktop/Masterthesis/master/data/results/benchmark_local_classical_dae_final.csv,classical_run_csv,
R000216,2026-06-10T14:32:05.416396+00:00,telco,Telco,TotalCharges,MCAR_GLOBAL,MCAR,global,10,303,classical,medianmode,Median/Mode,,,success,,/Users/janawue/Desktop/Masterthesis/master/data/raw/Telco-Customer-Churn_cleaned.csv,/Users/janawue/Desktop/Masterthesis/master/data/processed/MCAR/telco_customer_churn_mcar_10pct.csv,663,2409.8618735732784,1.0726611093838894,0.0436461670324206,,/Users/janawue/Desktop/Masterthesis/master/data/results/benchmark_local_classical_medianmode_final.csv,classical_run_csv,
R000220,2026-05-20T13:36:38.100866+00:00,telco,Telco,TotalCharges,MCAR_GLOBAL,MCAR,global,10,404,classical,meanmode,Mean/Mode,,,success,,/Users/janawue/Desktop/Masterthesis/master/data/raw/Telco-Customer-Churn_cleaned.csv,/Users/janawue/Desktop/Masterthesis/master/data/processed/MCAR/telco_customer_churn_mcar_10pct.csv,663,2246.6742514031,1.0000241596257564,0.0242980829789303,,/Users/janawue/Desktop/Masterthesis/master/data/results/benchmark_local_classical_runs_mice_mean.csv,classical_run_csv,
R000222,2026-05-20T14:16:25.766872+00:00,telco,Telco,TotalCharges,MCAR_GLOBAL,MCAR,global,10,404,classical,mice,MICE,,,success,,/Users/janawue/Desktop/Masterthesis/master/data/raw/Telco-Customer-Churn_cleaned.csv,/Users/janawue/Desktop/Masterthesis/master/data/processed/MCAR/telco_customer_churn_mcar_10pct.csv,663,942.8451977709966,0.4196727567288752,0.0533824579906649,,/Users/janawue/Desktop/Masterthesis/master/data/results/benchmark_local_classical_runs_mice_mean.csv,classical_run_csv,
R000223,2026-05-22T09:40:16.157349+00:00,telco,Telco,TotalCharges,MCAR_GLOBAL,MCAR,global,10,404,classical,missforest,MissForest,,,success,,/Users/janawue/Desktop/Masterthesis/master/data/raw/Telco-Customer-Churn_cleaned.csv,/Users/janawue/Desktop/Masterthesis/master/data/processed/MCAR/telco_customer_churn_mcar_10pct.csv,663,609.0493161625225,0.2710958342918176,4.269888249982614,,/Users/janawue/Desktop/Masterthesis/master/data/results/benchmark_local_classical_missforest_final.csv,classical_run_csv,
R000224,2026-06-02T13:43:06.650969+00:00,telco,Telco,TotalCharges,MCAR_GLOBAL,MCAR,global,10,404,classical,dae,DAE,,,success,,/Users/janawue/Desktop/Masterthesis/master/data/raw/Telco-Customer-Churn_cleaned.csv,/Users/janawue/Desktop/Masterthesis/master/data/processed/MCAR/telco_customer_churn_mcar_10pct.csv,663,713.8854696537875,0.3177597804460164,4.0022518329788,,/Users/janawue/Desktop/Masterthesis/master/data/results/benchmark_local_classical_dae_final.csv,classical_run_csv,
R000221,2026-06-10T14:32:05.461224+00:00,telco,Telco,TotalCharges,MCAR_GLOBAL,MCAR,global,10,404,classical,medianmode,Median/Mode,,,success,,/Users/janawue/Desktop/Masterthesis/master/data/raw/Telco-Customer-Churn_cleaned.csv,/Users/janawue/Desktop/Masterthesis/master/data/processed/MCAR/telco_customer_churn_mcar_10pct.csv,663,2409.8618735732784,1.0726611093838894,0.0447862920118495,,/Users/janawue/Desktop/Masterthesis/master/data/results/benchmark_local_classical_medianmode_final.csv,classical_run_csv,
R000225,2026-05-20T13:36:38.124340+00:00,telco,Telco,TotalCharges,MCAR_GLOBAL,MCAR,global,10,505,classical,meanmode,Mean/Mode,,,success,,/Users/janawue/Desktop/Masterthesis/master/data/raw/Telco-Customer-Churn_cleaned.csv,/Users/janawue/Desktop/Masterthesis/master/data/processed/MCAR/telco_customer_churn_mcar_10pct.csv,663,2246.6742514031,1.0000241596257564,0.0234539160155691,,/Users/janawue/Desktop/Masterthesis/master/data/results/benchmark_local_classical_runs_mice_mean.csv,classical_run_csv,
R000227,2026-05-20T14:16:25.821351+00:00,telco,Telco,TotalCharges,MCAR_GLOBAL,MCAR,global,10,505,classical,mice,MICE,,,success,,/Users/janawue/Desktop/Masterthesis/master/data/raw/Telco-Customer-Churn_cleaned.csv,/Users/janawue/Desktop/Masterthesis/master/data/processed/MCAR/telco_customer_churn_mcar_10pct.csv,663,942.8451977709966,0.4196727567288752,0.054458542028442,,/Users/janawue/Desktop/Masterthesis/master/data/results/benchmark_local_classical_runs_mice_mean.csv,classical_run_csv,
R000228,2026-05-22T09:40:21.020782+00:00,telco,Telco,TotalCharges,MCAR_GLOBAL,MCAR,global,10,505,classical,missforest,MissForest,,,success,,/Users/janawue/Desktop/Masterthesis/master/data/raw/Telco-Customer-Churn_cleaned.csv,/Users/janawue/Desktop/Masterthesis/master/data/processed/MCAR/telco_customer_churn_mcar_10pct.csv,663,622.60963662063,0.2771317106819556,4.863477917038836,,/Users/janawue/Desktop/Masterthesis/master/data/results/benchmark_local_classical_missforest_final.csv,classical_run_csv,
R000229,2026-06-02T13:43:10.536349+00:00,telco,Telco,TotalCharges,MCAR_GLOBAL,MCAR,global,10,505,classical,dae,DAE,,,success,,/Users/janawue/Desktop/Masterthesis/master/data/raw/Telco-Customer-Churn_cleaned.csv,/Users/janawue/Desktop/Masterthesis/master/data/processed/MCAR/telco_customer_churn_mcar_10pct.csv,663,843.9573384802194,0.3756564742959901,3.885395957971923,,/Users/janawue/Desktop/Masterthesis/master/data/results/benchmark_local_classical_dae_final.csv,classical_run_csv,
R000226,2026-06-10T14:32:05.508307+00:00,telco,Telco,TotalCharges,MCAR_GLOBAL,MCAR,global,10,505,classical,medianmode,Median/Mode,,,success,,/Users/janawue/Desktop/Masterthesis/master/data/raw/Telco-Customer-Churn_cleaned.csv,/Users/janawue/Desktop/Masterthesis/master/data/processed/MCAR/telco_customer_churn_mcar_10pct.csv,663,2409.8618735732784,1.0726611093838894,0.0470477499766275,,/Users/janawue/Desktop/Masterthesis/master/data/results/benchmark_local_classical_medianmode_final.csv,classical_run_csv,
R000239,2026-05-20T13:36:38.149339+00:00,telco,Telco,TotalCharges,MCAR_GLOBAL,MCAR,global,15,42,classical,meanmode,Mean/Mode,,,success,,/Users/janawue/Desktop/Masterthesis/master/data/raw/Telco-Customer-Churn_cleaned.csv,/Users/janawue/Desktop/Masterthesis/master/data/processed/MCAR/telco_customer_churn_mcar_15pct.csv,1027,2220.93051029669,1.0001554376022272,0.0249660410336218,,/Users/janawue/Desktop/Masterthesis/master/data/results/benchmark_local_classical_runs_mice_mean.csv,classical_run_csv,
R000241,2026-05-20T14:16:25.878904+00:00,telco,Telco,TotalCharges,MCAR_GLOBAL,MCAR,global,15,42,classical,mice,MICE,,,success,,/Users/janawue/Desktop/Masterthesis/master/data/raw/Telco-Customer-Churn_cleaned.csv,/Users/janawue/Desktop/Masterthesis/master/data/processed/MCAR/telco_customer_churn_mcar_15pct.csv,1027,958.8837239384018,0.431815748434718,0.0575298329931683,,/Users/janawue/Desktop/Masterthesis/master/data/results/benchmark_local_classical_runs_mice_mean.csv,classical_run_csv,
R000242,2026-05-22T09:40:24.606937+00:00,telco,Telco,TotalCharges,MCAR_GLOBAL,MCAR,global,15,42,classical,missforest,MissForest,,,success,,/Users/janawue/Desktop/Masterthesis/master/data/raw/Telco-Customer-Churn_cleaned.csv,/Users/janawue/Desktop/Masterthesis/master/data/processed/MCAR/telco_customer_churn_mcar_15pct.csv,1027,706.1238575265663,0.3179899652202586,3.586180666985456,,/Users/janawue/Desktop/Masterthesis/master/data/results/benchmark_local_classical_missforest_final.csv,classical_run_csv,
R000243,2026-06-02T13:43:14.466385+00:00,telco,Telco,TotalCharges,MCAR_GLOBAL,MCAR,global,15,42,classical,dae,DAE,,,success,,/Users/janawue/Desktop/Masterthesis/master/data/raw/Telco-Customer-Churn_cleaned.csv,/Users/janawue/Desktop/Masterthesis/master/data/processed/MCAR/telco_customer_churn_mcar_15pct.csv,1027,900.4464411578614,0.4054995868705956,3.930059375008568,,/Users/janawue/Desktop/Masterthesis/master/data/results/benchmark_local_classical_dae_final.csv,classical_run_csv,
R000240,2026-06-10T14:32:05.558308+00:00,telco,Telco,TotalCharges,MCAR_GLOBAL,MCAR,global,15,42,classical,medianmode,Median/Mode,,,success,,/Users/janawue/Desktop/Masterthesis/master/data/raw/Telco-Customer-Churn_cleaned.csv,/Users/janawue/Desktop/Masterthesis/master/data/processed/MCAR/telco_customer_churn_mcar_15pct.csv,1027,2377.8928622225308,1.0708405621703494,0.0499563750345259,,/Users/janawue/Desktop/Masterthesis/master/data/results/benchmark_local_classical_medianmode_final.csv,classical_run_csv,
R000244,2026-05-20T13:36:38.173383+00:00,telco,Telco,TotalCharges,MCAR_GLOBAL,MCAR,global,15,202,classical,meanmode,Mean/Mode,,,success,,/Users/janawue/Desktop/Masterthesis/master/data/raw/Telco-Customer-Churn_cleaned.csv,/Users/janawue/Desktop/Masterthesis/master/data/processed/MCAR/telco_customer_churn_mcar_15pct.csv,1027,2220.93051029669,1.0001554376022272,0.0240213340148329,,/Users/janawue/Desktop/Masterthesis/master/data/results/benchmark_local_classical_runs_mice_mean.csv,classical_run_csv,
R000246,2026-05-20T14:16:25.934171+00:00,telco,Telco,TotalCharges,MCAR_GLOBAL,MCAR,global,15,202,classical,mice,MICE,,,success,,/Users/janawue/Desktop/Masterthesis/master/data/raw/Telco-Customer-Churn_cleaned.csv,/Users/janawue/Desktop/Masterthesis/master/data/processed/MCAR/telco_customer_churn_mcar_15pct.csv,1027,958.8837239384018,0.431815748434718,0.0552457920275628,,/Users/janawue/Desktop/Masterthesis/master/data/results/benchmark_local_classical_runs_mice_mean.csv,classical_run_csv,
R000247,2026-05-22T09:40:28.182694+00:00,telco,Telco,TotalCharges,MCAR_GLOBAL,MCAR,global,15,202,classical,missforest,MissForest,,,success,,/Users/janawue/Desktop/Masterthesis/master/data/raw/Telco-Customer-Churn_cleaned.csv,/Users/janawue/Desktop/Masterthesis/master/data/processed/MCAR/telco_customer_churn_mcar_15pct.csv,1027,716.0168651328378,0.3224451002664834,3.575781957944855,,/Users/janawue/Desktop/Masterthesis/master/data/results/benchmark_local_classical_missforest_final.csv,classical_run_csv,
R000248,2026-06-02T13:43:18.382092+00:00,telco,Telco,TotalCharges,MCAR_GLOBAL,MCAR,global,15,202,classical,dae,DAE,,,success,,/Users/janawue/Desktop/Masterthesis/master/data/raw/Telco-Customer-Churn_cleaned.csv,/Users/janawue/Desktop/Masterthesis/master/data/processed/MCAR/telco_customer_churn_mcar_15pct.csv,1027,917.4133072528324,0.4131403047162373,3.9157317919889465,,/Users/janawue/Desktop/Masterthesis/master/data/results/benchmark_local_classical_dae_final.csv,classical_run_csv,
R000245,2026-06-10T14:32:05.609351+00:00,telco,Telco,TotalCharges,MCAR_GLOBAL,MCAR,global,15,202,classical,medianmode,Median/Mode,,,success,,/Users/janawue/Desktop/Masterthesis/master/data/raw/Telco-Customer-Churn_cleaned.csv,/Users/janawue/Desktop/Masterthesis/master/data/processed/MCAR/telco_customer_churn_mcar_15pct.csv,1027,2377.8928622225308,1.0708405621703494,0.0510007919510826,,/Users/janawue/Desktop/Masterthesis/master/data/results/benchmark_local_classical_medianmode_final.csv,classical_run_csv,
R000249,2026-05-20T13:36:38.197752+00:00,telco,Telco,TotalCharges,MCAR_GLOBAL,MCAR,global,15,303,classical,meanmode,Mean/Mode,,,success,,/Users/janawue/Desktop/Masterthesis/master/data/raw/Telco-Customer-Churn_cleaned.csv,/Users/janawue/Desktop/Masterthesis/master/data/processed/MCAR/telco_customer_churn_mcar_15pct.csv,1027,2220.93051029669,1.0001554376022272,0.0243477079784497,,/Users/janawue/Desktop/Masterthesis/master/data/results/benchmark_local_classical_runs_mice_mean.csv,classical_run_csv,
R000251,2026-05-20T14:16:25.987971+00:00,telco,Telco,TotalCharges,MCAR_GLOBAL,MCAR,global,15,303,classical,mice,MICE,,,success,,/Users/janawue/Desktop/Masterthesis/master/data/raw/Telco-Customer-Churn_cleaned.csv,/Users/janawue/Desktop/Masterthesis/master/data/processed/MCAR/telco_customer_churn_mcar_15pct.csv,1027,958.8837239384018,0.431815748434718,0.0537784579792059,,/Users/janawue/Desktop/Masterthesis/master/data/results/benchmark_local_classical_runs_mice_mean.csv,classical_run_csv,
R000252,2026-05-22T09:40:30.548752+00:00,telco,Telco,TotalCharges,MCAR_GLOBAL,MCAR,global,15,303,classical,missforest,MissForest,,,success,,/Users/janawue/Desktop/Masterthesis/master/data/raw/Telco-Customer-Churn_cleaned.csv,/Users/janawue/Desktop/Masterthesis/master/data/processed/MCAR/telco_customer_churn_mcar_15pct.csv,1027,703.3879072263711,0.3167578800392666,2.366074083955027,,/Users/janawue/Desktop/Masterthesis/master/data/results/benchmark_local_classical_missforest_final.csv,classical_run_csv,
R000253,2026-06-02T13:43:22.486385+00:00,telco,Telco,TotalCharges,MCAR_GLOBAL,MCAR,global,15,303,classical,dae,DAE,,,success,,/Users/janawue/Desktop/Masterthesis/master/data/raw/Telco-Customer-Churn_cleaned.csv,/Users/janawue/Desktop/Masterthesis/master/data/processed/MCAR/telco_customer_churn_mcar_15pct.csv,1027,848.6517934355913,0.3821748145204693,4.104322749946732,,/Users/janawue/Desktop/Masterthesis/master/data/results/benchmark_local_classical_dae_final.csv,classical_run_csv,
R000250,2026-06-10T14:32:05.658243+00:00,telco,Telco,TotalCharges,MCAR_GLOBAL,MCAR,global,15,303,classical,medianmode,Median/Mode,,,success,,/Users/janawue/Desktop/Masterthesis/master/data/raw/Telco-Customer-Churn_cleaned.csv,/Users/janawue/Desktop/Masterthesis/master/data/processed/MCAR/telco_customer_churn_mcar_15pct.csv,1027,2377.8928622225308,1.0708405621703494,0.0488519999198615,,/Users/janawue/Desktop/Masterthesis/master/data/results/benchmark_local_classical_medianmode_final.csv,classical_run_csv,
R000254,2026-05-20T13:36:38.221745+00:00,telco,Telco,TotalCharges,MCAR_GLOBAL,MCAR,global,15,404,classical,meanmode,Mean/Mode,,,success,,/Users/janawue/Desktop/Masterthesis/master/data/raw/Telco-Customer-Churn_cleaned.csv,/Users/janawue/Desktop/Masterthesis/master/data/processed/MCAR/telco_customer_churn_mcar_15pct.csv,1027,2220.93051029669,1.0001554376022272,0.024012167006731,,/Users/janawue/Desktop/Masterthesis/master/data/results/benchmark_local_classical_runs_mice_mean.csv,classical_run_csv,
R000256,2026-05-20T14:16:26.044419+00:00,telco,Telco,TotalCharges,MCAR_GLOBAL,MCAR,global,15,404,classical,mice,MICE,,,success,,/Users/janawue/Desktop/Masterthesis/master/data/raw/Telco-Customer-Churn_cleaned.csv,/Users/janawue/Desktop/Masterthesis/master/data/processed/MCAR/telco_customer_churn_mcar_15pct.csv,1027,958.8837239384018,0.431815748434718,0.0564284170395694,,/Users/janawue/Desktop/Masterthesis/master/data/results/benchmark_local_classical_runs_mice_mean.csv,classical_run_csv,
R000257,2026-05-22T09:40:32.928439+00:00,telco,Telco,TotalCharges,MCAR_GLOBAL,MCAR,global,15,404,classical,missforest,MissForest,,,success,,/Users/janawue/Desktop/Masterthesis/master/data/raw/Telco-Customer-Churn_cleaned.csv,/Users/janawue/Desktop/Masterthesis/master/data/processed/MCAR/telco_customer_churn_mcar_15pct.csv,1027,696.9325595916513,0.3138508322912417,2.379692792019341,,/Users/janawue/Desktop/Masterthesis/master/data/results/benchmark_local_classical_missforest_final.csv,classical_run_csv,
R000258,2026-06-02T13:43:26.764957+00:00,telco,Telco,TotalCharges,MCAR_GLOBAL,MCAR,global,15,404,classical,dae,DAE,,,success,,/Users/janawue/Desktop/Masterthesis/master/data/raw/Telco-Customer-Churn_cleaned.csv,/Users/janawue/Desktop/Masterthesis/master/data/processed/MCAR/telco_customer_churn_mcar_15pct.csv,1027,791.7085019538207,0.3565314446147384,4.278587250038981,,/Users/janawue/Desktop/Masterthesis/master/data/results/benchmark_local_classical_dae_final.csv,classical_run_csv,
R000255,2026-06-10T14:32:05.707493+00:00,telco,Telco,TotalCharges,MCAR_GLOBAL,MCAR,global,15,404,classical,medianmode,Median/Mode,,,success,,/Users/janawue/Desktop/Masterthesis/master/data/raw/Telco-Customer-Churn_cleaned.csv,/Users/janawue/Desktop/Masterthesis/master/data/processed/MCAR/telco_customer_churn_mcar_15pct.csv,1027,2377.8928622225308,1.0708405621703494,0.0492066249717026,,/Users/janawue/Desktop/Masterthesis/master/data/results/benchmark_local_classical_medianmode_final.csv,classical_run_csv,
R000259,2026-05-20T13:36:38.246296+00:00,telco,Telco,TotalCharges,MCAR_GLOBAL,MCAR,global,15,505,classical,meanmode,Mean/Mode,,,success,,/Users/janawue/Desktop/Masterthesis/master/data/raw/Telco-Customer-Churn_cleaned.csv,/Users/janawue/Desktop/Masterthesis/master/data/processed/MCAR/telco_customer_churn_mcar_15pct.csv,1027,2220.93051029669,1.0001554376022272,0.0244718340109102,,/Users/janawue/Desktop/Masterthesis/master/data/results/benchmark_local_classical_runs_mice_mean.csv,classical_run_csv,
R000261,2026-05-20T14:16:26.100206+00:00,telco,Telco,TotalCharges,MCAR_GLOBAL,MCAR,global,15,505,classical,mice,MICE,,,success,,/Users/janawue/Desktop/Masterthesis/master/data/raw/Telco-Customer-Churn_cleaned.csv,/Users/janawue/Desktop/Masterthesis/master/data/processed/MCAR/telco_customer_churn_mcar_15pct.csv,1027,958.8837239384018,0.431815748434718,0.0557648750254884,,/Users/janawue/Desktop/Masterthesis/master/data/results/benchmark_local_classical_runs_mice_mean.csv,classical_run_csv,
R000262,2026-05-22T09:40:35.899674+00:00,telco,Telco,TotalCharges,MCAR_GLOBAL,MCAR,global,15,505,classical,missforest,MissForest,,,success,,/Users/janawue/Desktop/Masterthesis/master/data/raw/Telco-Customer-Churn_cleaned.csv,/Users/janawue/Desktop/Masterthesis/master/data/processed/MCAR/telco_customer_churn_mcar_15pct.csv,1027,702.4045204058706,0.3163150297694224,2.971252583025489,,/Users/janawue/Desktop/Masterthesis/master/data/results/benchmark_local_classical_missforest_final.csv,classical_run_csv,
R000263,2026-06-02T13:43:30.761970+00:00,telco,Telco,TotalCharges,MCAR_GLOBAL,MCAR,global,15,505,classical,dae,DAE,,,success,,/Users/janawue/Desktop/Masterthesis/master/data/raw/Telco-Customer-Churn_cleaned.csv,/Users/janawue/Desktop/Masterthesis/master/data/processed/MCAR/telco_customer_churn_mcar_15pct.csv,1027,986.3823331327192,0.4441992441743129,3.9970383340260014,,/Users/janawue/Desktop/Masterthesis/master/data/results/benchmark_local_classical_dae_final.csv,classical_run_csv,
R000260,2026-06-10T14:32:05.755715+00:00,telco,Telco,TotalCharges,MCAR_GLOBAL,MCAR,global,15,505,classical,medianmode,Median/Mode,,,success,,/Users/janawue/Desktop/Masterthesis/master/data/raw/Telco-Customer-Churn_cleaned.csv,/Users/janawue/Desktop/Masterthesis/master/data/processed/MCAR/telco_customer_churn_mcar_15pct.csv,1027,2377.8928622225308,1.0708405621703494,0.0482020409544929,,/Users/janawue/Desktop/Masterthesis/master/data/results/benchmark_local_classical_medianmode_final.csv,classical_run_csv,
R000137,2026-05-20T13:36:37.792479+00:00,telco,Telco,TotalCharges,MCAR_TARGET,MCAR,target,10,42,classical,meanmode,Mean/Mode,,,success,,/Users/janawue/Desktop/Masterthesis/master/data/raw/Telco-Customer-Churn_cleaned.csv,/Users/janawue/Desktop/Masterthesis/master/data/processed/MCAR/telco_customer_churn_mcar_totalcharges_10pct.csv,704,2182.2660317793107,1.00000227422749,0.0242306250147521,,/Users/janawue/Desktop/Masterthesis/master/data/results/benchmark_local_classical_runs_mice_mean.csv,classical_run_csv,
R000139,2026-05-20T14:16:25.303152+00:00,telco,Telco,TotalCharges,MCAR_TARGET,MCAR,target,10,42,classical,mice,MICE,,,success,,/Users/janawue/Desktop/Masterthesis/master/data/raw/Telco-Customer-Churn_cleaned.csv,/Users/janawue/Desktop/Masterthesis/master/data/processed/MCAR/telco_customer_churn_mcar_totalcharges_10pct.csv,704,709.0784653666683,0.3249283394629289,0.0287058330141007,,/Users/janawue/Desktop/Masterthesis/master/data/results/benchmark_local_classical_runs_mice_mean.csv,classical_run_csv,
R000140,2026-05-22T09:39:57.412328+00:00,telco,Telco,TotalCharges,MCAR_TARGET,MCAR,target,10,42,classical,missforest,MissForest,,,success,,/Users/janawue/Desktop/Masterthesis/master/data/raw/Telco-Customer-Churn_cleaned.csv,/Users/janawue/Desktop/Masterthesis/master/data/processed/MCAR/telco_customer_churn_mcar_totalcharges_10pct.csv,704,89.82068938685548,0.041159461015072,0.4497492499649524,,/Users/janawue/Desktop/Masterthesis/master/data/results/benchmark_local_classical_missforest_final.csv,classical_run_csv,
R000141,2026-06-02T13:42:13.899843+00:00,telco,Telco,TotalCharges,MCAR_TARGET,MCAR,target,10,42,classical,dae,DAE,,,success,,/Users/janawue/Desktop/Masterthesis/master/data/raw/Telco-Customer-Churn_cleaned.csv,/Users/janawue/Desktop/Masterthesis/master/data/processed/MCAR/telco_customer_churn_mcar_totalcharges_10pct.csv,704,454.08656462568456,0.2080807704968913,3.7853584159747697,,/Users/janawue/Desktop/Masterthesis/master/data/results/benchmark_local_classical_dae_final.csv,classical_run_csv,
R000138,2026-06-10T14:32:04.888548+00:00,telco,Telco,TotalCharges,MCAR_TARGET,MCAR,target,10,42,classical,medianmode,Median/Mode,,,success,,/Users/janawue/Desktop/Masterthesis/master/data/raw/Telco-Customer-Churn_cleaned.csv,/Users/janawue/Desktop/Masterthesis/master/data/processed/MCAR/telco_customer_churn_mcar_totalcharges_10pct.csv,704,2360.1407061937366,1.0815116210951905,0.044764208025299,,/Users/janawue/Desktop/Masterthesis/master/data/results/benchmark_local_classical_medianmode_final.csv,classical_run_csv,
R000142,2026-05-20T13:36:37.815256+00:00,telco,Telco,TotalCharges,MCAR_TARGET,MCAR,target,10,202,classical,meanmode,Mean/Mode,,,success,,/Users/janawue/Desktop/Masterthesis/master/data/raw/Telco-Customer-Churn_cleaned.csv,/Users/janawue/Desktop/Masterthesis/master/data/processed/MCAR/telco_customer_churn_mcar_totalcharges_10pct.csv,704,2182.2660317793107,1.00000227422749,0.0227556250174529,,/Users/janawue/Desktop/Masterthesis/master/data/results/benchmark_local_classical_runs_mice_mean.csv,classical_run_csv,
R000144,2026-05-20T14:16:25.330970+00:00,telco,Telco,TotalCharges,MCAR_TARGET,MCAR,target,10,202,classical,mice,MICE,,,success,,/Users/janawue/Desktop/Masterthesis/master/data/raw/Telco-Customer-Churn_cleaned.csv,/Users/janawue/Desktop/Masterthesis/master/data/processed/MCAR/telco_customer_churn_mcar_totalcharges_10pct.csv,704,709.0784653666683,0.3249283394629289,0.0277974589844234,,/Users/janawue/Desktop/Masterthesis/master/data/results/benchmark_local_classical_runs_mice_mean.csv,classical_run_csv,
R000145,2026-05-22T09:39:57.864529+00:00,telco,Telco,TotalCharges,MCAR_TARGET,MCAR,target,10,202,classical,missforest,MissForest,,,success,,/Users/janawue/Desktop/Masterthesis/master/data/raw/Telco-Customer-Churn_cleaned.csv,/Users/janawue/Desktop/Masterthesis/master/data/processed/MCAR/telco_customer_churn_mcar_totalcharges_10pct.csv,704,88.1711764631433,0.0404035876930028,0.4521839579683728,,/Users/janawue/Desktop/Masterthesis/master/data/results/benchmark_local_classical_missforest_final.csv,classical_run_csv,
R000146,2026-06-02T13:42:17.812546+00:00,telco,Telco,TotalCharges,MCAR_TARGET,MCAR,target,10,202,classical,dae,DAE,,,success,,/Users/janawue/Desktop/Masterthesis/master/data/raw/Telco-Customer-Churn_cleaned.csv,/Users/janawue/Desktop/Masterthesis/master/data/processed/MCAR/telco_customer_churn_mcar_totalcharges_10pct.csv,704,408.30480605115633,0.1871017230178203,3.91272416699212,,/Users/janawue/Desktop/Masterthesis/master/data/results/benchmark_local_classical_dae_final.csv,classical_run_csv,
R000143,2026-06-10T14:32:04.932031+00:00,telco,Telco,TotalCharges,MCAR_TARGET,MCAR,target,10,202,classical,medianmode,Median/Mode,,,success,,/Users/janawue/Desktop/Masterthesis/master/data/raw/Telco-Customer-Churn_cleaned.csv,/Users/janawue/Desktop/Masterthesis/master/data/processed/MCAR/telco_customer_churn_mcar_totalcharges_10pct.csv,704,2360.1407061937366,1.0815116210951905,0.0434382919920608,,/Users/janawue/Desktop/Masterthesis/master/data/results/benchmark_local_classical_medianmode_final.csv,classical_run_csv,
R000147,2026-05-20T13:36:37.837904+00:00,telco,Telco,TotalCharges,MCAR_TARGET,MCAR,target,10,303,classical,meanmode,Mean/Mode,,,success,,/Users/janawue/Desktop/Masterthesis/master/data/raw/Telco-Customer-Churn_cleaned.csv,/Users/janawue/Desktop/Masterthesis/master/data/processed/MCAR/telco_customer_churn_mcar_totalcharges_10pct.csv,704,2182.2660317793107,1.00000227422749,0.0226238340255804,,/Users/janawue/Desktop/Masterthesis/master/data/results/benchmark_local_classical_runs_mice_mean.csv,classical_run_csv,
R000149,2026-05-20T14:16:25.358351+00:00,telco,Telco,TotalCharges,MCAR_TARGET,MCAR,target,10,303,classical,mice,MICE,,,success,,/Users/janawue/Desktop/Masterthesis/master/data/raw/Telco-Customer-Churn_cleaned.csv,/Users/janawue/Desktop/Masterthesis/master/data/processed/MCAR/telco_customer_churn_mcar_totalcharges_10pct.csv,704,709.0784653666683,0.3249283394629289,0.0273562499787658,,/Users/janawue/Desktop/Masterthesis/master/data/results/benchmark_local_classical_runs_mice_mean.csv,classical_run_csv,
R000150,2026-05-22T09:39:58.455856+00:00,telco,Telco,TotalCharges,MCAR_TARGET,MCAR,target,10,303,classical,missforest,MissForest,,,success,,/Users/janawue/Desktop/Masterthesis/master/data/raw/Telco-Customer-Churn_cleaned.csv,/Users/janawue/Desktop/Masterthesis/master/data/processed/MCAR/telco_customer_churn_mcar_totalcharges_10pct.csv,704,87.27023292000045,0.039990739039826,0.5913094159914181,,/Users/janawue/Desktop/Masterthesis/master/data/results/benchmark_local_classical_missforest_final.csv,classical_run_csv,
R000151,2026-06-02T13:42:21.752814+00:00,telco,Telco,TotalCharges,MCAR_TARGET,MCAR,target,10,303,classical,dae,DAE,,,success,,/Users/janawue/Desktop/Masterthesis/master/data/raw/Telco-Customer-Churn_cleaned.csv,/Users/janawue/Desktop/Masterthesis/master/data/processed/MCAR/telco_customer_churn_mcar_totalcharges_10pct.csv,704,270.1884135647687,0.1238112237921733,3.9402722499798983,,/Users/janawue/Desktop/Masterthesis/master/data/results/benchmark_local_classical_dae_final.csv,classical_run_csv,
R000148,2026-06-10T14:32:04.974454+00:00,telco,Telco,TotalCharges,MCAR_TARGET,MCAR,target,10,303,classical,medianmode,Median/Mode,,,success,,/Users/janawue/Desktop/Masterthesis/master/data/raw/Telco-Customer-Churn_cleaned.csv,/Users/janawue/Desktop/Masterthesis/master/data/processed/MCAR/telco_customer_churn_mcar_totalcharges_10pct.csv,704,2360.1407061937366,1.0815116210951905,0.0423785829916596,,/Users/janawue/Desktop/Masterthesis/master/data/results/benchmark_local_classical_medianmode_final.csv,classical_run_csv,
R000152,2026-05-20T13:36:37.861363+00:00,telco,Telco,TotalCharges,MCAR_TARGET,MCAR,target,10,404,classical,meanmode,Mean/Mode,,,success,,/Users/janawue/Desktop/Masterthesis/master/data/raw/Telco-Customer-Churn_cleaned.csv,/Users/janawue/Desktop/Masterthesis/master/data/processed/MCAR/telco_customer_churn_mcar_totalcharges_10pct.csv,704,2182.2660317793107,1.00000227422749,0.0234349999809637,,/Users/janawue/Desktop/Masterthesis/master/data/results/benchmark_local_classical_runs_mice_mean.csv,classical_run_csv,
R000154,2026-05-20T14:16:25.385742+00:00,telco,Telco,TotalCharges,MCAR_TARGET,MCAR,target,10,404,classical,mice,MICE,,,success,,/Users/janawue/Desktop/Masterthesis/master/data/raw/Telco-Customer-Churn_cleaned.csv,/Users/janawue/Desktop/Masterthesis/master/data/processed/MCAR/telco_customer_churn_mcar_totalcharges_10pct.csv,704,709.0784653666683,0.3249283394629289,0.0273722499841824,,/Users/janawue/Desktop/Masterthesis/master/data/results/benchmark_local_classical_runs_mice_mean.csv,classical_run_csv,
R000155,2026-05-22T09:39:59.359012+00:00,telco,Telco,TotalCharges,MCAR_TARGET,MCAR,target,10,404,classical,missforest,MissForest,,,success,,/Users/janawue/Desktop/Masterthesis/master/data/raw/Telco-Customer-Churn_cleaned.csv,/Users/janawue/Desktop/Masterthesis/master/data/processed/MCAR/telco_customer_churn_mcar_totalcharges_10pct.csv,704,89.01750282210419,0.0407914085504852,0.9031500829732976,,/Users/janawue/Desktop/Masterthesis/master/data/results/benchmark_local_classical_missforest_final.csv,classical_run_csv,
R000156,2026-06-02T13:42:25.708284+00:00,telco,Telco,TotalCharges,MCAR_TARGET,MCAR,target,10,404,classical,dae,DAE,,,success,,/Users/janawue/Desktop/Masterthesis/master/data/raw/Telco-Customer-Churn_cleaned.csv,/Users/janawue/Desktop/Masterthesis/master/data/processed/MCAR/telco_customer_churn_mcar_totalcharges_10pct.csv,704,378.0324115405937,0.1732296914157925,3.955496291979216,,/Users/janawue/Desktop/Masterthesis/master/data/results/benchmark_local_classical_dae_final.csv,classical_run_csv,
R000153,2026-06-10T14:32:05.016774+00:00,telco,Telco,TotalCharges,MCAR_TARGET,MCAR,target,10,404,classical,medianmode,Median/Mode,,,success,,/Users/janawue/Desktop/Masterthesis/master/data/raw/Telco-Customer-Churn_cleaned.csv,/Users/janawue/Desktop/Masterthesis/master/data/processed/MCAR/telco_customer_churn_mcar_totalcharges_10pct.csv,704,2360.1407061937366,1.0815116210951905,0.0422748340060934,,/Users/janawue/Desktop/Masterthesis/master/data/results/benchmark_local_classical_medianmode_final.csv,classical_run_csv,
R000157,2026-05-20T13:36:37.884520+00:00,telco,Telco,TotalCharges,MCAR_TARGET,MCAR,target,10,505,classical,meanmode,Mean/Mode,,,success,,/Users/janawue/Desktop/Masterthesis/master/data/raw/Telco-Customer-Churn_cleaned.csv,/Users/janawue/Desktop/Masterthesis/master/data/processed/MCAR/telco_customer_churn_mcar_totalcharges_10pct.csv,704,2182.2660317793107,1.00000227422749,0.0231356250005774,,/Users/janawue/Desktop/Masterthesis/master/data/results/benchmark_local_classical_runs_mice_mean.csv,classical_run_csv,
R000159,2026-05-20T14:16:25.413316+00:00,telco,Telco,TotalCharges,MCAR_TARGET,MCAR,target,10,505,classical,mice,MICE,,,success,,/Users/janawue/Desktop/Masterthesis/master/data/raw/Telco-Customer-Churn_cleaned.csv,/Users/janawue/Desktop/Masterthesis/master/data/processed/MCAR/telco_customer_churn_mcar_totalcharges_10pct.csv,704,709.0784653666683,0.3249283394629289,0.0275564170442521,,/Users/janawue/Desktop/Masterthesis/master/data/results/benchmark_local_classical_runs_mice_mean.csv,classical_run_csv,
R000160,2026-05-22T09:40:00.106419+00:00,telco,Telco,TotalCharges,MCAR_TARGET,MCAR,target,10,505,classical,missforest,MissForest,,,success,,/Users/janawue/Desktop/Masterthesis/master/data/raw/Telco-Customer-Churn_cleaned.csv,/Users/janawue/Desktop/Masterthesis/master/data/processed/MCAR/telco_customer_churn_mcar_totalcharges_10pct.csv,704,88.79027893351453,0.0406872854041596,0.7473952499567531,,/Users/janawue/Desktop/Masterthesis/master/data/results/benchmark_local_classical_missforest_final.csv,classical_run_csv,
R000161,2026-06-02T13:42:29.799441+00:00,telco,Telco,TotalCharges,MCAR_TARGET,MCAR,target,10,505,classical,dae,DAE,,,success,,/Users/janawue/Desktop/Masterthesis/master/data/raw/Telco-Customer-Churn_cleaned.csv,/Users/janawue/Desktop/Masterthesis/master/data/processed/MCAR/telco_customer_churn_mcar_totalcharges_10pct.csv,704,371.9695026833345,0.1704514221500835,4.091188542020973,,/Users/janawue/Desktop/Masterthesis/master/data/results/benchmark_local_classical_dae_final.csv,classical_run_csv,
R000158,2026-06-10T14:32:05.059719+00:00,telco,Telco,TotalCharges,MCAR_TARGET,MCAR,target,10,505,classical,medianmode,Median/Mode,,,success,,/Users/janawue/Desktop/Masterthesis/master/data/raw/Telco-Customer-Churn_cleaned.csv,/Users/janawue/Desktop/Masterthesis/master/data/processed/MCAR/telco_customer_churn_mcar_totalcharges_10pct.csv,704,2360.1407061937366,1.0815116210951905,0.0429079579189419,,/Users/janawue/Desktop/Masterthesis/master/data/results/benchmark_local_classical_medianmode_final.csv,classical_run_csv,
R000171,2026-05-20T13:36:37.909442+00:00,telco,Telco,TotalCharges,MCAR_TARGET,MCAR,target,15,42,classical,meanmode,Mean/Mode,,,success,,/Users/janawue/Desktop/Masterthesis/master/data/raw/Telco-Customer-Churn_cleaned.csv,/Users/janawue/Desktop/Masterthesis/master/data/processed/MCAR/telco_customer_churn_mcar_totalcharges_15pct.csv,1056,2239.1340382314133,1.0000825707629002,0.0248939169687218,,/Users/janawue/Desktop/Masterthesis/master/data/results/benchmark_local_classical_runs_mice_mean.csv,classical_run_csv,
R000173,2026-05-20T14:16:25.441594+00:00,telco,Telco,TotalCharges,MCAR_TARGET,MCAR,target,15,42,classical,mice,MICE,,,success,,/Users/janawue/Desktop/Masterthesis/master/data/raw/Telco-Customer-Churn_cleaned.csv,/Users/janawue/Desktop/Masterthesis/master/data/processed/MCAR/telco_customer_churn_mcar_totalcharges_15pct.csv,1056,707.6359678286092,0.3160571836196563,0.0282562079955823,,/Users/janawue/Desktop/Masterthesis/master/data/results/benchmark_local_classical_runs_mice_mean.csv,classical_run_csv,
R000174,2026-05-22T09:40:00.578202+00:00,telco,Telco,TotalCharges,MCAR_TARGET,MCAR,target,15,42,classical,missforest,MissForest,,,success,,/Users/janawue/Desktop/Masterthesis/master/data/raw/Telco-Customer-Churn_cleaned.csv,/Users/janawue/Desktop/Masterthesis/master/data/processed/MCAR/telco_customer_churn_mcar_totalcharges_15pct.csv,1056,89.64722156793331,0.0400398646425937,0.4717658750014379,,/Users/janawue/Desktop/Masterthesis/master/data/results/benchmark_local_classical_missforest_final.csv,classical_run_csv,
R000175,2026-06-02T13:42:33.759506+00:00,telco,Telco,TotalCharges,MCAR_TARGET,MCAR,target,15,42,classical,dae,DAE,,,success,,/Users/janawue/Desktop/Masterthesis/master/data/raw/Telco-Customer-Churn_cleaned.csv,/Users/janawue/Desktop/Masterthesis/master/data/processed/MCAR/telco_customer_churn_mcar_totalcharges_15pct.csv,1056,604.3104830102777,0.2699080854781004,3.9600802910281345,,/Users/janawue/Desktop/Masterthesis/master/data/results/benchmark_local_classical_dae_final.csv,classical_run_csv,
R000172,2026-06-10T14:32:05.103712+00:00,telco,Telco,TotalCharges,MCAR_TARGET,MCAR,target,15,42,classical,medianmode,Median/Mode,,,success,,/Users/janawue/Desktop/Masterthesis/master/data/raw/Telco-Customer-Churn_cleaned.csv,/Users/janawue/Desktop/Masterthesis/master/data/processed/MCAR/telco_customer_churn_mcar_totalcharges_15pct.csv,1056,2420.608131626005,1.0811358148966368,0.0439520829822868,,/Users/janawue/Desktop/Masterthesis/master/data/results/benchmark_local_classical_medianmode_final.csv,classical_run_csv,
R000176,2026-05-20T13:36:37.932671+00:00,telco,Telco,TotalCharges,MCAR_TARGET,MCAR,target,15,202,classical,meanmode,Mean/Mode,,,success,,/Users/janawue/Desktop/Masterthesis/master/data/raw/Telco-Customer-Churn_cleaned.csv,/Users/janawue/Desktop/Masterthesis/master/data/processed/MCAR/telco_customer_churn_mcar_totalcharges_15pct.csv,1056,2239.1340382314133,1.0000825707629002,0.0232083339942619,,/Users/janawue/Desktop/Masterthesis/master/data/results/benchmark_local_classical_runs_mice_mean.csv,classical_run_csv,
R000178,2026-05-20T14:16:25.468816+00:00,telco,Telco,TotalCharges,MCAR_TARGET,MCAR,target,15,202,classical,mice,MICE,,,success,,/Users/janawue/Desktop/Masterthesis/master/data/raw/Telco-Customer-Churn_cleaned.csv,/Users/janawue/Desktop/Masterthesis/master/data/processed/MCAR/telco_customer_churn_mcar_totalcharges_15pct.csv,1056,707.6359678286092,0.3160571836196563,0.0272014579968526,,/Users/janawue/Desktop/Masterthesis/master/data/results/benchmark_local_classical_runs_mice_mean.csv,classical_run_csv,
R000179,2026-05-22T09:40:01.024581+00:00,telco,Telco,TotalCharges,MCAR_TARGET,MCAR,target,15,202,classical,missforest,MissForest,,,success,,/Users/janawue/Desktop/Masterthesis/master/data/raw/Telco-Customer-Churn_cleaned.csv,/Users/janawue/Desktop/Masterthesis/master/data/processed/MCAR/telco_customer_churn_mcar_totalcharges_15pct.csv,1056,91.36915801929972,0.0408089470662315,0.4463630000245757,,/Users/janawue/Desktop/Masterthesis/master/data/results/benchmark_local_classical_missforest_final.csv,classical_run_csv,
R000180,2026-06-02T13:42:37.946688+00:00,telco,Telco,TotalCharges,MCAR_TARGET,MCAR,target,15,202,classical,dae,DAE,,,success,,/Users/janawue/Desktop/Masterthesis/master/data/raw/Telco-Customer-Churn_cleaned.csv,/Users/janawue/Desktop/Masterthesis/master/data/processed/MCAR/telco_customer_churn_mcar_totalcharges_15pct.csv,1056,382.72125802331425,0.1709378952194777,4.1872084170463495,,/Users/janawue/Desktop/Masterthesis/master/data/results/benchmark_local_classical_dae_final.csv,classical_run_csv,
R000177,2026-06-10T14:32:05.146681+00:00,telco,Telco,TotalCharges,MCAR_TARGET,MCAR,target,15,202,classical,medianmode,Median/Mode,,,success,,/Users/janawue/Desktop/Masterthesis/master/data/raw/Telco-Customer-Churn_cleaned.csv,/Users/janawue/Desktop/Masterthesis/master/data/processed/MCAR/telco_customer_churn_mcar_totalcharges_15pct.csv,1056,2420.608131626005,1.0811358148966368,0.0429344170261174,,/Users/janawue/Desktop/Masterthesis/master/data/results/benchmark_local_classical_medianmode_final.csv,classical_run_csv,
R000181,2026-05-20T13:36:37.955899+00:00,telco,Telco,TotalCharges,MCAR_TARGET,MCAR,target,15,303,classical,meanmode,Mean/Mode,,,success,,/Users/janawue/Desktop/Masterthesis/master/data/raw/Telco-Customer-Churn_cleaned.csv,/Users/janawue/Desktop/Masterthesis/master/data/processed/MCAR/telco_customer_churn_mcar_totalcharges_15pct.csv,1056,2239.1340382314133,1.0000825707629002,0.0232009580358862,,/Users/janawue/Desktop/Masterthesis/master/data/results/benchmark_local_classical_runs_mice_mean.csv,classical_run_csv,
R000183,2026-05-20T14:16:25.495639+00:00,telco,Telco,TotalCharges,MCAR_TARGET,MCAR,target,15,303,classical,mice,MICE,,,success,,/Users/janawue/Desktop/Masterthesis/master/data/raw/Telco-Customer-Churn_cleaned.csv,/Users/janawue/Desktop/Masterthesis/master/data/processed/MCAR/telco_customer_churn_mcar_totalcharges_15pct.csv,1056,707.6359678286092,0.3160571836196563,0.0268039170186966,,/Users/janawue/Desktop/Masterthesis/master/data/results/benchmark_local_classical_runs_mice_mean.csv,classical_run_csv,
R000184,2026-05-22T09:40:01.752764+00:00,telco,Telco,TotalCharges,MCAR_TARGET,MCAR,target,15,303,classical,missforest,MissForest,,,success,,/Users/janawue/Desktop/Masterthesis/master/data/raw/Telco-Customer-Churn_cleaned.csv,/Users/janawue/Desktop/Masterthesis/master/data/processed/MCAR/telco_customer_churn_mcar_totalcharges_15pct.csv,1056,92.03712333218044,0.0411072858239299,0.7281712910044007,,/Users/janawue/Desktop/Masterthesis/master/data/results/benchmark_local_classical_missforest_final.csv,classical_run_csv,
R000185,2026-06-02T13:42:42.763808+00:00,telco,Telco,TotalCharges,MCAR_TARGET,MCAR,target,15,303,classical,dae,DAE,,,success,,/Users/janawue/Desktop/Masterthesis/master/data/raw/Telco-Customer-Churn_cleaned.csv,/Users/janawue/Desktop/Masterthesis/master/data/processed/MCAR/telco_customer_churn_mcar_totalcharges_15pct.csv,1056,441.4800887664954,0.1971818276957476,4.8171602910151705,,/Users/janawue/Desktop/Masterthesis/master/data/results/benchmark_local_classical_dae_final.csv,classical_run_csv,
R000182,2026-06-10T14:32:05.192262+00:00,telco,Telco,TotalCharges,MCAR_TARGET,MCAR,target,15,303,classical,medianmode,Median/Mode,,,success,,/Users/janawue/Desktop/Masterthesis/master/data/raw/Telco-Customer-Churn_cleaned.csv,/Users/janawue/Desktop/Masterthesis/master/data/processed/MCAR/telco_customer_churn_mcar_totalcharges_15pct.csv,1056,2420.608131626005,1.0811358148966368,0.0455306669464334,,/Users/janawue/Desktop/Masterthesis/master/data/results/benchmark_local_classical_medianmode_final.csv,classical_run_csv,
R000186,2026-05-20T13:36:37.979723+00:00,telco,Telco,TotalCharges,MCAR_TARGET,MCAR,target,15,404,classical,meanmode,Mean/Mode,,,success,,/Users/janawue/Desktop/Masterthesis/master/data/raw/Telco-Customer-Churn_cleaned.csv,/Users/janawue/Desktop/Masterthesis/master/data/processed/MCAR/telco_customer_churn_mcar_totalcharges_15pct.csv,1056,2239.1340382314133,1.0000825707629002,0.023801666975487,,/Users/janawue/Desktop/Masterthesis/master/data/results/benchmark_local_classical_runs_mice_mean.csv,classical_run_csv,
R000188,2026-05-20T14:16:25.522272+00:00,telco,Telco,TotalCharges,MCAR_TARGET,MCAR,target,15,404,classical,mice,MICE,,,success,,/Users/janawue/Desktop/Masterthesis/master/data/raw/Telco-Customer-Churn_cleaned.csv,/Users/janawue/Desktop/Masterthesis/master/data/processed/MCAR/telco_customer_churn_mcar_totalcharges_15pct.csv,1056,707.6359678286092,0.3160571836196563,0.0266090420191176,,/Users/janawue/Desktop/Masterthesis/master/data/results/benchmark_local_classical_runs_mice_mean.csv,classical_run_csv,
R000189,2026-05-22T09:40:02.204652+00:00,telco,Telco,TotalCharges,MCAR_TARGET,MCAR,target,15,404,classical,missforest,MissForest,,,success,,/Users/janawue/Desktop/Masterthesis/master/data/raw/Telco-Customer-Churn_cleaned.csv,/Users/janawue/Desktop/Masterthesis/master/data/processed/MCAR/telco_customer_churn_mcar_totalcharges_15pct.csv,1056,90.83175316561918,0.0405689215838652,0.4518730000127107,,/Users/janawue/Desktop/Masterthesis/master/data/results/benchmark_local_classical_missforest_final.csv,classical_run_csv,
R000190,2026-06-02T13:42:46.712884+00:00,telco,Telco,TotalCharges,MCAR_TARGET,MCAR,target,15,404,classical,dae,DAE,,,success,,/Users/janawue/Desktop/Masterthesis/master/data/raw/Telco-Customer-Churn_cleaned.csv,/Users/janawue/Desktop/Masterthesis/master/data/processed/MCAR/telco_customer_churn_mcar_totalcharges_15pct.csv,1056,417.7188829590464,0.1865691678984317,3.9490886249695905,,/Users/janawue/Desktop/Masterthesis/master/data/results/benchmark_local_classical_dae_final.csv,classical_run_csv,
R000187,2026-06-10T14:32:05.236206+00:00,telco,Telco,TotalCharges,MCAR_TARGET,MCAR,target,15,404,classical,medianmode,Median/Mode,,,success,,/Users/janawue/Desktop/Masterthesis/master/data/raw/Telco-Customer-Churn_cleaned.csv,/Users/janawue/Desktop/Masterthesis/master/data/processed/MCAR/telco_customer_churn_mcar_totalcharges_15pct.csv,1056,2420.608131626005,1.0811358148966368,0.0439131669700145,,/Users/janawue/Desktop/Masterthesis/master/data/results/benchmark_local_classical_medianmode_final.csv,classical_run_csv,
R000191,2026-05-20T13:36:38.003380+00:00,telco,Telco,TotalCharges,MCAR_TARGET,MCAR,target,15,505,classical,meanmode,Mean/Mode,,,success,,/Users/janawue/Desktop/Masterthesis/master/data/raw/Telco-Customer-Churn_cleaned.csv,/Users/janawue/Desktop/Masterthesis/master/data/processed/MCAR/telco_customer_churn_mcar_totalcharges_15pct.csv,1056,2239.1340382314133,1.0000825707629002,0.023635416990146,,/Users/janawue/Desktop/Masterthesis/master/data/results/benchmark_local_classical_runs_mice_mean.csv,classical_run_csv,
R000193,2026-05-20T14:16:25.549447+00:00,telco,Telco,TotalCharges,MCAR_TARGET,MCAR,target,15,505,classical,mice,MICE,,,success,,/Users/janawue/Desktop/Masterthesis/master/data/raw/Telco-Customer-Churn_cleaned.csv,/Users/janawue/Desktop/Masterthesis/master/data/processed/MCAR/telco_customer_churn_mcar_totalcharges_15pct.csv,1056,707.6359678286092,0.3160571836196563,0.0271575840306468,,/Users/janawue/Desktop/Masterthesis/master/data/results/benchmark_local_classical_runs_mice_mean.csv,classical_run_csv,
R000194,2026-05-22T09:40:02.648481+00:00,telco,Telco,TotalCharges,MCAR_TARGET,MCAR,target,15,505,classical,missforest,MissForest,,,success,,/Users/janawue/Desktop/Masterthesis/master/data/raw/Telco-Customer-Churn_cleaned.csv,/Users/janawue/Desktop/Masterthesis/master/data/processed/MCAR/telco_customer_churn_mcar_totalcharges_15pct.csv,1056,89.9129779128841,0.0401585615513615,0.4438118750113062,,/Users/janawue/Desktop/Masterthesis/master/data/results/benchmark_local_classical_missforest_final.csv,classical_run_csv,
R000195,2026-06-02T13:42:50.753619+00:00,telco,Telco,TotalCharges,MCAR_TARGET,MCAR,target,15,505,classical,dae,DAE,,,success,,/Users/janawue/Desktop/Masterthesis/master/data/raw/Telco-Customer-Churn_cleaned.csv,/Users/janawue/Desktop/Masterthesis/master/data/processed/MCAR/telco_customer_churn_mcar_totalcharges_15pct.csv,1056,462.93677784273154,0.2067652025205846,4.040756540955044,,/Users/janawue/Desktop/Masterthesis/master/data/results/benchmark_local_classical_dae_final.csv,classical_run_csv,
R000192,2026-06-10T14:32:05.279385+00:00,telco,Telco,TotalCharges,MCAR_TARGET,MCAR,target,15,505,classical,medianmode,Median/Mode,,,success,,/Users/janawue/Desktop/Masterthesis/master/data/raw/Telco-Customer-Churn_cleaned.csv,/Users/janawue/Desktop/Masterthesis/master/data/processed/MCAR/telco_customer_churn_mcar_totalcharges_15pct.csv,1056,2420.608131626005,1.0811358148966368,0.0431265420047566,,/Users/janawue/Desktop/Masterthesis/master/data/results/benchmark_local_classical_medianmode_final.csv,classical_run_csv,
R000069,2026-05-20T13:36:37.558296+00:00,telco,Telco,TotalCharges,MNAR_TARGET,MNAR,target,10,42,classical,meanmode,Mean/Mode,,,success,,/Users/janawue/Desktop/Masterthesis/master/data/raw/Telco-Customer-Churn_cleaned.csv,/Users/janawue/Desktop/Masterthesis/master/data/processed/MNAR/telco_customer_churn_mnar_totalcharges_10pct.csv,704,2740.228886132297,1.1403228499324076,0.0241744170198217,,/Users/janawue/Desktop/Masterthesis/master/data/results/benchmark_local_classical_runs_mice_mean.csv,classical_run_csv,
R000071,2026-05-20T14:16:25.029243+00:00,telco,Telco,TotalCharges,MNAR_TARGET,MNAR,target,10,42,classical,mice,MICE,,,success,,/Users/janawue/Desktop/Masterthesis/master/data/raw/Telco-Customer-Churn_cleaned.csv,/Users/janawue/Desktop/Masterthesis/master/data/processed/MNAR/telco_customer_churn_mnar_totalcharges_10pct.csv,704,740.1131591096771,0.3079917707384091,0.0286509160068817,,/Users/janawue/Desktop/Masterthesis/master/data/results/benchmark_local_classical_runs_mice_mean.csv,classical_run_csv,
R000072,2026-05-22T09:39:52.298754+00:00,telco,Telco,TotalCharges,MNAR_TARGET,MNAR,target,10,42,classical,missforest,MissForest,,,success,,/Users/janawue/Desktop/Masterthesis/master/data/raw/Telco-Customer-Churn_cleaned.csv,/Users/janawue/Desktop/Masterthesis/master/data/processed/MNAR/telco_customer_churn_mnar_totalcharges_10pct.csv,704,109.30833602313244,0.0454877305637051,0.4552292500156909,,/Users/janawue/Desktop/Masterthesis/master/data/results/benchmark_local_classical_missforest_final.csv,classical_run_csv,
R000073,2026-06-02T13:41:34.854676+00:00,telco,Telco,TotalCharges,MNAR_TARGET,MNAR,target,10,42,classical,dae,DAE,,,success,,/Users/janawue/Desktop/Masterthesis/master/data/raw/Telco-Customer-Churn_cleaned.csv,/Users/janawue/Desktop/Masterthesis/master/data/processed/MNAR/telco_customer_churn_mnar_totalcharges_10pct.csv,704,502.4075483794559,0.2090726107935626,3.852124416967854,,/Users/janawue/Desktop/Masterthesis/master/data/results/benchmark_local_classical_dae_final.csv,classical_run_csv,
R000070,2026-06-10T14:32:04.453578+00:00,telco,Telco,TotalCharges,MNAR_TARGET,MNAR,target,10,42,classical,medianmode,Median/Mode,,,success,,/Users/janawue/Desktop/Masterthesis/master/data/raw/Telco-Customer-Churn_cleaned.csv,/Users/janawue/Desktop/Masterthesis/master/data/processed/MNAR/telco_customer_churn_mnar_totalcharges_10pct.csv,704,3254.4298827549605,1.354303203498585,0.0445747500052675,,/Users/janawue/Desktop/Masterthesis/master/data/results/benchmark_local_classical_medianmode_final.csv,classical_run_csv,
R000074,2026-05-20T13:36:37.581105+00:00,telco,Telco,TotalCharges,MNAR_TARGET,MNAR,target,10,202,classical,meanmode,Mean/Mode,,,success,,/Users/janawue/Desktop/Masterthesis/master/data/raw/Telco-Customer-Churn_cleaned.csv,/Users/janawue/Desktop/Masterthesis/master/data/processed/MNAR/telco_customer_churn_mnar_totalcharges_10pct.csv,704,2740.228886132297,1.1403228499324076,0.0227836670237593,,/Users/janawue/Desktop/Masterthesis/master/data/results/benchmark_local_classical_runs_mice_mean.csv,classical_run_csv,
R000076,2026-05-20T14:16:25.056475+00:00,telco,Telco,TotalCharges,MNAR_TARGET,MNAR,target,10,202,classical,mice,MICE,,,success,,/Users/janawue/Desktop/Masterthesis/master/data/raw/Telco-Customer-Churn_cleaned.csv,/Users/janawue/Desktop/Masterthesis/master/data/processed/MNAR/telco_customer_churn_mnar_totalcharges_10pct.csv,704,740.1131591096771,0.3079917707384091,0.0272118750144727,,/Users/janawue/Desktop/Masterthesis/master/data/results/benchmark_local_classical_runs_mice_mean.csv,classical_run_csv,
R000077,2026-05-22T09:39:52.752639+00:00,telco,Telco,TotalCharges,MNAR_TARGET,MNAR,target,10,202,classical,missforest,MissForest,,,success,,/Users/janawue/Desktop/Masterthesis/master/data/raw/Telco-Customer-Churn_cleaned.csv,/Users/janawue/Desktop/Masterthesis/master/data/processed/MNAR/telco_customer_churn_mnar_totalcharges_10pct.csv,704,109.38697336816315,0.0455204548232917,0.4538700419943779,,/Users/janawue/Desktop/Masterthesis/master/data/results/benchmark_local_classical_missforest_final.csv,classical_run_csv,
R000078,2026-06-02T13:41:38.856279+00:00,telco,Telco,TotalCharges,MNAR_TARGET,MNAR,target,10,202,classical,dae,DAE,,,success,,/Users/janawue/Desktop/Masterthesis/master/data/raw/Telco-Customer-Churn_cleaned.csv,/Users/janawue/Desktop/Masterthesis/master/data/processed/MNAR/telco_customer_churn_mnar_totalcharges_10pct.csv,704,672.9550686747207,0.2800445049211731,4.001627666992135,,/Users/janawue/Desktop/Masterthesis/master/data/results/benchmark_local_classical_dae_final.csv,classical_run_csv,
R000075,2026-06-10T14:32:04.497372+00:00,telco,Telco,TotalCharges,MNAR_TARGET,MNAR,target,10,202,classical,medianmode,Median/Mode,,,success,,/Users/janawue/Desktop/Masterthesis/master/data/raw/Telco-Customer-Churn_cleaned.csv,/Users/janawue/Desktop/Masterthesis/master/data/processed/MNAR/telco_customer_churn_mnar_totalcharges_10pct.csv,704,3254.4298827549605,1.354303203498585,0.0437512079952284,,/Users/janawue/Desktop/Masterthesis/master/data/results/benchmark_local_classical_medianmode_final.csv,classical_run_csv,
R000079,2026-05-20T13:36:37.604178+00:00,telco,Telco,TotalCharges,MNAR_TARGET,MNAR,target,10,303,classical,meanmode,Mean/Mode,,,success,,/Users/janawue/Desktop/Masterthesis/master/data/raw/Telco-Customer-Churn_cleaned.csv,/Users/janawue/Desktop/Masterthesis/master/data/processed/MNAR/telco_customer_churn_mnar_totalcharges_10pct.csv,704,2740.228886132297,1.1403228499324076,0.0230450420058332,,/Users/janawue/Desktop/Masterthesis/master/data/results/benchmark_local_classical_runs_mice_mean.csv,classical_run_csv,
R000081,2026-05-20T14:16:25.083613+00:00,telco,Telco,TotalCharges,MNAR_TARGET,MNAR,target,10,303,classical,mice,MICE,,,success,,/Users/janawue/Desktop/Masterthesis/master/data/raw/Telco-Customer-Churn_cleaned.csv,/Users/janawue/Desktop/Masterthesis/master/data/processed/MNAR/telco_customer_churn_mnar_totalcharges_10pct.csv,704,740.1131591096771,0.3079917707384091,0.027116416953504,,/Users/janawue/Desktop/Masterthesis/master/data/results/benchmark_local_classical_runs_mice_mean.csv,classical_run_csv,
R000082,2026-05-22T09:39:53.202368+00:00,telco,Telco,TotalCharges,MNAR_TARGET,MNAR,target,10,303,classical,missforest,MissForest,,,success,,/Users/janawue/Desktop/Masterthesis/master/data/raw/Telco-Customer-Churn_cleaned.csv,/Users/janawue/Desktop/Masterthesis/master/data/processed/MNAR/telco_customer_churn_mnar_totalcharges_10pct.csv,704,108.41761837523777,0.0451170660210923,0.4497095000115223,,/Users/janawue/Desktop/Masterthesis/master/data/results/benchmark_local_classical_missforest_final.csv,classical_run_csv,
R000083,2026-06-02T13:41:42.834237+00:00,telco,Telco,TotalCharges,MNAR_TARGET,MNAR,target,10,303,classical,dae,DAE,,,success,,/Users/janawue/Desktop/Masterthesis/master/data/raw/Telco-Customer-Churn_cleaned.csv,/Users/janawue/Desktop/Masterthesis/master/data/processed/MNAR/telco_customer_churn_mnar_totalcharges_10pct.csv,704,631.095789858379,0.2626251235120022,3.977980124996975,,/Users/janawue/Desktop/Masterthesis/master/data/results/benchmark_local_classical_dae_final.csv,classical_run_csv,
R000080,2026-06-10T14:32:04.540524+00:00,telco,Telco,TotalCharges,MNAR_TARGET,MNAR,target,10,303,classical,medianmode,Median/Mode,,,success,,/Users/janawue/Desktop/Masterthesis/master/data/raw/Telco-Customer-Churn_cleaned.csv,/Users/janawue/Desktop/Masterthesis/master/data/processed/MNAR/telco_customer_churn_mnar_totalcharges_10pct.csv,704,3254.4298827549605,1.354303203498585,0.043110458063893,,/Users/janawue/Desktop/Masterthesis/master/data/results/benchmark_local_classical_medianmode_final.csv,classical_run_csv,
R000084,2026-05-20T13:36:37.627774+00:00,telco,Telco,TotalCharges,MNAR_TARGET,MNAR,target,10,404,classical,meanmode,Mean/Mode,,,success,,/Users/janawue/Desktop/Masterthesis/master/data/raw/Telco-Customer-Churn_cleaned.csv,/Users/janawue/Desktop/Masterthesis/master/data/processed/MNAR/telco_customer_churn_mnar_totalcharges_10pct.csv,704,2740.228886132297,1.1403228499324076,0.0235705829691141,,/Users/janawue/Desktop/Masterthesis/master/data/results/benchmark_local_classical_runs_mice_mean.csv,classical_run_csv,
R000086,2026-05-20T14:16:25.111186+00:00,telco,Telco,TotalCharges,MNAR_TARGET,MNAR,target,10,404,classical,mice,MICE,,,success,,/Users/janawue/Desktop/Masterthesis/master/data/raw/Telco-Customer-Churn_cleaned.csv,/Users/janawue/Desktop/Masterthesis/master/data/processed/MNAR/telco_customer_churn_mnar_totalcharges_10pct.csv,704,740.1131591096771,0.3079917707384091,0.0275505409808829,,/Users/janawue/Desktop/Masterthesis/master/data/results/benchmark_local_classical_runs_mice_mean.csv,classical_run_csv,
R000087,2026-05-22T09:39:53.797207+00:00,telco,Telco,TotalCharges,MNAR_TARGET,MNAR,target,10,404,classical,missforest,MissForest,,,success,,/Users/janawue/Desktop/Masterthesis/master/data/raw/Telco-Customer-Churn_cleaned.csv,/Users/janawue/Desktop/Masterthesis/master/data/processed/MNAR/telco_customer_churn_mnar_totalcharges_10pct.csv,704,110.0476523521467,0.045795390740404,0.5948243330349214,,/Users/janawue/Desktop/Masterthesis/master/data/results/benchmark_local_classical_missforest_final.csv,classical_run_csv,
R000088,2026-06-02T13:41:46.870693+00:00,telco,Telco,TotalCharges,MNAR_TARGET,MNAR,target,10,404,classical,dae,DAE,,,success,,/Users/janawue/Desktop/Masterthesis/master/data/raw/Telco-Customer-Churn_cleaned.csv,/Users/janawue/Desktop/Masterthesis/master/data/processed/MNAR/telco_customer_churn_mnar_totalcharges_10pct.csv,704,648.3892155434571,0.2698216349282936,4.0364784999983385,,/Users/janawue/Desktop/Masterthesis/master/data/results/benchmark_local_classical_dae_final.csv,classical_run_csv,
R000085,2026-06-10T14:32:04.583623+00:00,telco,Telco,TotalCharges,MNAR_TARGET,MNAR,target,10,404,classical,medianmode,Median/Mode,,,success,,/Users/janawue/Desktop/Masterthesis/master/data/raw/Telco-Customer-Churn_cleaned.csv,/Users/janawue/Desktop/Masterthesis/master/data/processed/MNAR/telco_customer_churn_mnar_totalcharges_10pct.csv,704,3254.4298827549605,1.354303203498585,0.0430588750168681,,/Users/janawue/Desktop/Masterthesis/master/data/results/benchmark_local_classical_medianmode_final.csv,classical_run_csv,
R000089,2026-05-20T13:36:37.651376+00:00,telco,Telco,TotalCharges,MNAR_TARGET,MNAR,target,10,505,classical,meanmode,Mean/Mode,,,success,,/Users/janawue/Desktop/Masterthesis/master/data/raw/Telco-Customer-Churn_cleaned.csv,/Users/janawue/Desktop/Masterthesis/master/data/processed/MNAR/telco_customer_churn_mnar_totalcharges_10pct.csv,704,2740.228886132297,1.1403228499324076,0.0235761249787174,,/Users/janawue/Desktop/Masterthesis/master/data/results/benchmark_local_classical_runs_mice_mean.csv,classical_run_csv,
R000091,2026-05-20T14:16:25.138645+00:00,telco,Telco,TotalCharges,MNAR_TARGET,MNAR,target,10,505,classical,mice,MICE,,,success,,/Users/janawue/Desktop/Masterthesis/master/data/raw/Telco-Customer-Churn_cleaned.csv,/Users/janawue/Desktop/Masterthesis/master/data/processed/MNAR/telco_customer_churn_mnar_totalcharges_10pct.csv,704,740.1131591096771,0.3079917707384091,0.0274452500161714,,/Users/janawue/Desktop/Masterthesis/master/data/results/benchmark_local_classical_runs_mice_mean.csv,classical_run_csv,
R000092,2026-05-22T09:39:54.258519+00:00,telco,Telco,TotalCharges,MNAR_TARGET,MNAR,target,10,505,classical,missforest,MissForest,,,success,,/Users/janawue/Desktop/Masterthesis/master/data/raw/Telco-Customer-Churn_cleaned.csv,/Users/janawue/Desktop/Masterthesis/master/data/processed/MNAR/telco_customer_churn_mnar_totalcharges_10pct.csv,704,108.12429385238435,0.0449950015258423,0.4612962499959394,,/Users/janawue/Desktop/Masterthesis/master/data/results/benchmark_local_classical_missforest_final.csv,classical_run_csv,
R000093,2026-06-02T13:41:50.985046+00:00,telco,Telco,TotalCharges,MNAR_TARGET,MNAR,target,10,505,classical,dae,DAE,,,success,,/Users/janawue/Desktop/Masterthesis/master/data/raw/Telco-Customer-Churn_cleaned.csv,/Users/janawue/Desktop/Masterthesis/master/data/processed/MNAR/telco_customer_churn_mnar_totalcharges_10pct.csv,704,322.9784827946738,0.1344047374404206,4.1143777089891955,,/Users/janawue/Desktop/Masterthesis/master/data/results/benchmark_local_classical_dae_final.csv,classical_run_csv,
R000090,2026-06-10T14:32:04.627141+00:00,telco,Telco,TotalCharges,MNAR_TARGET,MNAR,target,10,505,classical,medianmode,Median/Mode,,,success,,/Users/janawue/Desktop/Masterthesis/master/data/raw/Telco-Customer-Churn_cleaned.csv,/Users/janawue/Desktop/Masterthesis/master/data/processed/MNAR/telco_customer_churn_mnar_totalcharges_10pct.csv,704,3254.4298827549605,1.354303203498585,0.0434746670071035,,/Users/janawue/Desktop/Masterthesis/master/data/results/benchmark_local_classical_medianmode_final.csv,classical_run_csv,
R000103,2026-05-20T13:36:37.675558+00:00,telco,Telco,TotalCharges,MNAR_TARGET,MNAR,target,15,42,classical,meanmode,Mean/Mode,,,success,,/Users/janawue/Desktop/Masterthesis/master/data/raw/Telco-Customer-Churn_cleaned.csv,/Users/janawue/Desktop/Masterthesis/master/data/processed/MNAR/telco_customer_churn_mnar_totalcharges_15pct.csv,1056,2710.9928001786734,1.1369134683497193,0.0241578749846667,,/Users/janawue/Desktop/Masterthesis/master/data/results/benchmark_local_classical_runs_mice_mean.csv,classical_run_csv,
R000105,2026-05-20T14:16:25.167305+00:00,telco,Telco,TotalCharges,MNAR_TARGET,MNAR,target,15,42,classical,mice,MICE,,,success,,/Users/janawue/Desktop/Masterthesis/master/data/raw/Telco-Customer-Churn_cleaned.csv,/Users/janawue/Desktop/Masterthesis/master/data/processed/MNAR/telco_customer_churn_mnar_totalcharges_15pct.csv,1056,756.9471757454555,0.3174421705869421,0.0286339999875053,,/Users/janawue/Desktop/Masterthesis/master/data/results/benchmark_local_classical_runs_mice_mean.csv,classical_run_csv,
R000106,2026-05-22T09:39:54.711326+00:00,telco,Telco,TotalCharges,MNAR_TARGET,MNAR,target,15,42,classical,missforest,MissForest,,,success,,/Users/janawue/Desktop/Masterthesis/master/data/raw/Telco-Customer-Churn_cleaned.csv,/Users/janawue/Desktop/Masterthesis/master/data/processed/MNAR/telco_customer_churn_mnar_totalcharges_15pct.csv,1056,107.45951973021404,0.0450654739015244,0.4527919999673031,,/Users/janawue/Desktop/Masterthesis/master/data/results/benchmark_local_classical_missforest_final.csv,classical_run_csv,
R000107,2026-06-02T13:41:54.846716+00:00,telco,Telco,TotalCharges,MNAR_TARGET,MNAR,target,15,42,classical,dae,DAE,,,success,,/Users/janawue/Desktop/Masterthesis/master/data/raw/Telco-Customer-Churn_cleaned.csv,/Users/janawue/Desktop/Masterthesis/master/data/processed/MNAR/telco_customer_churn_mnar_totalcharges_15pct.csv,1056,628.8707006908793,0.2637305305343725,3.8616942079970618,,/Users/janawue/Desktop/Masterthesis/master/data/results/benchmark_local_classical_dae_final.csv,classical_run_csv,
R000104,2026-06-10T14:32:04.670817+00:00,telco,Telco,TotalCharges,MNAR_TARGET,MNAR,target,15,42,classical,medianmode,Median/Mode,,,success,,/Users/janawue/Desktop/Masterthesis/master/data/raw/Telco-Customer-Churn_cleaned.csv,/Users/janawue/Desktop/Masterthesis/master/data/processed/MNAR/telco_customer_churn_mnar_totalcharges_15pct.csv,1056,3220.4520992002617,1.350566244777409,0.043633583933115,,/Users/janawue/Desktop/Masterthesis/master/data/results/benchmark_local_classical_medianmode_final.csv,classical_run_csv,
R000108,2026-05-20T13:36:37.699026+00:00,telco,Telco,TotalCharges,MNAR_TARGET,MNAR,target,15,202,classical,meanmode,Mean/Mode,,,success,,/Users/janawue/Desktop/Masterthesis/master/data/raw/Telco-Customer-Churn_cleaned.csv,/Users/janawue/Desktop/Masterthesis/master/data/processed/MNAR/telco_customer_churn_mnar_totalcharges_15pct.csv,1056,2710.9928001786734,1.1369134683497193,0.0234451660071499,,/Users/janawue/Desktop/Masterthesis/master/data/results/benchmark_local_classical_runs_mice_mean.csv,classical_run_csv,
R000110,2026-05-20T14:16:25.195057+00:00,telco,Telco,TotalCharges,MNAR_TARGET,MNAR,target,15,202,classical,mice,MICE,,,success,,/Users/janawue/Desktop/Masterthesis/master/data/raw/Telco-Customer-Churn_cleaned.csv,/Users/janawue/Desktop/Masterthesis/master/data/processed/MNAR/telco_customer_churn_mnar_totalcharges_15pct.csv,1056,756.9471757454555,0.3174421705869421,0.0277296249987557,,/Users/janawue/Desktop/Masterthesis/master/data/results/benchmark_local_classical_runs_mice_mean.csv,classical_run_csv,
R000111,2026-05-22T09:39:55.159359+00:00,telco,Telco,TotalCharges,MNAR_TARGET,MNAR,target,15,202,classical,missforest,MissForest,,,success,,/Users/janawue/Desktop/Masterthesis/master/data/raw/Telco-Customer-Churn_cleaned.csv,/Users/janawue/Desktop/Masterthesis/master/data/processed/MNAR/telco_customer_churn_mnar_totalcharges_15pct.csv,1056,108.44878790099212,0.0454803449063803,0.4480167920119129,,/Users/janawue/Desktop/Masterthesis/master/data/results/benchmark_local_classical_missforest_final.csv,classical_run_csv,
R000112,2026-06-02T13:41:58.698641+00:00,telco,Telco,TotalCharges,MNAR_TARGET,MNAR,target,15,202,classical,dae,DAE,,,success,,/Users/janawue/Desktop/Masterthesis/master/data/raw/Telco-Customer-Churn_cleaned.csv,/Users/janawue/Desktop/Masterthesis/master/data/processed/MNAR/telco_customer_churn_mnar_totalcharges_15pct.csv,1056,658.8321246305962,0.2762955017160573,3.851948041992728,,/Users/janawue/Desktop/Masterthesis/master/data/results/benchmark_local_classical_dae_final.csv,classical_run_csv,
R000109,2026-06-10T14:32:04.715215+00:00,telco,Telco,TotalCharges,MNAR_TARGET,MNAR,target,15,202,classical,medianmode,Median/Mode,,,success,,/Users/janawue/Desktop/Masterthesis/master/data/raw/Telco-Customer-Churn_cleaned.csv,/Users/janawue/Desktop/Masterthesis/master/data/processed/MNAR/telco_customer_churn_mnar_totalcharges_15pct.csv,1056,3220.4520992002617,1.350566244777409,0.0443545000161975,,/Users/janawue/Desktop/Masterthesis/master/data/results/benchmark_local_classical_medianmode_final.csv,classical_run_csv,
R000113,2026-05-20T13:36:37.721938+00:00,telco,Telco,TotalCharges,MNAR_TARGET,MNAR,target,15,303,classical,meanmode,Mean/Mode,,,success,,/Users/janawue/Desktop/Masterthesis/master/data/raw/Telco-Customer-Churn_cleaned.csv,/Users/janawue/Desktop/Masterthesis/master/data/processed/MNAR/telco_customer_churn_mnar_totalcharges_15pct.csv,1056,2710.9928001786734,1.1369134683497193,0.0228904589894227,,/Users/janawue/Desktop/Masterthesis/master/data/results/benchmark_local_classical_runs_mice_mean.csv,classical_run_csv,
R000115,2026-05-20T14:16:25.221714+00:00,telco,Telco,TotalCharges,MNAR_TARGET,MNAR,target,15,303,classical,mice,MICE,,,success,,/Users/janawue/Desktop/Masterthesis/master/data/raw/Telco-Customer-Churn_cleaned.csv,/Users/janawue/Desktop/Masterthesis/master/data/processed/MNAR/telco_customer_churn_mnar_totalcharges_15pct.csv,1056,756.9471757454555,0.3174421705869421,0.0266400420223362,,/Users/janawue/Desktop/Masterthesis/master/data/results/benchmark_local_classical_runs_mice_mean.csv,classical_run_csv,
R000116,2026-05-22T09:39:55.635508+00:00,telco,Telco,TotalCharges,MNAR_TARGET,MNAR,target,15,303,classical,missforest,MissForest,,,success,,/Users/janawue/Desktop/Masterthesis/master/data/raw/Telco-Customer-Churn_cleaned.csv,/Users/janawue/Desktop/Masterthesis/master/data/processed/MNAR/telco_customer_churn_mnar_totalcharges_15pct.csv,1056,107.72068439438684,0.0451749989523233,0.4761322500417009,,/Users/janawue/Desktop/Masterthesis/master/data/results/benchmark_local_classical_missforest_final.csv,classical_run_csv,
R000117,2026-06-02T13:42:02.529153+00:00,telco,Telco,TotalCharges,MNAR_TARGET,MNAR,target,15,303,classical,dae,DAE,,,success,,/Users/janawue/Desktop/Masterthesis/master/data/raw/Telco-Customer-Churn_cleaned.csv,/Users/janawue/Desktop/Masterthesis/master/data/processed/MNAR/telco_customer_churn_mnar_totalcharges_15pct.csv,1056,773.7117405050886,0.3244727534291362,3.830532540974673,,/Users/janawue/Desktop/Masterthesis/master/data/results/benchmark_local_classical_dae_final.csv,classical_run_csv,
R000114,2026-06-10T14:32:04.758135+00:00,telco,Telco,TotalCharges,MNAR_TARGET,MNAR,target,15,303,classical,medianmode,Median/Mode,,,success,,/Users/janawue/Desktop/Masterthesis/master/data/raw/Telco-Customer-Churn_cleaned.csv,/Users/janawue/Desktop/Masterthesis/master/data/processed/MNAR/telco_customer_churn_mnar_totalcharges_15pct.csv,1056,3220.4520992002617,1.350566244777409,0.0428756669862195,,/Users/janawue/Desktop/Masterthesis/master/data/results/benchmark_local_classical_medianmode_final.csv,classical_run_csv,
R000118,2026-05-20T13:36:37.745376+00:00,telco,Telco,TotalCharges,MNAR_TARGET,MNAR,target,15,404,classical,meanmode,Mean/Mode,,,success,,/Users/janawue/Desktop/Masterthesis/master/data/raw/Telco-Customer-Churn_cleaned.csv,/Users/janawue/Desktop/Masterthesis/master/data/processed/MNAR/telco_customer_churn_mnar_totalcharges_15pct.csv,1056,2710.9928001786734,1.1369134683497193,0.0234151249751448,,/Users/janawue/Desktop/Masterthesis/master/data/results/benchmark_local_classical_runs_mice_mean.csv,classical_run_csv,
R000120,2026-05-20T14:16:25.248117+00:00,telco,Telco,TotalCharges,MNAR_TARGET,MNAR,target,15,404,classical,mice,MICE,,,success,,/Users/janawue/Desktop/Masterthesis/master/data/raw/Telco-Customer-Churn_cleaned.csv,/Users/janawue/Desktop/Masterthesis/master/data/processed/MNAR/telco_customer_churn_mnar_totalcharges_15pct.csv,1056,756.9471757454555,0.3174421705869421,0.0263768329750746,,/Users/janawue/Desktop/Masterthesis/master/data/results/benchmark_local_classical_runs_mice_mean.csv,classical_run_csv,
R000121,2026-05-22T09:39:56.358852+00:00,telco,Telco,TotalCharges,MNAR_TARGET,MNAR,target,15,404,classical,missforest,MissForest,,,success,,/Users/janawue/Desktop/Masterthesis/master/data/raw/Telco-Customer-Churn_cleaned.csv,/Users/janawue/Desktop/Masterthesis/master/data/processed/MNAR/telco_customer_churn_mnar_totalcharges_15pct.csv,1056,106.87271061518724,0.0448193828067121,0.7233305419795215,,/Users/janawue/Desktop/Masterthesis/master/data/results/benchmark_local_classical_missforest_final.csv,classical_run_csv,
R000122,2026-06-02T13:42:06.307017+00:00,telco,Telco,TotalCharges,MNAR_TARGET,MNAR,target,15,404,classical,dae,DAE,,,success,,/Users/janawue/Desktop/Masterthesis/master/data/raw/Telco-Customer-Churn_cleaned.csv,/Users/janawue/Desktop/Masterthesis/master/data/processed/MNAR/telco_customer_churn_mnar_totalcharges_15pct.csv,1056,848.0365879664718,0.3556424858261812,3.7778869579778984,,/Users/janawue/Desktop/Masterthesis/master/data/results/benchmark_local_classical_dae_final.csv,classical_run_csv,
R000119,2026-06-10T14:32:04.801920+00:00,telco,Telco,TotalCharges,MNAR_TARGET,MNAR,target,15,404,classical,medianmode,Median/Mode,,,success,,/Users/janawue/Desktop/Masterthesis/master/data/raw/Telco-Customer-Churn_cleaned.csv,/Users/janawue/Desktop/Masterthesis/master/data/processed/MNAR/telco_customer_churn_mnar_totalcharges_15pct.csv,1056,3220.4520992002617,1.350566244777409,0.0437531659845262,,/Users/janawue/Desktop/Masterthesis/master/data/results/benchmark_local_classical_medianmode_final.csv,classical_run_csv,
R000123,2026-05-20T13:36:37.768229+00:00,telco,Telco,TotalCharges,MNAR_TARGET,MNAR,target,15,505,classical,meanmode,Mean/Mode,,,success,,/Users/janawue/Desktop/Masterthesis/master/data/raw/Telco-Customer-Churn_cleaned.csv,/Users/janawue/Desktop/Masterthesis/master/data/processed/MNAR/telco_customer_churn_mnar_totalcharges_15pct.csv,1056,2710.9928001786734,1.1369134683497193,0.0228282079915516,,/Users/janawue/Desktop/Masterthesis/master/data/results/benchmark_local_classical_runs_mice_mean.csv,classical_run_csv,
R000125,2026-05-20T14:16:25.274427+00:00,telco,Telco,TotalCharges,MNAR_TARGET,MNAR,target,15,505,classical,mice,MICE,,,success,,/Users/janawue/Desktop/Masterthesis/master/data/raw/Telco-Customer-Churn_cleaned.csv,/Users/janawue/Desktop/Masterthesis/master/data/processed/MNAR/telco_customer_churn_mnar_totalcharges_15pct.csv,1056,756.9471757454555,0.3174421705869421,0.0262862500385381,,/Users/janawue/Desktop/Masterthesis/master/data/results/benchmark_local_classical_runs_mice_mean.csv,classical_run_csv,
R000126,2026-05-22T09:39:56.962566+00:00,telco,Telco,TotalCharges,MNAR_TARGET,MNAR,target,15,505,classical,missforest,MissForest,,,success,,/Users/janawue/Desktop/Masterthesis/master/data/raw/Telco-Customer-Churn_cleaned.csv,/Users/janawue/Desktop/Masterthesis/master/data/processed/MNAR/telco_customer_churn_mnar_totalcharges_15pct.csv,1056,106.93833831936088,0.044846905203956,0.6037001250078902,,/Users/janawue/Desktop/Masterthesis/master/data/results/benchmark_local_classical_missforest_final.csv,classical_run_csv,
R000127,2026-06-02T13:42:10.114510+00:00,telco,Telco,TotalCharges,MNAR_TARGET,MNAR,target,15,505,classical,dae,DAE,,,success,,/Users/janawue/Desktop/Masterthesis/master/data/raw/Telco-Customer-Churn_cleaned.csv,/Users/janawue/Desktop/Masterthesis/master/data/processed/MNAR/telco_customer_churn_mnar_totalcharges_15pct.csv,1056,343.2807736683234,0.1439622174515942,3.807513499981724,,/Users/janawue/Desktop/Masterthesis/master/data/results/benchmark_local_classical_dae_final.csv,classical_run_csv,
R000124,2026-06-10T14:32:04.843746+00:00,telco,Telco,TotalCharges,MNAR_TARGET,MNAR,target,15,505,classical,medianmode,Median/Mode,,,success,,/Users/janawue/Desktop/Masterthesis/master/data/raw/Telco-Customer-Churn_cleaned.csv,/Users/janawue/Desktop/Masterthesis/master/data/processed/MNAR/telco_customer_churn_mnar_totalcharges_15pct.csv,1056,3220.4520992002617,1.350566244777409,0.0417732499772682,,/Users/janawue/Desktop/Masterthesis/master/data/results/benchmark_local_classical_medianmode_final.csv,classical_run_csv,
inferred::credit_llama31_billamt1_mar_finetuned_eval::2026-06-02T22:19:20.702582+00:00,2026-06-02T22:19:20.702582+00:00,creditcard,German Credit Card,BILL_AMT1,MAR_TARGET,MAR,target,10,42,llm_finetuned,llm_finetuned,LLM Finetuned,llama,meta-llama/Llama-3.1-8B-Instruct,success,,,,3000,30315.66142048254,0.3979482219308415,,0.0,/Users/janawue/Desktop/Masterthesis/master/data/results/credit_llama31_billamt1_mar_finetuned_eval.csv,llm_finetuned_eval_latest_timestamp,Derived from the latest run_timestamp group in a finetuned eval prediction CSV; mapped to completed 10% target-scenario LLM finetuning results only. Seed set to 42 based on the checked HPC job scripts using the default run_llm_finetune.py seed.
inferred::credit_mistral_billamt1_mar_finetuned_eval::2026-05-20T17:47:19.298870+00:00,2026-05-20T17:47:19.298870+00:00,creditcard,German Credit Card,BILL_AMT1,MAR_TARGET,MAR,target,10,42,llm_finetuned,llm_finetuned,LLM Finetuned,mistral,mistralai/Mistral-7B-Instruct-v0.3,success,,,,3000,21929.10127810379,0.2878593589340807,,0.0,/Users/janawue/Desktop/Masterthesis/master/data/results/credit_mistral_billamt1_mar_finetuned_eval.csv,llm_finetuned_eval_latest_timestamp,Derived from the latest run_timestamp group in a finetuned eval prediction CSV; mapped to completed 10% target-scenario LLM finetuning results only. Seed set to 42 based on the checked HPC job scripts using the default run_llm_finetune.py seed.
inferred::credit_qwen25_billamt1_mar_finetuned_eval::2026-05-30T20:40:16.173688+00:00,2026-05-30T20:40:16.173688+00:00,creditcard,German Credit Card,BILL_AMT1,MAR_TARGET,MAR,target,10,42,llm_finetuned,llm_finetuned,LLM Finetuned,qwen,Qwen/Qwen2.5-7B-Instruct,success,,,,3000,21456.114723973988,0.2816505497115982,,0.0,/Users/janawue/Desktop/Masterthesis/master/data/results/credit_qwen25_billamt1_mar_finetuned_eval.csv,llm_finetuned_eval_latest_timestamp,Derived from the latest run_timestamp group in a finetuned eval prediction CSV; mapped to completed 10% target-scenario LLM finetuning results only. Seed set to 42 based on the checked HPC job scripts using the default run_llm_finetune.py seed.
inferred::credit_llama31_billamt1_mcar_finetuned_eval::2026-06-03T08:17:10.183306+00:00,2026-06-03T08:17:10.183306+00:00,creditcard,German Credit Card,BILL_AMT1,MCAR_TARGET,MCAR,target,10,42,llm_finetuned,llm_finetuned,LLM Finetuned,llama,meta-llama/Llama-3.1-8B-Instruct,success,,,,3000,35095.61264284564,0.5074549377734522,,0.0,/Users/janawue/Desktop/Masterthesis/master/data/results/credit_llama31_billamt1_mcar_finetuned_eval.csv,llm_finetuned_eval_latest_timestamp,Derived from the latest run_timestamp group in a finetuned eval prediction CSV; mapped to completed 10% target-scenario LLM finetuning results only. Seed set to 42 based on the checked HPC job scripts using the default run_llm_finetune.py seed.
inferred::credit_mistral_billamt1_mcar_finetuned_eval::2026-05-22T00:32:38.172116+00:00,2026-05-22T00:32:38.172116+00:00,creditcard,German Credit Card,BILL_AMT1,MCAR_TARGET,MCAR,target,10,42,llm_finetuned,llm_finetuned,LLM Finetuned,mistral,mistralai/Mistral-7B-Instruct-v0.3,success,,,,3000,19945.83477085713,0.28840107296283907,,0.0,/Users/janawue/Desktop/Masterthesis/master/data/results/credit_mistral_billamt1_mcar_finetuned_eval.csv,llm_finetuned_eval_latest_timestamp,Derived from the latest run_timestamp group in a finetuned eval prediction CSV; mapped to completed 10% target-scenario LLM finetuning results only. Seed set to 42 based on the checked HPC job scripts using the default run_llm_finetune.py seed.
inferred::credit_qwen25_billamt1_mcar_finetuned_eval::2026-05-31T06:08:02.960484+00:00,2026-05-31T06:08:02.960484+00:00,creditcard,German Credit Card,BILL_AMT1,MCAR_TARGET,MCAR,target,10,42,llm_finetuned,llm_finetuned,LLM Finetuned,qwen,Qwen/Qwen2.5-7B-Instruct,success,,,,3000,17469.48066200023,0.2525949414955435,,0.0,/Users/janawue/Desktop/Masterthesis/master/data/results/credit_qwen25_billamt1_mcar_finetuned_eval.csv,llm_finetuned_eval_latest_timestamp,Derived from the latest run_timestamp group in a finetuned eval prediction CSV; mapped to completed 10% target-scenario LLM finetuning results only. Seed set to 42 based on the checked HPC job scripts using the default run_llm_finetune.py seed.
inferred::credit_llama31_billamt1_mnar_finetuned_eval::2026-06-03T19:10:44.350435+00:00,2026-06-03T19:10:44.350435+00:00,creditcard,German Credit Card,BILL_AMT1,MNAR_TARGET,MNAR,target,10,42,llm_finetuned,llm_finetuned,LLM Finetuned,llama,meta-llama/Llama-3.1-8B-Instruct,success,,,,3000,46129.890975382405,0.51884777446679,,0.0,/Users/janawue/Desktop/Masterthesis/master/data/results/credit_llama31_billamt1_mnar_finetuned_eval.csv,llm_finetuned_eval_latest_timestamp,Derived from the latest run_timestamp group in a finetuned eval prediction CSV; mapped to completed 10% target-scenario LLM finetuning results only. Seed set to 42 based on the checked HPC job scripts using the default run_llm_finetune.py seed.
inferred::credit_mistral_billamt1_mnar_finetuned_eval::2026-05-28T20:11:30.044371+00:00,2026-05-28T20:11:30.044371+00:00,creditcard,German Credit Card,BILL_AMT1,MNAR_TARGET,MNAR,target,10,42,llm_finetuned,llm_finetuned,LLM Finetuned,mistral,mistralai/Mistral-7B-Instruct-v0.3,success,,,,3000,28509.37800800525,0.3206603574844748,,0.0,/Users/janawue/Desktop/Masterthesis/master/data/results/credit_mistral_billamt1_mnar_finetuned_eval.csv,llm_finetuned_eval_latest_timestamp,Derived from the latest run_timestamp group in a finetuned eval prediction CSV; mapped to completed 10% target-scenario LLM finetuning results only. Seed set to 42 based on the checked HPC job scripts using the default run_llm_finetune.py seed.
inferred::credit_qwen25_billamt1_mnar_finetuned_eval::2026-05-31T15:25:28.444047+00:00,2026-05-31T15:25:28.444047+00:00,creditcard,German Credit Card,BILL_AMT1,MNAR_TARGET,MNAR,target,10,42,llm_finetuned,llm_finetuned,LLM Finetuned,qwen,Qwen/Qwen2.5-7B-Instruct,success,,,,3000,25489.26432512977,0.28669150930677423,,0.0,/Users/janawue/Desktop/Masterthesis/master/data/results/credit_qwen25_billamt1_mnar_finetuned_eval.csv,llm_finetuned_eval_latest_timestamp,Derived from the latest run_timestamp group in a finetuned eval prediction CSV; mapped to completed 10% target-scenario LLM finetuning results only. Seed set to 42 based on the checked HPC job scripts using the default run_llm_finetune.py seed.
inferred::statlog_llama31_x2_mar_finetuned_eval::2026-06-02T09:51:44.167810+00:00,2026-06-02T09:51:44.167810+00:00,statlog,German Statlog,X2,MAR_TARGET,MAR,target,10,42,llm_finetuned,llm_finetuned,LLM Finetuned,llama,meta-llama/Llama-3.1-8B-Instruct,success,,,,100,10.789346597454362,0.9021637454335334,,0.0,/Users/janawue/Desktop/Masterthesis/master/data/results/statlog_llama31_x2_mar_finetuned_eval.csv,llm_finetuned_eval_latest_timestamp,Derived from the latest run_timestamp group in a finetuned eval prediction CSV; mapped to completed 10% target-scenario LLM finetuning results only. Seed set to 42 based on the checked HPC job scripts using the default run_llm_finetune.py seed.
inferred::statlog_mistral_x2_mar_finetuned_eval::2026-05-28T09:52:09.264528+00:00,2026-05-28T09:52:09.264528+00:00,statlog,German Statlog,X2,MAR_TARGET,MAR,target,10,42,llm_finetuned,llm_finetuned,LLM Finetuned,mistral,mistralai/Mistral-7B-Instruct-v0.3,success,,,,100,10.783784122468328,0.901698632627864,,0.0,/Users/janawue/Desktop/Masterthesis/master/data/results/statlog_mistral_x2_mar_finetuned_eval.csv,llm_finetuned_eval_latest_timestamp,Derived from the latest run_timestamp group in a finetuned eval prediction CSV; mapped to completed 10% target-scenario LLM finetuning results only. Seed set to 42 based on the checked HPC job scripts using the default run_llm_finetune.py seed.
inferred::statlog_qwen25_x2_mar_finetuned_eval::2026-06-01T10:04:48.960907+00:00,2026-06-01T10:04:48.960907+00:00,statlog,German Statlog,X2,MAR_TARGET,MAR,target,10,42,llm_finetuned,llm_finetuned,LLM Finetuned,qwen,Qwen/Qwen2.5-7B-Instruct,success,,,,100,10.598584811190596,0.886212977143087,,0.0,/Users/janawue/Desktop/Masterthesis/master/data/results/statlog_qwen25_x2_mar_finetuned_eval.csv,llm_finetuned_eval_latest_timestamp,Derived from the latest run_timestamp group in a finetuned eval prediction CSV; mapped to completed 10% target-scenario LLM finetuning results only. Seed set to 42 based on the checked HPC job scripts using the default run_llm_finetune.py seed.
inferred::statlog_llama31_x2_mcar_finetuned_eval::2026-06-02T10:15:11.353416+00:00,2026-06-02T10:15:11.353416+00:00,statlog,German Statlog,X2,MCAR_TARGET,MCAR,target,10,42,llm_finetuned,llm_finetuned,LLM Finetuned,llama,meta-llama/Llama-3.1-8B-Instruct,success,,,,100,9.972963451251589,0.7708775872751725,,0.0,/Users/janawue/Desktop/Masterthesis/master/data/results/statlog_llama31_x2_mcar_finetuned_eval.csv,llm_finetuned_eval_latest_timestamp,Derived from the latest run_timestamp group in a finetuned eval prediction CSV; mapped to completed 10% target-scenario LLM finetuning results only. Seed set to 42 based on the checked HPC job scripts using the default run_llm_finetune.py seed.
inferred::statlog_mistral_x2_mcar_finetuned_eval::2026-05-07T21:17:54.871557+00:00,2026-05-07T21:17:54.871557+00:00,statlog,German Statlog,X2,MCAR_TARGET,MCAR,target,10,42,llm_finetuned,llm_finetuned,LLM Finetuned,mistral,mistralai/Mistral-7B-Instruct-v0.3,success,,,,100,10.00299955013495,0.7731992798745231,,0.0,/Users/janawue/Desktop/Masterthesis/master/data/results/statlog_mistral_x2_mcar_finetuned_eval.csv,llm_finetuned_eval_latest_timestamp,Derived from the latest run_timestamp group in a finetuned eval prediction CSV; mapped to completed 10% target-scenario LLM finetuning results only. Seed set to 42 based on the checked HPC job scripts using the default run_llm_finetune.py seed.
inferred::statlog_qwen25_x2_mcar_finetuned_eval::2026-06-01T10:26:56.201307+00:00,2026-06-01T10:26:56.201307+00:00,statlog,German Statlog,X2,MCAR_TARGET,MCAR,target,10,42,llm_finetuned,llm_finetuned,LLM Finetuned,qwen,Qwen/Qwen2.5-7B-Instruct,success,,,,100,10.414413089560064,0.80500020626863,,0.0,/Users/janawue/Desktop/Masterthesis/master/data/results/statlog_qwen25_x2_mcar_finetuned_eval.csv,llm_finetuned_eval_latest_timestamp,Derived from the latest run_timestamp group in a finetuned eval prediction CSV; mapped to completed 10% target-scenario LLM finetuning results only. Seed set to 42 based on the checked HPC job scripts using the default run_llm_finetune.py seed.
inferred::statlog_llama31_x2_mnar_finetuned_eval::2026-06-02T10:41:11.214595+00:00,2026-06-02T10:41:11.214595+00:00,statlog,German Statlog,X2,MNAR_TARGET,MNAR,target,10,42,llm_finetuned,llm_finetuned,LLM Finetuned,llama,meta-llama/Llama-3.1-8B-Instruct,success,,,,100,11.77115117564973,0.9910792346201907,,0.0,/Users/janawue/Desktop/Masterthesis/master/data/results/statlog_llama31_x2_mnar_finetuned_eval.csv,llm_finetuned_eval_latest_timestamp,Derived from the latest run_timestamp group in a finetuned eval prediction CSV; mapped to completed 10% target-scenario LLM finetuning results only. Seed set to 42 based on the checked HPC job scripts using the default run_llm_finetune.py seed.
inferred::statlog_mistral_x2_mnar_finetuned_eval::2026-05-07T20:08:59.098495+00:00,2026-05-07T20:08:59.098495+00:00,statlog,German Statlog,X2,MNAR_TARGET,MNAR,target,10,42,llm_finetuned,llm_finetuned,LLM Finetuned,mistral,mistralai/Mistral-7B-Instruct-v0.3,success,,,,100,11.29778739399888,0.9512240830368921,,0.0,/Users/janawue/Desktop/Masterthesis/master/data/results/statlog_mistral_x2_mnar_finetuned_eval.csv,llm_finetuned_eval_latest_timestamp,Derived from the latest run_timestamp group in a finetuned eval prediction CSV; mapped to completed 10% target-scenario LLM finetuning results only. Seed set to 42 based on the checked HPC job scripts using the default run_llm_finetune.py seed.
inferred::statlog_qwen25_x2_mnar_finetuned_eval::2026-06-01T10:48:57.335224+00:00,2026-06-01T10:48:57.335224+00:00,statlog,German Statlog,X2,MNAR_TARGET,MNAR,target,10,42,llm_finetuned,llm_finetuned,LLM Finetuned,qwen,Qwen/Qwen2.5-7B-Instruct,success,,,,100,10.573551910309043,0.8902466358739566,,0.0,/Users/janawue/Desktop/Masterthesis/master/data/results/statlog_qwen25_x2_mnar_finetuned_eval.csv,llm_finetuned_eval_latest_timestamp,Derived from the latest run_timestamp group in a finetuned eval prediction CSV; mapped to completed 10% target-scenario LLM finetuning results only. Seed set to 42 based on the checked HPC job scripts using the default run_llm_finetune.py seed.
inferred::telco_llama31_totalcharges_mar_finetuned_eval::2026-06-01T17:12:41.762873+00:00,2026-06-01T17:12:41.762873+00:00,telco,Telco,TotalCharges,MAR_TARGET,MAR,target,10,42,llm_finetuned,llm_finetuned,LLM Finetuned,llama,meta-llama/Llama-3.1-8B-Instruct,success,,,,704,101.58655145283527,0.04358082552739057,,0.0,/Users/janawue/Desktop/Masterthesis/master/data/results/telco_llama31_totalcharges_mar_finetuned_eval.csv,llm_finetuned_eval_latest_timestamp,Derived from the latest run_timestamp group in a finetuned eval prediction CSV; mapped to completed 10% target-scenario LLM finetuning results only. Seed set to 42 based on the checked HPC job scripts using the default run_llm_finetune.py seed.
inferred::telco_mistral_totalcharges_mar_finetuned_eval::2026-05-06T12:50:09.772155+00:00,2026-05-06T12:50:09.772155+00:00,telco,Telco,TotalCharges,MAR_TARGET,MAR,target,10,42,llm_finetuned,llm_finetuned,LLM Finetuned,mistral,mistralai/Mistral-7B-Instruct-v0.3,success,,,,704,92.66504520957827,0.03975348222782572,,0.0,/Users/janawue/Desktop/Masterthesis/master/data/results/telco_mistral_totalcharges_mar_finetuned_eval.csv,llm_finetuned_eval_latest_timestamp,Derived from the latest run_timestamp group in a finetuned eval prediction CSV; mapped to completed 10% target-scenario LLM finetuning results only. Seed set to 42 based on the checked HPC job scripts using the default run_llm_finetune.py seed.
inferred::telco_qwen25_totalcharges_mar_finetuned_eval::2026-05-29T23:26:12.000404+00:00,2026-05-29T23:26:12.000404+00:00,telco,Telco,TotalCharges,MAR_TARGET,MAR,target,10,42,llm_finetuned,llm_finetuned,LLM Finetuned,qwen,Qwen/Qwen2.5-7B-Instruct,success,,,,704,92.48118238031037,0.039674604721219774,,0.0,/Users/janawue/Desktop/Masterthesis/master/data/results/telco_qwen25_totalcharges_mar_finetuned_eval.csv,llm_finetuned_eval_latest_timestamp,Derived from the latest run_timestamp group in a finetuned eval prediction CSV; mapped to completed 10% target-scenario LLM finetuning results only. Seed set to 42 based on the checked HPC job scripts using the default run_llm_finetune.py seed.
inferred::telco_llama31_totalcharges_mcar_finetuned_eval::2026-06-01T19:40:32.334952+00:00,2026-06-01T19:40:32.334952+00:00,telco,Telco,TotalCharges,MCAR_TARGET,MCAR,target,10,42,llm_finetuned,llm_finetuned,LLM Finetuned,llama,meta-llama/Llama-3.1-8B-Instruct,success,,,,704,195.9605143073819,0.08979700784069562,,0.0,/Users/janawue/Desktop/Masterthesis/master/data/results/telco_llama31_totalcharges_mcar_finetuned_eval.csv,llm_finetuned_eval_latest_timestamp,Derived from the latest run_timestamp group in a finetuned eval prediction CSV; mapped to completed 10% target-scenario LLM finetuning results only. Seed set to 42 based on the checked HPC job scripts using the default run_llm_finetune.py seed.
inferred::telco_mistral_totalcharges_mcar_finetuned_eval::2026-05-06T17:50:10.754903+00:00,2026-05-06T17:50:10.754903+00:00,telco,Telco,TotalCharges,MCAR_TARGET,MCAR,target,10,42,llm_finetuned,llm_finetuned,LLM Finetuned,mistral,mistralai/Mistral-7B-Instruct-v0.3,success,,,,704,559.458685658563,0.2563665244510678,,0.0,/Users/janawue/Desktop/Masterthesis/master/data/results/telco_mistral_totalcharges_mcar_finetuned_eval.csv,llm_finetuned_eval_latest_timestamp,Derived from the latest run_timestamp group in a finetuned eval prediction CSV; mapped to completed 10% target-scenario LLM finetuning results only. Seed set to 42 based on the checked HPC job scripts using the default run_llm_finetune.py seed.
inferred::telco_qwen25_totalcharges_mcar_finetuned_eval::2026-05-30T01:35:45.668461+00:00,2026-05-30T01:35:45.668461+00:00,telco,Telco,TotalCharges,MCAR_TARGET,MCAR,target,10,42,llm_finetuned,llm_finetuned,LLM Finetuned,qwen,Qwen/Qwen2.5-7B-Instruct,success,,,,704,73.95716041536848,0.0338901524991775,,0.0,/Users/janawue/Desktop/Masterthesis/master/data/results/telco_qwen25_totalcharges_mcar_finetuned_eval.csv,llm_finetuned_eval_latest_timestamp,Derived from the latest run_timestamp group in a finetuned eval prediction CSV; mapped to completed 10% target-scenario LLM finetuning results only. Seed set to 42 based on the checked HPC job scripts using the default run_llm_finetune.py seed.
inferred::telco_llama31_totalcharges_mnar_finetuned_eval::2026-06-01T22:06:04.892395+00:00,2026-06-01T22:06:04.892395+00:00,telco,Telco,TotalCharges,MNAR_TARGET,MNAR,target,10,42,llm_finetuned,llm_finetuned,LLM Finetuned,llama,meta-llama/Llama-3.1-8B-Instruct,success,,,,704,150.7180876184717,0.06272004505873251,,0.0,/Users/janawue/Desktop/Masterthesis/master/data/results/telco_llama31_totalcharges_mnar_finetuned_eval.csv,llm_finetuned_eval_latest_timestamp,Derived from the latest run_timestamp group in a finetuned eval prediction CSV; mapped to completed 10% target-scenario LLM finetuning results only. Seed set to 42 based on the checked HPC job scripts using the default run_llm_finetune.py seed.
inferred::telco_mistral_totalcharges_mnar_finetuned_eval::2026-05-06T20:31:50.987285+00:00,2026-05-06T20:31:50.987285+00:00,telco,Telco,TotalCharges,MNAR_TARGET,MNAR,target,10,42,llm_finetuned,llm_finetuned,LLM Finetuned,mistral,mistralai/Mistral-7B-Instruct-v0.3,success,,,,704,98.69812815200818,0.041072383167286355,,0.0,/Users/janawue/Desktop/Masterthesis/master/data/results/telco_mistral_totalcharges_mnar_finetuned_eval.csv,llm_finetuned_eval_latest_timestamp,Derived from the latest run_timestamp group in a finetuned eval prediction CSV; mapped to completed 10% target-scenario LLM finetuning results only. Seed set to 42 based on the checked HPC job scripts using the default run_llm_finetune.py seed.
inferred::telco_qwen25_totalcharges_mnar_finetuned_eval::2026-05-30T03:42:42.795135+00:00,2026-05-30T03:42:42.795135+00:00,telco,Telco,TotalCharges,MNAR_TARGET,MNAR,target,10,42,llm_finetuned,llm_finetuned,LLM Finetuned,qwen,Qwen/Qwen2.5-7B-Instruct,success,,,,704,96.6884853698981,0.04023608748547695,,0.0,/Users/janawue/Desktop/Masterthesis/master/data/results/telco_qwen25_totalcharges_mnar_finetuned_eval.csv,llm_finetuned_eval_latest_timestamp,Derived from the latest run_timestamp group in a finetuned eval prediction CSV; mapped to completed 10% target-scenario LLM finetuning results only. Seed set to 42 based on the checked HPC job scripts using the default run_llm_finetune.py seed.
