row_index,prediction,ground_truth,abs_error,sq_error,source,raw_output,model_name,target_column,max_new_tokens,run_timestamp_utc
10,3794.7375,587.45,3207.2875000000004,10286693.107656252,paper_single_prompt,3794.7375,mistralai/Mistral-7B-Instruct-v0.3,TotalCharges,32,2026-04-21T15:22:18.366667+00:00
10,3794.7375,587.45,3207.2875000000004,10286693.107656252,paper_single_prompt,3794.7375,mistralai/Mistral-7B-Instruct-v0.3,TotalCharges,32,2026-04-21T15:26:26.394748+00:00
12,3600.0,5681.1,2081.1000000000004,4330977.210000002,paper_single_prompt,3600.0,mistralai/Mistral-7B-Instruct-v0.3,TotalCharges,32,2026-04-21T15:26:26.394748+00:00
35,3794.7375,7251.7,3456.9624999999996,11950589.726406248,paper_single_prompt,3794.7375,mistralai/Mistral-7B-Instruct-v0.3,TotalCharges,32,2026-04-21T15:26:26.394748+00:00
41,3491.65,4872.35,1380.7000000000003,1906332.4900000007,paper_single_prompt,3491.65,mistralai/Mistral-7B-Instruct-v0.3,TotalCharges,32,2026-04-21T15:26:26.394748+00:00
54,3794.7375,4456.35,661.6125000000002,437731.10015625024,paper_single_prompt,3794.7375,mistralai/Mistral-7B-Instruct-v0.3,TotalCharges,32,2026-04-21T15:26:26.394748+00:00
55,3794.7375,1752.55,2042.1875000000002,4170529.785156251,paper_single_prompt,3794.7375,mistralai/Mistral-7B-Instruct-v0.3,TotalCharges,32,2026-04-21T15:26:26.394748+00:00
75,3794.7375,6139.5,2344.7625,5497911.181406249,paper_single_prompt,3794.7375,mistralai/Mistral-7B-Instruct-v0.3,TotalCharges,32,2026-04-21T15:26:26.394748+00:00
87,3794.7375,1057.0,2737.7375,7495206.618906251,paper_single_prompt,3794.7375,mistralai/Mistral-7B-Instruct-v0.3,TotalCharges,32,2026-04-21T15:26:26.394748+00:00
96,3794.7375,4748.7,953.9624999999996,910044.4514062493,paper_single_prompt,3794.7375,mistralai/Mistral-7B-Instruct-v0.3,TotalCharges,32,2026-04-21T15:26:26.394748+00:00
103,3794.7375,3027.25,767.4875000000002,589037.0626562503,paper_single_prompt,3794.7375,mistralai/Mistral-7B-Instruct-v0.3,TotalCharges,32,2026-04-21T15:26:26.394748+00:00
120,3697.15,5515.45,1818.2999999999997,3306214.889999999,paper_single_prompt,3697.15,mistralai/Mistral-7B-Instruct-v0.3,TotalCharges,32,2026-04-21T15:26:26.394748+00:00
121,1397.475,112.75,1284.725,1650518.3256249998,paper_single_prompt,1397.475,mistralai/Mistral-7B-Instruct-v0.3,TotalCharges,32,2026-04-21T15:26:26.394748+00:00
144,3794.7375,1756.2,2038.5375000000001,4155635.1389062507,paper_single_prompt,3794.7375,mistralai/Mistral-7B-Instruct-v0.3,TotalCharges,32,2026-04-21T15:26:26.394748+00:00
148,3938.55,1929.95,2008.6000000000001,4034473.9600000004,paper_single_prompt,3938.55,mistralai/Mistral-7B-Instruct-v0.3,TotalCharges,32,2026-04-21T15:26:26.394748+00:00
157,3794.7375,419.9,3374.8375,11389528.15140625,paper_single_prompt,3794.7375,mistralai/Mistral-7B-Instruct-v0.3,TotalCharges,32,2026-04-21T15:26:26.394748+00:00
158,3794.7375,1024.0,2770.7375,7676986.293906251,paper_single_prompt,3794.7375,mistralai/Mistral-7B-Instruct-v0.3,TotalCharges,32,2026-04-21T15:26:26.394748+00:00
173,3794.7375,5000.2,1205.4624999999996,1453139.838906249,paper_single_prompt,3794.7375,mistralai/Mistral-7B-Instruct-v0.3,TotalCharges,32,2026-04-21T15:26:26.394748+00:00
205,3794.7375,2684.85,1109.8875000000003,1231850.2626562505,paper_single_prompt,3794.7375,mistralai/Mistral-7B-Instruct-v0.3,TotalCharges,32,2026-04-21T15:26:26.394748+00:00
209,3794.7375,6654.1,2859.3625,8175953.906406251,paper_single_prompt,3794.7375,mistralai/Mistral-7B-Instruct-v0.3,TotalCharges,32,2026-04-21T15:26:26.394748+00:00
217,3794.7375,3789.2,5.537500000000364,30.66390625000403,paper_single_prompt,3794.7375,mistralai/Mistral-7B-Instruct-v0.3,TotalCharges,32,2026-04-21T15:26:26.394748+00:00
247,3794.7375,1074.3,2720.4375,7400780.19140625,paper_single_prompt,3794.7375,mistralai/Mistral-7B-Instruct-v0.3,TotalCharges,32,2026-04-21T15:26:26.394748+00:00
256,3794.7375,7008.15,3213.4124999999995,10326019.895156246,paper_single_prompt,3794.7375,mistralai/Mistral-7B-Instruct-v0.3,TotalCharges,32,2026-04-21T15:26:26.394748+00:00
257,3794.7375,5791.1,1996.3625000000002,3985463.2314062505,paper_single_prompt,3794.7375,mistralai/Mistral-7B-Instruct-v0.3,TotalCharges,32,2026-04-21T15:26:26.394748+00:00
263,3794.7375,1520.1,2274.6375000000003,5173975.756406251,paper_single_prompt,3794.7375,mistralai/Mistral-7B-Instruct-v0.3,TotalCharges,32,2026-04-21T15:26:26.394748+00:00
265,3794.7375,5526.75,1732.0124999999998,2999867.300156249,paper_single_prompt,3794.7375,mistralai/Mistral-7B-Instruct-v0.3,TotalCharges,32,2026-04-21T15:26:26.394748+00:00
290,3794.7375,1712.7,2082.0375000000004,4334880.151406252,paper_single_prompt,3794.7375,mistralai/Mistral-7B-Instruct-v0.3,TotalCharges,32,2026-04-21T15:26:26.394748+00:00
292,3794.7375,1940.8,1853.9375000000002,3437084.253906251,paper_single_prompt,3794.7375,mistralai/Mistral-7B-Instruct-v0.3,TotalCharges,32,2026-04-21T15:26:26.394748+00:00
297,3794.7375,3437.5,357.2375000000002,127618.63140625013,paper_single_prompt,3794.7375,mistralai/Mistral-7B-Instruct-v0.3,TotalCharges,32,2026-04-21T15:26:26.394748+00:00
303,3606.45,4109.0,502.5500000000002,252556.50250000018,paper_single_prompt,3606.45,mistralai/Mistral-7B-Instruct-v0.3,TotalCharges,32,2026-04-21T15:26:26.394748+00:00
307,3700.0,2054.4,1645.6,2707999.36,paper_single_prompt,3700.0,mistralai/Mistral-7B-Instruct-v0.3,TotalCharges,32,2026-04-21T15:26:26.394748+00:00
316,3794.7375,1355.1,2439.6375000000003,5951831.131406251,paper_single_prompt,3794.7375,mistralai/Mistral-7B-Instruct-v0.3,TotalCharges,32,2026-04-21T15:26:26.394748+00:00
317,3794.7375,3058.65,736.0875000000001,541824.8076562501,paper_single_prompt,3794.7375,mistralai/Mistral-7B-Instruct-v0.3,TotalCharges,32,2026-04-21T15:26:26.394748+00:00
323,3700.0,422.3,3277.7,10743317.29,paper_single_prompt,3700.0,mistralai/Mistral-7B-Instruct-v0.3,TotalCharges,32,2026-04-21T15:26:26.394748+00:00
324,3700.0,4176.7,476.6999999999998,227242.88999999984,paper_single_prompt,3700.00,mistralai/Mistral-7B-Instruct-v0.3,TotalCharges,32,2026-04-21T15:26:26.394748+00:00
349,3794.7375,6430.9,2636.1624999999995,6949352.726406247,paper_single_prompt,3794.7375,mistralai/Mistral-7B-Instruct-v0.3,TotalCharges,32,2026-04-21T15:26:26.394748+00:00
350,3794.7375,2278.75,1515.9875000000002,2298218.1001562504,paper_single_prompt,3794.7375,mistralai/Mistral-7B-Instruct-v0.3,TotalCharges,32,2026-04-21T15:26:26.394748+00:00
354,3794.7375,840.1,2954.6375000000003,8729882.756406251,paper_single_prompt,3794.7375,mistralai/Mistral-7B-Instruct-v0.3,TotalCharges,32,2026-04-21T15:26:26.394748+00:00
368,3794.7375,6962.85,3168.1125,10036936.812656252,paper_single_prompt,3794.7375,mistralai/Mistral-7B-Instruct-v0.3,TotalCharges,32,2026-04-21T15:26:26.394748+00:00
370,3794.7375,690.25,3104.4875,9637842.637656251,paper_single_prompt,3794.7375,mistralai/Mistral-7B-Instruct-v0.3,TotalCharges,32,2026-04-21T15:26:26.394748+00:00
373,3600.0,5608.4,2008.3999999999996,4033670.5599999987,paper_single_prompt,3600.0,mistralai/Mistral-7B-Instruct-v0.3,TotalCharges,32,2026-04-21T15:26:26.394748+00:00
384,3700.0,5067.45,1367.4499999999998,1869919.5024999995,paper_single_prompt,3700.0,mistralai/Mistral-7B-Instruct-v0.3,TotalCharges,32,2026-04-21T15:26:26.394748+00:00
393,3794.7375,367.55,3427.1875,11745614.16015625,paper_single_prompt,3794.7375,mistralai/Mistral-7B-Instruct-v0.3,TotalCharges,32,2026-04-21T15:26:26.394748+00:00
398,3794.7375,1803.7,1991.0375000000001,3964230.3264062507,paper_single_prompt,3794.7375,mistralai/Mistral-7B-Instruct-v0.3,TotalCharges,32,2026-04-21T15:26:26.394748+00:00
399,3794.7375,415.1,3379.6375000000003,11421949.631406251,paper_single_prompt,3794.7375,mistralai/Mistral-7B-Instruct-v0.3,TotalCharges,32,2026-04-21T15:26:26.394748+00:00
411,3794.7375,1066.15,2728.5875,7445189.745156251,paper_single_prompt,3794.7375,mistralai/Mistral-7B-Instruct-v0.3,TotalCharges,32,2026-04-21T15:26:26.394748+00:00
416,3794.7375,6858.9,3064.1624999999995,9389091.826406246,paper_single_prompt,3794.7375,mistralai/Mistral-7B-Instruct-v0.3,TotalCharges,32,2026-04-21T15:26:26.394748+00:00
417,3794.7375,1024.7,2770.0375000000004,7673107.751406252,paper_single_prompt,3794.7375,mistralai/Mistral-7B-Instruct-v0.3,TotalCharges,32,2026-04-21T15:26:26.394748+00:00
436,3794.7375,720.05,3074.6875,9453703.22265625,paper_single_prompt,3794.7375,mistralai/Mistral-7B-Instruct-v0.3,TotalCharges,32,2026-04-21T15:26:26.394748+00:00
454,3794.7375,1417.9,2376.8375,5649356.5014062505,paper_single_prompt,3794.7375,mistralai/Mistral-7B-Instruct-v0.3,TotalCharges,32,2026-04-21T15:26:26.394748+00:00
467,3794.7375,6588.95,2794.2124999999996,7807623.495156248,paper_single_prompt,3794.7375,mistralai/Mistral-7B-Instruct-v0.3,TotalCharges,32,2026-04-21T15:26:26.394748+00:00
476,3794.7375,2747.2,1047.5375000000004,1097334.8139062508,paper_single_prompt,3794.7375,mistralai/Mistral-7B-Instruct-v0.3,TotalCharges,32,2026-04-21T15:26:26.394748+00:00
481,3486.75,2145.0,1341.75,1800293.0625,paper_single_prompt,3486.75,mistralai/Mistral-7B-Instruct-v0.3,TotalCharges,32,2026-04-21T15:26:26.394748+00:00
488,1800.0,,,,paper_single_prompt,1800.0,mistralai/Mistral-7B-Instruct-v0.3,TotalCharges,32,2026-04-21T15:26:26.394748+00:00
518,3794.7375,1929.35,1865.3875000000003,3479670.525156251,paper_single_prompt,3794.7375,mistralai/Mistral-7B-Instruct-v0.3,TotalCharges,32,2026-04-21T15:26:26.394748+00:00
568,3794.7375,3527.6,267.1375000000003,71362.44390625015,paper_single_prompt,3794.7375,mistralai/Mistral-7B-Instruct-v0.3,TotalCharges,32,2026-04-21T15:26:26.394748+00:00
589,3794.7375,6668.05,2873.3125,8255924.72265625,paper_single_prompt,3794.7375,mistralai/Mistral-7B-Instruct-v0.3,TotalCharges,32,2026-04-21T15:26:26.394748+00:00
599,3328.86,1414.45,1914.41,3664965.6481000003,paper_single_prompt,3328.86,mistralai/Mistral-7B-Instruct-v0.3,TotalCharges,32,2026-04-21T15:26:26.394748+00:00
602,3794.7375,4859.25,1064.5124999999998,1133186.8626562497,paper_single_prompt,3794.7375,mistralai/Mistral-7B-Instruct-v0.3,TotalCharges,32,2026-04-21T15:26:26.394748+00:00
603,3794.7375,4903.2,1108.4624999999996,1228689.1139062492,paper_single_prompt,3794.7375,mistralai/Mistral-7B-Instruct-v0.3,TotalCharges,32,2026-04-21T15:26:26.394748+00:00
620,3794.7375,362.6,3432.1375000000003,11779567.818906251,paper_single_prompt,3794.7375,mistralai/Mistral-7B-Instruct-v0.3,TotalCharges,32,2026-04-21T15:26:26.394748+00:00
634,3794.7375,2236.2,1558.5375000000004,2429039.138906251,paper_single_prompt,3794.7375,mistralai/Mistral-7B-Instruct-v0.3,TotalCharges,32,2026-04-21T15:26:26.394748+00:00
636,3794.7375,3109.9,684.8375000000001,469002.40140625014,paper_single_prompt,3794.7375,mistralai/Mistral-7B-Instruct-v0.3,TotalCharges,32,2026-04-21T15:26:26.394748+00:00
643,3700.0,4287.2,587.1999999999998,344803.8399999998,paper_single_prompt,3700.00,mistralai/Mistral-7B-Instruct-v0.3,TotalCharges,32,2026-04-21T15:26:26.394748+00:00
667,2804.65,1453.1,1351.5500000000002,1826687.4025000005,paper_single_prompt,2804.65,mistralai/Mistral-7B-Instruct-v0.3,TotalCharges,32,2026-04-21T15:26:26.394748+00:00
669,3794.7375,4039.3,244.5625,59810.81640625,paper_single_prompt,3794.7375,mistralai/Mistral-7B-Instruct-v0.3,TotalCharges,32,2026-04-21T15:26:26.394748+00:00
673,3794.7375,493.4,3301.3375,10898829.28890625,paper_single_prompt,3794.7375,mistralai/Mistral-7B-Instruct-v0.3,TotalCharges,32,2026-04-21T15:26:26.394748+00:00
683,3794.7375,4188.4,393.66249999999945,154970.16390624957,paper_single_prompt,3794.7375,mistralai/Mistral-7B-Instruct-v0.3,TotalCharges,32,2026-04-21T15:26:26.394748+00:00
705,3246.85,2015.35,1231.5,1516592.25,paper_single_prompt,3246.85,mistralai/Mistral-7B-Instruct-v0.3,TotalCharges,32,2026-04-21T15:26:26.394748+00:00
714,3794.7375,1710.9,2083.8375,4342378.72640625,paper_single_prompt,3794.7375,mistralai/Mistral-7B-Instruct-v0.3,TotalCharges,32,2026-04-21T15:26:26.394748+00:00
719,3700.0,5589.3,1889.3000000000002,3569454.4900000007,paper_single_prompt,3700.0,mistralai/Mistral-7B-Instruct-v0.3,TotalCharges,32,2026-04-21T15:26:26.394748+00:00
721,3794.7375,1305.95,2488.7875000000004,6194063.220156251,paper_single_prompt,3794.7375,mistralai/Mistral-7B-Instruct-v0.3,TotalCharges,32,2026-04-21T15:26:26.394748+00:00
734,3794.7375,2423.4,1371.3375,1880566.5389062501,paper_single_prompt,3794.7375,mistralai/Mistral-7B-Instruct-v0.3,TotalCharges,32,2026-04-21T15:26:26.394748+00:00
743,3794.7375,1551.6,2243.1375000000003,5031665.843906251,paper_single_prompt,3794.7375,mistralai/Mistral-7B-Instruct-v0.3,TotalCharges,32,2026-04-21T15:26:26.394748+00:00
745,3794.7375,7882.25,4087.5125,16707758.437656248,paper_single_prompt,3794.7375,mistralai/Mistral-7B-Instruct-v0.3,TotalCharges,32,2026-04-21T15:26:26.394748+00:00
749,3700.0,5817.0,2117.0,4481689.0,paper_single_prompt,3700.00,mistralai/Mistral-7B-Instruct-v0.3,TotalCharges,32,2026-04-21T15:26:26.394748+00:00
751,3794.7375,5600.15,1805.4124999999995,3259514.295156248,paper_single_prompt,3794.7375,mistralai/Mistral-7B-Instruct-v0.3,TotalCharges,32,2026-04-21T15:26:26.394748+00:00
753,1397.475,,,,paper_single_prompt,1397.475,mistralai/Mistral-7B-Instruct-v0.3,TotalCharges,32,2026-04-21T15:26:26.394748+00:00
763,3794.7375,4758.8,964.0625,929416.50390625,paper_single_prompt,3794.7375,mistralai/Mistral-7B-Instruct-v0.3,TotalCharges,32,2026-04-21T15:26:26.394748+00:00
769,3794.7375,1175.6,2619.1375000000003,6859881.243906251,paper_single_prompt,3794.7375,mistralai/Mistral-7B-Instruct-v0.3,TotalCharges,32,2026-04-21T15:26:26.394748+00:00
775,3794.7375,8065.65,4270.912499999999,18240693.582656246,paper_single_prompt,3794.7375,mistralai/Mistral-7B-Instruct-v0.3,TotalCharges,32,2026-04-21T15:26:26.394748+00:00
776,1397.475,92.5,1304.975,1702959.7506249999,paper_single_prompt,1397.475,mistralai/Mistral-7B-Instruct-v0.3,TotalCharges,32,2026-04-21T15:26:26.394748+00:00
786,3794.7375,3983.6,188.86249999999973,35669.0439062499,paper_single_prompt,3794.7375,mistralai/Mistral-7B-Instruct-v0.3,TotalCharges,32,2026-04-21T15:26:26.394748+00:00
790,3396.95,3590.2,193.25,37345.5625,paper_single_prompt,3396.95,mistralai/Mistral-7B-Instruct-v0.3,TotalCharges,32,2026-04-21T15:26:26.394748+00:00
791,3769.55,5023.0,1253.4499999999998,1571136.9024999996,paper_single_prompt,3769.55,mistralai/Mistral-7B-Instruct-v0.3,TotalCharges,32,2026-04-21T15:26:26.394748+00:00
808,3794.7375,4113.1,318.3625000000002,101354.68140625012,paper_single_prompt,3794.7375,mistralai/Mistral-7B-Instruct-v0.3,TotalCharges,32,2026-04-21T15:26:26.394748+00:00
811,3794.7375,7250.15,3455.4124999999995,11939875.545156246,paper_single_prompt,3794.7375,mistralai/Mistral-7B-Instruct-v0.3,TotalCharges,32,2026-04-21T15:26:26.394748+00:00
818,3794.7375,2317.1,1477.6375000000003,2183412.5814062506,paper_single_prompt,3794.7375,mistralai/Mistral-7B-Instruct-v0.3,TotalCharges,32,2026-04-21T15:26:26.394748+00:00
820,3794.7375,6751.35,2956.6125,8741557.475156251,paper_single_prompt,3794.7375,mistralai/Mistral-7B-Instruct-v0.3,TotalCharges,32,2026-04-21T15:26:26.394748+00:00
828,3794.7375,5453.4,1658.6624999999995,2751161.2889062483,paper_single_prompt,3794.7375,mistralai/Mistral-7B-Instruct-v0.3,TotalCharges,32,2026-04-21T15:26:26.394748+00:00
833,3794.7375,3340.55,454.1875,206286.28515625,paper_single_prompt,3794.7375,mistralai/Mistral-7B-Instruct-v0.3,TotalCharges,32,2026-04-21T15:26:26.394748+00:00
836,3794.7375,4487.3,692.5625,479642.81640625,paper_single_prompt,3794.7375,mistralai/Mistral-7B-Instruct-v0.3,TotalCharges,32,2026-04-21T15:26:26.394748+00:00
841,3794.7375,7589.8,3795.0625,14402499.37890625,paper_single_prompt,3794.7375,mistralai/Mistral-7B-Instruct-v0.3,TotalCharges,32,2026-04-21T15:26:26.394748+00:00
845,3794.7375,295.95,3498.7875000000004,12241513.970156252,paper_single_prompt,3794.7375,mistralai/Mistral-7B-Instruct-v0.3,TotalCharges,32,2026-04-21T15:26:26.394748+00:00
856,3794.7375,6309.65,2514.9124999999995,6324784.882656247,paper_single_prompt,3794.7375,mistralai/Mistral-7B-Instruct-v0.3,TotalCharges,32,2026-04-21T15:26:26.394748+00:00
861,3794.7375,5822.3,2027.5625,4111009.69140625,paper_single_prompt,3794.7375,mistralai/Mistral-7B-Instruct-v0.3,TotalCharges,32,2026-04-21T15:26:26.394748+00:00
870,3794.7375,7015.9,3221.1624999999995,10375887.851406246,paper_single_prompt,3794.7375,mistralai/Mistral-7B-Instruct-v0.3,TotalCharges,32,2026-04-21T15:26:26.394748+00:00
876,3377.15,1582.75,1794.4,3219871.3600000003,paper_single_prompt,3377.15,mistralai/Mistral-7B-Instruct-v0.3,TotalCharges,32,2026-04-21T15:26:26.394748+00:00
897,3794.7375,5682.25,1887.5124999999998,3562703.4376562494,paper_single_prompt,3794.7375,mistralai/Mistral-7B-Instruct-v0.3,TotalCharges,32,2026-04-21T15:26:26.394748+00:00
911,3313.5,1288.3,2025.2,4101435.04,paper_single_prompt,3313.5,mistralai/Mistral-7B-Instruct-v0.3,TotalCharges,32,2026-04-21T15:26:26.394748+00:00
918,3700.0,2193.0,1507.0,2271049.0,paper_single_prompt,3700.0,mistralai/Mistral-7B-Instruct-v0.3,TotalCharges,32,2026-04-21T15:26:26.394748+00:00
923,3794.7375,4786.15,991.4124999999995,982898.7451562489,paper_single_prompt,3794.7375,mistralai/Mistral-7B-Instruct-v0.3,TotalCharges,32,2026-04-21T15:26:26.394748+00:00
925,3794.7375,2404.15,1390.5875,1933733.5951562503,paper_single_prompt,3794.7375,mistralai/Mistral-7B-Instruct-v0.3,TotalCharges,32,2026-04-21T15:26:26.394748+00:00
936,1800.0,,,,paper_single_prompt,1800.0,mistralai/Mistral-7B-Instruct-v0.3,TotalCharges,32,2026-04-21T15:26:26.394748+00:00
942,3794.7375,2001.0,1793.7375000000002,3217494.218906251,paper_single_prompt,3794.7375,mistralai/Mistral-7B-Instruct-v0.3,TotalCharges,32,2026-04-21T15:26:26.394748+00:00
943,3794.7375,4919.7,1124.9624999999996,1265540.6264062491,paper_single_prompt,3794.7375,mistralai/Mistral-7B-Instruct-v0.3,TotalCharges,32,2026-04-21T15:26:26.394748+00:00
944,3480.65,5645.8,2165.15,4687874.5225,paper_single_prompt,3480.65,mistralai/Mistral-7B-Instruct-v0.3,TotalCharges,32,2026-04-21T15:26:26.394748+00:00
966,3794.7375,112.3,3682.4375,13560345.94140625,paper_single_prompt,3794.7375,mistralai/Mistral-7B-Instruct-v0.3,TotalCharges,32,2026-04-21T15:26:26.394748+00:00
972,3700.5,4048.95,348.4499999999998,121417.40249999988,paper_single_prompt,3700.50,mistralai/Mistral-7B-Instruct-v0.3,TotalCharges,32,2026-04-21T15:26:26.394748+00:00
987,1397.475,19.75,1377.725,1898126.1756249997,paper_single_prompt,1397.475,mistralai/Mistral-7B-Instruct-v0.3,TotalCharges,32,2026-04-21T15:26:26.394748+00:00
988,3794.7375,537.35,3257.3875000000003,10610573.325156251,paper_single_prompt,3794.7375,mistralai/Mistral-7B-Instruct-v0.3,TotalCharges,32,2026-04-21T15:26:26.394748+00:00
990,3406.85,4513.65,1106.7999999999997,1225006.2399999993,paper_single_prompt,3406.85,mistralai/Mistral-7B-Instruct-v0.3,TotalCharges,32,2026-04-21T15:26:26.394748+00:00
991,3794.7375,1423.85,2370.8875000000003,5621107.537656251,paper_single_prompt,3794.7375,mistralai/Mistral-7B-Instruct-v0.3,TotalCharges,32,2026-04-21T15:26:26.394748+00:00
1001,3794.7375,1893.95,1900.7875000000001,3612993.1201562504,paper_single_prompt,3794.7375,mistralai/Mistral-7B-Instruct-v0.3,TotalCharges,32,2026-04-21T15:26:26.394748+00:00
1014,3794.7375,990.85,2803.8875000000003,7861785.1126562515,paper_single_prompt,3794.7375,mistralai/Mistral-7B-Instruct-v0.3,TotalCharges,32,2026-04-21T15:26:26.394748+00:00
1020,3266.71,2066.0,1200.71,1441704.5041,paper_single_prompt,3266.71,mistralai/Mistral-7B-Instruct-v0.3,TotalCharges,32,2026-04-21T15:26:26.394748+00:00
1024,37.0,2552.9,2515.9,6329752.8100000005,paper_single_prompt,37 * 70.35 + 70.35 = 2682.45,mistralai/Mistral-7B-Instruct-v0.3,TotalCharges,32,2026-04-21T15:26:26.394748+00:00
1028,3794.7375,2070.6,1724.1375000000003,2972650.118906251,paper_single_prompt,3794.7375,mistralai/Mistral-7B-Instruct-v0.3,TotalCharges,32,2026-04-21T15:26:26.394748+00:00
1035,3794.7375,1697.7,2097.0375000000004,4397566.276406252,paper_single_prompt,3794.7375,mistralai/Mistral-7B-Instruct-v0.3,TotalCharges,32,2026-04-21T15:26:26.394748+00:00
1046,3794.7375,3877.65,82.91249999999991,6874.482656249985,paper_single_prompt,3794.7375,mistralai/Mistral-7B-Instruct-v0.3,TotalCharges,32,2026-04-21T15:26:26.394748+00:00
1052,3138.55,3208.65,70.09999999999991,4914.0099999999875,paper_single_prompt,3138.55,mistralai/Mistral-7B-Instruct-v0.3,TotalCharges,32,2026-04-21T15:26:26.394748+00:00
1069,3794.7375,1055.9,2738.8375,7501230.85140625,paper_single_prompt,3794.7375,mistralai/Mistral-7B-Instruct-v0.3,TotalCharges,32,2026-04-21T15:26:26.394748+00:00
1082,1397.475,,,,paper_single_prompt,1397.475,mistralai/Mistral-7B-Instruct-v0.3,TotalCharges,32,2026-04-21T15:26:26.394748+00:00
1084,3794.7375,1012.4,2782.3375,7741401.963906251,paper_single_prompt,3794.7375,mistralai/Mistral-7B-Instruct-v0.3,TotalCharges,32,2026-04-21T15:26:26.394748+00:00
1092,3794.7375,4523.25,728.5124999999998,530730.4626562498,paper_single_prompt,3794.7375,mistralai/Mistral-7B-Instruct-v0.3,TotalCharges,32,2026-04-21T15:26:26.394748+00:00
1093,3794.7375,7159.7,3364.9624999999996,11322972.626406247,paper_single_prompt,3794.7375,mistralai/Mistral-7B-Instruct-v0.3,TotalCharges,32,2026-04-21T15:26:26.394748+00:00
1098,3794.7375,6038.55,2243.8125,5034694.53515625,paper_single_prompt,3794.7375,mistralai/Mistral-7B-Instruct-v0.3,TotalCharges,32,2026-04-21T15:26:26.394748+00:00
1106,3794.7375,6253.0,2458.2625,6043054.518906249,paper_single_prompt,3794.7375,mistralai/Mistral-7B-Instruct-v0.3,TotalCharges,32,2026-04-21T15:26:26.394748+00:00
1107,3794.7375,1641.8,2152.9375,4635139.87890625,paper_single_prompt,3794.7375,mistralai/Mistral-7B-Instruct-v0.3,TotalCharges,32,2026-04-21T15:26:26.394748+00:00
1118,3648.75,4997.5,1348.75,1819126.5625,paper_single_prompt,3648.75,mistralai/Mistral-7B-Instruct-v0.3,TotalCharges,32,2026-04-21T15:26:26.394748+00:00
1146,3648.75,1072.6,2576.15,6636548.822500001,paper_single_prompt,3648.75,mistralai/Mistral-7B-Instruct-v0.3,TotalCharges,32,2026-04-21T15:26:26.394748+00:00
1164,3794.7375,5831.2,2036.4624999999996,4147179.5139062484,paper_single_prompt,3794.7375,mistralai/Mistral-7B-Instruct-v0.3,TotalCharges,32,2026-04-21T15:26:26.394748+00:00
1170,3794.7375,8093.15,4298.412499999999,18476350.020156246,paper_single_prompt,3794.7375,mistralai/Mistral-7B-Instruct-v0.3,TotalCharges,32,2026-04-21T15:26:26.394748+00:00
1178,3794.7375,1553.95,2240.7875000000004,5021128.620156252,paper_single_prompt,3794.7375,mistralai/Mistral-7B-Instruct-v0.3,TotalCharges,32,2026-04-21T15:26:26.394748+00:00
1180,3794.7375,1971.15,1823.5875,3325471.3701562504,paper_single_prompt,3794.7375,mistralai/Mistral-7B-Instruct-v0.3,TotalCharges,32,2026-04-21T15:26:26.394748+00:00
1187,3794.7375,7413.55,3618.8125,13095803.91015625,paper_single_prompt,3794.7375,mistralai/Mistral-7B-Instruct-v0.3,TotalCharges,32,2026-04-21T15:26:26.394748+00:00
1216,3486.86,1090.6,2396.26,5742061.9876000015,paper_single_prompt,3486.86,mistralai/Mistral-7B-Instruct-v0.3,TotalCharges,32,2026-04-21T15:26:26.394748+00:00
1219,2836.91,4300.45,1463.54,2141949.3315999997,paper_single_prompt,2836.91,mistralai/Mistral-7B-Instruct-v0.3,TotalCharges,32,2026-04-21T15:26:26.394748+00:00
1231,3794.7375,1398.6,2396.1375000000003,5741474.918906251,paper_single_prompt,3794.7375,mistralai/Mistral-7B-Instruct-v0.3,TotalCharges,32,2026-04-21T15:26:26.394748+00:00
1232,3794.7375,2564.3,1230.4375,1513976.44140625,paper_single_prompt,3794.7375,mistralai/Mistral-7B-Instruct-v0.3,TotalCharges,32,2026-04-21T15:26:26.394748+00:00
1245,3794.7375,2117.25,1677.4875000000002,2813964.312656251,paper_single_prompt,3794.7375,mistralai/Mistral-7B-Instruct-v0.3,TotalCharges,32,2026-04-21T15:26:26.394748+00:00
1263,3794.7375,6127.6,2332.8625,5442247.44390625,paper_single_prompt,3794.7375,mistralai/Mistral-7B-Instruct-v0.3,TotalCharges,32,2026-04-21T15:26:26.394748+00:00
1267,3766.54,4818.8,1052.2600000000002,1107251.1076000005,paper_single_prompt,3766.54,mistralai/Mistral-7B-Instruct-v0.3,TotalCharges,32,2026-04-21T15:26:26.394748+00:00
1275,3442.75,3112.05,330.6999999999998,109362.48999999987,paper_single_prompt,3442.75,mistralai/Mistral-7B-Instruct-v0.3,TotalCharges,32,2026-04-21T15:26:26.394748+00:00
1284,3794.7375,1188.25,2606.4875,6793777.087656251,paper_single_prompt,3794.7375,mistralai/Mistral-7B-Instruct-v0.3,TotalCharges,32,2026-04-21T15:26:26.394748+00:00
1288,3794.7375,1240.15,2554.5875,6525917.295156251,paper_single_prompt,3794.7375,mistralai/Mistral-7B-Instruct-v0.3,TotalCharges,32,2026-04-21T15:26:26.394748+00:00
1300,3794.7375,7962.2,4167.4625,17367743.68890625,paper_single_prompt,3794.7375,mistralai/Mistral-7B-Instruct-v0.3,TotalCharges,32,2026-04-21T15:26:26.394748+00:00
1327,3794.7375,5961.1,2166.3625,4693126.481406251,paper_single_prompt,3794.7375,mistralai/Mistral-7B-Instruct-v0.3,TotalCharges,32,2026-04-21T15:26:26.394748+00:00
1329,3794.7375,1496.45,2298.2875000000004,5282125.432656252,paper_single_prompt,3794.7375,mistralai/Mistral-7B-Instruct-v0.3,TotalCharges,32,2026-04-21T15:26:26.394748+00:00
1340,1397.475,,,,paper_single_prompt,1397.475,mistralai/Mistral-7B-Instruct-v0.3,TotalCharges,32,2026-04-21T15:26:26.394748+00:00
1345,3600.0,5985.0,2385.0,5688225.0,paper_single_prompt,3600.0,mistralai/Mistral-7B-Instruct-v0.3,TotalCharges,32,2026-04-21T15:26:26.394748+00:00
1359,3794.7375,889.9,2904.8375,8438080.90140625,paper_single_prompt,3794.7375,mistralai/Mistral-7B-Instruct-v0.3,TotalCharges,32,2026-04-21T15:26:26.394748+00:00
1369,3794.7375,2033.85,1760.8875000000003,3100724.787656251,paper_single_prompt,3794.7375,mistralai/Mistral-7B-Instruct-v0.3,TotalCharges,32,2026-04-21T15:26:26.394748+00:00
1380,3794.7375,6145.2,2350.4624999999996,5524673.963906248,paper_single_prompt,3794.7375,mistralai/Mistral-7B-Instruct-v0.3,TotalCharges,32,2026-04-21T15:26:26.394748+00:00
1391,3700.0,2440.25,1259.75,1586970.0625,paper_single_prompt,3700.0,mistralai/Mistral-7B-Instruct-v0.3,TotalCharges,32,2026-04-21T15:26:26.394748+00:00
1406,3794.7375,1673.8,2120.9375,4498375.87890625,paper_single_prompt,3794.7375,mistralai/Mistral-7B-Instruct-v0.3,TotalCharges,32,2026-04-21T15:26:26.394748+00:00
1416,3444.55,3166.9,277.6500000000001,77089.52250000005,paper_single_prompt,3444.55,mistralai/Mistral-7B-Instruct-v0.3,TotalCharges,32,2026-04-21T15:26:26.394748+00:00
1427,3794.7375,3122.4,672.3375000000001,452037.71390625014,paper_single_prompt,3794.7375,mistralai/Mistral-7B-Instruct-v0.3,TotalCharges,32,2026-04-21T15:26:26.394748+00:00
1429,3794.7375,1088.25,2706.4875,7325074.587656251,paper_single_prompt,3794.7375,mistralai/Mistral-7B-Instruct-v0.3,TotalCharges,32,2026-04-21T15:26:26.394748+00:00
1431,3794.7375,2908.2,886.5375000000004,785948.7389062507,paper_single_prompt,3794.7375,mistralai/Mistral-7B-Instruct-v0.3,TotalCharges,32,2026-04-21T15:26:26.394748+00:00
1481,3794.7375,4754.3,959.5625,920760.19140625,paper_single_prompt,3794.7375,mistralai/Mistral-7B-Instruct-v0.3,TotalCharges,32,2026-04-21T15:26:26.394748+00:00
1483,3700.0,3562.5,137.5,18906.25,paper_single_prompt,3700.00,mistralai/Mistral-7B-Instruct-v0.3,TotalCharges,32,2026-04-21T15:26:26.394748+00:00
1524,3794.7375,7002.95,3208.2124999999996,10292627.445156248,paper_single_prompt,3794.7375,mistralai/Mistral-7B-Instruct-v0.3,TotalCharges,32,2026-04-21T15:26:26.394748+00:00
1545,3794.7375,6536.5,2741.7625,7517261.606406249,paper_single_prompt,3794.7375,mistralai/Mistral-7B-Instruct-v0.3,TotalCharges,32,2026-04-21T15:26:26.394748+00:00
1604,3700.0,6511.25,2811.25,7903126.5625,paper_single_prompt,3700.0,mistralai/Mistral-7B-Instruct-v0.3,TotalCharges,32,2026-04-21T15:26:26.394748+00:00
1611,3794.7375,6468.6,2673.8625,7149540.668906251,paper_single_prompt,3794.7375,mistralai/Mistral-7B-Instruct-v0.3,TotalCharges,32,2026-04-21T15:26:26.394748+00:00
1612,3794.7375,5918.8,2124.0625,4511641.50390625,paper_single_prompt,3794.7375,mistralai/Mistral-7B-Instruct-v0.3,TotalCharges,32,2026-04-21T15:26:26.394748+00:00
1628,3794.7375,2627.2,1167.5375000000004,1363143.8139062508,paper_single_prompt,3794.7375,mistralai/Mistral-7B-Instruct-v0.3,TotalCharges,32,2026-04-21T15:26:26.394748+00:00
1631,3794.7375,1463.45,2331.2875000000004,5434901.407656251,paper_single_prompt,3794.7375,mistralai/Mistral-7B-Instruct-v0.3,TotalCharges,32,2026-04-21T15:26:26.394748+00:00
1646,3600.0,3801.3,201.30000000000018,40521.690000000075,paper_single_prompt,3600.0,mistralai/Mistral-7B-Instruct-v0.3,TotalCharges,32,2026-04-21T15:26:26.394748+00:00
1647,3289.15,868.5,2420.65,5859546.4225,paper_single_prompt,3289.15,mistralai/Mistral-7B-Instruct-v0.3,TotalCharges,32,2026-04-21T15:26:26.394748+00:00
1657,3794.7375,901.25,2893.4875,8372269.912656251,paper_single_prompt,3794.7375,mistralai/Mistral-7B-Instruct-v0.3,TotalCharges,32,2026-04-21T15:26:26.394748+00:00
1660,3794.7375,1139.2,2655.5375000000004,7051879.413906252,paper_single_prompt,3794.7375,mistralai/Mistral-7B-Instruct-v0.3,TotalCharges,32,2026-04-21T15:26:26.394748+00:00
1663,3794.7375,4812.75,1018.0124999999998,1036349.4501562496,paper_single_prompt,3794.7375,mistralai/Mistral-7B-Instruct-v0.3,TotalCharges,32,2026-04-21T15:26:26.394748+00:00
1675,3794.7375,2384.15,1410.5875,1989757.0951562503,paper_single_prompt,3794.7375,mistralai/Mistral-7B-Instruct-v0.3,TotalCharges,32,2026-04-21T15:26:26.394748+00:00
1681,3794.7375,1849.2,1945.5375000000001,3785116.1639062506,paper_single_prompt,3794.7375,mistralai/Mistral-7B-Instruct-v0.3,TotalCharges,32,2026-04-21T15:26:26.394748+00:00
1687,3958.56,314.95,3643.61,13275893.8321,paper_single_prompt,3958.56,mistralai/Mistral-7B-Instruct-v0.3,TotalCharges,32,2026-04-21T15:26:26.394748+00:00
1700,3794.7375,943.0,2851.7375,8132406.768906251,paper_single_prompt,3794.7375,mistralai/Mistral-7B-Instruct-v0.3,TotalCharges,32,2026-04-21T15:26:26.394748+00:00
1701,3794.7375,6615.15,2820.4124999999995,7954726.670156247,paper_single_prompt,3794.7375,mistralai/Mistral-7B-Instruct-v0.3,TotalCharges,32,2026-04-21T15:26:26.394748+00:00
1705,3467.15,5044.8,1577.65,2488979.5225000004,paper_single_prompt,3467.15,mistralai/Mistral-7B-Instruct-v0.3,TotalCharges,32,2026-04-21T15:26:26.394748+00:00
1717,3794.7375,1421.9,2372.8375,5630357.80140625,paper_single_prompt,3794.7375,mistralai/Mistral-7B-Instruct-v0.3,TotalCharges,32,2026-04-21T15:26:26.394748+00:00
1720,2754.56,163.7,2590.86,6712555.539600001,paper_single_prompt,2754.56,mistralai/Mistral-7B-Instruct-v0.3,TotalCharges,32,2026-04-21T15:26:26.394748+00:00
1745,3794.7375,1119.9,2674.8375,7154755.651406251,paper_single_prompt,3794.7375,mistralai/Mistral-7B-Instruct-v0.3,TotalCharges,32,2026-04-21T15:26:26.394748+00:00
1752,3794.7375,1421.75,2372.9875,5631069.675156251,paper_single_prompt,3794.7375,mistralai/Mistral-7B-Instruct-v0.3,TotalCharges,32,2026-04-21T15:26:26.394748+00:00
1760,3146.86,2614.1,532.7600000000002,283833.2176000002,paper_single_prompt,3146.86,mistralai/Mistral-7B-Instruct-v0.3,TotalCharges,32,2026-04-21T15:26:26.394748+00:00
1785,3794.7375,6392.85,2598.1125,6750188.562656251,paper_single_prompt,3794.7375,mistralai/Mistral-7B-Instruct-v0.3,TotalCharges,32,2026-04-21T15:26:26.394748+00:00
1801,3800.0,1490.4,2309.6,5334252.159999999,paper_single_prompt,3800,mistralai/Mistral-7B-Instruct-v0.3,TotalCharges,32,2026-04-21T15:26:26.394748+00:00
1826,3794.7375,5931.0,2136.2625,4563617.468906249,paper_single_prompt,3794.7375,mistralai/Mistral-7B-Instruct-v0.3,TotalCharges,32,2026-04-21T15:26:26.394748+00:00
1845,3666.55,2492.25,1174.3000000000002,1378980.4900000005,paper_single_prompt,3666.55,mistralai/Mistral-7B-Instruct-v0.3,TotalCharges,32,2026-04-21T15:26:26.394748+00:00
1871,3794.7375,4539.35,744.6125000000002,554447.7751562502,paper_single_prompt,3794.7375,mistralai/Mistral-7B-Instruct-v0.3,TotalCharges,32,2026-04-21T15:26:26.394748+00:00
1873,3794.7375,5011.15,1216.4124999999995,1479659.3701562486,paper_single_prompt,3794.7375,mistralai/Mistral-7B-Instruct-v0.3,TotalCharges,32,2026-04-21T15:26:26.394748+00:00
1876,3794.7375,4563.0,768.2624999999998,590227.2689062497,paper_single_prompt,3794.7375,mistralai/Mistral-7B-Instruct-v0.3,TotalCharges,32,2026-04-21T15:26:26.394748+00:00
1905,3794.7375,962.25,2832.4875,8022985.437656251,paper_single_prompt,3794.7375,mistralai/Mistral-7B-Instruct-v0.3,TotalCharges,32,2026-04-21T15:26:26.394748+00:00
1906,3794.7375,1382.9,2411.8375,5816960.1264062505,paper_single_prompt,3794.7375,mistralai/Mistral-7B-Instruct-v0.3,TotalCharges,32,2026-04-21T15:26:26.394748+00:00
1916,3794.7375,3862.55,67.8125,4598.53515625,paper_single_prompt,3794.7375,mistralai/Mistral-7B-Instruct-v0.3,TotalCharges,32,2026-04-21T15:26:26.394748+00:00
1935,3794.7375,996.95,2797.7875000000004,7827614.895156252,paper_single_prompt,3794.7375,mistralai/Mistral-7B-Instruct-v0.3,TotalCharges,32,2026-04-21T15:26:26.394748+00:00
1958,3794.7375,2048.8,1745.9375,3048297.75390625,paper_single_prompt,3794.7375,mistralai/Mistral-7B-Instruct-v0.3,TotalCharges,32,2026-04-21T15:26:26.394748+00:00
1959,1845.12,163.55,1681.57,2827677.6648999997,paper_single_prompt,1845.12,mistralai/Mistral-7B-Instruct-v0.3,TotalCharges,32,2026-04-21T15:26:26.394748+00:00
1977,3794.7375,2845.15,949.5875000000001,901716.4201562501,paper_single_prompt,3794.7375,mistralai/Mistral-7B-Instruct-v0.3,TotalCharges,32,2026-04-21T15:26:26.394748+00:00
1981,3700.0,5885.4,2185.3999999999996,4775973.159999998,paper_single_prompt,3700.0,mistralai/Mistral-7B-Instruct-v0.3,TotalCharges,32,2026-04-21T15:26:26.394748+00:00
1987,3228.65,2257.75,970.9000000000001,942646.8100000002,paper_single_prompt,3228.65,mistralai/Mistral-7B-Instruct-v0.3,TotalCharges,32,2026-04-21T15:26:26.394748+00:00
2001,2637.55,117.95,2519.6000000000004,6348384.160000002,paper_single_prompt,2637.55,mistralai/Mistral-7B-Instruct-v0.3,TotalCharges,32,2026-04-21T15:26:26.394748+00:00
2005,3794.7375,4941.8,1147.0625,1315752.37890625,paper_single_prompt,3794.7375,mistralai/Mistral-7B-Instruct-v0.3,TotalCharges,32,2026-04-21T15:26:26.394748+00:00
2006,2857.125,223.15,2633.975,6937824.300624999,paper_single_prompt,2857.125,mistralai/Mistral-7B-Instruct-v0.3,TotalCharges,32,2026-04-21T15:26:26.394748+00:00
2020,3750.0,3865.45,115.44999999999982,13328.702499999958,paper_single_prompt,3750.0,mistralai/Mistral-7B-Instruct-v0.3,TotalCharges,32,2026-04-21T15:26:26.394748+00:00
2031,1842.71,125.5,1717.21,2948810.1841,paper_single_prompt,1842.71,mistralai/Mistral-7B-Instruct-v0.3,TotalCharges,32,2026-04-21T15:26:26.394748+00:00
2032,3794.7375,1390.6,2404.1375000000003,5779877.118906251,paper_single_prompt,3794.7375,mistralai/Mistral-7B-Instruct-v0.3,TotalCharges,32,2026-04-21T15:26:26.394748+00:00
2034,3794.7375,2511.3,1283.4375,1647211.81640625,paper_single_prompt,3794.7375,mistralai/Mistral-7B-Instruct-v0.3,TotalCharges,32,2026-04-21T15:26:26.394748+00:00
2052,3680.54,4946.05,1265.5100000000002,1601515.5601000006,paper_single_prompt,3680.54,mistralai/Mistral-7B-Instruct-v0.3,TotalCharges,32,2026-04-21T15:26:26.394748+00:00
2059,37.0,3415.25,3378.25,11412573.0625,paper_single_prompt,37 * 92.95 + 92.95 = 3546.65,mistralai/Mistral-7B-Instruct-v0.3,TotalCharges,32,2026-04-21T15:26:26.394748+00:00
2067,3794.7375,6792.45,2997.7124999999996,8986280.232656248,paper_single_prompt,3794.7375,mistralai/Mistral-7B-Instruct-v0.3,TotalCharges,32,2026-04-21T15:26:26.394748+00:00
2079,3794.7375,7554.05,3759.3125,14132430.47265625,paper_single_prompt,3794.7375,mistralai/Mistral-7B-Instruct-v0.3,TotalCharges,32,2026-04-21T15:26:26.394748+00:00
2088,3794.7375,1941.5,1853.2375000000002,3434489.2314062505,paper_single_prompt,3794.7375,mistralai/Mistral-7B-Instruct-v0.3,TotalCharges,32,2026-04-21T15:26:26.394748+00:00
2091,3107.65,970.85,2136.8,4565914.240000001,paper_single_prompt,3107.65,mistralai/Mistral-7B-Instruct-v0.3,TotalCharges,32,2026-04-21T15:26:26.394748+00:00
2108,2803.75,2168.9,634.8499999999999,403034.5224999999,paper_single_prompt,2803.75,mistralai/Mistral-7B-Instruct-v0.3,TotalCharges,32,2026-04-21T15:26:26.394748+00:00
2111,3677.15,711.9,2965.25,8792707.5625,paper_single_prompt,3677.15,mistralai/Mistral-7B-Instruct-v0.3,TotalCharges,32,2026-04-21T15:26:26.394748+00:00
2120,2797.15,1210.3,1586.8500000000001,2518092.9225000003,paper_single_prompt,2797.15,mistralai/Mistral-7B-Instruct-v0.3,TotalCharges,32,2026-04-21T15:26:26.394748+00:00
2124,2747.85,100.4,2647.45,7008991.5024999995,paper_single_prompt,2747.85,mistralai/Mistral-7B-Instruct-v0.3,TotalCharges,32,2026-04-21T15:26:26.394748+00:00
2125,3794.7375,5229.45,1434.7124999999996,2058399.957656249,paper_single_prompt,3794.7375,mistralai/Mistral-7B-Instruct-v0.3,TotalCharges,32,2026-04-21T15:26:26.394748+00:00
2130,3794.7375,4837.6,1042.8625000000002,1087562.1939062504,paper_single_prompt,3794.7375,mistralai/Mistral-7B-Instruct-v0.3,TotalCharges,32,2026-04-21T15:26:26.394748+00:00
2146,3794.7375,7133.45,3338.7124999999996,11147001.157656247,paper_single_prompt,3794.7375,mistralai/Mistral-7B-Instruct-v0.3,TotalCharges,32,2026-04-21T15:26:26.394748+00:00
2153,3166.56,1797.75,1368.81,1873640.8161,paper_single_prompt,3166.56,mistralai/Mistral-7B-Instruct-v0.3,TotalCharges,32,2026-04-21T15:26:26.394748+00:00
2162,3700.0,2684.35,1015.6500000000001,1031544.9225000002,paper_single_prompt,3700.0,mistralai/Mistral-7B-Instruct-v0.3,TotalCharges,32,2026-04-21T15:26:26.394748+00:00
2175,3794.7375,2555.9,1238.8375,1534718.3514062501,paper_single_prompt,3794.7375,mistralai/Mistral-7B-Instruct-v0.3,TotalCharges,32,2026-04-21T15:26:26.394748+00:00
2190,3794.7375,5956.85,2162.1125,4674730.462656251,paper_single_prompt,3794.7375,mistralai/Mistral-7B-Instruct-v0.3,TotalCharges,32,2026-04-21T15:26:26.394748+00:00
2195,3794.7375,672.2,3122.5375000000004,9750240.438906252,paper_single_prompt,3794.7375,mistralai/Mistral-7B-Instruct-v0.3,TotalCharges,32,2026-04-21T15:26:26.394748+00:00
2202,2490.85,467.55,2023.3,4093742.8899999997,paper_single_prompt,2490.85,mistralai/Mistral-7B-Instruct-v0.3,TotalCharges,32,2026-04-21T15:26:26.394748+00:00
2204,3794.7375,7482.1,3687.3625,13596642.20640625,paper_single_prompt,3794.7375,mistralai/Mistral-7B-Instruct-v0.3,TotalCharges,32,2026-04-21T15:26:26.394748+00:00
2215,3794.7375,3370.2,424.53750000000036,180232.0889062503,paper_single_prompt,3794.7375,mistralai/Mistral-7B-Instruct-v0.3,TotalCharges,32,2026-04-21T15:26:26.394748+00:00
2217,3700.0,5958.85,2258.8500000000004,5102403.322500002,paper_single_prompt,3700.0,mistralai/Mistral-7B-Instruct-v0.3,TotalCharges,32,2026-04-21T15:26:26.394748+00:00
2225,3794.7375,1309.0,2485.7375,6178890.918906251,paper_single_prompt,3794.7375,mistralai/Mistral-7B-Instruct-v0.3,TotalCharges,32,2026-04-21T15:26:26.394748+00:00
2227,3794.7375,1108.8,2685.9375,7214260.25390625,paper_single_prompt,3794.7375,mistralai/Mistral-7B-Instruct-v0.3,TotalCharges,32,2026-04-21T15:26:26.394748+00:00
2232,3794.7375,754.5,3040.2375,9243044.05640625,paper_single_prompt,3794.7375,mistralai/Mistral-7B-Instruct-v0.3,TotalCharges,32,2026-04-21T15:26:26.394748+00:00
2233,3397.47,3883.3,485.8300000000004,236030.78890000036,paper_single_prompt,3397.47,mistralai/Mistral-7B-Instruct-v0.3,TotalCharges,32,2026-04-21T15:26:26.394748+00:00
2239,2800.55,2545.7,254.85000000000036,64948.52250000019,paper_single_prompt,2800.55,mistralai/Mistral-7B-Instruct-v0.3,TotalCharges,32,2026-04-21T15:26:26.394748+00:00
2267,3794.7375,8124.2,4329.4625,18744245.538906246,paper_single_prompt,3794.7375,mistralai/Mistral-7B-Instruct-v0.3,TotalCharges,32,2026-04-21T15:26:26.394748+00:00
2269,1397.475,70.9,1326.5749999999998,1759801.2306249996,paper_single_prompt,1397.475,mistralai/Mistral-7B-Instruct-v0.3,TotalCharges,32,2026-04-21T15:26:26.394748+00:00
2290,2800.55,633.4,2167.15,4696539.1225000005,paper_single_prompt,2800.55,mistralai/Mistral-7B-Instruct-v0.3,TotalCharges,32,2026-04-21T15:26:26.394748+00:00
2293,3794.7375,6151.9,2357.1624999999995,5556215.051406248,paper_single_prompt,3794.7375,mistralai/Mistral-7B-Instruct-v0.3,TotalCharges,32,2026-04-21T15:26:26.394748+00:00
2305,3794.7375,3410.0,384.7375000000002,148022.94390625015,paper_single_prompt,3794.7375,mistralai/Mistral-7B-Instruct-v0.3,TotalCharges,32,2026-04-21T15:26:26.394748+00:00
2310,3794.7375,4464.8,670.0625,448983.75390625,paper_single_prompt,3794.7375,mistralai/Mistral-7B-Instruct-v0.3,TotalCharges,32,2026-04-21T15:26:26.394748+00:00
2318,3794.7375,7030.65,3235.9124999999995,10471129.707656246,paper_single_prompt,3794.7375,mistralai/Mistral-7B-Instruct-v0.3,TotalCharges,32,2026-04-21T15:26:26.394748+00:00
2329,3794.7375,5468.95,1674.2124999999996,2802987.4951562486,paper_single_prompt,3794.7375,mistralai/Mistral-7B-Instruct-v0.3,TotalCharges,32,2026-04-21T15:26:26.394748+00:00
2339,3794.7375,1973.75,1820.9875000000002,3315995.475156251,paper_single_prompt,3794.7375,mistralai/Mistral-7B-Instruct-v0.3,TotalCharges,32,2026-04-21T15:26:26.394748+00:00
2341,3794.7375,7843.55,4048.8125,16392882.66015625,paper_single_prompt,3794.7375,mistralai/Mistral-7B-Instruct-v0.3,TotalCharges,32,2026-04-21T15:26:26.394748+00:00
2346,3794.7375,6849.4,3054.6624999999995,9330962.988906248,paper_single_prompt,3794.7375,mistralai/Mistral-7B-Instruct-v0.3,TotalCharges,32,2026-04-21T15:26:26.394748+00:00
2375,3794.7375,7904.25,4109.5125,16888092.987656247,paper_single_prompt,3794.7375,mistralai/Mistral-7B-Instruct-v0.3,TotalCharges,32,2026-04-21T15:26:26.394748+00:00
2377,3446.55,2654.05,792.5,628056.25,paper_single_prompt,3446.55,mistralai/Mistral-7B-Instruct-v0.3,TotalCharges,32,2026-04-21T15:26:26.394748+00:00
2390,3794.7375,160.05,3634.6875,13210953.22265625,paper_single_prompt,3794.7375,mistralai/Mistral-7B-Instruct-v0.3,TotalCharges,32,2026-04-21T15:26:26.394748+00:00
2403,3794.7375,6046.1,2251.3625,5068633.106406251,paper_single_prompt,3794.7375,mistralai/Mistral-7B-Instruct-v0.3,TotalCharges,32,2026-04-21T15:26:26.394748+00:00
2412,3794.7375,1445.3,2349.4375,5519856.56640625,paper_single_prompt,3794.7375,mistralai/Mistral-7B-Instruct-v0.3,TotalCharges,32,2026-04-21T15:26:26.394748+00:00
2440,3794.7375,674.55,3120.1875,9735570.03515625,paper_single_prompt,3794.7375,mistralai/Mistral-7B-Instruct-v0.3,TotalCharges,32,2026-04-21T15:26:26.394748+00:00
2443,3794.7375,7887.25,4092.5125,16748658.562656248,paper_single_prompt,3794.7375,mistralai/Mistral-7B-Instruct-v0.3,TotalCharges,32,2026-04-21T15:26:26.394748+00:00
2452,3794.7375,1133.9,2660.8375,7080056.201406251,paper_single_prompt,3794.7375,mistralai/Mistral-7B-Instruct-v0.3,TotalCharges,32,2026-04-21T15:26:26.394748+00:00
2498,3794.7375,1389.85,2404.8875000000003,5783483.887656251,paper_single_prompt,3794.7375,mistralai/Mistral-7B-Instruct-v0.3,TotalCharges,32,2026-04-21T15:26:26.394748+00:00
2534,3794.7375,7317.1,3522.3625,12407037.58140625,paper_single_prompt,3794.7375,mistralai/Mistral-7B-Instruct-v0.3,TotalCharges,32,2026-04-21T15:26:26.394748+00:00
2540,3794.7375,7795.95,4001.2124999999996,16009701.470156247,paper_single_prompt,3794.7375,mistralai/Mistral-7B-Instruct-v0.3,TotalCharges,32,2026-04-21T15:26:26.394748+00:00
2557,2663.71,141.7,2522.01,6360534.440100001,paper_single_prompt,2663.71,mistralai/Mistral-7B-Instruct-v0.3,TotalCharges,32,2026-04-21T15:26:26.394748+00:00
2561,3794.7375,7061.65,3266.9124999999995,10672717.282656247,paper_single_prompt,3794.7375,mistralai/Mistral-7B-Instruct-v0.3,TotalCharges,32,2026-04-21T15:26:26.394748+00:00
2563,3794.7375,2655.25,1139.4875000000002,1298431.7626562505,paper_single_prompt,3794.7375,mistralai/Mistral-7B-Instruct-v0.3,TotalCharges,32,2026-04-21T15:26:26.394748+00:00
2569,3794.7375,1871.85,1922.8875000000003,3697496.337656251,paper_single_prompt,3794.7375,mistralai/Mistral-7B-Instruct-v0.3,TotalCharges,32,2026-04-21T15:26:26.394748+00:00
2570,3794.7375,2866.45,928.2875000000004,861717.6826562507,paper_single_prompt,3794.7375,mistralai/Mistral-7B-Instruct-v0.3,TotalCharges,32,2026-04-21T15:26:26.394748+00:00
2576,3456.54,5935.1,2478.5600000000004,6143259.673600002,paper_single_prompt,3456.54,mistralai/Mistral-7B-Instruct-v0.3,TotalCharges,32,2026-04-21T15:26:26.394748+00:00
2595,3794.7375,5662.25,1867.5124999999998,3487602.9376562494,paper_single_prompt,3794.7375,mistralai/Mistral-7B-Instruct-v0.3,TotalCharges,32,2026-04-21T15:26:26.394748+00:00
2597,3794.7375,7854.15,4059.4124999999995,16478829.845156245,paper_single_prompt,3794.7375,mistralai/Mistral-7B-Instruct-v0.3,TotalCharges,32,2026-04-21T15:26:26.394748+00:00
2598,2437.15,525.0,1912.15,3656317.6225000005,paper_single_prompt,2437.15,mistralai/Mistral-7B-Instruct-v0.3,TotalCharges,32,2026-04-21T15:26:26.394748+00:00
2605,3794.7375,261.3,3533.4375,12485180.56640625,paper_single_prompt,3794.7375,mistralai/Mistral-7B-Instruct-v0.3,TotalCharges,32,2026-04-21T15:26:26.394748+00:00
2609,3794.7375,6281.45,2486.7124999999996,6183739.057656248,paper_single_prompt,3794.7375,mistralai/Mistral-7B-Instruct-v0.3,TotalCharges,32,2026-04-21T15:26:26.394748+00:00
2616,2836.85,260.8,2576.0499999999997,6636033.602499998,paper_single_prompt,2836.85,mistralai/Mistral-7B-Instruct-v0.3,TotalCharges,32,2026-04-21T15:26:26.394748+00:00
2617,1397.475,19.6,1377.875,1898539.515625,paper_single_prompt,1397.475,mistralai/Mistral-7B-Instruct-v0.3,TotalCharges,32,2026-04-21T15:26:26.394748+00:00
2621,3794.7375,5564.85,1770.1125000000002,3133298.2626562505,paper_single_prompt,3794.7375,mistralai/Mistral-7B-Instruct-v0.3,TotalCharges,32,2026-04-21T15:26:26.394748+00:00
2636,3794.7375,7987.6,4192.8625,17580095.94390625,paper_single_prompt,3794.7375,mistralai/Mistral-7B-Instruct-v0.3,TotalCharges,32,2026-04-21T15:26:26.394748+00:00
2660,2804.36,670.65,2133.71,4552718.3641,paper_single_prompt,2804.36,mistralai/Mistral-7B-Instruct-v0.3,TotalCharges,32,2026-04-21T15:26:26.394748+00:00
2669,3794.7375,1789.25,2005.4875000000002,4021980.1126562506,paper_single_prompt,3794.7375,mistralai/Mistral-7B-Instruct-v0.3,TotalCharges,32,2026-04-21T15:26:26.394748+00:00
2685,3794.7375,7334.05,3539.3125,12526732.97265625,paper_single_prompt,3794.7375,mistralai/Mistral-7B-Instruct-v0.3,TotalCharges,32,2026-04-21T15:26:26.394748+00:00
2690,2809.86,583.45,2226.41,4956901.4881,paper_single_prompt,2809.86,mistralai/Mistral-7B-Instruct-v0.3,TotalCharges,32,2026-04-21T15:26:26.394748+00:00
2697,3794.7375,6365.35,2570.6125,6608048.625156251,paper_single_prompt,3794.7375,mistralai/Mistral-7B-Instruct-v0.3,TotalCharges,32,2026-04-21T15:26:26.394748+00:00
2715,3794.7375,996.45,2798.2875000000004,7830412.932656252,paper_single_prompt,3794.7375,mistralai/Mistral-7B-Instruct-v0.3,TotalCharges,32,2026-04-21T15:26:26.394748+00:00
2717,3794.7375,6733.0,2938.2625,8633386.518906249,paper_single_prompt,3794.7375,mistralai/Mistral-7B-Instruct-v0.3,TotalCharges,32,2026-04-21T15:26:26.394748+00:00
2752,2802.36,1077.5,1724.8600000000001,2975142.0196,paper_single_prompt,2802.36,mistralai/Mistral-7B-Instruct-v0.3,TotalCharges,32,2026-04-21T15:26:26.394748+00:00
2755,3794.7375,851.2,2943.5375000000004,8664413.013906252,paper_single_prompt,3794.7375,mistralai/Mistral-7B-Instruct-v0.3,TotalCharges,32,2026-04-21T15:26:26.394748+00:00
2763,3600.0,5135.35,1535.3500000000004,2357299.622500001,paper_single_prompt,3600.0,mistralai/Mistral-7B-Instruct-v0.3,TotalCharges,32,2026-04-21T15:26:26.394748+00:00
2764,3794.7375,2000.2,1794.5375000000001,3220364.8389062504,paper_single_prompt,3794.7375,mistralai/Mistral-7B-Instruct-v0.3,TotalCharges,32,2026-04-21T15:26:26.394748+00:00
2788,3794.7375,6028.95,2234.2124999999996,4991705.495156248,paper_single_prompt,3794.7375,mistralai/Mistral-7B-Instruct-v0.3,TotalCharges,32,2026-04-21T15:26:26.394748+00:00
2791,3794.7375,4317.35,522.6125000000002,273123.8251562502,paper_single_prompt,3794.7375,mistralai/Mistral-7B-Instruct-v0.3,TotalCharges,32,2026-04-21T15:26:26.394748+00:00
2800,3794.7375,442.6,3352.1375000000003,11236825.818906251,paper_single_prompt,3794.7375,mistralai/Mistral-7B-Instruct-v0.3,TotalCharges,32,2026-04-21T15:26:26.394748+00:00
2816,3794.7375,8165.1,4370.3625,19100068.38140625,paper_single_prompt,3794.7375,mistralai/Mistral-7B-Instruct-v0.3,TotalCharges,32,2026-04-21T15:26:26.394748+00:00
2836,3794.7375,4920.55,1125.8125,1267453.78515625,paper_single_prompt,3794.7375,mistralai/Mistral-7B-Instruct-v0.3,TotalCharges,32,2026-04-21T15:26:26.394748+00:00
2853,3794.7375,4765.0,970.2624999999998,941409.3189062496,paper_single_prompt,3794.7375,mistralai/Mistral-7B-Instruct-v0.3,TotalCharges,32,2026-04-21T15:26:26.394748+00:00
2867,3794.7375,527.35,3267.3875000000003,10675821.075156251,paper_single_prompt,3794.7375,mistralai/Mistral-7B-Instruct-v0.3,TotalCharges,32,2026-04-21T15:26:26.394748+00:00
2871,3794.7375,1235.55,2559.1875,6549440.66015625,paper_single_prompt,3794.7375,mistralai/Mistral-7B-Instruct-v0.3,TotalCharges,32,2026-04-21T15:26:26.394748+00:00
2873,3794.7375,2362.1,1432.6375000000003,2052450.2064062508,paper_single_prompt,3794.7375,mistralai/Mistral-7B-Instruct-v0.3,TotalCharges,32,2026-04-21T15:26:26.394748+00:00
2890,3794.7375,3309.25,485.4875000000002,235698.1126562502,paper_single_prompt,3794.7375,mistralai/Mistral-7B-Instruct-v0.3,TotalCharges,32,2026-04-21T15:26:26.394748+00:00
2893,3794.7375,1254.7,2540.0375000000004,6451790.501406251,paper_single_prompt,3794.7375,mistralai/Mistral-7B-Instruct-v0.3,TotalCharges,32,2026-04-21T15:26:26.394748+00:00
2899,3794.7375,3888.65,93.91249999999991,8819.557656249983,paper_single_prompt,3794.7375,mistralai/Mistral-7B-Instruct-v0.3,TotalCharges,32,2026-04-21T15:26:26.394748+00:00
2920,3794.7375,6155.4,2360.6624999999995,5572727.438906248,paper_single_prompt,3794.7375,mistralai/Mistral-7B-Instruct-v0.3,TotalCharges,32,2026-04-21T15:26:26.394748+00:00
2922,3794.7375,2602.9,1191.8375,1420476.6264062503,paper_single_prompt,3794.7375,mistralai/Mistral-7B-Instruct-v0.3,TotalCharges,32,2026-04-21T15:26:26.394748+00:00
2923,3496.95,4667.0,1170.0500000000002,1369017.0025000004,paper_single_prompt,3496.95,mistralai/Mistral-7B-Instruct-v0.3,TotalCharges,32,2026-04-21T15:26:26.394748+00:00
2928,3794.7375,6683.4,2888.6624999999995,8344371.038906246,paper_single_prompt,3794.7375,mistralai/Mistral-7B-Instruct-v0.3,TotalCharges,32,2026-04-21T15:26:26.394748+00:00
2935,3794.7375,6045.9,2251.1624999999995,5067732.601406247,paper_single_prompt,3794.7375,mistralai/Mistral-7B-Instruct-v0.3,TotalCharges,32,2026-04-21T15:26:26.394748+00:00
2937,3794.7375,5980.75,2186.0125,4778650.650156249,paper_single_prompt,3794.7375,mistralai/Mistral-7B-Instruct-v0.3,TotalCharges,32,2026-04-21T15:26:26.394748+00:00
2940,3794.7375,2854.55,940.1875,883952.53515625,paper_single_prompt,3794.7375,mistralai/Mistral-7B-Instruct-v0.3,TotalCharges,32,2026-04-21T15:26:26.394748+00:00
2947,3600.0,4494.65,894.6499999999996,800398.6224999994,paper_single_prompt,3600.0,mistralai/Mistral-7B-Instruct-v0.3,TotalCharges,32,2026-04-21T15:26:26.394748+00:00
2986,3287.15,3842.6,555.4499999999998,308524.7024999998,paper_single_prompt,3287.15,mistralai/Mistral-7B-Instruct-v0.3,TotalCharges,32,2026-04-21T15:26:26.394748+00:00
3003,3794.7375,2180.55,1614.1875,2605601.28515625,paper_single_prompt,3794.7375,mistralai/Mistral-7B-Instruct-v0.3,TotalCharges,32,2026-04-21T15:26:26.394748+00:00
3025,3794.7375,1688.9,2105.8375,4434551.576406251,paper_single_prompt,3794.7375,mistralai/Mistral-7B-Instruct-v0.3,TotalCharges,32,2026-04-21T15:26:26.394748+00:00
3032,3794.7375,369.05,3425.6875,11735334.84765625,paper_single_prompt,3794.7375,mistralai/Mistral-7B-Instruct-v0.3,TotalCharges,32,2026-04-21T15:26:26.394748+00:00
3036,3794.7375,3321.35,473.3875000000003,224095.72515625026,paper_single_prompt,3794.7375,mistralai/Mistral-7B-Instruct-v0.3,TotalCharges,32,2026-04-21T15:26:26.394748+00:00
3038,3794.7375,7112.15,3317.4124999999995,11005225.695156246,paper_single_prompt,3794.7375,mistralai/Mistral-7B-Instruct-v0.3,TotalCharges,32,2026-04-21T15:26:26.394748+00:00
3047,3794.7375,2585.95,1208.7875000000004,1461167.220156251,paper_single_prompt,3794.7375,mistralai/Mistral-7B-Instruct-v0.3,TotalCharges,32,2026-04-21T15:26:26.394748+00:00
3055,3486.54,3678.3,191.76000000000022,36771.897600000084,paper_single_prompt,3486.54,mistralai/Mistral-7B-Instruct-v0.3,TotalCharges,32,2026-04-21T15:26:26.394748+00:00
3068,3794.7375,4911.05,1116.3125,1246153.59765625,paper_single_prompt,3794.7375,mistralai/Mistral-7B-Instruct-v0.3,TotalCharges,32,2026-04-21T15:26:26.394748+00:00
3071,3794.7375,4318.35,523.6125000000002,274170.0501562502,paper_single_prompt,3794.7375,mistralai/Mistral-7B-Instruct-v0.3,TotalCharges,32,2026-04-21T15:26:26.394748+00:00
3075,3794.7375,7472.15,3677.4124999999995,13523362.695156246,paper_single_prompt,3794.7375,mistralai/Mistral-7B-Instruct-v0.3,TotalCharges,32,2026-04-21T15:26:26.394748+00:00
3077,3794.7375,2296.25,1498.4875000000002,2245464.7876562504,paper_single_prompt,3794.7375,mistralai/Mistral-7B-Instruct-v0.3,TotalCharges,32,2026-04-21T15:26:26.394748+00:00
3084,3694.7375,163.7,3531.0375000000004,12468225.826406252,paper_single_prompt,3694.7375,mistralai/Mistral-7B-Instruct-v0.3,TotalCharges,32,2026-04-21T15:26:26.394748+00:00
3096,3794.7375,4310.35,515.6125000000002,265856.2501562502,paper_single_prompt,3794.7375,mistralai/Mistral-7B-Instruct-v0.3,TotalCharges,32,2026-04-21T15:26:26.394748+00:00
3111,3794.7375,7372.65,3577.9124999999995,12801457.857656246,paper_single_prompt,3794.7375,mistralai/Mistral-7B-Instruct-v0.3,TotalCharges,32,2026-04-21T15:26:26.394748+00:00
3117,3794.7375,7475.85,3681.1125,13550589.23765625,paper_single_prompt,3794.7375,mistralai/Mistral-7B-Instruct-v0.3,TotalCharges,32,2026-04-21T15:26:26.394748+00:00
3134,3794.7375,702.9,3091.8375,9559459.12640625,paper_single_prompt,3794.7375,mistralai/Mistral-7B-Instruct-v0.3,TotalCharges,32,2026-04-21T15:26:26.394748+00:00
3156,3463.56,461.3,3002.2599999999998,9013565.107599998,paper_single_prompt,3463.56,mistralai/Mistral-7B-Instruct-v0.3,TotalCharges,32,2026-04-21T15:26:26.394748+00:00
3157,2283.300441,431.0,1852.3004409999999,3431016.923728794,paper_single_prompt,2283.300441 * 9 + 44.95 = 24162.70,mistralai/Mistral-7B-Instruct-v0.3,TotalCharges,32,2026-04-21T15:26:26.394748+00:00
3166,3369.52,664.4,2705.12,7317674.214399999,paper_single_prompt,3369.52,mistralai/Mistral-7B-Instruct-v0.3,TotalCharges,32,2026-04-21T15:26:26.394748+00:00
3172,3244.55,2448.75,795.8000000000002,633297.6400000002,paper_single_prompt,3244.55,mistralai/Mistral-7B-Instruct-v0.3,TotalCharges,32,2026-04-21T15:26:26.394748+00:00
3190,3794.7375,3632.0,162.73750000000018,26483.49390625006,paper_single_prompt,3794.7375,mistralai/Mistral-7B-Instruct-v0.3,TotalCharges,32,2026-04-21T15:26:26.394748+00:00
3196,3677.15,71.2,3605.9500000000003,13002875.402500002,paper_single_prompt,3677.15,mistralai/Mistral-7B-Instruct-v0.3,TotalCharges,32,2026-04-21T15:26:26.394748+00:00
3199,3794.7375,1821.8,1972.9375000000002,3892482.378906251,paper_single_prompt,3794.7375,mistralai/Mistral-7B-Instruct-v0.3,TotalCharges,32,2026-04-21T15:26:26.394748+00:00
3201,3491.35,4024.2,532.8499999999999,283929.1224999999,paper_single_prompt,3491.35,mistralai/Mistral-7B-Instruct-v0.3,TotalCharges,32,2026-04-21T15:26:26.394748+00:00
3208,3700.0,3420.5,279.5,78120.25,paper_single_prompt,3700.00,mistralai/Mistral-7B-Instruct-v0.3,TotalCharges,32,2026-04-21T15:26:26.394748+00:00
3230,3794.7375,1245.6,2549.1375000000003,6498101.993906251,paper_single_prompt,3794.7375,mistralai/Mistral-7B-Instruct-v0.3,TotalCharges,32,2026-04-21T15:26:26.394748+00:00
3234,3794.7375,452.55,3342.1875,11170217.28515625,paper_single_prompt,3794.7375,mistralai/Mistral-7B-Instruct-v0.3,TotalCharges,32,2026-04-21T15:26:26.394748+00:00
3256,3794.7375,5264.5,1469.7624999999998,2160201.8064062493,paper_single_prompt,3794.7375,mistralai/Mistral-7B-Instruct-v0.3,TotalCharges,32,2026-04-21T15:26:26.394748+00:00
3263,3424.54,4433.3,1008.7600000000002,1017596.7376000005,paper_single_prompt,3424.54,mistralai/Mistral-7B-Instruct-v0.3,TotalCharges,32,2026-04-21T15:26:26.394748+00:00
3279,3794.7375,1423.35,2371.3875000000003,5623478.6751562515,paper_single_prompt,3794.7375,mistralai/Mistral-7B-Instruct-v0.3,TotalCharges,32,2026-04-21T15:26:26.394748+00:00
3284,3197.82,3369.05,171.23000000000002,29319.712900000006,paper_single_prompt,3197.82,mistralai/Mistral-7B-Instruct-v0.3,TotalCharges,32,2026-04-21T15:26:26.394748+00:00
3289,3794.7375,3645.05,149.6875,22406.34765625,paper_single_prompt,3794.7375,mistralai/Mistral-7B-Instruct-v0.3,TotalCharges,32,2026-04-21T15:26:26.394748+00:00
3295,3794.7375,5714.2,1919.4624999999996,3684336.2889062488,paper_single_prompt,3794.7375,mistralai/Mistral-7B-Instruct-v0.3,TotalCharges,32,2026-04-21T15:26:26.394748+00:00
3311,3600.0,2104.55,1495.4499999999998,2236370.7024999997,paper_single_prompt,3600.0,mistralai/Mistral-7B-Instruct-v0.3,TotalCharges,32,2026-04-21T15:26:26.394748+00:00
3314,3700.55,3019.1,681.4500000000003,464374.1025000004,paper_single_prompt,3700.55,mistralai/Mistral-7B-Instruct-v0.3,TotalCharges,32,2026-04-21T15:26:26.394748+00:00
3326,3794.7375,2497.35,1297.3875000000003,1683214.3251562507,paper_single_prompt,3794.7375,mistralai/Mistral-7B-Instruct-v0.3,TotalCharges,32,2026-04-21T15:26:26.394748+00:00
3331,1397.475,,,,paper_single_prompt,1397.475,mistralai/Mistral-7B-Instruct-v0.3,TotalCharges,32,2026-04-21T15:26:26.394748+00:00
3345,3794.7375,7323.15,3528.4124999999995,12449694.770156246,paper_single_prompt,3794.7375,mistralai/Mistral-7B-Instruct-v0.3,TotalCharges,32,2026-04-21T15:26:26.394748+00:00
3351,3794.7375,834.15,2960.5875,8765078.34515625,paper_single_prompt,3794.7375,mistralai/Mistral-7B-Instruct-v0.3,TotalCharges,32,2026-04-21T15:26:26.394748+00:00
3364,3794.7375,2254.2,1540.5375000000004,2373255.788906251,paper_single_prompt,3794.7375,mistralai/Mistral-7B-Instruct-v0.3,TotalCharges,32,2026-04-21T15:26:26.394748+00:00
3367,3794.7375,4652.4,857.6624999999995,735584.963906249,paper_single_prompt,3794.7375,mistralai/Mistral-7B-Instruct-v0.3,TotalCharges,32,2026-04-21T15:26:26.394748+00:00
3377,3794.7375,1629.2,2165.5375000000004,4689552.663906252,paper_single_prompt,3794.7375,mistralai/Mistral-7B-Instruct-v0.3,TotalCharges,32,2026-04-21T15:26:26.394748+00:00
3378,3794.7375,6033.1,2238.3625,5010266.681406251,paper_single_prompt,3794.7375,mistralai/Mistral-7B-Instruct-v0.3,TotalCharges,32,2026-04-21T15:26:26.394748+00:00
3392,3441.65,2413.05,1028.6,1058017.9599999997,paper_single_prompt,3441.65,mistralai/Mistral-7B-Instruct-v0.3,TotalCharges,32,2026-04-21T15:26:26.394748+00:00
3399,3794.7375,3373.4,421.3375000000001,177525.2889062501,paper_single_prompt,3794.7375,mistralai/Mistral-7B-Instruct-v0.3,TotalCharges,32,2026-04-21T15:26:26.394748+00:00
3408,2500.0,151.3,2348.7,5516391.6899999995,paper_single_prompt,2500.0,mistralai/Mistral-7B-Instruct-v0.3,TotalCharges,32,2026-04-21T15:26:26.394748+00:00
3409,3794.7375,7714.65,3919.9124999999995,15365714.007656246,paper_single_prompt,3794.7375,mistralai/Mistral-7B-Instruct-v0.3,TotalCharges,32,2026-04-21T15:26:26.394748+00:00
3437,3794.7375,2364.0,1430.7375000000002,2047009.7939062505,paper_single_prompt,3794.7375,mistralai/Mistral-7B-Instruct-v0.3,TotalCharges,32,2026-04-21T15:26:26.394748+00:00
3447,3794.7375,3213.75,580.9875000000002,337546.47515625024,paper_single_prompt,3794.7375,mistralai/Mistral-7B-Instruct-v0.3,TotalCharges,32,2026-04-21T15:26:26.394748+00:00
3451,3700.0,4555.2,855.1999999999998,731367.0399999997,paper_single_prompt,3700.00,mistralai/Mistral-7B-Instruct-v0.3,TotalCharges,32,2026-04-21T15:26:26.394748+00:00
3454,3643.55,1025.15,2618.4,6856018.5600000005,paper_single_prompt,3643.55,mistralai/Mistral-7B-Instruct-v0.3,TotalCharges,32,2026-04-21T15:26:26.394748+00:00
3459,3732.55,789.55,2943.0,8661249.0,paper_single_prompt,3732.55,mistralai/Mistral-7B-Instruct-v0.3,TotalCharges,32,2026-04-21T15:26:26.394748+00:00
3461,2836.85,3131.8,294.9500000000003,86995.50250000016,paper_single_prompt,2836.85,mistralai/Mistral-7B-Instruct-v0.3,TotalCharges,32,2026-04-21T15:26:26.394748+00:00
3473,3794.7375,4512.7,717.9624999999996,515470.1514062495,paper_single_prompt,3794.7375,mistralai/Mistral-7B-Instruct-v0.3,TotalCharges,32,2026-04-21T15:26:26.394748+00:00
3482,3794.7375,865.85,2928.8875000000003,8578381.987656252,paper_single_prompt,3794.7375,mistralai/Mistral-7B-Instruct-v0.3,TotalCharges,32,2026-04-21T15:26:26.394748+00:00
3487,3794.7375,1078.75,2715.9875,7376588.100156251,paper_single_prompt,3794.7375,mistralai/Mistral-7B-Instruct-v0.3,TotalCharges,32,2026-04-21T15:26:26.394748+00:00
3488,3700.0,542.4,3157.6,9970437.76,paper_single_prompt,3700.0,mistralai/Mistral-7B-Instruct-v0.3,TotalCharges,32,2026-04-21T15:26:26.394748+00:00
3511,3794.7375,1279.0,2515.7375,6328935.168906251,paper_single_prompt,3794.7375,mistralai/Mistral-7B-Instruct-v0.3,TotalCharges,32,2026-04-21T15:26:26.394748+00:00
3523,3794.7375,7965.95,4171.2125,17399013.72015625,paper_single_prompt,3794.7375,mistralai/Mistral-7B-Instruct-v0.3,TotalCharges,32,2026-04-21T15:26:26.394748+00:00
3540,3794.7375,7726.35,3931.6125,15457576.850156251,paper_single_prompt,3794.7375,mistralai/Mistral-7B-Instruct-v0.3,TotalCharges,32,2026-04-21T15:26:26.394748+00:00
3541,3794.7375,2070.75,1723.9875000000002,2972132.9001562507,paper_single_prompt,3794.7375,mistralai/Mistral-7B-Instruct-v0.3,TotalCharges,32,2026-04-21T15:26:26.394748+00:00
3555,3794.7375,1734.5,2060.2375,4244578.556406251,paper_single_prompt,3794.7375,mistralai/Mistral-7B-Instruct-v0.3,TotalCharges,32,2026-04-21T15:26:26.394748+00:00
3563,3794.7375,2595.85,1198.8875000000003,1437331.2376562506,paper_single_prompt,3794.7375,mistralai/Mistral-7B-Instruct-v0.3,TotalCharges,32,2026-04-21T15:26:26.394748+00:00
3565,1811.55,50.75,1760.8,3100416.6399999997,paper_single_prompt,1811.55,mistralai/Mistral-7B-Instruct-v0.3,TotalCharges,32,2026-04-21T15:26:26.394748+00:00
3576,3794.7375,1623.15,2171.5875,4715792.27015625,paper_single_prompt,3794.7375,mistralai/Mistral-7B-Instruct-v0.3,TotalCharges,32,2026-04-21T15:26:26.394748+00:00
3593,2402.75,551.35,1851.4,3427681.9600000004,paper_single_prompt,2402.75,mistralai/Mistral-7B-Instruct-v0.3,TotalCharges,32,2026-04-21T15:26:26.394748+00:00
3595,2804.65,115.95,2688.7000000000003,7229107.690000001,paper_single_prompt,2804.65,mistralai/Mistral-7B-Instruct-v0.3,TotalCharges,32,2026-04-21T15:26:26.394748+00:00
3620,3794.7375,1750.85,2043.8875000000003,4177476.112656251,paper_single_prompt,3794.7375,mistralai/Mistral-7B-Instruct-v0.3,TotalCharges,32,2026-04-21T15:26:26.394748+00:00
3623,37.0,2575.45,2538.45,6443728.402499999,paper_single_prompt,37 * 72.25 + 72.25 = 2736.55,mistralai/Mistral-7B-Instruct-v0.3,TotalCharges,32,2026-04-21T15:26:26.394748+00:00
3634,3794.7375,7845.8,4051.0625,16411107.37890625,paper_single_prompt,3794.7375,mistralai/Mistral-7B-Instruct-v0.3,TotalCharges,32,2026-04-21T15:26:26.394748+00:00
3637,3794.7375,178.5,3616.2375,13077173.656406252,paper_single_prompt,3794.7375,mistralai/Mistral-7B-Instruct-v0.3,TotalCharges,32,2026-04-21T15:26:26.394748+00:00
3640,3794.7375,2745.2,1049.5375000000004,1101528.9639062507,paper_single_prompt,3794.7375,mistralai/Mistral-7B-Instruct-v0.3,TotalCharges,32,2026-04-21T15:26:26.394748+00:00
3646,3794.7375,3219.75,574.9875000000002,330610.6251562502,paper_single_prompt,3794.7375,mistralai/Mistral-7B-Instruct-v0.3,TotalCharges,32,2026-04-21T15:26:26.394748+00:00
3665,3794.7375,6994.6,3199.8625,10239120.01890625,paper_single_prompt,3794.7375,mistralai/Mistral-7B-Instruct-v0.3,TotalCharges,32,2026-04-21T15:26:26.394748+00:00
3676,3794.7375,2044.75,1749.9875000000002,3062456.250156251,paper_single_prompt,3794.7375,mistralai/Mistral-7B-Instruct-v0.3,TotalCharges,32,2026-04-21T15:26:26.394748+00:00
3681,3794.7375,4680.05,885.3125,783778.22265625,paper_single_prompt,3794.7375,mistralai/Mistral-7B-Instruct-v0.3,TotalCharges,32,2026-04-21T15:26:26.394748+00:00
3695,3794.7375,3089.6,705.1375000000003,497218.89390625036,paper_single_prompt,3794.7375,mistralai/Mistral-7B-Instruct-v0.3,TotalCharges,32,2026-04-21T15:26:26.394748+00:00
3704,3794.7375,5163.0,1368.2624999999998,1872142.2689062494,paper_single_prompt,3794.7375,mistralai/Mistral-7B-Instruct-v0.3,TotalCharges,32,2026-04-21T15:26:26.394748+00:00
3712,3794.7375,2774.55,1020.1875,1040782.53515625,paper_single_prompt,3794.7375,mistralai/Mistral-7B-Instruct-v0.3,TotalCharges,32,2026-04-21T15:26:26.394748+00:00
3748,3700.0,3771.5,71.5,5112.25,paper_single_prompt,3700.0,mistralai/Mistral-7B-Instruct-v0.3,TotalCharges,32,2026-04-21T15:26:26.394748+00:00
3761,3794.7375,5919.35,2124.6125,4513978.275156251,paper_single_prompt,3794.7375,mistralai/Mistral-7B-Instruct-v0.3,TotalCharges,32,2026-04-21T15:26:26.394748+00:00
3767,3794.7375,8240.85,4446.1125,19767916.36265625,paper_single_prompt,3794.7375,mistralai/Mistral-7B-Instruct-v0.3,TotalCharges,32,2026-04-21T15:26:26.394748+00:00
3777,3794.7375,890.5,2904.2375,8434595.45640625,paper_single_prompt,3794.7375,mistralai/Mistral-7B-Instruct-v0.3,TotalCharges,32,2026-04-21T15:26:26.394748+00:00
3797,3794.7375,3581.6,213.13750000000027,45427.59390625011,paper_single_prompt,3794.7375,mistralai/Mistral-7B-Instruct-v0.3,TotalCharges,32,2026-04-21T15:26:26.394748+00:00
3801,3794.7375,1505.85,2288.8875000000003,5239005.9876562515,paper_single_prompt,3794.7375,mistralai/Mistral-7B-Instruct-v0.3,TotalCharges,32,2026-04-21T15:26:26.394748+00:00
3826,1397.475,,,,paper_single_prompt,1397.475,mistralai/Mistral-7B-Instruct-v0.3,TotalCharges,32,2026-04-21T15:26:26.394748+00:00
3828,3794.7375,1319.95,2474.7875000000004,6124573.170156252,paper_single_prompt,3794.7375,mistralai/Mistral-7B-Instruct-v0.3,TotalCharges,32,2026-04-21T15:26:26.394748+00:00
3837,3794.7375,443.9,3350.8375,11228111.95140625,paper_single_prompt,3794.7375,mistralai/Mistral-7B-Instruct-v0.3,TotalCharges,32,2026-04-21T15:26:26.394748+00:00
3897,3794.7375,8425.15,4630.412499999999,21440719.920156244,paper_single_prompt,3794.7375,mistralai/Mistral-7B-Instruct-v0.3,TotalCharges,32,2026-04-21T15:26:26.394748+00:00
3924,3700.0,4029.95,329.9499999999998,108867.00249999989,paper_single_prompt,3700.00,mistralai/Mistral-7B-Instruct-v0.3,TotalCharges,32,2026-04-21T15:26:26.394748+00:00
3929,3396.95,2230.85,1166.1,1359789.2099999997,paper_single_prompt,3396.95,mistralai/Mistral-7B-Instruct-v0.3,TotalCharges,32,2026-04-21T15:26:26.394748+00:00
3931,3326.56,1837.7,1488.86,2216704.0996,paper_single_prompt,3326.56,mistralai/Mistral-7B-Instruct-v0.3,TotalCharges,32,2026-04-21T15:26:26.394748+00:00
3936,2850.0,576.95,2273.05,5166756.302500001,paper_single_prompt,2850.0,mistralai/Mistral-7B-Instruct-v0.3,TotalCharges,32,2026-04-21T15:26:26.394748+00:00
3941,2070.55,174.7,1895.8500000000001,3594247.2225000006,paper_single_prompt,2070.55,mistralai/Mistral-7B-Instruct-v0.3,TotalCharges,32,2026-04-21T15:26:26.394748+00:00
3948,3471.85,4968.0,1496.15,2238464.8225000002,paper_single_prompt,3471.85,mistralai/Mistral-7B-Instruct-v0.3,TotalCharges,32,2026-04-21T15:26:26.394748+00:00
3949,3794.7375,992.7,2802.0375000000004,7851414.151406252,paper_single_prompt,3794.7375,mistralai/Mistral-7B-Instruct-v0.3,TotalCharges,32,2026-04-21T15:26:26.394748+00:00
3952,3794.7375,7806.6,4011.8625,16095040.718906252,paper_single_prompt,3794.7375,mistralai/Mistral-7B-Instruct-v0.3,TotalCharges,32,2026-04-21T15:26:26.394748+00:00
3959,3700.0,3645.5,54.5,2970.25,paper_single_prompt,3700.0,mistralai/Mistral-7B-Instruct-v0.3,TotalCharges,32,2026-04-21T15:26:26.394748+00:00
3972,2837.85,2298.55,539.2999999999997,290844.4899999997,paper_single_prompt,2837.85,mistralai/Mistral-7B-Instruct-v0.3,TotalCharges,32,2026-04-21T15:26:26.394748+00:00
3980,3794.7375,2979.5,815.2375000000002,664612.1814062503,paper_single_prompt,3794.7375,mistralai/Mistral-7B-Instruct-v0.3,TotalCharges,32,2026-04-21T15:26:26.394748+00:00
3984,3794.7375,1857.85,1936.8875000000003,3751533.1876562512,paper_single_prompt,3794.7375,mistralai/Mistral-7B-Instruct-v0.3,TotalCharges,32,2026-04-21T15:26:26.394748+00:00
4008,3794.7375,2898.95,895.7875000000004,802435.2451562507,paper_single_prompt,3794.7375,mistralai/Mistral-7B-Instruct-v0.3,TotalCharges,32,2026-04-21T15:26:26.394748+00:00
4009,3794.7375,5309.5,1514.7624999999998,2294505.4314062493,paper_single_prompt,3794.7375,mistralai/Mistral-7B-Instruct-v0.3,TotalCharges,32,2026-04-21T15:26:26.394748+00:00
4015,3794.7375,1893.5,1901.2375000000002,3614704.031406251,paper_single_prompt,3794.7375,mistralai/Mistral-7B-Instruct-v0.3,TotalCharges,32,2026-04-21T15:26:26.394748+00:00
4035,3794.7375,4631.7,836.9624999999996,700506.2264062493,paper_single_prompt,3794.7375,mistralai/Mistral-7B-Instruct-v0.3,TotalCharges,32,2026-04-21T15:26:26.394748+00:00
4049,3794.7375,4753.85,959.1125000000002,919896.7876562503,paper_single_prompt,3794.7375,mistralai/Mistral-7B-Instruct-v0.3,TotalCharges,32,2026-04-21T15:26:26.394748+00:00
4051,3794.7375,6869.7,3074.9624999999996,9455394.376406249,paper_single_prompt,3794.7375,mistralai/Mistral-7B-Instruct-v0.3,TotalCharges,32,2026-04-21T15:26:26.394748+00:00
4057,3794.7375,1859.2,1935.5375000000001,3746305.4139062506,paper_single_prompt,3794.7375,mistralai/Mistral-7B-Instruct-v0.3,TotalCharges,32,2026-04-21T15:26:26.394748+00:00
4075,3246.54,2546.85,699.69,489566.0961000001,paper_single_prompt,3246.54,mistralai/Mistral-7B-Instruct-v0.3,TotalCharges,32,2026-04-21T15:26:26.394748+00:00
4103,3794.7375,6511.8,2717.0625,7382428.62890625,paper_single_prompt,3794.7375,mistralai/Mistral-7B-Instruct-v0.3,TotalCharges,32,2026-04-21T15:26:26.394748+00:00
4110,3794.7375,4664.15,869.4124999999995,755878.095156249,paper_single_prompt,3794.7375,mistralai/Mistral-7B-Instruct-v0.3,TotalCharges,32,2026-04-21T15:26:26.394748+00:00
4121,3794.7375,2510.2,1284.5375000000004,1650036.588906251,paper_single_prompt,3794.7375,mistralai/Mistral-7B-Instruct-v0.3,TotalCharges,32,2026-04-21T15:26:26.394748+00:00
4142,3794.7375,3870.0,75.26249999999982,5664.443906249972,paper_single_prompt,3794.7375,mistralai/Mistral-7B-Instruct-v0.3,TotalCharges,32,2026-04-21T15:26:26.394748+00:00
4155,3794.7375,8436.25,4641.5125,21543638.287656248,paper_single_prompt,3794.7375,mistralai/Mistral-7B-Instruct-v0.3,TotalCharges,32,2026-04-21T15:26:26.394748+00:00
4162,3794.7375,4575.35,780.6125000000002,609355.8751562503,paper_single_prompt,3794.7375,mistralai/Mistral-7B-Instruct-v0.3,TotalCharges,32,2026-04-21T15:26:26.394748+00:00
4164,3794.7375,7922.75,4128.0125,17040487.20015625,paper_single_prompt,3794.7375,mistralai/Mistral-7B-Instruct-v0.3,TotalCharges,32,2026-04-21T15:26:26.394748+00:00
4167,3750.0,3876.2,126.19999999999982,15926.439999999953,paper_single_prompt,3750.0,mistralai/Mistral-7B-Instruct-v0.3,TotalCharges,32,2026-04-21T15:26:26.394748+00:00
4168,3794.7375,3778.85,15.887500000000273,252.41265625000867,paper_single_prompt,3794.7375,mistralai/Mistral-7B-Instruct-v0.3,TotalCharges,32,2026-04-21T15:26:26.394748+00:00
4181,3794.7375,6164.7,2369.9624999999996,5616722.251406249,paper_single_prompt,3794.7375,mistralai/Mistral-7B-Instruct-v0.3,TotalCharges,32,2026-04-21T15:26:26.394748+00:00
4182,3794.7375,2862.75,931.9875000000002,868600.7001562504,paper_single_prompt,3794.7375,mistralai/Mistral-7B-Instruct-v0.3,TotalCharges,32,2026-04-21T15:26:26.394748+00:00
4186,3794.7375,6590.5,2795.7625,7816287.956406249,paper_single_prompt,3794.7375,mistralai/Mistral-7B-Instruct-v0.3,TotalCharges,32,2026-04-21T15:26:26.394748+00:00
4188,3794.7375,2890.65,904.0875000000001,817374.2076562502,paper_single_prompt,3794.7375,mistralai/Mistral-7B-Instruct-v0.3,TotalCharges,32,2026-04-21T15:26:26.394748+00:00
4189,3794.7375,4885.85,1091.1125000000002,1190526.4876562504,paper_single_prompt,3794.7375,mistralai/Mistral-7B-Instruct-v0.3,TotalCharges,32,2026-04-21T15:26:26.394748+00:00
4203,2006.85,96.8,1910.05,3648291.0025,paper_single_prompt,2006.85,mistralai/Mistral-7B-Instruct-v0.3,TotalCharges,32,2026-04-21T15:26:26.394748+00:00
4208,3700.0,4263.4,563.3999999999996,317419.5599999996,paper_single_prompt,3700.0,mistralai/Mistral-7B-Instruct-v0.3,TotalCharges,32,2026-04-21T15:26:26.394748+00:00
4215,3794.7375,7840.6,4045.8625,16369003.368906252,paper_single_prompt,3794.7375,mistralai/Mistral-7B-Instruct-v0.3,TotalCharges,32,2026-04-21T15:26:26.394748+00:00
4219,3700.0,3772.65,72.65000000000009,5278.022500000013,paper_single_prompt,3700.0,mistralai/Mistral-7B-Instruct-v0.3,TotalCharges,32,2026-04-21T15:26:26.394748+00:00
4238,3794.7375,1061.6,2733.1375000000003,7470040.593906252,paper_single_prompt,3794.7375,mistralai/Mistral-7B-Instruct-v0.3,TotalCharges,32,2026-04-21T15:26:26.394748+00:00
4245,3794.7375,1275.85,2518.8875000000003,6344794.2376562515,paper_single_prompt,3794.7375,mistralai/Mistral-7B-Instruct-v0.3,TotalCharges,32,2026-04-21T15:26:26.394748+00:00
4252,3700.0,1033.9,2666.1,7108089.21,paper_single_prompt,3700.0,mistralai/Mistral-7B-Instruct-v0.3,TotalCharges,32,2026-04-21T15:26:26.394748+00:00
4266,3794.7375,6529.25,2734.5125,7477558.612656249,paper_single_prompt,3794.7375,mistralai/Mistral-7B-Instruct-v0.3,TotalCharges,32,2026-04-21T15:26:26.394748+00:00
4284,3794.7375,2897.95,896.7875000000004,804227.8201562506,paper_single_prompt,3794.7375,mistralai/Mistral-7B-Instruct-v0.3,TotalCharges,32,2026-04-21T15:26:26.394748+00:00
4318,3700.0,4284.65,584.6499999999996,341815.6224999996,paper_single_prompt,3700.0,mistralai/Mistral-7B-Instruct-v0.3,TotalCharges,32,2026-04-21T15:26:26.394748+00:00
4320,3794.7375,1539.75,2254.9875,5084968.625156251,paper_single_prompt,3794.7375,mistralai/Mistral-7B-Instruct-v0.3,TotalCharges,32,2026-04-21T15:26:26.394748+00:00
4343,2818.65,606.25,2212.4,4894713.760000001,paper_single_prompt,2818.65,mistralai/Mistral-7B-Instruct-v0.3,TotalCharges,32,2026-04-21T15:26:26.394748+00:00
4357,3366.85,330.8,3036.0499999999997,9217599.6025,paper_single_prompt,3366.85,mistralai/Mistral-7B-Instruct-v0.3,TotalCharges,32,2026-04-21T15:26:26.394748+00:00
4359,3794.7375,2249.1,1545.6375000000003,2388995.281406251,paper_single_prompt,3794.7375,mistralai/Mistral-7B-Instruct-v0.3,TotalCharges,32,2026-04-21T15:26:26.394748+00:00
4380,1397.475,,,,paper_single_prompt,1397.475,mistralai/Mistral-7B-Instruct-v0.3,TotalCharges,32,2026-04-21T15:26:26.394748+00:00
4386,3794.7375,3046.4,748.3375000000001,560009.0139062501,paper_single_prompt,3794.7375,mistralai/Mistral-7B-Instruct-v0.3,TotalCharges,32,2026-04-21T15:26:26.394748+00:00
4398,3794.7375,4858.7,1063.9624999999996,1132016.2014062493,paper_single_prompt,3794.7375,mistralai/Mistral-7B-Instruct-v0.3,TotalCharges,32,2026-04-21T15:26:26.394748+00:00
4427,3794.7375,4917.75,1123.0124999999998,1261157.0751562496,paper_single_prompt,3794.7375,mistralai/Mistral-7B-Instruct-v0.3,TotalCharges,32,2026-04-21T15:26:26.394748+00:00
4436,3600.6,1297.8,2302.8,5302887.840000001,paper_single_prompt,3600.6,mistralai/Mistral-7B-Instruct-v0.3,TotalCharges,32,2026-04-21T15:26:26.394748+00:00
4456,3794.7375,1614.9,2179.8375,4751691.52640625,paper_single_prompt,3794.7375,mistralai/Mistral-7B-Instruct-v0.3,TotalCharges,32,2026-04-21T15:26:26.394748+00:00
4457,3794.7375,1573.95,2220.7875000000004,4931897.120156252,paper_single_prompt,3794.7375,mistralai/Mistral-7B-Instruct-v0.3,TotalCharges,32,2026-04-21T15:26:26.394748+00:00
4463,1794.71,69.85,1724.8600000000001,2975142.0196,paper_single_prompt,1794.71,mistralai/Mistral-7B-Instruct-v0.3,TotalCharges,32,2026-04-21T15:26:26.394748+00:00
4470,2809.85,322.5,2487.35,6186910.0225,paper_single_prompt,2809.85,mistralai/Mistral-7B-Instruct-v0.3,TotalCharges,32,2026-04-21T15:26:26.394748+00:00
4481,3794.7375,1626.05,2168.6875,4703205.47265625,paper_single_prompt,3794.7375,mistralai/Mistral-7B-Instruct-v0.3,TotalCharges,32,2026-04-21T15:26:26.394748+00:00
4486,3794.7375,5500.6,1705.8625000000002,2909966.8689062507,paper_single_prompt,3794.7375,mistralai/Mistral-7B-Instruct-v0.3,TotalCharges,32,2026-04-21T15:26:26.394748+00:00
4488,3794.7375,3229.4,565.3375000000001,319606.4889062501,paper_single_prompt,3794.7375,mistralai/Mistral-7B-Instruct-v0.3,TotalCharges,32,2026-04-21T15:26:26.394748+00:00
4491,1397.475,19.75,1377.725,1898126.1756249997,paper_single_prompt,1397.475,mistralai/Mistral-7B-Instruct-v0.3,TotalCharges,32,2026-04-21T15:26:26.394748+00:00
4492,3794.7375,1230.9,2563.8375,6573262.72640625,paper_single_prompt,3794.7375,mistralai/Mistral-7B-Instruct-v0.3,TotalCharges,32,2026-04-21T15:26:26.394748+00:00
4504,37.0,785.75,748.75,560626.5625,paper_single_prompt,37 * 20.15 + 20.15 = 748.45,mistralai/Mistral-7B-Instruct-v0.3,TotalCharges,32,2026-04-21T15:26:26.394748+00:00
4507,2688.65,574.5,2114.15,4469630.2225,paper_single_prompt,2688.65,mistralai/Mistral-7B-Instruct-v0.3,TotalCharges,32,2026-04-21T15:26:26.394748+00:00
4512,3794.7375,5212.65,1417.9124999999995,2010475.8576562484,paper_single_prompt,3794.7375,mistralai/Mistral-7B-Instruct-v0.3,TotalCharges,32,2026-04-21T15:26:26.394748+00:00
4525,3794.7375,2979.3,815.4375,664938.31640625,paper_single_prompt,3794.7375,mistralai/Mistral-7B-Instruct-v0.3,TotalCharges,32,2026-04-21T15:26:26.394748+00:00
4535,3794.7375,3046.15,748.5875000000001,560383.2451562501,paper_single_prompt,3794.7375,mistralai/Mistral-7B-Instruct-v0.3,TotalCharges,32,2026-04-21T15:26:26.394748+00:00
4550,3794.7375,1988.05,1806.6875000000002,3264119.722656251,paper_single_prompt,3794.7375,mistralai/Mistral-7B-Instruct-v0.3,TotalCharges,32,2026-04-21T15:26:26.394748+00:00
4561,2842.85,446.8,2396.0499999999997,5741055.602499999,paper_single_prompt,2842.85,mistralai/Mistral-7B-Instruct-v0.3,TotalCharges,32,2026-04-21T15:26:26.394748+00:00
4584,3794.7375,5031.0,1236.2624999999998,1528344.9689062496,paper_single_prompt,3794.7375,mistralai/Mistral-7B-Instruct-v0.3,TotalCharges,32,2026-04-21T15:26:26.394748+00:00
4593,3794.7375,246.3,3548.4375,12591408.69140625,paper_single_prompt,3794.7375,mistralai/Mistral-7B-Instruct-v0.3,TotalCharges,32,2026-04-21T15:26:26.394748+00:00
4594,3794.7375,2110.15,1684.5875,2837835.0451562502,paper_single_prompt,3794.7375,mistralai/Mistral-7B-Instruct-v0.3,TotalCharges,32,2026-04-21T15:26:26.394748+00:00
4598,3794.7375,969.85,2824.8875000000003,7979989.387656252,paper_single_prompt,3794.7375,mistralai/Mistral-7B-Instruct-v0.3,TotalCharges,32,2026-04-21T15:26:26.394748+00:00
4600,3794.7375,6567.9,2773.1624999999995,7690430.251406247,paper_single_prompt,3794.7375,mistralai/Mistral-7B-Instruct-v0.3,TotalCharges,32,2026-04-21T15:26:26.394748+00:00
4610,3794.7375,8684.8,4890.062499999999,23912711.253906243,paper_single_prompt,3794.7375,mistralai/Mistral-7B-Instruct-v0.3,TotalCharges,32,2026-04-21T15:26:26.394748+00:00
4611,3794.7375,1776.45,2018.2875000000001,4073484.4326562504,paper_single_prompt,3794.7375,mistralai/Mistral-7B-Instruct-v0.3,TotalCharges,32,2026-04-21T15:26:26.394748+00:00
4612,2834.15,2933.95,99.79999999999973,9960.039999999946,paper_single_prompt,2834.15,mistralai/Mistral-7B-Instruct-v0.3,TotalCharges,32,2026-04-21T15:26:26.394748+00:00
4613,3297.35,4370.25,1072.9,1151114.4100000001,paper_single_prompt,3297.35,mistralai/Mistral-7B-Instruct-v0.3,TotalCharges,32,2026-04-21T15:26:26.394748+00:00
4620,3794.7375,8332.15,4537.412499999999,20588112.195156246,paper_single_prompt,3794.7375,mistralai/Mistral-7B-Instruct-v0.3,TotalCharges,32,2026-04-21T15:26:26.394748+00:00
4624,3794.7375,740.3,3054.4375,9329588.44140625,paper_single_prompt,3794.7375,mistralai/Mistral-7B-Instruct-v0.3,TotalCharges,32,2026-04-21T15:26:26.394748+00:00
4642,3794.7375,4820.15,1025.4124999999995,1051470.7951562488,paper_single_prompt,3794.7375,mistralai/Mistral-7B-Instruct-v0.3,TotalCharges,32,2026-04-21T15:26:26.394748+00:00
4656,3794.7375,1615.1,2179.6375000000003,4750819.631406251,paper_single_prompt,3794.7375,mistralai/Mistral-7B-Instruct-v0.3,TotalCharges,32,2026-04-21T15:26:26.394748+00:00
4667,3794.7375,375.25,3419.4875,11692894.762656251,paper_single_prompt,3794.7375,mistralai/Mistral-7B-Instruct-v0.3,TotalCharges,32,2026-04-21T15:26:26.394748+00:00
4684,3794.7375,7262.0,3467.2625,12021909.243906248,paper_single_prompt,3794.7375,mistralai/Mistral-7B-Instruct-v0.3,TotalCharges,32,2026-04-21T15:26:26.394748+00:00
4686,3794.7375,7748.75,3954.0125,15634214.85015625,paper_single_prompt,3794.7375,mistralai/Mistral-7B-Instruct-v0.3,TotalCharges,32,2026-04-21T15:26:26.394748+00:00
4691,3794.7375,5688.05,1893.3125,3584632.22265625,paper_single_prompt,3794.7375,mistralai/Mistral-7B-Instruct-v0.3,TotalCharges,32,2026-04-21T15:26:26.394748+00:00
4699,3794.7375,5174.35,1379.6125000000002,1903330.6501562505,paper_single_prompt,3794.7375,mistralai/Mistral-7B-Instruct-v0.3,TotalCharges,32,2026-04-21T15:26:26.394748+00:00
4703,3794.7375,1772.25,2022.4875000000002,4090455.687656251,paper_single_prompt,3794.7375,mistralai/Mistral-7B-Instruct-v0.3,TotalCharges,32,2026-04-21T15:26:26.394748+00:00
4710,2811.65,217.5,2594.15,6729614.2225,paper_single_prompt,2811.65,mistralai/Mistral-7B-Instruct-v0.3,TotalCharges,32,2026-04-21T15:26:26.394748+00:00
4726,3794.7375,3580.95,213.78750000000036,45705.09515625016,paper_single_prompt,3794.7375,mistralai/Mistral-7B-Instruct-v0.3,TotalCharges,32,2026-04-21T15:26:26.394748+00:00
4734,3794.7375,3182.95,611.7875000000004,374283.94515625044,paper_single_prompt,3794.7375,mistralai/Mistral-7B-Instruct-v0.3,TotalCharges,32,2026-04-21T15:26:26.394748+00:00
4736,3700.0,4620.4,920.3999999999996,847136.1599999993,paper_single_prompt,3700.0,mistralai/Mistral-7B-Instruct-v0.3,TotalCharges,32,2026-04-21T15:26:26.394748+00:00
4743,3697.15,3389.25,307.9000000000001,94802.41000000006,paper_single_prompt,3697.15,mistralai/Mistral-7B-Instruct-v0.3,TotalCharges,32,2026-04-21T15:26:26.394748+00:00
4744,3794.7375,1198.05,2596.6875,6742785.97265625,paper_single_prompt,3794.7375,mistralai/Mistral-7B-Instruct-v0.3,TotalCharges,32,2026-04-21T15:26:26.394748+00:00
4751,3794.7375,245.2,3549.5375000000004,12599216.463906253,paper_single_prompt,3794.7375,mistralai/Mistral-7B-Instruct-v0.3,TotalCharges,32,2026-04-21T15:26:26.394748+00:00
4768,3794.7375,1388.45,2406.2875000000004,5790219.532656251,paper_single_prompt,3794.7375,mistralai/Mistral-7B-Instruct-v0.3,TotalCharges,32,2026-04-21T15:26:26.394748+00:00
4772,3600.0,4134.7,534.6999999999998,285904.0899999998,paper_single_prompt,3600.0,mistralai/Mistral-7B-Instruct-v0.3,TotalCharges,32,2026-04-21T15:26:26.394748+00:00
4786,3794.7375,7634.8,3840.0625,14746080.00390625,paper_single_prompt,3794.7375,mistralai/Mistral-7B-Instruct-v0.3,TotalCharges,32,2026-04-21T15:26:26.394748+00:00
4790,3794.7375,2633.4,1161.3375,1348704.7889062501,paper_single_prompt,3794.7375,mistralai/Mistral-7B-Instruct-v0.3,TotalCharges,32,2026-04-21T15:26:26.394748+00:00
4808,3700.0,4299.95,599.9499999999998,359940.00249999977,paper_single_prompt,3700.0,mistralai/Mistral-7B-Instruct-v0.3,TotalCharges,32,2026-04-21T15:26:26.394748+00:00
4821,3700.0,2959.8,740.1999999999998,547896.0399999997,paper_single_prompt,3700.0,mistralai/Mistral-7B-Instruct-v0.3,TotalCharges,32,2026-04-21T15:26:26.394748+00:00
4824,3794.7375,7133.1,3338.3625,11144664.181406252,paper_single_prompt,3794.7375,mistralai/Mistral-7B-Instruct-v0.3,TotalCharges,32,2026-04-21T15:26:26.394748+00:00
4842,3794.7375,494.05,3300.6875,10894537.97265625,paper_single_prompt,3794.7375,mistralai/Mistral-7B-Instruct-v0.3,TotalCharges,32,2026-04-21T15:26:26.394748+00:00
4844,37.0,755.4,718.4,516098.55999999994,paper_single_prompt,"37 * 20.3 + 20.3 = 750.1

Explanation:
The imput",mistralai/Mistral-7B-Instruct-v0.3,TotalCharges,32,2026-04-21T15:26:26.394748+00:00
4855,3794.7375,6605.55,2810.8125,7900666.91015625,paper_single_prompt,3794.7375,mistralai/Mistral-7B-Instruct-v0.3,TotalCharges,32,2026-04-21T15:26:26.394748+00:00
4897,2803.15,469.65,2333.5,5445222.25,paper_single_prompt,2803.15,mistralai/Mistral-7B-Instruct-v0.3,TotalCharges,32,2026-04-21T15:26:26.394748+00:00
4904,3794.7375,3645.5,149.23750000000018,22271.831406250054,paper_single_prompt,3794.7375,mistralai/Mistral-7B-Instruct-v0.3,TotalCharges,32,2026-04-21T15:26:26.394748+00:00
4911,3794.7375,6141.65,2346.9124999999995,5507998.282656248,paper_single_prompt,3794.7375,mistralai/Mistral-7B-Instruct-v0.3,TotalCharges,32,2026-04-21T15:26:26.394748+00:00
4918,3794.7375,1086.75,2707.9875,7333196.300156251,paper_single_prompt,3794.7375,mistralai/Mistral-7B-Instruct-v0.3,TotalCharges,32,2026-04-21T15:26:26.394748+00:00
4921,3794.7375,3767.4,27.33750000000009,747.3389062500049,paper_single_prompt,3794.7375,mistralai/Mistral-7B-Instruct-v0.3,TotalCharges,32,2026-04-21T15:26:26.394748+00:00
4922,3794.7375,3641.5,153.23750000000018,23481.731406250055,paper_single_prompt,3794.7375,mistralai/Mistral-7B-Instruct-v0.3,TotalCharges,32,2026-04-21T15:26:26.394748+00:00
4933,1846.64,223.75,1622.89,2633771.9521000003,paper_single_prompt,1846.64,mistralai/Mistral-7B-Instruct-v0.3,TotalCharges,32,2026-04-21T15:26:26.394748+00:00
4934,3794.7375,7751.7,3956.9624999999996,15657552.226406246,paper_single_prompt,3794.7375,mistralai/Mistral-7B-Instruct-v0.3,TotalCharges,32,2026-04-21T15:26:26.394748+00:00
4936,3794.7375,4385.05,590.3125,348468.84765625,paper_single_prompt,3794.7375,mistralai/Mistral-7B-Instruct-v0.3,TotalCharges,32,2026-04-21T15:26:26.394748+00:00
4943,3794.7375,5969.3,2174.5625,4728722.06640625,paper_single_prompt,3794.7375,mistralai/Mistral-7B-Instruct-v0.3,TotalCharges,32,2026-04-21T15:26:26.394748+00:00
4956,2637.85,742.95,1894.8999999999999,3590646.0099999993,paper_single_prompt,2637.85,mistralai/Mistral-7B-Instruct-v0.3,TotalCharges,32,2026-04-21T15:26:26.394748+00:00
4964,3794.7375,1834.95,1959.7875000000001,3840767.0451562507,paper_single_prompt,3794.7375,mistralai/Mistral-7B-Instruct-v0.3,TotalCharges,32,2026-04-21T15:26:26.394748+00:00
4981,2866.15,712.75,2153.4,4637131.5600000005,paper_single_prompt,2866.15,mistralai/Mistral-7B-Instruct-v0.3,TotalCharges,32,2026-04-21T15:26:26.394748+00:00
4982,3794.7375,6405.0,2610.2625,6813470.3189062495,paper_single_prompt,3794.7375,mistralai/Mistral-7B-Instruct-v0.3,TotalCharges,32,2026-04-21T15:26:26.394748+00:00
5010,3794.7375,5321.25,1526.5124999999998,2330240.4126562495,paper_single_prompt,3794.7375,mistralai/Mistral-7B-Instruct-v0.3,TotalCharges,32,2026-04-21T15:26:26.394748+00:00
5011,3794.7375,4156.8,362.0625,131089.25390625,paper_single_prompt,3794.7375,mistralai/Mistral-7B-Instruct-v0.3,TotalCharges,32,2026-04-21T15:26:26.394748+00:00
5036,3794.7375,1375.15,2419.5875,5854403.670156251,paper_single_prompt,3794.7375,mistralai/Mistral-7B-Instruct-v0.3,TotalCharges,32,2026-04-21T15:26:26.394748+00:00
5054,3794.7375,3674.95,119.78750000000036,14349.045156250088,paper_single_prompt,3794.7375,mistralai/Mistral-7B-Instruct-v0.3,TotalCharges,32,2026-04-21T15:26:26.394748+00:00
5063,3794.7375,1852.85,1941.8875000000003,3770927.0626562512,paper_single_prompt,3794.7375,mistralai/Mistral-7B-Instruct-v0.3,TotalCharges,32,2026-04-21T15:26:26.394748+00:00
5068,3794.7375,1493.2,2301.5375000000004,5297074.863906251,paper_single_prompt,3794.7375,mistralai/Mistral-7B-Instruct-v0.3,TotalCharges,32,2026-04-21T15:26:26.394748+00:00
5070,3794.7375,3030.6,764.1375000000003,583906.1189062505,paper_single_prompt,3794.7375,mistralai/Mistral-7B-Instruct-v0.3,TotalCharges,32,2026-04-21T15:26:26.394748+00:00
5081,3600.0,3729.6,129.5999999999999,16796.159999999978,paper_single_prompt,3600.0,mistralai/Mistral-7B-Instruct-v0.3,TotalCharges,32,2026-04-21T15:26:26.394748+00:00
5090,2896.85,673.1,2223.75,4945064.0625,paper_single_prompt,2896.85,mistralai/Mistral-7B-Instruct-v0.3,TotalCharges,32,2026-04-21T15:26:26.394748+00:00
5102,3794.7375,7881.2,4086.4624999999996,16699175.763906248,paper_single_prompt,3794.7375,mistralai/Mistral-7B-Instruct-v0.3,TotalCharges,32,2026-04-21T15:26:26.394748+00:00
5126,3794.7375,5925.75,2131.0125,4541214.275156249,paper_single_prompt,3794.7375,mistralai/Mistral-7B-Instruct-v0.3,TotalCharges,32,2026-04-21T15:26:26.394748+00:00
5133,3794.7375,2433.9,1360.8375,1851878.7014062502,paper_single_prompt,3794.7375,mistralai/Mistral-7B-Instruct-v0.3,TotalCharges,32,2026-04-21T15:26:26.394748+00:00
5153,3794.7375,3851.45,56.712499999999636,3216.3076562499587,paper_single_prompt,3794.7375,mistralai/Mistral-7B-Instruct-v0.3,TotalCharges,32,2026-04-21T15:26:26.394748+00:00
5177,3794.7375,3021.6,773.1375000000003,597741.5939062504,paper_single_prompt,3794.7375,mistralai/Mistral-7B-Instruct-v0.3,TotalCharges,32,2026-04-21T15:26:26.394748+00:00
5185,2741.85,3478.15,736.3000000000002,542137.6900000003,paper_single_prompt,2741.85,mistralai/Mistral-7B-Instruct-v0.3,TotalCharges,32,2026-04-21T15:26:26.394748+00:00
5192,3794.7375,1189.9,2604.8375,6785178.401406251,paper_single_prompt,3794.7375,mistralai/Mistral-7B-Instruct-v0.3,TotalCharges,32,2026-04-21T15:26:26.394748+00:00
5193,3794.7375,1914.5,1880.2375000000002,3535293.0564062507,paper_single_prompt,3794.7375,mistralai/Mistral-7B-Instruct-v0.3,TotalCharges,32,2026-04-21T15:26:26.394748+00:00
5202,3794.7375,6555.2,2760.4624999999996,7620153.213906248,paper_single_prompt,3794.7375,mistralai/Mistral-7B-Instruct-v0.3,TotalCharges,32,2026-04-21T15:26:26.394748+00:00
5218,1397.475,,,,paper_single_prompt,1397.475,mistralai/Mistral-7B-Instruct-v0.3,TotalCharges,32,2026-04-21T15:26:26.394748+00:00
5220,3794.7375,1734.5,2060.2375,4244578.556406251,paper_single_prompt,3794.7375,mistralai/Mistral-7B-Instruct-v0.3,TotalCharges,32,2026-04-21T15:26:26.394748+00:00
5223,3794.7375,1538.6,2256.1375000000003,5090156.418906251,paper_single_prompt,3794.7375,mistralai/Mistral-7B-Instruct-v0.3,TotalCharges,32,2026-04-21T15:26:26.394748+00:00
5241,3700.0,3627.3,72.69999999999982,5285.289999999974,paper_single_prompt,3700.0,mistralai/Mistral-7B-Instruct-v0.3,TotalCharges,32,2026-04-21T15:26:26.394748+00:00
5244,3366.55,4192.15,825.5999999999995,681615.359999999,paper_single_prompt,3366.55,mistralai/Mistral-7B-Instruct-v0.3,TotalCharges,32,2026-04-21T15:26:26.394748+00:00
5257,3794.7375,3744.05,50.6875,2569.22265625,paper_single_prompt,3794.7375,mistralai/Mistral-7B-Instruct-v0.3,TotalCharges,32,2026-04-21T15:26:26.394748+00:00
5259,3794.7375,2351.45,1443.2875000000004,2083078.8076562511,paper_single_prompt,3794.7375,mistralai/Mistral-7B-Instruct-v0.3,TotalCharges,32,2026-04-21T15:26:26.394748+00:00
5263,2892.36,2479.05,413.30999999999995,170825.15609999996,paper_single_prompt,2892.36,mistralai/Mistral-7B-Instruct-v0.3,TotalCharges,32,2026-04-21T15:26:26.394748+00:00
5267,3794.7375,183.15,3611.5875,13043564.270156251,paper_single_prompt,3794.7375,mistralai/Mistral-7B-Instruct-v0.3,TotalCharges,32,2026-04-21T15:26:26.394748+00:00
5279,3457.15,1790.15,1667.0,2778889.0,paper_single_prompt,3457.15,mistralai/Mistral-7B-Instruct-v0.3,TotalCharges,32,2026-04-21T15:26:26.394748+00:00
5289,3794.7375,6993.65,3198.9124999999995,10233041.182656247,paper_single_prompt,3794.7375,mistralai/Mistral-7B-Instruct-v0.3,TotalCharges,32,2026-04-21T15:26:26.394748+00:00
5299,3794.7375,2812.2,982.5375000000004,965379.9389062508,paper_single_prompt,3794.7375,mistralai/Mistral-7B-Instruct-v0.3,TotalCharges,32,2026-04-21T15:26:26.394748+00:00
5323,3600.0,6225.4,2625.3999999999996,6892725.159999998,paper_single_prompt,3600.0,mistralai/Mistral-7B-Instruct-v0.3,TotalCharges,32,2026-04-21T15:26:26.394748+00:00
5343,3700.0,3330.1,369.9000000000001,136826.01000000007,paper_single_prompt,3700.0,mistralai/Mistral-7B-Instruct-v0.3,TotalCharges,32,2026-04-21T15:26:26.394748+00:00
5344,3769.55,5522.7,1753.1499999999996,3073534.922499999,paper_single_prompt,3769.55,mistralai/Mistral-7B-Instruct-v0.3,TotalCharges,32,2026-04-21T15:26:26.394748+00:00
5362,3794.7375,1715.1,2079.6375000000003,4324892.131406251,paper_single_prompt,3794.7375,mistralai/Mistral-7B-Instruct-v0.3,TotalCharges,32,2026-04-21T15:26:26.394748+00:00
5363,3496.85,1715.15,1781.6999999999998,3174454.889999999,paper_single_prompt,3496.85,mistralai/Mistral-7B-Instruct-v0.3,TotalCharges,32,2026-04-21T15:26:26.394748+00:00
5370,3794.7375,1442.2,2352.5375000000004,5534432.688906251,paper_single_prompt,3794.7375,mistralai/Mistral-7B-Instruct-v0.3,TotalCharges,32,2026-04-21T15:26:26.394748+00:00
5372,3124.36,5222.35,2097.9900000000002,4401562.040100001,paper_single_prompt,3124.36,mistralai/Mistral-7B-Instruct-v0.3,TotalCharges,32,2026-04-21T15:26:26.394748+00:00
5379,3794.7375,5270.6,1475.8625000000002,2178170.1189062507,paper_single_prompt,3794.7375,mistralai/Mistral-7B-Instruct-v0.3,TotalCharges,32,2026-04-21T15:26:26.394748+00:00
5389,3794.7375,3649.6,145.13750000000027,21064.89390625008,paper_single_prompt,3794.7375,mistralai/Mistral-7B-Instruct-v0.3,TotalCharges,32,2026-04-21T15:26:26.394748+00:00
5414,3794.7375,6903.1,3108.3625,9661917.43140625,paper_single_prompt,3794.7375,mistralai/Mistral-7B-Instruct-v0.3,TotalCharges,32,2026-04-21T15:26:26.394748+00:00
5434,3794.7375,3275.15,519.5875000000001,269971.17015625007,paper_single_prompt,3794.7375,mistralai/Mistral-7B-Instruct-v0.3,TotalCharges,32,2026-04-21T15:26:26.394748+00:00
5435,3700.0,4236.6,536.6000000000004,287939.5600000004,paper_single_prompt,3700.00,mistralai/Mistral-7B-Instruct-v0.3,TotalCharges,32,2026-04-21T15:26:26.394748+00:00
5445,3794.7375,5411.65,1616.9124999999995,2614406.032656248,paper_single_prompt,3794.7375,mistralai/Mistral-7B-Instruct-v0.3,TotalCharges,32,2026-04-21T15:26:26.394748+00:00
5449,3794.7375,6895.5,3100.7625,9614728.081406249,paper_single_prompt,3794.7375,mistralai/Mistral-7B-Instruct-v0.3,TotalCharges,32,2026-04-21T15:26:26.394748+00:00
5451,3794.7375,6856.95,3062.2124999999996,9377145.395156248,paper_single_prompt,3794.7375,mistralai/Mistral-7B-Instruct-v0.3,TotalCharges,32,2026-04-21T15:26:26.394748+00:00
5470,3794.7375,6435.25,2640.5125,6972306.262656249,paper_single_prompt,3794.7375,mistralai/Mistral-7B-Instruct-v0.3,TotalCharges,32,2026-04-21T15:26:26.394748+00:00
5475,2834.35,3092.65,258.3000000000002,66718.89000000009,paper_single_prompt,2834.35,mistralai/Mistral-7B-Instruct-v0.3,TotalCharges,32,2026-04-21T15:26:26.394748+00:00
5483,3338.85,4458.15,1119.2999999999997,1252832.4899999993,paper_single_prompt,3338.85,mistralai/Mistral-7B-Instruct-v0.3,TotalCharges,32,2026-04-21T15:26:26.394748+00:00
5484,3794.7375,6856.45,3061.7124999999996,9374083.432656247,paper_single_prompt,3794.7375,mistralai/Mistral-7B-Instruct-v0.3,TotalCharges,32,2026-04-21T15:26:26.394748+00:00
5486,3794.7375,4735.2,940.4624999999996,884469.7139062493,paper_single_prompt,3794.7375,mistralai/Mistral-7B-Instruct-v0.3,TotalCharges,32,2026-04-21T15:26:26.394748+00:00
5491,3794.7375,1424.4,2370.3375,5618499.86390625,paper_single_prompt,3794.7375,mistralai/Mistral-7B-Instruct-v0.3,TotalCharges,32,2026-04-21T15:26:26.394748+00:00
5497,3794.7375,2541.25,1253.4875000000002,1571230.9126562504,paper_single_prompt,3794.7375,mistralai/Mistral-7B-Instruct-v0.3,TotalCharges,32,2026-04-21T15:26:26.394748+00:00
5500,3794.7375,3694.45,100.28750000000036,10057.582656250073,paper_single_prompt,3794.7375,mistralai/Mistral-7B-Instruct-v0.3,TotalCharges,32,2026-04-21T15:26:26.394748+00:00
5504,3794.7375,3912.9,118.16249999999991,13962.376406249978,paper_single_prompt,3794.7375,mistralai/Mistral-7B-Instruct-v0.3,TotalCharges,32,2026-04-21T15:26:26.394748+00:00
5511,3769.74,5289.8,1520.0600000000004,2310582.4036000012,paper_single_prompt,3769.74,mistralai/Mistral-7B-Instruct-v0.3,TotalCharges,32,2026-04-21T15:26:26.394748+00:00
5515,3794.7375,309.25,3485.4875,12148623.11265625,paper_single_prompt,3794.7375,mistralai/Mistral-7B-Instruct-v0.3,TotalCharges,32,2026-04-21T15:26:26.394748+00:00
5516,2686.15,201.1,2485.05,6175473.502500001,paper_single_prompt,2686.15,mistralai/Mistral-7B-Instruct-v0.3,TotalCharges,32,2026-04-21T15:26:26.394748+00:00
5517,3794.7375,6179.35,2384.6125,5686376.775156251,paper_single_prompt,3794.7375,mistralai/Mistral-7B-Instruct-v0.3,TotalCharges,32,2026-04-21T15:26:26.394748+00:00
5525,3794.7375,1342.15,2452.5875,6015185.44515625,paper_single_prompt,3794.7375,mistralai/Mistral-7B-Instruct-v0.3,TotalCharges,32,2026-04-21T15:26:26.394748+00:00
5526,3794.7375,1216.35,2578.3875000000003,6648082.100156251,paper_single_prompt,3794.7375,mistralai/Mistral-7B-Instruct-v0.3,TotalCharges,32,2026-04-21T15:26:26.394748+00:00
5530,3794.7375,6056.9,2262.1624999999995,5117379.176406248,paper_single_prompt,3794.7375,mistralai/Mistral-7B-Instruct-v0.3,TotalCharges,32,2026-04-21T15:26:26.394748+00:00
5537,3794.7375,8016.6,4221.8625,17824122.96890625,paper_single_prompt,3794.7375,mistralai/Mistral-7B-Instruct-v0.3,TotalCharges,32,2026-04-21T15:26:26.394748+00:00
5542,3794.7375,5883.85,2089.1125,4364391.03765625,paper_single_prompt,3794.7375,mistralai/Mistral-7B-Instruct-v0.3,TotalCharges,32,2026-04-21T15:26:26.394748+00:00
5544,3794.7375,6252.9,2458.1624999999995,6042562.876406248,paper_single_prompt,3794.7375,mistralai/Mistral-7B-Instruct-v0.3,TotalCharges,32,2026-04-21T15:26:26.394748+00:00
5548,3794.7375,1724.15,2070.5875,4287332.5951562505,paper_single_prompt,3794.7375,mistralai/Mistral-7B-Instruct-v0.3,TotalCharges,32,2026-04-21T15:26:26.394748+00:00
5570,3794.7375,3532.85,261.8875000000003,68585.06265625014,paper_single_prompt,3794.7375,mistralai/Mistral-7B-Instruct-v0.3,TotalCharges,32,2026-04-21T15:26:26.394748+00:00
5590,3483.71,477.6,3006.11,9036697.3321,paper_single_prompt,3483.71,mistralai/Mistral-7B-Instruct-v0.3,TotalCharges,32,2026-04-21T15:26:26.394748+00:00
5597,3794.7375,1910.6,1884.1375000000003,3549974.118906251,paper_single_prompt,3794.7375,mistralai/Mistral-7B-Instruct-v0.3,TotalCharges,32,2026-04-21T15:26:26.394748+00:00
5604,3794.7375,1207.0,2587.7375,6696385.368906251,paper_single_prompt,3794.7375,mistralai/Mistral-7B-Instruct-v0.3,TotalCharges,32,2026-04-21T15:26:26.394748+00:00
5616,3794.7375,2076.05,1718.6875,2953886.72265625,paper_single_prompt,3794.7375,mistralai/Mistral-7B-Instruct-v0.3,TotalCharges,32,2026-04-21T15:26:26.394748+00:00
5637,3700.0,5629.15,1929.1499999999996,3721619.7224999988,paper_single_prompt,3700.0,mistralai/Mistral-7B-Instruct-v0.3,TotalCharges,32,2026-04-21T15:26:26.394748+00:00
5645,3794.7375,4392.5,597.7624999999998,357320.00640624977,paper_single_prompt,3794.7375,mistralai/Mistral-7B-Instruct-v0.3,TotalCharges,32,2026-04-21T15:26:26.394748+00:00
5654,3794.7375,7511.9,3717.1624999999995,13817297.051406246,paper_single_prompt,3794.7375,mistralai/Mistral-7B-Instruct-v0.3,TotalCharges,32,2026-04-21T15:26:26.394748+00:00
5658,3794.7375,2248.05,1546.6875,2392242.22265625,paper_single_prompt,3794.7375,mistralai/Mistral-7B-Instruct-v0.3,TotalCharges,32,2026-04-21T15:26:26.394748+00:00
5661,3981.45,63.0,3918.45,15354250.402499998,paper_single_prompt,3981.45,mistralai/Mistral-7B-Instruct-v0.3,TotalCharges,32,2026-04-21T15:26:26.394748+00:00
5663,3794.7375,3314.15,480.5875000000001,230964.34515625008,paper_single_prompt,3794.7375,mistralai/Mistral-7B-Instruct-v0.3,TotalCharges,32,2026-04-21T15:26:26.394748+00:00
5680,1397.475,20.85,1376.625,1895096.390625,paper_single_prompt,1397.475,mistralai/Mistral-7B-Instruct-v0.3,TotalCharges,32,2026-04-21T15:26:26.394748+00:00
5683,3794.7375,2011.4,1783.3375,3180292.6389062502,paper_single_prompt,3794.7375,mistralai/Mistral-7B-Instruct-v0.3,TotalCharges,32,2026-04-21T15:26:26.394748+00:00
5685,3794.7375,903.7,2891.0375000000004,8358097.826406252,paper_single_prompt,3794.7375,mistralai/Mistral-7B-Instruct-v0.3,TotalCharges,32,2026-04-21T15:26:26.394748+00:00
5702,3794.7375,7548.1,3753.3625,14087730.056406252,paper_single_prompt,3794.7375,mistralai/Mistral-7B-Instruct-v0.3,TotalCharges,32,2026-04-21T15:26:26.394748+00:00
5710,3794.7375,7752.05,3957.3125,15660322.22265625,paper_single_prompt,3794.7375,mistralai/Mistral-7B-Instruct-v0.3,TotalCharges,32,2026-04-21T15:26:26.394748+00:00
5748,3794.7375,1992.55,1802.1875000000002,3247879.785156251,paper_single_prompt,3794.7375,mistralai/Mistral-7B-Instruct-v0.3,TotalCharges,32,2026-04-21T15:26:26.394748+00:00
5766,3794.7375,1347.15,2447.5875,5990684.57015625,paper_single_prompt,3794.7375,mistralai/Mistral-7B-Instruct-v0.3,TotalCharges,32,2026-04-21T15:26:26.394748+00:00
5767,2874.55,3808.2,933.6499999999996,871702.3224999993,paper_single_prompt,2874.55,mistralai/Mistral-7B-Instruct-v0.3,TotalCharges,32,2026-04-21T15:26:26.394748+00:00
5805,3700.0,1286.05,2413.95,5827154.602499999,paper_single_prompt,3700,mistralai/Mistral-7B-Instruct-v0.3,TotalCharges,32,2026-04-21T15:26:26.394748+00:00
5807,3794.7375,1094.35,2700.3875000000003,7292092.650156251,paper_single_prompt,3794.7375,mistralai/Mistral-7B-Instruct-v0.3,TotalCharges,32,2026-04-21T15:26:26.394748+00:00
5820,3600.0,3561.15,38.84999999999991,1509.322499999993,paper_single_prompt,3600.0,mistralai/Mistral-7B-Instruct-v0.3,TotalCharges,32,2026-04-21T15:26:26.394748+00:00
5824,3794.7375,5234.95,1440.2124999999996,2074212.0451562488,paper_single_prompt,3794.7375,mistralai/Mistral-7B-Instruct-v0.3,TotalCharges,32,2026-04-21T15:26:26.394748+00:00
5831,2283.300441,809.75,1473.5504409999999,2171350.902171294,paper_single_prompt,2283.300441 * 9 + 90.8 = 20621.776,mistralai/Mistral-7B-Instruct-v0.3,TotalCharges,32,2026-04-21T15:26:26.394748+00:00
5838,3794.7375,3827.9,33.16249999999991,1099.751406249994,paper_single_prompt,3794.7375,mistralai/Mistral-7B-Instruct-v0.3,TotalCharges,32,2026-04-21T15:26:26.394748+00:00
5841,3794.7375,3264.45,530.2875000000004,281204.8326562504,paper_single_prompt,3794.7375,mistralai/Mistral-7B-Instruct-v0.3,TotalCharges,32,2026-04-21T15:26:26.394748+00:00
5853,3794.7375,6001.45,2206.7124999999996,4869580.057656248,paper_single_prompt,3794.7375,mistralai/Mistral-7B-Instruct-v0.3,TotalCharges,32,2026-04-21T15:26:26.394748+00:00
5855,2792.71,2832.75,40.039999999999964,1603.2015999999971,paper_single_prompt,2792.71,mistralai/Mistral-7B-Instruct-v0.3,TotalCharges,32,2026-04-21T15:26:26.394748+00:00
5865,1397.475,72.0,1325.475,1756883.9756249997,paper_single_prompt,1397.475,mistralai/Mistral-7B-Instruct-v0.3,TotalCharges,32,2026-04-21T15:26:26.394748+00:00
5877,3794.7375,5785.5,1990.7624999999998,3963135.331406249,paper_single_prompt,3794.7375,mistralai/Mistral-7B-Instruct-v0.3,TotalCharges,32,2026-04-21T15:26:26.394748+00:00
5881,3794.7375,2727.3,1067.4375,1139422.81640625,paper_single_prompt,3794.7375,mistralai/Mistral-7B-Instruct-v0.3,TotalCharges,32,2026-04-21T15:26:26.394748+00:00
5886,3794.7375,948.9,2845.8375,8098791.076406251,paper_single_prompt,3794.7375,mistralai/Mistral-7B-Instruct-v0.3,TotalCharges,32,2026-04-21T15:26:26.394748+00:00
5903,3794.7375,4627.8,833.0625,693993.12890625,paper_single_prompt,3794.7375,mistralai/Mistral-7B-Instruct-v0.3,TotalCharges,32,2026-04-21T15:26:26.394748+00:00
5909,3794.7375,4297.6,502.8625000000002,252870.69390625018,paper_single_prompt,3794.7375,mistralai/Mistral-7B-Instruct-v0.3,TotalCharges,32,2026-04-21T15:26:26.394748+00:00
5913,3700.0,2274.1,1425.9,2033190.8100000003,paper_single_prompt,3700.0,mistralai/Mistral-7B-Instruct-v0.3,TotalCharges,32,2026-04-21T15:26:26.394748+00:00
5916,3794.7375,8192.6,4397.8625,19341194.56890625,paper_single_prompt,3794.7375,mistralai/Mistral-7B-Instruct-v0.3,TotalCharges,32,2026-04-21T15:26:26.394748+00:00
5922,3794.7375,7609.75,3815.0125,14554320.375156248,paper_single_prompt,3794.7375,mistralai/Mistral-7B-Instruct-v0.3,TotalCharges,32,2026-04-21T15:26:26.394748+00:00
5944,3800.0,654.85,3145.15,9891968.5225,paper_single_prompt,3800,mistralai/Mistral-7B-Instruct-v0.3,TotalCharges,32,2026-04-21T15:26:26.394748+00:00
5955,3794.7375,4855.35,1060.6125000000002,1124898.8751562503,paper_single_prompt,3794.7375,mistralai/Mistral-7B-Instruct-v0.3,TotalCharges,32,2026-04-21T15:26:26.394748+00:00
5957,3794.7375,1422.65,2372.0875,5626799.107656251,paper_single_prompt,3794.7375,mistralai/Mistral-7B-Instruct-v0.3,TotalCharges,32,2026-04-21T15:26:26.394748+00:00
5962,3794.7375,1321.3,2473.4375,6117893.06640625,paper_single_prompt,3794.7375,mistralai/Mistral-7B-Instruct-v0.3,TotalCharges,32,2026-04-21T15:26:26.394748+00:00
5993,2998.85,151.75,2847.1,8105978.409999999,paper_single_prompt,2998.85,mistralai/Mistral-7B-Instruct-v0.3,TotalCharges,32,2026-04-21T15:26:26.394748+00:00
5998,3794.7375,1036.0,2758.7375,7610632.593906251,paper_single_prompt,3794.7375,mistralai/Mistral-7B-Instruct-v0.3,TotalCharges,32,2026-04-21T15:26:26.394748+00:00
6004,3794.7375,5598.3,1803.5625,3252837.69140625,paper_single_prompt,3794.7375,mistralai/Mistral-7B-Instruct-v0.3,TotalCharges,32,2026-04-21T15:26:26.394748+00:00
6005,3794.7375,4374.55,579.8125,336182.53515625,paper_single_prompt,3794.7375,mistralai/Mistral-7B-Instruct-v0.3,TotalCharges,32,2026-04-21T15:26:26.394748+00:00
6009,3794.7375,5485.5,1690.7624999999998,2858677.831406249,paper_single_prompt,3794.7375,mistralai/Mistral-7B-Instruct-v0.3,TotalCharges,32,2026-04-21T15:26:26.394748+00:00
6014,3700.0,5060.9,1360.8999999999996,1852048.8099999991,paper_single_prompt,3700.0,mistralai/Mistral-7B-Instruct-v0.3,TotalCharges,32,2026-04-21T15:26:26.394748+00:00
6020,3794.7375,1993.2,1801.5375000000001,3245537.3639062503,paper_single_prompt,3794.7375,mistralai/Mistral-7B-Instruct-v0.3,TotalCharges,32,2026-04-21T15:26:26.394748+00:00
6025,3246.75,1841.9,1404.85,1973603.5224999997,paper_single_prompt,3246.75,mistralai/Mistral-7B-Instruct-v0.3,TotalCharges,32,2026-04-21T15:26:26.394748+00:00
6049,3794.7375,1016.7,2778.0375000000004,7717492.351406252,paper_single_prompt,3794.7375,mistralai/Mistral-7B-Instruct-v0.3,TotalCharges,32,2026-04-21T15:26:26.394748+00:00
6056,3700.0,4299.2,599.1999999999998,359040.6399999998,paper_single_prompt,3700.0,mistralai/Mistral-7B-Instruct-v0.3,TotalCharges,32,2026-04-21T15:26:26.394748+00:00
6059,3794.7375,1630.4,2164.3375,4684356.8139062505,paper_single_prompt,3794.7375,mistralai/Mistral-7B-Instruct-v0.3,TotalCharges,32,2026-04-21T15:26:26.394748+00:00
6063,3794.7375,1401.4,2393.3375,5728064.388906251,paper_single_prompt,3794.7375,mistralai/Mistral-7B-Instruct-v0.3,TotalCharges,32,2026-04-21T15:26:26.394748+00:00
6077,3794.7375,6891.4,3096.6624999999995,9589318.638906246,paper_single_prompt,3794.7375,mistralai/Mistral-7B-Instruct-v0.3,TotalCharges,32,2026-04-21T15:26:26.394748+00:00
6111,3794.7375,3532.25,262.4875000000002,68899.6876562501,paper_single_prompt,3794.7375,mistralai/Mistral-7B-Instruct-v0.3,TotalCharges,32,2026-04-21T15:26:26.394748+00:00
6112,3794.7375,6891.45,3096.7124999999996,9589628.307656247,paper_single_prompt,3794.7375,mistralai/Mistral-7B-Instruct-v0.3,TotalCharges,32,2026-04-21T15:26:26.394748+00:00
6118,3794.7375,8547.15,4752.412499999999,22585424.570156246,paper_single_prompt,3794.7375,mistralai/Mistral-7B-Instruct-v0.3,TotalCharges,32,2026-04-21T15:26:26.394748+00:00
6124,3496.85,3274.35,222.5,49506.25,paper_single_prompt,3496.85,mistralai/Mistral-7B-Instruct-v0.3,TotalCharges,32,2026-04-21T15:26:26.394748+00:00
6125,3794.7375,1359.0,2435.7375,5932817.168906251,paper_single_prompt,3794.7375,mistralai/Mistral-7B-Instruct-v0.3,TotalCharges,32,2026-04-21T15:26:26.394748+00:00
6175,3794.7375,3023.85,770.8875000000003,594267.5376562504,paper_single_prompt,3794.7375,mistralai/Mistral-7B-Instruct-v0.3,TotalCharges,32,2026-04-21T15:26:26.394748+00:00
6176,3794.7375,3365.85,428.8875000000003,183944.48765625025,paper_single_prompt,3794.7375,mistralai/Mistral-7B-Instruct-v0.3,TotalCharges,32,2026-04-21T15:26:26.394748+00:00
6180,3794.7375,6471.85,2677.1125,7166931.337656251,paper_single_prompt,3794.7375,mistralai/Mistral-7B-Instruct-v0.3,TotalCharges,32,2026-04-21T15:26:26.394748+00:00
6206,3794.7375,5088.4,1293.6624999999995,1673562.6639062485,paper_single_prompt,3794.7375,mistralai/Mistral-7B-Instruct-v0.3,TotalCharges,32,2026-04-21T15:26:26.394748+00:00
6239,3794.7375,7285.7,3490.9624999999996,12186819.176406248,paper_single_prompt,3794.7375,mistralai/Mistral-7B-Instruct-v0.3,TotalCharges,32,2026-04-21T15:26:26.394748+00:00
6252,2773.65,2021.35,752.3000000000002,565955.2900000003,paper_single_prompt,2773.65,mistralai/Mistral-7B-Instruct-v0.3,TotalCharges,32,2026-04-21T15:26:26.394748+00:00
6253,2803.75,2564.95,238.80000000000018,57025.44000000009,paper_single_prompt,2803.75,mistralai/Mistral-7B-Instruct-v0.3,TotalCharges,32,2026-04-21T15:26:26.394748+00:00
6287,3794.7375,2254.2,1540.5375000000004,2373255.788906251,paper_single_prompt,3794.7375,mistralai/Mistral-7B-Instruct-v0.3,TotalCharges,32,2026-04-21T15:26:26.394748+00:00
6292,3794.7375,3835.55,40.8125,1665.66015625,paper_single_prompt,3794.7375,mistralai/Mistral-7B-Instruct-v0.3,TotalCharges,32,2026-04-21T15:26:26.394748+00:00
6300,3600.0,1680.25,1919.75,3685440.0625,paper_single_prompt,3600.0,mistralai/Mistral-7B-Instruct-v0.3,TotalCharges,32,2026-04-21T15:26:26.394748+00:00
6302,2777.7,413.65,2364.0499999999997,5588732.402499999,paper_single_prompt,2777.70,mistralai/Mistral-7B-Instruct-v0.3,TotalCharges,32,2026-04-21T15:26:26.394748+00:00
6316,3794.7375,1573.05,2221.6875,4935895.34765625,paper_single_prompt,3794.7375,mistralai/Mistral-7B-Instruct-v0.3,TotalCharges,32,2026-04-21T15:26:26.394748+00:00
6320,3980.0,1985.15,1994.85,3979426.5224999995,paper_single_prompt,3980.0,mistralai/Mistral-7B-Instruct-v0.3,TotalCharges,32,2026-04-21T15:26:26.394748+00:00
6326,3794.7375,2748.7,1046.0375000000004,1094194.4514062507,paper_single_prompt,3794.7375,mistralai/Mistral-7B-Instruct-v0.3,TotalCharges,32,2026-04-21T15:26:26.394748+00:00
6333,3794.7375,6441.4,2646.6624999999995,7004822.388906247,paper_single_prompt,3794.7375,mistralai/Mistral-7B-Instruct-v0.3,TotalCharges,32,2026-04-21T15:26:26.394748+00:00
6366,3794.7375,4378.8,584.0625,341129.00390625,paper_single_prompt,3794.7375,mistralai/Mistral-7B-Instruct-v0.3,TotalCharges,32,2026-04-21T15:26:26.394748+00:00
6370,3366.55,4016.85,650.2999999999997,422890.0899999996,paper_single_prompt,3366.55,mistralai/Mistral-7B-Instruct-v0.3,TotalCharges,32,2026-04-21T15:26:26.394748+00:00
6378,3794.7375,1095.3,2699.4375,7286962.81640625,paper_single_prompt,3794.7375,mistralai/Mistral-7B-Instruct-v0.3,TotalCharges,32,2026-04-21T15:26:26.394748+00:00
6397,3794.7375,3529.95,264.78750000000036,70112.4201562502,paper_single_prompt,3794.7375,mistralai/Mistral-7B-Instruct-v0.3,TotalCharges,32,2026-04-21T15:26:26.394748+00:00
6403,3794.7375,8337.45,4542.712500000001,20636236.857656255,paper_single_prompt,3794.7375,mistralai/Mistral-7B-Instruct-v0.3,TotalCharges,32,2026-04-21T15:26:26.394748+00:00
6406,3794.7375,1905.4,1889.3375,3569596.1889062505,paper_single_prompt,3794.7375,mistralai/Mistral-7B-Instruct-v0.3,TotalCharges,32,2026-04-21T15:26:26.394748+00:00
6409,3794.7375,776.25,3018.4875,9111266.787656251,paper_single_prompt,3794.7375,mistralai/Mistral-7B-Instruct-v0.3,TotalCharges,32,2026-04-21T15:26:26.394748+00:00
6415,3794.7375,2540.1,1254.6375000000003,1574115.2564062506,paper_single_prompt,3794.7375,mistralai/Mistral-7B-Instruct-v0.3,TotalCharges,32,2026-04-21T15:26:26.394748+00:00
6442,3600.0,3431.75,168.25,28308.0625,paper_single_prompt,3600.0,mistralai/Mistral-7B-Instruct-v0.3,TotalCharges,32,2026-04-21T15:26:26.394748+00:00
6447,3496.95,4801.1,1304.1500000000005,1700807.2225000013,paper_single_prompt,3496.95,mistralai/Mistral-7B-Instruct-v0.3,TotalCharges,32,2026-04-21T15:26:26.394748+00:00
6450,3794.7375,550.1,3244.6375000000003,10527672.506406251,paper_single_prompt,3794.7375,mistralai/Mistral-7B-Instruct-v0.3,TotalCharges,32,2026-04-21T15:26:26.394748+00:00
6455,3794.7375,2666.75,1127.9875000000002,1272355.8001562504,paper_single_prompt,3794.7375,mistralai/Mistral-7B-Instruct-v0.3,TotalCharges,32,2026-04-21T15:26:26.394748+00:00
6463,3700.0,4096.9,396.89999999999964,157529.60999999972,paper_single_prompt,3700.0,mistralai/Mistral-7B-Instruct-v0.3,TotalCharges,32,2026-04-21T15:26:26.394748+00:00
6483,3794.7375,1334.45,2460.2875000000004,6053014.582656252,paper_single_prompt,3794.7375,mistralai/Mistral-7B-Instruct-v0.3,TotalCharges,32,2026-04-21T15:26:26.394748+00:00
6484,3794.7375,3358.65,436.0875000000001,190172.30765625008,paper_single_prompt,3794.7375,mistralai/Mistral-7B-Instruct-v0.3,TotalCharges,32,2026-04-21T15:26:26.394748+00:00
6512,3999.0,688.5,3310.5,10959410.25,paper_single_prompt,3999.0,mistralai/Mistral-7B-Instruct-v0.3,TotalCharges,32,2026-04-21T15:26:26.394748+00:00
6514,3794.7375,4746.05,951.3125,904995.47265625,paper_single_prompt,3794.7375,mistralai/Mistral-7B-Instruct-v0.3,TotalCharges,32,2026-04-21T15:26:26.394748+00:00
6515,3794.7375,712.85,3081.8875000000003,9498030.562656252,paper_single_prompt,3794.7375,mistralai/Mistral-7B-Instruct-v0.3,TotalCharges,32,2026-04-21T15:26:26.394748+00:00
6529,2996.65,156.4,2840.25,8067020.0625,paper_single_prompt,2996.65,mistralai/Mistral-7B-Instruct-v0.3,TotalCharges,32,2026-04-21T15:26:26.394748+00:00
6534,3794.7375,5206.55,1411.8125,1993214.53515625,paper_single_prompt,3794.7375,mistralai/Mistral-7B-Instruct-v0.3,TotalCharges,32,2026-04-21T15:26:26.394748+00:00
6537,3794.7375,7968.85,4174.1125,17423215.16265625,paper_single_prompt,3794.7375,mistralai/Mistral-7B-Instruct-v0.3,TotalCharges,32,2026-04-21T15:26:26.394748+00:00
6564,2613.525,95.55,2517.975,6340198.100625,paper_single_prompt,2613.525,mistralai/Mistral-7B-Instruct-v0.3,TotalCharges,32,2026-04-21T15:26:26.394748+00:00
6577,3794.7375,5265.55,1470.8125,2163289.41015625,paper_single_prompt,3794.7375,mistralai/Mistral-7B-Instruct-v0.3,TotalCharges,32,2026-04-21T15:26:26.394748+00:00
6595,3794.7375,5832.65,2037.9124999999995,4153087.357656248,paper_single_prompt,3794.7375,mistralai/Mistral-7B-Instruct-v0.3,TotalCharges,32,2026-04-21T15:26:26.394748+00:00
6600,1814.15,91.7,1722.45,2966834.0025,paper_single_prompt,1814.15,mistralai/Mistral-7B-Instruct-v0.3,TotalCharges,32,2026-04-21T15:26:26.394748+00:00
6606,3794.7375,4026.4,231.6624999999999,53667.51390624996,paper_single_prompt,3794.7375,mistralai/Mistral-7B-Instruct-v0.3,TotalCharges,32,2026-04-21T15:26:26.394748+00:00
6632,3794.7375,2274.9,1519.8375,2309906.0264062504,paper_single_prompt,3794.7375,mistralai/Mistral-7B-Instruct-v0.3,TotalCharges,32,2026-04-21T15:26:26.394748+00:00
6670,1800.0,,,,paper_single_prompt,1800.0,mistralai/Mistral-7B-Instruct-v0.3,TotalCharges,32,2026-04-21T15:26:26.394748+00:00
6671,3700.0,6034.85,2334.8500000000004,5451524.522500002,paper_single_prompt,3700.00,mistralai/Mistral-7B-Instruct-v0.3,TotalCharges,32,2026-04-21T15:26:26.394748+00:00
6690,3794.7375,3460.95,333.78750000000036,111414.09515625025,paper_single_prompt,3794.7375,mistralai/Mistral-7B-Instruct-v0.3,TotalCharges,32,2026-04-21T15:26:26.394748+00:00
6706,1397.475,19.9,1377.5749999999998,1897712.8806249995,paper_single_prompt,1397.475,mistralai/Mistral-7B-Instruct-v0.3,TotalCharges,32,2026-04-21T15:26:26.394748+00:00
6717,3794.7375,5746.15,1951.4124999999995,3808010.745156248,paper_single_prompt,3794.7375,mistralai/Mistral-7B-Instruct-v0.3,TotalCharges,32,2026-04-21T15:26:26.394748+00:00
6733,3794.7375,1411.35,2383.3875000000003,5680535.975156251,paper_single_prompt,3794.7375,mistralai/Mistral-7B-Instruct-v0.3,TotalCharges,32,2026-04-21T15:26:26.394748+00:00
6734,2803.06,593.75,2209.31,4881050.6761,paper_single_prompt,2803.06,mistralai/Mistral-7B-Instruct-v0.3,TotalCharges,32,2026-04-21T15:26:26.394748+00:00
6751,3794.7375,1025.05,2769.6875,7671168.84765625,paper_single_prompt,3794.7375,mistralai/Mistral-7B-Instruct-v0.3,TotalCharges,32,2026-04-21T15:26:26.394748+00:00
6752,3800.0,552.1,3247.9,10548854.41,paper_single_prompt,3800,mistralai/Mistral-7B-Instruct-v0.3,TotalCharges,32,2026-04-21T15:26:26.394748+00:00
6754,2757.64,,,,paper_single_prompt,2757.64,mistralai/Mistral-7B-Instruct-v0.3,TotalCharges,32,2026-04-21T15:26:26.394748+00:00
6755,3794.7375,3313.4,481.3375000000001,231685.7889062501,paper_single_prompt,3794.7375,mistralai/Mistral-7B-Instruct-v0.3,TotalCharges,32,2026-04-21T15:26:26.394748+00:00
6757,3794.7375,3014.65,780.0875000000001,608536.5076562501,paper_single_prompt,3794.7375,mistralai/Mistral-7B-Instruct-v0.3,TotalCharges,32,2026-04-21T15:26:26.394748+00:00
6765,3794.7375,1673.4,2121.3375,4500072.78890625,paper_single_prompt,3794.7375,mistralai/Mistral-7B-Instruct-v0.3,TotalCharges,32,2026-04-21T15:26:26.394748+00:00
6775,3794.7375,4438.2,643.4624999999996,414043.9889062495,paper_single_prompt,3794.7375,mistralai/Mistral-7B-Instruct-v0.3,TotalCharges,32,2026-04-21T15:26:26.394748+00:00
6785,3794.7375,6876.05,3081.3125,9494486.72265625,paper_single_prompt,3794.7375,mistralai/Mistral-7B-Instruct-v0.3,TotalCharges,32,2026-04-21T15:26:26.394748+00:00
6805,3794.7375,7195.35,3400.6125,11564165.375156252,paper_single_prompt,3794.7375,mistralai/Mistral-7B-Instruct-v0.3,TotalCharges,32,2026-04-21T15:26:26.394748+00:00
6815,3794.7375,5102.35,1307.6125000000002,1709850.4501562505,paper_single_prompt,3794.7375,mistralai/Mistral-7B-Instruct-v0.3,TotalCharges,32,2026-04-21T15:26:26.394748+00:00
6825,3794.7375,2272.8,1521.9375,2316293.75390625,paper_single_prompt,3794.7375,mistralai/Mistral-7B-Instruct-v0.3,TotalCharges,32,2026-04-21T15:26:26.394748+00:00
6831,2800.55,620.35,2180.2000000000003,4753272.040000001,paper_single_prompt,2800.55,mistralai/Mistral-7B-Instruct-v0.3,TotalCharges,32,2026-04-21T15:26:26.394748+00:00
6839,3794.7375,1129.75,2664.9875,7102158.375156251,paper_single_prompt,3794.7375,mistralai/Mistral-7B-Instruct-v0.3,TotalCharges,32,2026-04-21T15:26:26.394748+00:00
6851,3794.7375,3616.25,178.48750000000018,31857.787656250064,paper_single_prompt,3794.7375,mistralai/Mistral-7B-Instruct-v0.3,TotalCharges,32,2026-04-21T15:26:26.394748+00:00
6875,3794.7375,1208.6,2586.1375000000003,6688107.168906251,paper_single_prompt,3794.7375,mistralai/Mistral-7B-Instruct-v0.3,TotalCharges,32,2026-04-21T15:26:26.394748+00:00
6894,3179.85,334.65,2845.2,8095163.039999999,paper_single_prompt,3179.85,mistralai/Mistral-7B-Instruct-v0.3,TotalCharges,32,2026-04-21T15:26:26.394748+00:00
6905,3794.7375,1307.8,2486.9375,6184858.12890625,paper_single_prompt,3794.7375,mistralai/Mistral-7B-Instruct-v0.3,TotalCharges,32,2026-04-21T15:26:26.394748+00:00
6910,3794.7375,7882.5,4087.7625,16709802.256406248,paper_single_prompt,3794.7375,mistralai/Mistral-7B-Instruct-v0.3,TotalCharges,32,2026-04-21T15:26:26.394748+00:00
6918,3794.7375,3361.05,433.6875,188084.84765625,paper_single_prompt,3794.7375,mistralai/Mistral-7B-Instruct-v0.3,TotalCharges,32,2026-04-21T15:26:26.394748+00:00
6938,3794.7375,4615.9,821.1624999999995,674307.8514062491,paper_single_prompt,3794.7375,mistralai/Mistral-7B-Instruct-v0.3,TotalCharges,32,2026-04-21T15:26:26.394748+00:00
6942,3794.7375,1396.0,2398.7375,5753941.593906251,paper_single_prompt,3794.7375,mistralai/Mistral-7B-Instruct-v0.3,TotalCharges,32,2026-04-21T15:26:26.394748+00:00
6949,3794.7375,1151.05,2643.6875,6989083.59765625,paper_single_prompt,3794.7375,mistralai/Mistral-7B-Instruct-v0.3,TotalCharges,32,2026-04-21T15:26:26.394748+00:00
6967,3794.7375,2196.15,1598.5875,2555481.9951562504,paper_single_prompt,3794.7375,mistralai/Mistral-7B-Instruct-v0.3,TotalCharges,32,2026-04-21T15:26:26.394748+00:00
6976,3794.7375,4284.2,489.46249999999964,239573.53890624965,paper_single_prompt,3794.7375,mistralai/Mistral-7B-Instruct-v0.3,TotalCharges,32,2026-04-21T15:26:26.394748+00:00
6990,3794.7375,3366.05,428.6875,183772.97265625,paper_single_prompt,3794.7375,mistralai/Mistral-7B-Instruct-v0.3,TotalCharges,32,2026-04-21T15:26:26.394748+00:00
7002,3700.0,6794.75,3094.75,9577477.5625,paper_single_prompt,3700.0,mistralai/Mistral-7B-Instruct-v0.3,TotalCharges,32,2026-04-21T15:26:26.394748+00:00
7011,2657.86,272.15,2385.71,5691612.2041,paper_single_prompt,2657.86,mistralai/Mistral-7B-Instruct-v0.3,TotalCharges,32,2026-04-21T15:26:26.394748+00:00
7022,3794.7375,7544.3,3749.5625,14059218.94140625,paper_single_prompt,3794.7375,mistralai/Mistral-7B-Instruct-v0.3,TotalCharges,32,2026-04-21T15:26:26.394748+00:00
7025,3794.7375,1679.4,2115.3375,4474652.73890625,paper_single_prompt,3794.7375,mistralai/Mistral-7B-Instruct-v0.3,TotalCharges,32,2026-04-21T15:26:26.394748+00:00
7034,3794.7375,6886.25,3091.5125,9557449.53765625,paper_single_prompt,3794.7375,mistralai/Mistral-7B-Instruct-v0.3,TotalCharges,32,2026-04-21T15:26:26.394748+00:00
7037,3794.7375,1419.4,2375.3375,5642228.23890625,paper_single_prompt,3794.7375,mistralai/Mistral-7B-Instruct-v0.3,TotalCharges,32,2026-04-21T15:26:26.394748+00:00
