row_index,prediction,ground_truth,abs_error,source,raw_output,model_name,target_column,max_new_tokens,run_timestamp_utc
10,3794.7375,587.45,3207.2875000000004,paper_single_prompt,3794.7375,mistralai/Mistral-7B-Instruct-v0.3,TotalCharges,32,2026-04-21T15:22:18.366667+00:00
10,3794.7375,587.45,3207.2875000000004,paper_single_prompt,3794.7375,mistralai/Mistral-7B-Instruct-v0.3,TotalCharges,32,2026-04-21T15:26:26.394748+00:00
12,3600.0,5681.1,2081.1000000000004,paper_single_prompt,3600.0,mistralai/Mistral-7B-Instruct-v0.3,TotalCharges,32,2026-04-21T15:26:26.394748+00:00
35,3794.7375,7251.7,3456.9625,paper_single_prompt,3794.7375,mistralai/Mistral-7B-Instruct-v0.3,TotalCharges,32,2026-04-21T15:26:26.394748+00:00
41,3491.65,4872.35,1380.7000000000005,paper_single_prompt,3491.65,mistralai/Mistral-7B-Instruct-v0.3,TotalCharges,32,2026-04-21T15:26:26.394748+00:00
54,3794.7375,4456.35,661.6125000000002,paper_single_prompt,3794.7375,mistralai/Mistral-7B-Instruct-v0.3,TotalCharges,32,2026-04-21T15:26:26.394748+00:00
55,3794.7375,1752.55,2042.1875,paper_single_prompt,3794.7375,mistralai/Mistral-7B-Instruct-v0.3,TotalCharges,32,2026-04-21T15:26:26.394748+00:00
75,3794.7375,6139.5,2344.7625,paper_single_prompt,3794.7375,mistralai/Mistral-7B-Instruct-v0.3,TotalCharges,32,2026-04-21T15:26:26.394748+00:00
87,3794.7375,1057.0,2737.7375,paper_single_prompt,3794.7375,mistralai/Mistral-7B-Instruct-v0.3,TotalCharges,32,2026-04-21T15:26:26.394748+00:00
96,3794.7375,4748.7,953.9624999999996,paper_single_prompt,3794.7375,mistralai/Mistral-7B-Instruct-v0.3,TotalCharges,32,2026-04-21T15:26:26.394748+00:00
103,3794.7375,3027.25,767.4875000000002,paper_single_prompt,3794.7375,mistralai/Mistral-7B-Instruct-v0.3,TotalCharges,32,2026-04-21T15:26:26.394748+00:00
120,3697.15,5515.45,1818.3,paper_single_prompt,3697.15,mistralai/Mistral-7B-Instruct-v0.3,TotalCharges,32,2026-04-21T15:26:26.394748+00:00
121,1397.475,112.75,1284.725,paper_single_prompt,1397.475,mistralai/Mistral-7B-Instruct-v0.3,TotalCharges,32,2026-04-21T15:26:26.394748+00:00
144,3794.7375,1756.2,2038.5375,paper_single_prompt,3794.7375,mistralai/Mistral-7B-Instruct-v0.3,TotalCharges,32,2026-04-21T15:26:26.394748+00:00
148,3938.55,1929.95,2008.6,paper_single_prompt,3938.55,mistralai/Mistral-7B-Instruct-v0.3,TotalCharges,32,2026-04-21T15:26:26.394748+00:00
157,3794.7375,419.9,3374.8375,paper_single_prompt,3794.7375,mistralai/Mistral-7B-Instruct-v0.3,TotalCharges,32,2026-04-21T15:26:26.394748+00:00
158,3794.7375,1024.0,2770.7375,paper_single_prompt,3794.7375,mistralai/Mistral-7B-Instruct-v0.3,TotalCharges,32,2026-04-21T15:26:26.394748+00:00
173,3794.7375,5000.2,1205.4624999999996,paper_single_prompt,3794.7375,mistralai/Mistral-7B-Instruct-v0.3,TotalCharges,32,2026-04-21T15:26:26.394748+00:00
205,3794.7375,2684.85,1109.8875000000005,paper_single_prompt,3794.7375,mistralai/Mistral-7B-Instruct-v0.3,TotalCharges,32,2026-04-21T15:26:26.394748+00:00
209,3794.7375,6654.1,2859.3625,paper_single_prompt,3794.7375,mistralai/Mistral-7B-Instruct-v0.3,TotalCharges,32,2026-04-21T15:26:26.394748+00:00
217,3794.7375,3789.2,5.537500000000364,paper_single_prompt,3794.7375,mistralai/Mistral-7B-Instruct-v0.3,TotalCharges,32,2026-04-21T15:26:26.394748+00:00
247,3794.7375,1074.3,2720.4375,paper_single_prompt,3794.7375,mistralai/Mistral-7B-Instruct-v0.3,TotalCharges,32,2026-04-21T15:26:26.394748+00:00
256,3794.7375,7008.15,3213.4124999999995,paper_single_prompt,3794.7375,mistralai/Mistral-7B-Instruct-v0.3,TotalCharges,32,2026-04-21T15:26:26.394748+00:00
257,3794.7375,5791.1,1996.3625,paper_single_prompt,3794.7375,mistralai/Mistral-7B-Instruct-v0.3,TotalCharges,32,2026-04-21T15:26:26.394748+00:00
263,3794.7375,1520.1,2274.6375000000003,paper_single_prompt,3794.7375,mistralai/Mistral-7B-Instruct-v0.3,TotalCharges,32,2026-04-21T15:26:26.394748+00:00
265,3794.7375,5526.75,1732.0124999999998,paper_single_prompt,3794.7375,mistralai/Mistral-7B-Instruct-v0.3,TotalCharges,32,2026-04-21T15:26:26.394748+00:00
290,3794.7375,1712.7,2082.0375000000004,paper_single_prompt,3794.7375,mistralai/Mistral-7B-Instruct-v0.3,TotalCharges,32,2026-04-21T15:26:26.394748+00:00
292,3794.7375,1940.8,1853.9375,paper_single_prompt,3794.7375,mistralai/Mistral-7B-Instruct-v0.3,TotalCharges,32,2026-04-21T15:26:26.394748+00:00
297,3794.7375,3437.5,357.2375000000002,paper_single_prompt,3794.7375,mistralai/Mistral-7B-Instruct-v0.3,TotalCharges,32,2026-04-21T15:26:26.394748+00:00
303,3606.45,4109.0,502.5500000000002,paper_single_prompt,3606.45,mistralai/Mistral-7B-Instruct-v0.3,TotalCharges,32,2026-04-21T15:26:26.394748+00:00
307,3700.0,2054.4,1645.6,paper_single_prompt,3700.0,mistralai/Mistral-7B-Instruct-v0.3,TotalCharges,32,2026-04-21T15:26:26.394748+00:00
316,3794.7375,1355.1,2439.6375000000003,paper_single_prompt,3794.7375,mistralai/Mistral-7B-Instruct-v0.3,TotalCharges,32,2026-04-21T15:26:26.394748+00:00
317,3794.7375,3058.65,736.0875000000001,paper_single_prompt,3794.7375,mistralai/Mistral-7B-Instruct-v0.3,TotalCharges,32,2026-04-21T15:26:26.394748+00:00
323,3700.0,422.3,3277.7,paper_single_prompt,3700.0,mistralai/Mistral-7B-Instruct-v0.3,TotalCharges,32,2026-04-21T15:26:26.394748+00:00
324,3700.0,4176.7,476.6999999999998,paper_single_prompt,3700.00,mistralai/Mistral-7B-Instruct-v0.3,TotalCharges,32,2026-04-21T15:26:26.394748+00:00
349,3794.7375,6430.9,2636.1624999999995,paper_single_prompt,3794.7375,mistralai/Mistral-7B-Instruct-v0.3,TotalCharges,32,2026-04-21T15:26:26.394748+00:00
350,3794.7375,2278.75,1515.9875000000002,paper_single_prompt,3794.7375,mistralai/Mistral-7B-Instruct-v0.3,TotalCharges,32,2026-04-21T15:26:26.394748+00:00
354,3794.7375,840.1,2954.6375000000003,paper_single_prompt,3794.7375,mistralai/Mistral-7B-Instruct-v0.3,TotalCharges,32,2026-04-21T15:26:26.394748+00:00
368,3794.7375,6962.85,3168.1125,paper_single_prompt,3794.7375,mistralai/Mistral-7B-Instruct-v0.3,TotalCharges,32,2026-04-21T15:26:26.394748+00:00
370,3794.7375,690.25,3104.4875,paper_single_prompt,3794.7375,mistralai/Mistral-7B-Instruct-v0.3,TotalCharges,32,2026-04-21T15:26:26.394748+00:00
373,3600.0,5608.4,2008.4,paper_single_prompt,3600.0,mistralai/Mistral-7B-Instruct-v0.3,TotalCharges,32,2026-04-21T15:26:26.394748+00:00
384,3700.0,5067.45,1367.4499999999998,paper_single_prompt,3700.0,mistralai/Mistral-7B-Instruct-v0.3,TotalCharges,32,2026-04-21T15:26:26.394748+00:00
393,3794.7375,367.55,3427.1875,paper_single_prompt,3794.7375,mistralai/Mistral-7B-Instruct-v0.3,TotalCharges,32,2026-04-21T15:26:26.394748+00:00
398,3794.7375,1803.7,1991.0375,paper_single_prompt,3794.7375,mistralai/Mistral-7B-Instruct-v0.3,TotalCharges,32,2026-04-21T15:26:26.394748+00:00
399,3794.7375,415.1,3379.6375000000003,paper_single_prompt,3794.7375,mistralai/Mistral-7B-Instruct-v0.3,TotalCharges,32,2026-04-21T15:26:26.394748+00:00
411,3794.7375,1066.15,2728.5875,paper_single_prompt,3794.7375,mistralai/Mistral-7B-Instruct-v0.3,TotalCharges,32,2026-04-21T15:26:26.394748+00:00
416,3794.7375,6858.9,3064.1624999999995,paper_single_prompt,3794.7375,mistralai/Mistral-7B-Instruct-v0.3,TotalCharges,32,2026-04-21T15:26:26.394748+00:00
417,3794.7375,1024.7,2770.0375000000004,paper_single_prompt,3794.7375,mistralai/Mistral-7B-Instruct-v0.3,TotalCharges,32,2026-04-21T15:26:26.394748+00:00
436,3794.7375,720.05,3074.6875,paper_single_prompt,3794.7375,mistralai/Mistral-7B-Instruct-v0.3,TotalCharges,32,2026-04-21T15:26:26.394748+00:00
454,3794.7375,1417.9,2376.8375,paper_single_prompt,3794.7375,mistralai/Mistral-7B-Instruct-v0.3,TotalCharges,32,2026-04-21T15:26:26.394748+00:00
467,3794.7375,6588.95,2794.2125,paper_single_prompt,3794.7375,mistralai/Mistral-7B-Instruct-v0.3,TotalCharges,32,2026-04-21T15:26:26.394748+00:00
476,3794.7375,2747.2,1047.5375000000004,paper_single_prompt,3794.7375,mistralai/Mistral-7B-Instruct-v0.3,TotalCharges,32,2026-04-21T15:26:26.394748+00:00
481,3486.75,2145.0,1341.75,paper_single_prompt,3486.75,mistralai/Mistral-7B-Instruct-v0.3,TotalCharges,32,2026-04-21T15:26:26.394748+00:00
488,1800.0,,,paper_single_prompt,1800.0,mistralai/Mistral-7B-Instruct-v0.3,TotalCharges,32,2026-04-21T15:26:26.394748+00:00
518,3794.7375,1929.35,1865.3875000000005,paper_single_prompt,3794.7375,mistralai/Mistral-7B-Instruct-v0.3,TotalCharges,32,2026-04-21T15:26:26.394748+00:00
568,3794.7375,3527.6,267.1375000000003,paper_single_prompt,3794.7375,mistralai/Mistral-7B-Instruct-v0.3,TotalCharges,32,2026-04-21T15:26:26.394748+00:00
589,3794.7375,6668.05,2873.3125,paper_single_prompt,3794.7375,mistralai/Mistral-7B-Instruct-v0.3,TotalCharges,32,2026-04-21T15:26:26.394748+00:00
599,3328.86,1414.45,1914.41,paper_single_prompt,3328.86,mistralai/Mistral-7B-Instruct-v0.3,TotalCharges,32,2026-04-21T15:26:26.394748+00:00
602,3794.7375,4859.25,1064.5124999999998,paper_single_prompt,3794.7375,mistralai/Mistral-7B-Instruct-v0.3,TotalCharges,32,2026-04-21T15:26:26.394748+00:00
603,3794.7375,4903.2,1108.4624999999996,paper_single_prompt,3794.7375,mistralai/Mistral-7B-Instruct-v0.3,TotalCharges,32,2026-04-21T15:26:26.394748+00:00
620,3794.7375,362.6,3432.1375000000003,paper_single_prompt,3794.7375,mistralai/Mistral-7B-Instruct-v0.3,TotalCharges,32,2026-04-21T15:26:26.394748+00:00
634,3794.7375,2236.2,1558.5375000000004,paper_single_prompt,3794.7375,mistralai/Mistral-7B-Instruct-v0.3,TotalCharges,32,2026-04-21T15:26:26.394748+00:00
636,3794.7375,3109.9,684.8375000000001,paper_single_prompt,3794.7375,mistralai/Mistral-7B-Instruct-v0.3,TotalCharges,32,2026-04-21T15:26:26.394748+00:00
643,3700.0,4287.2,587.1999999999998,paper_single_prompt,3700.00,mistralai/Mistral-7B-Instruct-v0.3,TotalCharges,32,2026-04-21T15:26:26.394748+00:00
667,2804.65,1453.1,1351.5500000000002,paper_single_prompt,2804.65,mistralai/Mistral-7B-Instruct-v0.3,TotalCharges,32,2026-04-21T15:26:26.394748+00:00
669,3794.7375,4039.3,244.5625,paper_single_prompt,3794.7375,mistralai/Mistral-7B-Instruct-v0.3,TotalCharges,32,2026-04-21T15:26:26.394748+00:00
673,3794.7375,493.4,3301.3375,paper_single_prompt,3794.7375,mistralai/Mistral-7B-Instruct-v0.3,TotalCharges,32,2026-04-21T15:26:26.394748+00:00
683,3794.7375,4188.4,393.66249999999945,paper_single_prompt,3794.7375,mistralai/Mistral-7B-Instruct-v0.3,TotalCharges,32,2026-04-21T15:26:26.394748+00:00
705,3246.85,2015.35,1231.5,paper_single_prompt,3246.85,mistralai/Mistral-7B-Instruct-v0.3,TotalCharges,32,2026-04-21T15:26:26.394748+00:00
714,3794.7375,1710.9,2083.8375,paper_single_prompt,3794.7375,mistralai/Mistral-7B-Instruct-v0.3,TotalCharges,32,2026-04-21T15:26:26.394748+00:00
719,3700.0,5589.3,1889.3,paper_single_prompt,3700.0,mistralai/Mistral-7B-Instruct-v0.3,TotalCharges,32,2026-04-21T15:26:26.394748+00:00
721,3794.7375,1305.95,2488.7875000000004,paper_single_prompt,3794.7375,mistralai/Mistral-7B-Instruct-v0.3,TotalCharges,32,2026-04-21T15:26:26.394748+00:00
734,3794.7375,2423.4,1371.3375,paper_single_prompt,3794.7375,mistralai/Mistral-7B-Instruct-v0.3,TotalCharges,32,2026-04-21T15:26:26.394748+00:00
743,3794.7375,1551.6,2243.1375000000003,paper_single_prompt,3794.7375,mistralai/Mistral-7B-Instruct-v0.3,TotalCharges,32,2026-04-21T15:26:26.394748+00:00
745,3794.7375,7882.25,4087.5125,paper_single_prompt,3794.7375,mistralai/Mistral-7B-Instruct-v0.3,TotalCharges,32,2026-04-21T15:26:26.394748+00:00
749,3700.0,5817.0,2117.0,paper_single_prompt,3700.00,mistralai/Mistral-7B-Instruct-v0.3,TotalCharges,32,2026-04-21T15:26:26.394748+00:00
751,3794.7375,5600.15,1805.4125,paper_single_prompt,3794.7375,mistralai/Mistral-7B-Instruct-v0.3,TotalCharges,32,2026-04-21T15:26:26.394748+00:00
753,1397.475,,,paper_single_prompt,1397.475,mistralai/Mistral-7B-Instruct-v0.3,TotalCharges,32,2026-04-21T15:26:26.394748+00:00
763,3794.7375,4758.8,964.0625,paper_single_prompt,3794.7375,mistralai/Mistral-7B-Instruct-v0.3,TotalCharges,32,2026-04-21T15:26:26.394748+00:00
769,3794.7375,1175.6,2619.1375000000003,paper_single_prompt,3794.7375,mistralai/Mistral-7B-Instruct-v0.3,TotalCharges,32,2026-04-21T15:26:26.394748+00:00
775,3794.7375,8065.65,4270.912499999999,paper_single_prompt,3794.7375,mistralai/Mistral-7B-Instruct-v0.3,TotalCharges,32,2026-04-21T15:26:26.394748+00:00
776,1397.475,92.5,1304.975,paper_single_prompt,1397.475,mistralai/Mistral-7B-Instruct-v0.3,TotalCharges,32,2026-04-21T15:26:26.394748+00:00
786,3794.7375,3983.6,188.86249999999973,paper_single_prompt,3794.7375,mistralai/Mistral-7B-Instruct-v0.3,TotalCharges,32,2026-04-21T15:26:26.394748+00:00
790,3396.95,3590.2,193.25,paper_single_prompt,3396.95,mistralai/Mistral-7B-Instruct-v0.3,TotalCharges,32,2026-04-21T15:26:26.394748+00:00
791,3769.55,5023.0,1253.4499999999998,paper_single_prompt,3769.55,mistralai/Mistral-7B-Instruct-v0.3,TotalCharges,32,2026-04-21T15:26:26.394748+00:00
808,3794.7375,4113.1,318.3625000000002,paper_single_prompt,3794.7375,mistralai/Mistral-7B-Instruct-v0.3,TotalCharges,32,2026-04-21T15:26:26.394748+00:00
811,3794.7375,7250.15,3455.4124999999995,paper_single_prompt,3794.7375,mistralai/Mistral-7B-Instruct-v0.3,TotalCharges,32,2026-04-21T15:26:26.394748+00:00
818,3794.7375,2317.1,1477.6375000000005,paper_single_prompt,3794.7375,mistralai/Mistral-7B-Instruct-v0.3,TotalCharges,32,2026-04-21T15:26:26.394748+00:00
820,3794.7375,6751.35,2956.6125,paper_single_prompt,3794.7375,mistralai/Mistral-7B-Instruct-v0.3,TotalCharges,32,2026-04-21T15:26:26.394748+00:00
828,3794.7375,5453.4,1658.6624999999997,paper_single_prompt,3794.7375,mistralai/Mistral-7B-Instruct-v0.3,TotalCharges,32,2026-04-21T15:26:26.394748+00:00
833,3794.7375,3340.55,454.1875,paper_single_prompt,3794.7375,mistralai/Mistral-7B-Instruct-v0.3,TotalCharges,32,2026-04-21T15:26:26.394748+00:00
836,3794.7375,4487.3,692.5625,paper_single_prompt,3794.7375,mistralai/Mistral-7B-Instruct-v0.3,TotalCharges,32,2026-04-21T15:26:26.394748+00:00
841,3794.7375,7589.8,3795.0625,paper_single_prompt,3794.7375,mistralai/Mistral-7B-Instruct-v0.3,TotalCharges,32,2026-04-21T15:26:26.394748+00:00
845,3794.7375,295.95,3498.7875000000004,paper_single_prompt,3794.7375,mistralai/Mistral-7B-Instruct-v0.3,TotalCharges,32,2026-04-21T15:26:26.394748+00:00
856,3794.7375,6309.65,2514.9124999999995,paper_single_prompt,3794.7375,mistralai/Mistral-7B-Instruct-v0.3,TotalCharges,32,2026-04-21T15:26:26.394748+00:00
861,3794.7375,5822.3,2027.5625,paper_single_prompt,3794.7375,mistralai/Mistral-7B-Instruct-v0.3,TotalCharges,32,2026-04-21T15:26:26.394748+00:00
870,3794.7375,7015.9,3221.1624999999995,paper_single_prompt,3794.7375,mistralai/Mistral-7B-Instruct-v0.3,TotalCharges,32,2026-04-21T15:26:26.394748+00:00
876,3377.15,1582.75,1794.4,paper_single_prompt,3377.15,mistralai/Mistral-7B-Instruct-v0.3,TotalCharges,32,2026-04-21T15:26:26.394748+00:00
897,3794.7375,5682.25,1887.5125,paper_single_prompt,3794.7375,mistralai/Mistral-7B-Instruct-v0.3,TotalCharges,32,2026-04-21T15:26:26.394748+00:00
911,3313.5,1288.3,2025.2,paper_single_prompt,3313.5,mistralai/Mistral-7B-Instruct-v0.3,TotalCharges,32,2026-04-21T15:26:26.394748+00:00
918,3700.0,2193.0,1507.0,paper_single_prompt,3700.0,mistralai/Mistral-7B-Instruct-v0.3,TotalCharges,32,2026-04-21T15:26:26.394748+00:00
923,3794.7375,4786.15,991.4124999999996,paper_single_prompt,3794.7375,mistralai/Mistral-7B-Instruct-v0.3,TotalCharges,32,2026-04-21T15:26:26.394748+00:00
925,3794.7375,2404.15,1390.5875,paper_single_prompt,3794.7375,mistralai/Mistral-7B-Instruct-v0.3,TotalCharges,32,2026-04-21T15:26:26.394748+00:00
936,1800.0,,,paper_single_prompt,1800.0,mistralai/Mistral-7B-Instruct-v0.3,TotalCharges,32,2026-04-21T15:26:26.394748+00:00
942,3794.7375,2001.0,1793.7375000000002,paper_single_prompt,3794.7375,mistralai/Mistral-7B-Instruct-v0.3,TotalCharges,32,2026-04-21T15:26:26.394748+00:00
943,3794.7375,4919.7,1124.9624999999996,paper_single_prompt,3794.7375,mistralai/Mistral-7B-Instruct-v0.3,TotalCharges,32,2026-04-21T15:26:26.394748+00:00
944,3480.65,5645.8,2165.15,paper_single_prompt,3480.65,mistralai/Mistral-7B-Instruct-v0.3,TotalCharges,32,2026-04-21T15:26:26.394748+00:00
966,3794.7375,112.3,3682.4375,paper_single_prompt,3794.7375,mistralai/Mistral-7B-Instruct-v0.3,TotalCharges,32,2026-04-21T15:26:26.394748+00:00
972,3700.5,4048.95,348.4499999999998,paper_single_prompt,3700.50,mistralai/Mistral-7B-Instruct-v0.3,TotalCharges,32,2026-04-21T15:26:26.394748+00:00
987,1397.475,19.75,1377.725,paper_single_prompt,1397.475,mistralai/Mistral-7B-Instruct-v0.3,TotalCharges,32,2026-04-21T15:26:26.394748+00:00
988,3794.7375,537.35,3257.3875000000003,paper_single_prompt,3794.7375,mistralai/Mistral-7B-Instruct-v0.3,TotalCharges,32,2026-04-21T15:26:26.394748+00:00
990,3406.85,4513.65,1106.7999999999995,paper_single_prompt,3406.85,mistralai/Mistral-7B-Instruct-v0.3,TotalCharges,32,2026-04-21T15:26:26.394748+00:00
991,3794.7375,1423.85,2370.8875000000003,paper_single_prompt,3794.7375,mistralai/Mistral-7B-Instruct-v0.3,TotalCharges,32,2026-04-21T15:26:26.394748+00:00
1001,3794.7375,1893.95,1900.7875,paper_single_prompt,3794.7375,mistralai/Mistral-7B-Instruct-v0.3,TotalCharges,32,2026-04-21T15:26:26.394748+00:00
1014,3794.7375,990.85,2803.8875000000003,paper_single_prompt,3794.7375,mistralai/Mistral-7B-Instruct-v0.3,TotalCharges,32,2026-04-21T15:26:26.394748+00:00
1020,3266.71,2066.0,1200.71,paper_single_prompt,3266.71,mistralai/Mistral-7B-Instruct-v0.3,TotalCharges,32,2026-04-21T15:26:26.394748+00:00
1024,37.0,2552.9,2515.9,paper_single_prompt,37 * 70.35 + 70.35 = 2682.45,mistralai/Mistral-7B-Instruct-v0.3,TotalCharges,32,2026-04-21T15:26:26.394748+00:00
1028,3794.7375,2070.6,1724.1375000000005,paper_single_prompt,3794.7375,mistralai/Mistral-7B-Instruct-v0.3,TotalCharges,32,2026-04-21T15:26:26.394748+00:00
1035,3794.7375,1697.7,2097.0375000000004,paper_single_prompt,3794.7375,mistralai/Mistral-7B-Instruct-v0.3,TotalCharges,32,2026-04-21T15:26:26.394748+00:00
1046,3794.7375,3877.65,82.91249999999991,paper_single_prompt,3794.7375,mistralai/Mistral-7B-Instruct-v0.3,TotalCharges,32,2026-04-21T15:26:26.394748+00:00
1052,3138.55,3208.65,70.09999999999991,paper_single_prompt,3138.55,mistralai/Mistral-7B-Instruct-v0.3,TotalCharges,32,2026-04-21T15:26:26.394748+00:00
1069,3794.7375,1055.9,2738.8375,paper_single_prompt,3794.7375,mistralai/Mistral-7B-Instruct-v0.3,TotalCharges,32,2026-04-21T15:26:26.394748+00:00
1082,1397.475,,,paper_single_prompt,1397.475,mistralai/Mistral-7B-Instruct-v0.3,TotalCharges,32,2026-04-21T15:26:26.394748+00:00
1084,3794.7375,1012.4,2782.3375,paper_single_prompt,3794.7375,mistralai/Mistral-7B-Instruct-v0.3,TotalCharges,32,2026-04-21T15:26:26.394748+00:00
1092,3794.7375,4523.25,728.5124999999998,paper_single_prompt,3794.7375,mistralai/Mistral-7B-Instruct-v0.3,TotalCharges,32,2026-04-21T15:26:26.394748+00:00
1093,3794.7375,7159.7,3364.9625,paper_single_prompt,3794.7375,mistralai/Mistral-7B-Instruct-v0.3,TotalCharges,32,2026-04-21T15:26:26.394748+00:00
1098,3794.7375,6038.55,2243.8125,paper_single_prompt,3794.7375,mistralai/Mistral-7B-Instruct-v0.3,TotalCharges,32,2026-04-21T15:26:26.394748+00:00
1106,3794.7375,6253.0,2458.2625,paper_single_prompt,3794.7375,mistralai/Mistral-7B-Instruct-v0.3,TotalCharges,32,2026-04-21T15:26:26.394748+00:00
1107,3794.7375,1641.8,2152.9375,paper_single_prompt,3794.7375,mistralai/Mistral-7B-Instruct-v0.3,TotalCharges,32,2026-04-21T15:26:26.394748+00:00
1118,3648.75,4997.5,1348.75,paper_single_prompt,3648.75,mistralai/Mistral-7B-Instruct-v0.3,TotalCharges,32,2026-04-21T15:26:26.394748+00:00
1146,3648.75,1072.6,2576.15,paper_single_prompt,3648.75,mistralai/Mistral-7B-Instruct-v0.3,TotalCharges,32,2026-04-21T15:26:26.394748+00:00
1164,3794.7375,5831.2,2036.4625,paper_single_prompt,3794.7375,mistralai/Mistral-7B-Instruct-v0.3,TotalCharges,32,2026-04-21T15:26:26.394748+00:00
1170,3794.7375,8093.15,4298.412499999999,paper_single_prompt,3794.7375,mistralai/Mistral-7B-Instruct-v0.3,TotalCharges,32,2026-04-21T15:26:26.394748+00:00
1178,3794.7375,1553.95,2240.7875000000004,paper_single_prompt,3794.7375,mistralai/Mistral-7B-Instruct-v0.3,TotalCharges,32,2026-04-21T15:26:26.394748+00:00
1180,3794.7375,1971.15,1823.5875,paper_single_prompt,3794.7375,mistralai/Mistral-7B-Instruct-v0.3,TotalCharges,32,2026-04-21T15:26:26.394748+00:00
1187,3794.7375,7413.55,3618.8125,paper_single_prompt,3794.7375,mistralai/Mistral-7B-Instruct-v0.3,TotalCharges,32,2026-04-21T15:26:26.394748+00:00
1216,3486.86,1090.6,2396.26,paper_single_prompt,3486.86,mistralai/Mistral-7B-Instruct-v0.3,TotalCharges,32,2026-04-21T15:26:26.394748+00:00
1219,2836.91,4300.45,1463.54,paper_single_prompt,2836.91,mistralai/Mistral-7B-Instruct-v0.3,TotalCharges,32,2026-04-21T15:26:26.394748+00:00
1231,3794.7375,1398.6,2396.1375000000003,paper_single_prompt,3794.7375,mistralai/Mistral-7B-Instruct-v0.3,TotalCharges,32,2026-04-21T15:26:26.394748+00:00
1232,3794.7375,2564.3,1230.4375,paper_single_prompt,3794.7375,mistralai/Mistral-7B-Instruct-v0.3,TotalCharges,32,2026-04-21T15:26:26.394748+00:00
1245,3794.7375,2117.25,1677.4875000000002,paper_single_prompt,3794.7375,mistralai/Mistral-7B-Instruct-v0.3,TotalCharges,32,2026-04-21T15:26:26.394748+00:00
1263,3794.7375,6127.6,2332.8625,paper_single_prompt,3794.7375,mistralai/Mistral-7B-Instruct-v0.3,TotalCharges,32,2026-04-21T15:26:26.394748+00:00
1267,3766.54,4818.8,1052.2600000000002,paper_single_prompt,3766.54,mistralai/Mistral-7B-Instruct-v0.3,TotalCharges,32,2026-04-21T15:26:26.394748+00:00
1275,3442.75,3112.05,330.6999999999998,paper_single_prompt,3442.75,mistralai/Mistral-7B-Instruct-v0.3,TotalCharges,32,2026-04-21T15:26:26.394748+00:00
1284,3794.7375,1188.25,2606.4875,paper_single_prompt,3794.7375,mistralai/Mistral-7B-Instruct-v0.3,TotalCharges,32,2026-04-21T15:26:26.394748+00:00
1288,3794.7375,1240.15,2554.5875,paper_single_prompt,3794.7375,mistralai/Mistral-7B-Instruct-v0.3,TotalCharges,32,2026-04-21T15:26:26.394748+00:00
1300,3794.7375,7962.2,4167.4625,paper_single_prompt,3794.7375,mistralai/Mistral-7B-Instruct-v0.3,TotalCharges,32,2026-04-21T15:26:26.394748+00:00
1327,3794.7375,5961.1,2166.3625,paper_single_prompt,3794.7375,mistralai/Mistral-7B-Instruct-v0.3,TotalCharges,32,2026-04-21T15:26:26.394748+00:00
1329,3794.7375,1496.45,2298.2875000000004,paper_single_prompt,3794.7375,mistralai/Mistral-7B-Instruct-v0.3,TotalCharges,32,2026-04-21T15:26:26.394748+00:00
1340,1397.475,,,paper_single_prompt,1397.475,mistralai/Mistral-7B-Instruct-v0.3,TotalCharges,32,2026-04-21T15:26:26.394748+00:00
1345,3600.0,5985.0,2385.0,paper_single_prompt,3600.0,mistralai/Mistral-7B-Instruct-v0.3,TotalCharges,32,2026-04-21T15:26:26.394748+00:00
1359,3794.7375,889.9,2904.8375,paper_single_prompt,3794.7375,mistralai/Mistral-7B-Instruct-v0.3,TotalCharges,32,2026-04-21T15:26:26.394748+00:00
1369,3794.7375,2033.85,1760.8875000000005,paper_single_prompt,3794.7375,mistralai/Mistral-7B-Instruct-v0.3,TotalCharges,32,2026-04-21T15:26:26.394748+00:00
1380,3794.7375,6145.2,2350.4625,paper_single_prompt,3794.7375,mistralai/Mistral-7B-Instruct-v0.3,TotalCharges,32,2026-04-21T15:26:26.394748+00:00
1391,3700.0,2440.25,1259.75,paper_single_prompt,3700.0,mistralai/Mistral-7B-Instruct-v0.3,TotalCharges,32,2026-04-21T15:26:26.394748+00:00
1406,3794.7375,1673.8,2120.9375,paper_single_prompt,3794.7375,mistralai/Mistral-7B-Instruct-v0.3,TotalCharges,32,2026-04-21T15:26:26.394748+00:00
1416,3444.55,3166.9,277.6500000000001,paper_single_prompt,3444.55,mistralai/Mistral-7B-Instruct-v0.3,TotalCharges,32,2026-04-21T15:26:26.394748+00:00
1427,3794.7375,3122.4,672.3375000000001,paper_single_prompt,3794.7375,mistralai/Mistral-7B-Instruct-v0.3,TotalCharges,32,2026-04-21T15:26:26.394748+00:00
1429,3794.7375,1088.25,2706.4875,paper_single_prompt,3794.7375,mistralai/Mistral-7B-Instruct-v0.3,TotalCharges,32,2026-04-21T15:26:26.394748+00:00
1431,3794.7375,2908.2,886.5375000000004,paper_single_prompt,3794.7375,mistralai/Mistral-7B-Instruct-v0.3,TotalCharges,32,2026-04-21T15:26:26.394748+00:00
1481,3794.7375,4754.3,959.5625,paper_single_prompt,3794.7375,mistralai/Mistral-7B-Instruct-v0.3,TotalCharges,32,2026-04-21T15:26:26.394748+00:00
1483,3700.0,3562.5,137.5,paper_single_prompt,3700.00,mistralai/Mistral-7B-Instruct-v0.3,TotalCharges,32,2026-04-21T15:26:26.394748+00:00
1524,3794.7375,7002.95,3208.2125,paper_single_prompt,3794.7375,mistralai/Mistral-7B-Instruct-v0.3,TotalCharges,32,2026-04-21T15:26:26.394748+00:00
1545,3794.7375,6536.5,2741.7625,paper_single_prompt,3794.7375,mistralai/Mistral-7B-Instruct-v0.3,TotalCharges,32,2026-04-21T15:26:26.394748+00:00
1604,3700.0,6511.25,2811.25,paper_single_prompt,3700.0,mistralai/Mistral-7B-Instruct-v0.3,TotalCharges,32,2026-04-21T15:26:26.394748+00:00
1611,3794.7375,6468.6,2673.8625,paper_single_prompt,3794.7375,mistralai/Mistral-7B-Instruct-v0.3,TotalCharges,32,2026-04-21T15:26:26.394748+00:00
1612,3794.7375,5918.8,2124.0625,paper_single_prompt,3794.7375,mistralai/Mistral-7B-Instruct-v0.3,TotalCharges,32,2026-04-21T15:26:26.394748+00:00
1628,3794.7375,2627.2,1167.5375000000004,paper_single_prompt,3794.7375,mistralai/Mistral-7B-Instruct-v0.3,TotalCharges,32,2026-04-21T15:26:26.394748+00:00
1631,3794.7375,1463.45,2331.2875000000004,paper_single_prompt,3794.7375,mistralai/Mistral-7B-Instruct-v0.3,TotalCharges,32,2026-04-21T15:26:26.394748+00:00
1646,3600.0,3801.3,201.30000000000013,paper_single_prompt,3600.0,mistralai/Mistral-7B-Instruct-v0.3,TotalCharges,32,2026-04-21T15:26:26.394748+00:00
1647,3289.15,868.5,2420.65,paper_single_prompt,3289.15,mistralai/Mistral-7B-Instruct-v0.3,TotalCharges,32,2026-04-21T15:26:26.394748+00:00
1657,3794.7375,901.25,2893.4875,paper_single_prompt,3794.7375,mistralai/Mistral-7B-Instruct-v0.3,TotalCharges,32,2026-04-21T15:26:26.394748+00:00
1660,3794.7375,1139.2,2655.5375000000004,paper_single_prompt,3794.7375,mistralai/Mistral-7B-Instruct-v0.3,TotalCharges,32,2026-04-21T15:26:26.394748+00:00
1663,3794.7375,4812.75,1018.0124999999998,paper_single_prompt,3794.7375,mistralai/Mistral-7B-Instruct-v0.3,TotalCharges,32,2026-04-21T15:26:26.394748+00:00
1675,3794.7375,2384.15,1410.5875,paper_single_prompt,3794.7375,mistralai/Mistral-7B-Instruct-v0.3,TotalCharges,32,2026-04-21T15:26:26.394748+00:00
1681,3794.7375,1849.2,1945.5375,paper_single_prompt,3794.7375,mistralai/Mistral-7B-Instruct-v0.3,TotalCharges,32,2026-04-21T15:26:26.394748+00:00
1687,3958.56,314.95,3643.61,paper_single_prompt,3958.56,mistralai/Mistral-7B-Instruct-v0.3,TotalCharges,32,2026-04-21T15:26:26.394748+00:00
1700,3794.7375,943.0,2851.7375,paper_single_prompt,3794.7375,mistralai/Mistral-7B-Instruct-v0.3,TotalCharges,32,2026-04-21T15:26:26.394748+00:00
1701,3794.7375,6615.15,2820.4124999999995,paper_single_prompt,3794.7375,mistralai/Mistral-7B-Instruct-v0.3,TotalCharges,32,2026-04-21T15:26:26.394748+00:00
1705,3467.15,5044.8,1577.65,paper_single_prompt,3467.15,mistralai/Mistral-7B-Instruct-v0.3,TotalCharges,32,2026-04-21T15:26:26.394748+00:00
1717,3794.7375,1421.9,2372.8375,paper_single_prompt,3794.7375,mistralai/Mistral-7B-Instruct-v0.3,TotalCharges,32,2026-04-21T15:26:26.394748+00:00
1720,2754.56,163.7,2590.86,paper_single_prompt,2754.56,mistralai/Mistral-7B-Instruct-v0.3,TotalCharges,32,2026-04-21T15:26:26.394748+00:00
1745,3794.7375,1119.9,2674.8375,paper_single_prompt,3794.7375,mistralai/Mistral-7B-Instruct-v0.3,TotalCharges,32,2026-04-21T15:26:26.394748+00:00
1752,3794.7375,1421.75,2372.9875,paper_single_prompt,3794.7375,mistralai/Mistral-7B-Instruct-v0.3,TotalCharges,32,2026-04-21T15:26:26.394748+00:00
1760,3146.86,2614.1,532.7600000000002,paper_single_prompt,3146.86,mistralai/Mistral-7B-Instruct-v0.3,TotalCharges,32,2026-04-21T15:26:26.394748+00:00
1785,3794.7375,6392.85,2598.1125,paper_single_prompt,3794.7375,mistralai/Mistral-7B-Instruct-v0.3,TotalCharges,32,2026-04-21T15:26:26.394748+00:00
1801,3800.0,1490.4,2309.6,paper_single_prompt,3800,mistralai/Mistral-7B-Instruct-v0.3,TotalCharges,32,2026-04-21T15:26:26.394748+00:00
1826,3794.7375,5931.0,2136.2625,paper_single_prompt,3794.7375,mistralai/Mistral-7B-Instruct-v0.3,TotalCharges,32,2026-04-21T15:26:26.394748+00:00
1845,3666.55,2492.25,1174.3000000000002,paper_single_prompt,3666.55,mistralai/Mistral-7B-Instruct-v0.3,TotalCharges,32,2026-04-21T15:26:26.394748+00:00
1871,3794.7375,4539.35,744.6125000000002,paper_single_prompt,3794.7375,mistralai/Mistral-7B-Instruct-v0.3,TotalCharges,32,2026-04-21T15:26:26.394748+00:00
1873,3794.7375,5011.15,1216.4124999999997,paper_single_prompt,3794.7375,mistralai/Mistral-7B-Instruct-v0.3,TotalCharges,32,2026-04-21T15:26:26.394748+00:00
1876,3794.7375,4563.0,768.2624999999998,paper_single_prompt,3794.7375,mistralai/Mistral-7B-Instruct-v0.3,TotalCharges,32,2026-04-21T15:26:26.394748+00:00
1905,3794.7375,962.25,2832.4875,paper_single_prompt,3794.7375,mistralai/Mistral-7B-Instruct-v0.3,TotalCharges,32,2026-04-21T15:26:26.394748+00:00
1906,3794.7375,1382.9,2411.8375,paper_single_prompt,3794.7375,mistralai/Mistral-7B-Instruct-v0.3,TotalCharges,32,2026-04-21T15:26:26.394748+00:00
1916,3794.7375,3862.55,67.8125,paper_single_prompt,3794.7375,mistralai/Mistral-7B-Instruct-v0.3,TotalCharges,32,2026-04-21T15:26:26.394748+00:00
1935,3794.7375,996.95,2797.7875000000004,paper_single_prompt,3794.7375,mistralai/Mistral-7B-Instruct-v0.3,TotalCharges,32,2026-04-21T15:26:26.394748+00:00
1958,3794.7375,2048.8,1745.9375,paper_single_prompt,3794.7375,mistralai/Mistral-7B-Instruct-v0.3,TotalCharges,32,2026-04-21T15:26:26.394748+00:00
1959,1845.12,163.55,1681.57,paper_single_prompt,1845.12,mistralai/Mistral-7B-Instruct-v0.3,TotalCharges,32,2026-04-21T15:26:26.394748+00:00
1977,3794.7375,2845.15,949.5875,paper_single_prompt,3794.7375,mistralai/Mistral-7B-Instruct-v0.3,TotalCharges,32,2026-04-21T15:26:26.394748+00:00
1981,3700.0,5885.4,2185.4,paper_single_prompt,3700.0,mistralai/Mistral-7B-Instruct-v0.3,TotalCharges,32,2026-04-21T15:26:26.394748+00:00
1987,3228.65,2257.75,970.9,paper_single_prompt,3228.65,mistralai/Mistral-7B-Instruct-v0.3,TotalCharges,32,2026-04-21T15:26:26.394748+00:00
2001,2637.55,117.95,2519.6000000000004,paper_single_prompt,2637.55,mistralai/Mistral-7B-Instruct-v0.3,TotalCharges,32,2026-04-21T15:26:26.394748+00:00
2005,3794.7375,4941.8,1147.0625,paper_single_prompt,3794.7375,mistralai/Mistral-7B-Instruct-v0.3,TotalCharges,32,2026-04-21T15:26:26.394748+00:00
2006,2857.125,223.15,2633.975,paper_single_prompt,2857.125,mistralai/Mistral-7B-Instruct-v0.3,TotalCharges,32,2026-04-21T15:26:26.394748+00:00
2020,3750.0,3865.45,115.44999999999982,paper_single_prompt,3750.0,mistralai/Mistral-7B-Instruct-v0.3,TotalCharges,32,2026-04-21T15:26:26.394748+00:00
2031,1842.71,125.5,1717.21,paper_single_prompt,1842.71,mistralai/Mistral-7B-Instruct-v0.3,TotalCharges,32,2026-04-21T15:26:26.394748+00:00
2032,3794.7375,1390.6,2404.1375000000003,paper_single_prompt,3794.7375,mistralai/Mistral-7B-Instruct-v0.3,TotalCharges,32,2026-04-21T15:26:26.394748+00:00
2034,3794.7375,2511.3,1283.4375,paper_single_prompt,3794.7375,mistralai/Mistral-7B-Instruct-v0.3,TotalCharges,32,2026-04-21T15:26:26.394748+00:00
2052,3680.54,4946.05,1265.5100000000002,paper_single_prompt,3680.54,mistralai/Mistral-7B-Instruct-v0.3,TotalCharges,32,2026-04-21T15:26:26.394748+00:00
2059,37.0,3415.25,3378.25,paper_single_prompt,37 * 92.95 + 92.95 = 3546.65,mistralai/Mistral-7B-Instruct-v0.3,TotalCharges,32,2026-04-21T15:26:26.394748+00:00
2067,3794.7375,6792.45,2997.7125,paper_single_prompt,3794.7375,mistralai/Mistral-7B-Instruct-v0.3,TotalCharges,32,2026-04-21T15:26:26.394748+00:00
2079,3794.7375,7554.05,3759.3125,paper_single_prompt,3794.7375,mistralai/Mistral-7B-Instruct-v0.3,TotalCharges,32,2026-04-21T15:26:26.394748+00:00
2088,3794.7375,1941.5,1853.2375,paper_single_prompt,3794.7375,mistralai/Mistral-7B-Instruct-v0.3,TotalCharges,32,2026-04-21T15:26:26.394748+00:00
2091,3107.65,970.85,2136.8,paper_single_prompt,3107.65,mistralai/Mistral-7B-Instruct-v0.3,TotalCharges,32,2026-04-21T15:26:26.394748+00:00
2108,2803.75,2168.9,634.8499999999999,paper_single_prompt,2803.75,mistralai/Mistral-7B-Instruct-v0.3,TotalCharges,32,2026-04-21T15:26:26.394748+00:00
2111,3677.15,711.9,2965.25,paper_single_prompt,3677.15,mistralai/Mistral-7B-Instruct-v0.3,TotalCharges,32,2026-04-21T15:26:26.394748+00:00
2120,2797.15,1210.3,1586.85,paper_single_prompt,2797.15,mistralai/Mistral-7B-Instruct-v0.3,TotalCharges,32,2026-04-21T15:26:26.394748+00:00
2124,2747.85,100.4,2647.45,paper_single_prompt,2747.85,mistralai/Mistral-7B-Instruct-v0.3,TotalCharges,32,2026-04-21T15:26:26.394748+00:00
2125,3794.7375,5229.45,1434.7124999999996,paper_single_prompt,3794.7375,mistralai/Mistral-7B-Instruct-v0.3,TotalCharges,32,2026-04-21T15:26:26.394748+00:00
2130,3794.7375,4837.6,1042.8625000000002,paper_single_prompt,3794.7375,mistralai/Mistral-7B-Instruct-v0.3,TotalCharges,32,2026-04-21T15:26:26.394748+00:00
2146,3794.7375,7133.45,3338.7125,paper_single_prompt,3794.7375,mistralai/Mistral-7B-Instruct-v0.3,TotalCharges,32,2026-04-21T15:26:26.394748+00:00
2153,3166.56,1797.75,1368.81,paper_single_prompt,3166.56,mistralai/Mistral-7B-Instruct-v0.3,TotalCharges,32,2026-04-21T15:26:26.394748+00:00
2162,3700.0,2684.35,1015.65,paper_single_prompt,3700.0,mistralai/Mistral-7B-Instruct-v0.3,TotalCharges,32,2026-04-21T15:26:26.394748+00:00
2175,3794.7375,2555.9,1238.8375,paper_single_prompt,3794.7375,mistralai/Mistral-7B-Instruct-v0.3,TotalCharges,32,2026-04-21T15:26:26.394748+00:00
2190,3794.7375,5956.85,2162.1125,paper_single_prompt,3794.7375,mistralai/Mistral-7B-Instruct-v0.3,TotalCharges,32,2026-04-21T15:26:26.394748+00:00
2195,3794.7375,672.2,3122.5375000000004,paper_single_prompt,3794.7375,mistralai/Mistral-7B-Instruct-v0.3,TotalCharges,32,2026-04-21T15:26:26.394748+00:00
2202,2490.85,467.55,2023.3,paper_single_prompt,2490.85,mistralai/Mistral-7B-Instruct-v0.3,TotalCharges,32,2026-04-21T15:26:26.394748+00:00
2204,3794.7375,7482.1,3687.3625,paper_single_prompt,3794.7375,mistralai/Mistral-7B-Instruct-v0.3,TotalCharges,32,2026-04-21T15:26:26.394748+00:00
2215,3794.7375,3370.2,424.5375000000004,paper_single_prompt,3794.7375,mistralai/Mistral-7B-Instruct-v0.3,TotalCharges,32,2026-04-21T15:26:26.394748+00:00
2217,3700.0,5958.85,2258.8500000000004,paper_single_prompt,3700.0,mistralai/Mistral-7B-Instruct-v0.3,TotalCharges,32,2026-04-21T15:26:26.394748+00:00
2225,3794.7375,1309.0,2485.7375,paper_single_prompt,3794.7375,mistralai/Mistral-7B-Instruct-v0.3,TotalCharges,32,2026-04-21T15:26:26.394748+00:00
2227,3794.7375,1108.8,2685.9375,paper_single_prompt,3794.7375,mistralai/Mistral-7B-Instruct-v0.3,TotalCharges,32,2026-04-21T15:26:26.394748+00:00
2232,3794.7375,754.5,3040.2375,paper_single_prompt,3794.7375,mistralai/Mistral-7B-Instruct-v0.3,TotalCharges,32,2026-04-21T15:26:26.394748+00:00
2233,3397.47,3883.3,485.8300000000004,paper_single_prompt,3397.47,mistralai/Mistral-7B-Instruct-v0.3,TotalCharges,32,2026-04-21T15:26:26.394748+00:00
2239,2800.55,2545.7,254.8500000000004,paper_single_prompt,2800.55,mistralai/Mistral-7B-Instruct-v0.3,TotalCharges,32,2026-04-21T15:26:26.394748+00:00
2267,3794.7375,8124.2,4329.4625,paper_single_prompt,3794.7375,mistralai/Mistral-7B-Instruct-v0.3,TotalCharges,32,2026-04-21T15:26:26.394748+00:00
2269,1397.475,70.9,1326.5749999999998,paper_single_prompt,1397.475,mistralai/Mistral-7B-Instruct-v0.3,TotalCharges,32,2026-04-21T15:26:26.394748+00:00
2290,2800.55,633.4,2167.15,paper_single_prompt,2800.55,mistralai/Mistral-7B-Instruct-v0.3,TotalCharges,32,2026-04-21T15:26:26.394748+00:00
2293,3794.7375,6151.9,2357.1624999999995,paper_single_prompt,3794.7375,mistralai/Mistral-7B-Instruct-v0.3,TotalCharges,32,2026-04-21T15:26:26.394748+00:00
2305,3794.7375,3410.0,384.7375000000002,paper_single_prompt,3794.7375,mistralai/Mistral-7B-Instruct-v0.3,TotalCharges,32,2026-04-21T15:26:26.394748+00:00
2310,3794.7375,4464.8,670.0625,paper_single_prompt,3794.7375,mistralai/Mistral-7B-Instruct-v0.3,TotalCharges,32,2026-04-21T15:26:26.394748+00:00
2318,3794.7375,7030.65,3235.9124999999995,paper_single_prompt,3794.7375,mistralai/Mistral-7B-Instruct-v0.3,TotalCharges,32,2026-04-21T15:26:26.394748+00:00
2329,3794.7375,5468.95,1674.2124999999996,paper_single_prompt,3794.7375,mistralai/Mistral-7B-Instruct-v0.3,TotalCharges,32,2026-04-21T15:26:26.394748+00:00
2339,3794.7375,1973.75,1820.9875,paper_single_prompt,3794.7375,mistralai/Mistral-7B-Instruct-v0.3,TotalCharges,32,2026-04-21T15:26:26.394748+00:00
2341,3794.7375,7843.55,4048.8125,paper_single_prompt,3794.7375,mistralai/Mistral-7B-Instruct-v0.3,TotalCharges,32,2026-04-21T15:26:26.394748+00:00
2346,3794.7375,6849.4,3054.6624999999995,paper_single_prompt,3794.7375,mistralai/Mistral-7B-Instruct-v0.3,TotalCharges,32,2026-04-21T15:26:26.394748+00:00
2375,3794.7375,7904.25,4109.5125,paper_single_prompt,3794.7375,mistralai/Mistral-7B-Instruct-v0.3,TotalCharges,32,2026-04-21T15:26:26.394748+00:00
2377,3446.55,2654.05,792.5,paper_single_prompt,3446.55,mistralai/Mistral-7B-Instruct-v0.3,TotalCharges,32,2026-04-21T15:26:26.394748+00:00
2390,3794.7375,160.05,3634.6875,paper_single_prompt,3794.7375,mistralai/Mistral-7B-Instruct-v0.3,TotalCharges,32,2026-04-21T15:26:26.394748+00:00
2403,3794.7375,6046.1,2251.3625,paper_single_prompt,3794.7375,mistralai/Mistral-7B-Instruct-v0.3,TotalCharges,32,2026-04-21T15:26:26.394748+00:00
2412,3794.7375,1445.3,2349.4375,paper_single_prompt,3794.7375,mistralai/Mistral-7B-Instruct-v0.3,TotalCharges,32,2026-04-21T15:26:26.394748+00:00
2440,3794.7375,674.55,3120.1875,paper_single_prompt,3794.7375,mistralai/Mistral-7B-Instruct-v0.3,TotalCharges,32,2026-04-21T15:26:26.394748+00:00
2443,3794.7375,7887.25,4092.5125,paper_single_prompt,3794.7375,mistralai/Mistral-7B-Instruct-v0.3,TotalCharges,32,2026-04-21T15:26:26.394748+00:00
2452,3794.7375,1133.9,2660.8375,paper_single_prompt,3794.7375,mistralai/Mistral-7B-Instruct-v0.3,TotalCharges,32,2026-04-21T15:26:26.394748+00:00
2498,3794.7375,1389.85,2404.8875000000003,paper_single_prompt,3794.7375,mistralai/Mistral-7B-Instruct-v0.3,TotalCharges,32,2026-04-21T15:26:26.394748+00:00
2534,3794.7375,7317.1,3522.3625,paper_single_prompt,3794.7375,mistralai/Mistral-7B-Instruct-v0.3,TotalCharges,32,2026-04-21T15:26:26.394748+00:00
2540,3794.7375,7795.95,4001.2125,paper_single_prompt,3794.7375,mistralai/Mistral-7B-Instruct-v0.3,TotalCharges,32,2026-04-21T15:26:26.394748+00:00
2557,2663.71,141.7,2522.01,paper_single_prompt,2663.71,mistralai/Mistral-7B-Instruct-v0.3,TotalCharges,32,2026-04-21T15:26:26.394748+00:00
2561,3794.7375,7061.65,3266.9124999999995,paper_single_prompt,3794.7375,mistralai/Mistral-7B-Instruct-v0.3,TotalCharges,32,2026-04-21T15:26:26.394748+00:00
2563,3794.7375,2655.25,1139.4875000000002,paper_single_prompt,3794.7375,mistralai/Mistral-7B-Instruct-v0.3,TotalCharges,32,2026-04-21T15:26:26.394748+00:00
2569,3794.7375,1871.85,1922.8875000000005,paper_single_prompt,3794.7375,mistralai/Mistral-7B-Instruct-v0.3,TotalCharges,32,2026-04-21T15:26:26.394748+00:00
2570,3794.7375,2866.45,928.2875000000004,paper_single_prompt,3794.7375,mistralai/Mistral-7B-Instruct-v0.3,TotalCharges,32,2026-04-21T15:26:26.394748+00:00
2576,3456.54,5935.1,2478.5600000000004,paper_single_prompt,3456.54,mistralai/Mistral-7B-Instruct-v0.3,TotalCharges,32,2026-04-21T15:26:26.394748+00:00
2595,3794.7375,5662.25,1867.5125,paper_single_prompt,3794.7375,mistralai/Mistral-7B-Instruct-v0.3,TotalCharges,32,2026-04-21T15:26:26.394748+00:00
2597,3794.7375,7854.15,4059.4125,paper_single_prompt,3794.7375,mistralai/Mistral-7B-Instruct-v0.3,TotalCharges,32,2026-04-21T15:26:26.394748+00:00
2598,2437.15,525.0,1912.15,paper_single_prompt,2437.15,mistralai/Mistral-7B-Instruct-v0.3,TotalCharges,32,2026-04-21T15:26:26.394748+00:00
2605,3794.7375,261.3,3533.4375,paper_single_prompt,3794.7375,mistralai/Mistral-7B-Instruct-v0.3,TotalCharges,32,2026-04-21T15:26:26.394748+00:00
2609,3794.7375,6281.45,2486.7125,paper_single_prompt,3794.7375,mistralai/Mistral-7B-Instruct-v0.3,TotalCharges,32,2026-04-21T15:26:26.394748+00:00
2616,2836.85,260.8,2576.05,paper_single_prompt,2836.85,mistralai/Mistral-7B-Instruct-v0.3,TotalCharges,32,2026-04-21T15:26:26.394748+00:00
2617,1397.475,19.6,1377.875,paper_single_prompt,1397.475,mistralai/Mistral-7B-Instruct-v0.3,TotalCharges,32,2026-04-21T15:26:26.394748+00:00
2621,3794.7375,5564.85,1770.1125000000002,paper_single_prompt,3794.7375,mistralai/Mistral-7B-Instruct-v0.3,TotalCharges,32,2026-04-21T15:26:26.394748+00:00
2636,3794.7375,7987.6,4192.8625,paper_single_prompt,3794.7375,mistralai/Mistral-7B-Instruct-v0.3,TotalCharges,32,2026-04-21T15:26:26.394748+00:00
2660,2804.36,670.65,2133.71,paper_single_prompt,2804.36,mistralai/Mistral-7B-Instruct-v0.3,TotalCharges,32,2026-04-21T15:26:26.394748+00:00
2669,3794.7375,1789.25,2005.4875,paper_single_prompt,3794.7375,mistralai/Mistral-7B-Instruct-v0.3,TotalCharges,32,2026-04-21T15:26:26.394748+00:00
2685,3794.7375,7334.05,3539.3125,paper_single_prompt,3794.7375,mistralai/Mistral-7B-Instruct-v0.3,TotalCharges,32,2026-04-21T15:26:26.394748+00:00
2690,2809.86,583.45,2226.41,paper_single_prompt,2809.86,mistralai/Mistral-7B-Instruct-v0.3,TotalCharges,32,2026-04-21T15:26:26.394748+00:00
2697,3794.7375,6365.35,2570.6125,paper_single_prompt,3794.7375,mistralai/Mistral-7B-Instruct-v0.3,TotalCharges,32,2026-04-21T15:26:26.394748+00:00
2715,3794.7375,996.45,2798.2875000000004,paper_single_prompt,3794.7375,mistralai/Mistral-7B-Instruct-v0.3,TotalCharges,32,2026-04-21T15:26:26.394748+00:00
2717,3794.7375,6733.0,2938.2625,paper_single_prompt,3794.7375,mistralai/Mistral-7B-Instruct-v0.3,TotalCharges,32,2026-04-21T15:26:26.394748+00:00
2752,2802.36,1077.5,1724.86,paper_single_prompt,2802.36,mistralai/Mistral-7B-Instruct-v0.3,TotalCharges,32,2026-04-21T15:26:26.394748+00:00
2755,3794.7375,851.2,2943.5375000000004,paper_single_prompt,3794.7375,mistralai/Mistral-7B-Instruct-v0.3,TotalCharges,32,2026-04-21T15:26:26.394748+00:00
2763,3600.0,5135.35,1535.3500000000004,paper_single_prompt,3600.0,mistralai/Mistral-7B-Instruct-v0.3,TotalCharges,32,2026-04-21T15:26:26.394748+00:00
2764,3794.7375,2000.2,1794.5375,paper_single_prompt,3794.7375,mistralai/Mistral-7B-Instruct-v0.3,TotalCharges,32,2026-04-21T15:26:26.394748+00:00
2788,3794.7375,6028.95,2234.2125,paper_single_prompt,3794.7375,mistralai/Mistral-7B-Instruct-v0.3,TotalCharges,32,2026-04-21T15:26:26.394748+00:00
2791,3794.7375,4317.35,522.6125000000002,paper_single_prompt,3794.7375,mistralai/Mistral-7B-Instruct-v0.3,TotalCharges,32,2026-04-21T15:26:26.394748+00:00
2800,3794.7375,442.6,3352.1375000000003,paper_single_prompt,3794.7375,mistralai/Mistral-7B-Instruct-v0.3,TotalCharges,32,2026-04-21T15:26:26.394748+00:00
2816,3794.7375,8165.1,4370.3625,paper_single_prompt,3794.7375,mistralai/Mistral-7B-Instruct-v0.3,TotalCharges,32,2026-04-21T15:26:26.394748+00:00
2836,3794.7375,4920.55,1125.8125,paper_single_prompt,3794.7375,mistralai/Mistral-7B-Instruct-v0.3,TotalCharges,32,2026-04-21T15:26:26.394748+00:00
2853,3794.7375,4765.0,970.2624999999998,paper_single_prompt,3794.7375,mistralai/Mistral-7B-Instruct-v0.3,TotalCharges,32,2026-04-21T15:26:26.394748+00:00
2867,3794.7375,527.35,3267.3875000000003,paper_single_prompt,3794.7375,mistralai/Mistral-7B-Instruct-v0.3,TotalCharges,32,2026-04-21T15:26:26.394748+00:00
2871,3794.7375,1235.55,2559.1875,paper_single_prompt,3794.7375,mistralai/Mistral-7B-Instruct-v0.3,TotalCharges,32,2026-04-21T15:26:26.394748+00:00
2873,3794.7375,2362.1,1432.6375000000005,paper_single_prompt,3794.7375,mistralai/Mistral-7B-Instruct-v0.3,TotalCharges,32,2026-04-21T15:26:26.394748+00:00
2890,3794.7375,3309.25,485.4875000000002,paper_single_prompt,3794.7375,mistralai/Mistral-7B-Instruct-v0.3,TotalCharges,32,2026-04-21T15:26:26.394748+00:00
2893,3794.7375,1254.7,2540.0375000000004,paper_single_prompt,3794.7375,mistralai/Mistral-7B-Instruct-v0.3,TotalCharges,32,2026-04-21T15:26:26.394748+00:00
2899,3794.7375,3888.65,93.91249999999992,paper_single_prompt,3794.7375,mistralai/Mistral-7B-Instruct-v0.3,TotalCharges,32,2026-04-21T15:26:26.394748+00:00
2920,3794.7375,6155.4,2360.6624999999995,paper_single_prompt,3794.7375,mistralai/Mistral-7B-Instruct-v0.3,TotalCharges,32,2026-04-21T15:26:26.394748+00:00
2922,3794.7375,2602.9,1191.8375,paper_single_prompt,3794.7375,mistralai/Mistral-7B-Instruct-v0.3,TotalCharges,32,2026-04-21T15:26:26.394748+00:00
2923,3496.95,4667.0,1170.0500000000002,paper_single_prompt,3496.95,mistralai/Mistral-7B-Instruct-v0.3,TotalCharges,32,2026-04-21T15:26:26.394748+00:00
2928,3794.7375,6683.4,2888.6624999999995,paper_single_prompt,3794.7375,mistralai/Mistral-7B-Instruct-v0.3,TotalCharges,32,2026-04-21T15:26:26.394748+00:00
2935,3794.7375,6045.9,2251.1624999999995,paper_single_prompt,3794.7375,mistralai/Mistral-7B-Instruct-v0.3,TotalCharges,32,2026-04-21T15:26:26.394748+00:00
2937,3794.7375,5980.75,2186.0125,paper_single_prompt,3794.7375,mistralai/Mistral-7B-Instruct-v0.3,TotalCharges,32,2026-04-21T15:26:26.394748+00:00
2940,3794.7375,2854.55,940.1875,paper_single_prompt,3794.7375,mistralai/Mistral-7B-Instruct-v0.3,TotalCharges,32,2026-04-21T15:26:26.394748+00:00
2947,3600.0,4494.65,894.6499999999996,paper_single_prompt,3600.0,mistralai/Mistral-7B-Instruct-v0.3,TotalCharges,32,2026-04-21T15:26:26.394748+00:00
2986,3287.15,3842.6,555.4499999999998,paper_single_prompt,3287.15,mistralai/Mistral-7B-Instruct-v0.3,TotalCharges,32,2026-04-21T15:26:26.394748+00:00
3003,3794.7375,2180.55,1614.1875,paper_single_prompt,3794.7375,mistralai/Mistral-7B-Instruct-v0.3,TotalCharges,32,2026-04-21T15:26:26.394748+00:00
3025,3794.7375,1688.9,2105.8375,paper_single_prompt,3794.7375,mistralai/Mistral-7B-Instruct-v0.3,TotalCharges,32,2026-04-21T15:26:26.394748+00:00
3032,3794.7375,369.05,3425.6875,paper_single_prompt,3794.7375,mistralai/Mistral-7B-Instruct-v0.3,TotalCharges,32,2026-04-21T15:26:26.394748+00:00
3036,3794.7375,3321.35,473.3875000000003,paper_single_prompt,3794.7375,mistralai/Mistral-7B-Instruct-v0.3,TotalCharges,32,2026-04-21T15:26:26.394748+00:00
3038,3794.7375,7112.15,3317.4124999999995,paper_single_prompt,3794.7375,mistralai/Mistral-7B-Instruct-v0.3,TotalCharges,32,2026-04-21T15:26:26.394748+00:00
3047,3794.7375,2585.95,1208.7875000000004,paper_single_prompt,3794.7375,mistralai/Mistral-7B-Instruct-v0.3,TotalCharges,32,2026-04-21T15:26:26.394748+00:00
3055,3486.54,3678.3,191.76000000000025,paper_single_prompt,3486.54,mistralai/Mistral-7B-Instruct-v0.3,TotalCharges,32,2026-04-21T15:26:26.394748+00:00
3068,3794.7375,4911.05,1116.3125,paper_single_prompt,3794.7375,mistralai/Mistral-7B-Instruct-v0.3,TotalCharges,32,2026-04-21T15:26:26.394748+00:00
3071,3794.7375,4318.35,523.6125000000002,paper_single_prompt,3794.7375,mistralai/Mistral-7B-Instruct-v0.3,TotalCharges,32,2026-04-21T15:26:26.394748+00:00
3075,3794.7375,7472.15,3677.4125,paper_single_prompt,3794.7375,mistralai/Mistral-7B-Instruct-v0.3,TotalCharges,32,2026-04-21T15:26:26.394748+00:00
3077,3794.7375,2296.25,1498.4875000000002,paper_single_prompt,3794.7375,mistralai/Mistral-7B-Instruct-v0.3,TotalCharges,32,2026-04-21T15:26:26.394748+00:00
3084,3694.7375,163.7,3531.0375000000004,paper_single_prompt,3694.7375,mistralai/Mistral-7B-Instruct-v0.3,TotalCharges,32,2026-04-21T15:26:26.394748+00:00
3096,3794.7375,4310.35,515.6125000000002,paper_single_prompt,3794.7375,mistralai/Mistral-7B-Instruct-v0.3,TotalCharges,32,2026-04-21T15:26:26.394748+00:00
3111,3794.7375,7372.65,3577.9124999999995,paper_single_prompt,3794.7375,mistralai/Mistral-7B-Instruct-v0.3,TotalCharges,32,2026-04-21T15:26:26.394748+00:00
3117,3794.7375,7475.85,3681.1125,paper_single_prompt,3794.7375,mistralai/Mistral-7B-Instruct-v0.3,TotalCharges,32,2026-04-21T15:26:26.394748+00:00
3134,3794.7375,702.9,3091.8375,paper_single_prompt,3794.7375,mistralai/Mistral-7B-Instruct-v0.3,TotalCharges,32,2026-04-21T15:26:26.394748+00:00
3156,3463.56,461.3,3002.26,paper_single_prompt,3463.56,mistralai/Mistral-7B-Instruct-v0.3,TotalCharges,32,2026-04-21T15:26:26.394748+00:00
3157,2283.300441,431.0,1852.300441,paper_single_prompt,2283.300441 * 9 + 44.95 = 24162.70,mistralai/Mistral-7B-Instruct-v0.3,TotalCharges,32,2026-04-21T15:26:26.394748+00:00
3166,3369.52,664.4,2705.12,paper_single_prompt,3369.52,mistralai/Mistral-7B-Instruct-v0.3,TotalCharges,32,2026-04-21T15:26:26.394748+00:00
3172,3244.55,2448.75,795.8000000000002,paper_single_prompt,3244.55,mistralai/Mistral-7B-Instruct-v0.3,TotalCharges,32,2026-04-21T15:26:26.394748+00:00
3190,3794.7375,3632.0,162.73750000000018,paper_single_prompt,3794.7375,mistralai/Mistral-7B-Instruct-v0.3,TotalCharges,32,2026-04-21T15:26:26.394748+00:00
3196,3677.15,71.2,3605.95,paper_single_prompt,3677.15,mistralai/Mistral-7B-Instruct-v0.3,TotalCharges,32,2026-04-21T15:26:26.394748+00:00
3199,3794.7375,1821.8,1972.9375,paper_single_prompt,3794.7375,mistralai/Mistral-7B-Instruct-v0.3,TotalCharges,32,2026-04-21T15:26:26.394748+00:00
3201,3491.35,4024.2,532.8499999999999,paper_single_prompt,3491.35,mistralai/Mistral-7B-Instruct-v0.3,TotalCharges,32,2026-04-21T15:26:26.394748+00:00
3208,3700.0,3420.5,279.5,paper_single_prompt,3700.00,mistralai/Mistral-7B-Instruct-v0.3,TotalCharges,32,2026-04-21T15:26:26.394748+00:00
3230,3794.7375,1245.6,2549.1375000000003,paper_single_prompt,3794.7375,mistralai/Mistral-7B-Instruct-v0.3,TotalCharges,32,2026-04-21T15:26:26.394748+00:00
3234,3794.7375,452.55,3342.1875,paper_single_prompt,3794.7375,mistralai/Mistral-7B-Instruct-v0.3,TotalCharges,32,2026-04-21T15:26:26.394748+00:00
3256,3794.7375,5264.5,1469.7624999999998,paper_single_prompt,3794.7375,mistralai/Mistral-7B-Instruct-v0.3,TotalCharges,32,2026-04-21T15:26:26.394748+00:00
3263,3424.54,4433.3,1008.7600000000002,paper_single_prompt,3424.54,mistralai/Mistral-7B-Instruct-v0.3,TotalCharges,32,2026-04-21T15:26:26.394748+00:00
3279,3794.7375,1423.35,2371.3875000000003,paper_single_prompt,3794.7375,mistralai/Mistral-7B-Instruct-v0.3,TotalCharges,32,2026-04-21T15:26:26.394748+00:00
3284,3197.82,3369.05,171.23000000000002,paper_single_prompt,3197.82,mistralai/Mistral-7B-Instruct-v0.3,TotalCharges,32,2026-04-21T15:26:26.394748+00:00
3289,3794.7375,3645.05,149.6875,paper_single_prompt,3794.7375,mistralai/Mistral-7B-Instruct-v0.3,TotalCharges,32,2026-04-21T15:26:26.394748+00:00
3295,3794.7375,5714.2,1919.4625,paper_single_prompt,3794.7375,mistralai/Mistral-7B-Instruct-v0.3,TotalCharges,32,2026-04-21T15:26:26.394748+00:00
3311,3600.0,2104.55,1495.4499999999998,paper_single_prompt,3600.0,mistralai/Mistral-7B-Instruct-v0.3,TotalCharges,32,2026-04-21T15:26:26.394748+00:00
3314,3700.55,3019.1,681.4500000000003,paper_single_prompt,3700.55,mistralai/Mistral-7B-Instruct-v0.3,TotalCharges,32,2026-04-21T15:26:26.394748+00:00
3326,3794.7375,2497.35,1297.3875000000005,paper_single_prompt,3794.7375,mistralai/Mistral-7B-Instruct-v0.3,TotalCharges,32,2026-04-21T15:26:26.394748+00:00
3331,1397.475,,,paper_single_prompt,1397.475,mistralai/Mistral-7B-Instruct-v0.3,TotalCharges,32,2026-04-21T15:26:26.394748+00:00
3345,3794.7375,7323.15,3528.4124999999995,paper_single_prompt,3794.7375,mistralai/Mistral-7B-Instruct-v0.3,TotalCharges,32,2026-04-21T15:26:26.394748+00:00
3351,3794.7375,834.15,2960.5875,paper_single_prompt,3794.7375,mistralai/Mistral-7B-Instruct-v0.3,TotalCharges,32,2026-04-21T15:26:26.394748+00:00
3364,3794.7375,2254.2,1540.5375000000004,paper_single_prompt,3794.7375,mistralai/Mistral-7B-Instruct-v0.3,TotalCharges,32,2026-04-21T15:26:26.394748+00:00
3367,3794.7375,4652.4,857.6624999999995,paper_single_prompt,3794.7375,mistralai/Mistral-7B-Instruct-v0.3,TotalCharges,32,2026-04-21T15:26:26.394748+00:00
3377,3794.7375,1629.2,2165.5375000000004,paper_single_prompt,3794.7375,mistralai/Mistral-7B-Instruct-v0.3,TotalCharges,32,2026-04-21T15:26:26.394748+00:00
3378,3794.7375,6033.1,2238.3625,paper_single_prompt,3794.7375,mistralai/Mistral-7B-Instruct-v0.3,TotalCharges,32,2026-04-21T15:26:26.394748+00:00
3392,3441.65,2413.05,1028.6,paper_single_prompt,3441.65,mistralai/Mistral-7B-Instruct-v0.3,TotalCharges,32,2026-04-21T15:26:26.394748+00:00
3399,3794.7375,3373.4,421.3375000000001,paper_single_prompt,3794.7375,mistralai/Mistral-7B-Instruct-v0.3,TotalCharges,32,2026-04-21T15:26:26.394748+00:00
3408,2500.0,151.3,2348.7,paper_single_prompt,2500.0,mistralai/Mistral-7B-Instruct-v0.3,TotalCharges,32,2026-04-21T15:26:26.394748+00:00
3409,3794.7375,7714.65,3919.9125,paper_single_prompt,3794.7375,mistralai/Mistral-7B-Instruct-v0.3,TotalCharges,32,2026-04-21T15:26:26.394748+00:00
3437,3794.7375,2364.0,1430.7375000000002,paper_single_prompt,3794.7375,mistralai/Mistral-7B-Instruct-v0.3,TotalCharges,32,2026-04-21T15:26:26.394748+00:00
3447,3794.7375,3213.75,580.9875000000002,paper_single_prompt,3794.7375,mistralai/Mistral-7B-Instruct-v0.3,TotalCharges,32,2026-04-21T15:26:26.394748+00:00
3451,3700.0,4555.2,855.1999999999998,paper_single_prompt,3700.00,mistralai/Mistral-7B-Instruct-v0.3,TotalCharges,32,2026-04-21T15:26:26.394748+00:00
3454,3643.55,1025.15,2618.4,paper_single_prompt,3643.55,mistralai/Mistral-7B-Instruct-v0.3,TotalCharges,32,2026-04-21T15:26:26.394748+00:00
3459,3732.55,789.55,2943.0,paper_single_prompt,3732.55,mistralai/Mistral-7B-Instruct-v0.3,TotalCharges,32,2026-04-21T15:26:26.394748+00:00
3461,2836.85,3131.8,294.9500000000003,paper_single_prompt,2836.85,mistralai/Mistral-7B-Instruct-v0.3,TotalCharges,32,2026-04-21T15:26:26.394748+00:00
3473,3794.7375,4512.7,717.9624999999996,paper_single_prompt,3794.7375,mistralai/Mistral-7B-Instruct-v0.3,TotalCharges,32,2026-04-21T15:26:26.394748+00:00
3482,3794.7375,865.85,2928.8875000000003,paper_single_prompt,3794.7375,mistralai/Mistral-7B-Instruct-v0.3,TotalCharges,32,2026-04-21T15:26:26.394748+00:00
3487,3794.7375,1078.75,2715.9875,paper_single_prompt,3794.7375,mistralai/Mistral-7B-Instruct-v0.3,TotalCharges,32,2026-04-21T15:26:26.394748+00:00
3488,3700.0,542.4,3157.6,paper_single_prompt,3700.0,mistralai/Mistral-7B-Instruct-v0.3,TotalCharges,32,2026-04-21T15:26:26.394748+00:00
3511,3794.7375,1279.0,2515.7375,paper_single_prompt,3794.7375,mistralai/Mistral-7B-Instruct-v0.3,TotalCharges,32,2026-04-21T15:26:26.394748+00:00
3523,3794.7375,7965.95,4171.2125,paper_single_prompt,3794.7375,mistralai/Mistral-7B-Instruct-v0.3,TotalCharges,32,2026-04-21T15:26:26.394748+00:00
3540,3794.7375,7726.35,3931.6125,paper_single_prompt,3794.7375,mistralai/Mistral-7B-Instruct-v0.3,TotalCharges,32,2026-04-21T15:26:26.394748+00:00
3541,3794.7375,2070.75,1723.9875000000002,paper_single_prompt,3794.7375,mistralai/Mistral-7B-Instruct-v0.3,TotalCharges,32,2026-04-21T15:26:26.394748+00:00
3555,3794.7375,1734.5,2060.2375,paper_single_prompt,3794.7375,mistralai/Mistral-7B-Instruct-v0.3,TotalCharges,32,2026-04-21T15:26:26.394748+00:00
3563,3794.7375,2595.85,1198.8875000000005,paper_single_prompt,3794.7375,mistralai/Mistral-7B-Instruct-v0.3,TotalCharges,32,2026-04-21T15:26:26.394748+00:00
3565,1811.55,50.75,1760.8,paper_single_prompt,1811.55,mistralai/Mistral-7B-Instruct-v0.3,TotalCharges,32,2026-04-21T15:26:26.394748+00:00
3576,3794.7375,1623.15,2171.5875,paper_single_prompt,3794.7375,mistralai/Mistral-7B-Instruct-v0.3,TotalCharges,32,2026-04-21T15:26:26.394748+00:00
3593,2402.75,551.35,1851.4,paper_single_prompt,2402.75,mistralai/Mistral-7B-Instruct-v0.3,TotalCharges,32,2026-04-21T15:26:26.394748+00:00
3595,2804.65,115.95,2688.7000000000003,paper_single_prompt,2804.65,mistralai/Mistral-7B-Instruct-v0.3,TotalCharges,32,2026-04-21T15:26:26.394748+00:00
3620,3794.7375,1750.85,2043.8875000000005,paper_single_prompt,3794.7375,mistralai/Mistral-7B-Instruct-v0.3,TotalCharges,32,2026-04-21T15:26:26.394748+00:00
3623,37.0,2575.45,2538.45,paper_single_prompt,37 * 72.25 + 72.25 = 2736.55,mistralai/Mistral-7B-Instruct-v0.3,TotalCharges,32,2026-04-21T15:26:26.394748+00:00
3634,3794.7375,7845.8,4051.0625,paper_single_prompt,3794.7375,mistralai/Mistral-7B-Instruct-v0.3,TotalCharges,32,2026-04-21T15:26:26.394748+00:00
3637,3794.7375,178.5,3616.2375,paper_single_prompt,3794.7375,mistralai/Mistral-7B-Instruct-v0.3,TotalCharges,32,2026-04-21T15:26:26.394748+00:00
3640,3794.7375,2745.2,1049.5375000000004,paper_single_prompt,3794.7375,mistralai/Mistral-7B-Instruct-v0.3,TotalCharges,32,2026-04-21T15:26:26.394748+00:00
3646,3794.7375,3219.75,574.9875000000002,paper_single_prompt,3794.7375,mistralai/Mistral-7B-Instruct-v0.3,TotalCharges,32,2026-04-21T15:26:26.394748+00:00
3665,3794.7375,6994.6,3199.8625,paper_single_prompt,3794.7375,mistralai/Mistral-7B-Instruct-v0.3,TotalCharges,32,2026-04-21T15:26:26.394748+00:00
3676,3794.7375,2044.75,1749.9875000000002,paper_single_prompt,3794.7375,mistralai/Mistral-7B-Instruct-v0.3,TotalCharges,32,2026-04-21T15:26:26.394748+00:00
3681,3794.7375,4680.05,885.3125,paper_single_prompt,3794.7375,mistralai/Mistral-7B-Instruct-v0.3,TotalCharges,32,2026-04-21T15:26:26.394748+00:00
3695,3794.7375,3089.6,705.1375000000003,paper_single_prompt,3794.7375,mistralai/Mistral-7B-Instruct-v0.3,TotalCharges,32,2026-04-21T15:26:26.394748+00:00
3704,3794.7375,5163.0,1368.2624999999998,paper_single_prompt,3794.7375,mistralai/Mistral-7B-Instruct-v0.3,TotalCharges,32,2026-04-21T15:26:26.394748+00:00
3712,3794.7375,2774.55,1020.1875,paper_single_prompt,3794.7375,mistralai/Mistral-7B-Instruct-v0.3,TotalCharges,32,2026-04-21T15:26:26.394748+00:00
3748,3700.0,3771.5,71.5,paper_single_prompt,3700.0,mistralai/Mistral-7B-Instruct-v0.3,TotalCharges,32,2026-04-21T15:26:26.394748+00:00
3761,3794.7375,5919.35,2124.6125,paper_single_prompt,3794.7375,mistralai/Mistral-7B-Instruct-v0.3,TotalCharges,32,2026-04-21T15:26:26.394748+00:00
3767,3794.7375,8240.85,4446.1125,paper_single_prompt,3794.7375,mistralai/Mistral-7B-Instruct-v0.3,TotalCharges,32,2026-04-21T15:26:26.394748+00:00
3777,3794.7375,890.5,2904.2375,paper_single_prompt,3794.7375,mistralai/Mistral-7B-Instruct-v0.3,TotalCharges,32,2026-04-21T15:26:26.394748+00:00
3797,3794.7375,3581.6,213.13750000000027,paper_single_prompt,3794.7375,mistralai/Mistral-7B-Instruct-v0.3,TotalCharges,32,2026-04-21T15:26:26.394748+00:00
3801,3794.7375,1505.85,2288.8875000000003,paper_single_prompt,3794.7375,mistralai/Mistral-7B-Instruct-v0.3,TotalCharges,32,2026-04-21T15:26:26.394748+00:00
3826,1397.475,,,paper_single_prompt,1397.475,mistralai/Mistral-7B-Instruct-v0.3,TotalCharges,32,2026-04-21T15:26:26.394748+00:00
3828,3794.7375,1319.95,2474.7875000000004,paper_single_prompt,3794.7375,mistralai/Mistral-7B-Instruct-v0.3,TotalCharges,32,2026-04-21T15:26:26.394748+00:00
3837,3794.7375,443.9,3350.8375,paper_single_prompt,3794.7375,mistralai/Mistral-7B-Instruct-v0.3,TotalCharges,32,2026-04-21T15:26:26.394748+00:00
3897,3794.7375,8425.15,4630.412499999999,paper_single_prompt,3794.7375,mistralai/Mistral-7B-Instruct-v0.3,TotalCharges,32,2026-04-21T15:26:26.394748+00:00
3924,3700.0,4029.95,329.9499999999998,paper_single_prompt,3700.00,mistralai/Mistral-7B-Instruct-v0.3,TotalCharges,32,2026-04-21T15:26:26.394748+00:00
3929,3396.95,2230.85,1166.1,paper_single_prompt,3396.95,mistralai/Mistral-7B-Instruct-v0.3,TotalCharges,32,2026-04-21T15:26:26.394748+00:00
3931,3326.56,1837.7,1488.86,paper_single_prompt,3326.56,mistralai/Mistral-7B-Instruct-v0.3,TotalCharges,32,2026-04-21T15:26:26.394748+00:00
3936,2850.0,576.95,2273.05,paper_single_prompt,2850.0,mistralai/Mistral-7B-Instruct-v0.3,TotalCharges,32,2026-04-21T15:26:26.394748+00:00
3941,2070.55,174.7,1895.85,paper_single_prompt,2070.55,mistralai/Mistral-7B-Instruct-v0.3,TotalCharges,32,2026-04-21T15:26:26.394748+00:00
3948,3471.85,4968.0,1496.15,paper_single_prompt,3471.85,mistralai/Mistral-7B-Instruct-v0.3,TotalCharges,32,2026-04-21T15:26:26.394748+00:00
3949,3794.7375,992.7,2802.0375000000004,paper_single_prompt,3794.7375,mistralai/Mistral-7B-Instruct-v0.3,TotalCharges,32,2026-04-21T15:26:26.394748+00:00
3952,3794.7375,7806.6,4011.8625,paper_single_prompt,3794.7375,mistralai/Mistral-7B-Instruct-v0.3,TotalCharges,32,2026-04-21T15:26:26.394748+00:00
3959,3700.0,3645.5,54.5,paper_single_prompt,3700.0,mistralai/Mistral-7B-Instruct-v0.3,TotalCharges,32,2026-04-21T15:26:26.394748+00:00
3972,2837.85,2298.55,539.2999999999997,paper_single_prompt,2837.85,mistralai/Mistral-7B-Instruct-v0.3,TotalCharges,32,2026-04-21T15:26:26.394748+00:00
3980,3794.7375,2979.5,815.2375000000002,paper_single_prompt,3794.7375,mistralai/Mistral-7B-Instruct-v0.3,TotalCharges,32,2026-04-21T15:26:26.394748+00:00
3984,3794.7375,1857.85,1936.8875000000005,paper_single_prompt,3794.7375,mistralai/Mistral-7B-Instruct-v0.3,TotalCharges,32,2026-04-21T15:26:26.394748+00:00
4008,3794.7375,2898.95,895.7875000000004,paper_single_prompt,3794.7375,mistralai/Mistral-7B-Instruct-v0.3,TotalCharges,32,2026-04-21T15:26:26.394748+00:00
4009,3794.7375,5309.5,1514.7624999999998,paper_single_prompt,3794.7375,mistralai/Mistral-7B-Instruct-v0.3,TotalCharges,32,2026-04-21T15:26:26.394748+00:00
4015,3794.7375,1893.5,1901.2375,paper_single_prompt,3794.7375,mistralai/Mistral-7B-Instruct-v0.3,TotalCharges,32,2026-04-21T15:26:26.394748+00:00
4035,3794.7375,4631.7,836.9624999999996,paper_single_prompt,3794.7375,mistralai/Mistral-7B-Instruct-v0.3,TotalCharges,32,2026-04-21T15:26:26.394748+00:00
4049,3794.7375,4753.85,959.1125000000002,paper_single_prompt,3794.7375,mistralai/Mistral-7B-Instruct-v0.3,TotalCharges,32,2026-04-21T15:26:26.394748+00:00
4051,3794.7375,6869.7,3074.9625,paper_single_prompt,3794.7375,mistralai/Mistral-7B-Instruct-v0.3,TotalCharges,32,2026-04-21T15:26:26.394748+00:00
4057,3794.7375,1859.2,1935.5375,paper_single_prompt,3794.7375,mistralai/Mistral-7B-Instruct-v0.3,TotalCharges,32,2026-04-21T15:26:26.394748+00:00
4075,3246.54,2546.85,699.69,paper_single_prompt,3246.54,mistralai/Mistral-7B-Instruct-v0.3,TotalCharges,32,2026-04-21T15:26:26.394748+00:00
4103,3794.7375,6511.8,2717.0625,paper_single_prompt,3794.7375,mistralai/Mistral-7B-Instruct-v0.3,TotalCharges,32,2026-04-21T15:26:26.394748+00:00
4110,3794.7375,4664.15,869.4124999999995,paper_single_prompt,3794.7375,mistralai/Mistral-7B-Instruct-v0.3,TotalCharges,32,2026-04-21T15:26:26.394748+00:00
4121,3794.7375,2510.2,1284.5375000000004,paper_single_prompt,3794.7375,mistralai/Mistral-7B-Instruct-v0.3,TotalCharges,32,2026-04-21T15:26:26.394748+00:00
4142,3794.7375,3870.0,75.26249999999982,paper_single_prompt,3794.7375,mistralai/Mistral-7B-Instruct-v0.3,TotalCharges,32,2026-04-21T15:26:26.394748+00:00
4155,3794.7375,8436.25,4641.5125,paper_single_prompt,3794.7375,mistralai/Mistral-7B-Instruct-v0.3,TotalCharges,32,2026-04-21T15:26:26.394748+00:00
4162,3794.7375,4575.35,780.6125000000002,paper_single_prompt,3794.7375,mistralai/Mistral-7B-Instruct-v0.3,TotalCharges,32,2026-04-21T15:26:26.394748+00:00
4164,3794.7375,7922.75,4128.0125,paper_single_prompt,3794.7375,mistralai/Mistral-7B-Instruct-v0.3,TotalCharges,32,2026-04-21T15:26:26.394748+00:00
4167,3750.0,3876.2,126.19999999999982,paper_single_prompt,3750.0,mistralai/Mistral-7B-Instruct-v0.3,TotalCharges,32,2026-04-21T15:26:26.394748+00:00
4168,3794.7375,3778.85,15.887500000000273,paper_single_prompt,3794.7375,mistralai/Mistral-7B-Instruct-v0.3,TotalCharges,32,2026-04-21T15:26:26.394748+00:00
4181,3794.7375,6164.7,2369.9625,paper_single_prompt,3794.7375,mistralai/Mistral-7B-Instruct-v0.3,TotalCharges,32,2026-04-21T15:26:26.394748+00:00
4182,3794.7375,2862.75,931.9875000000002,paper_single_prompt,3794.7375,mistralai/Mistral-7B-Instruct-v0.3,TotalCharges,32,2026-04-21T15:26:26.394748+00:00
4186,3794.7375,6590.5,2795.7625,paper_single_prompt,3794.7375,mistralai/Mistral-7B-Instruct-v0.3,TotalCharges,32,2026-04-21T15:26:26.394748+00:00
4188,3794.7375,2890.65,904.0875,paper_single_prompt,3794.7375,mistralai/Mistral-7B-Instruct-v0.3,TotalCharges,32,2026-04-21T15:26:26.394748+00:00
4189,3794.7375,4885.85,1091.1125000000002,paper_single_prompt,3794.7375,mistralai/Mistral-7B-Instruct-v0.3,TotalCharges,32,2026-04-21T15:26:26.394748+00:00
4203,2006.85,96.8,1910.05,paper_single_prompt,2006.85,mistralai/Mistral-7B-Instruct-v0.3,TotalCharges,32,2026-04-21T15:26:26.394748+00:00
4208,3700.0,4263.4,563.3999999999996,paper_single_prompt,3700.0,mistralai/Mistral-7B-Instruct-v0.3,TotalCharges,32,2026-04-21T15:26:26.394748+00:00
4215,3794.7375,7840.6,4045.8625,paper_single_prompt,3794.7375,mistralai/Mistral-7B-Instruct-v0.3,TotalCharges,32,2026-04-21T15:26:26.394748+00:00
4219,3700.0,3772.65,72.65000000000009,paper_single_prompt,3700.0,mistralai/Mistral-7B-Instruct-v0.3,TotalCharges,32,2026-04-21T15:26:26.394748+00:00
4238,3794.7375,1061.6,2733.1375000000003,paper_single_prompt,3794.7375,mistralai/Mistral-7B-Instruct-v0.3,TotalCharges,32,2026-04-21T15:26:26.394748+00:00
4245,3794.7375,1275.85,2518.8875000000003,paper_single_prompt,3794.7375,mistralai/Mistral-7B-Instruct-v0.3,TotalCharges,32,2026-04-21T15:26:26.394748+00:00
4252,3700.0,1033.9,2666.1,paper_single_prompt,3700.0,mistralai/Mistral-7B-Instruct-v0.3,TotalCharges,32,2026-04-21T15:26:26.394748+00:00
4266,3794.7375,6529.25,2734.5125,paper_single_prompt,3794.7375,mistralai/Mistral-7B-Instruct-v0.3,TotalCharges,32,2026-04-21T15:26:26.394748+00:00
4284,3794.7375,2897.95,896.7875000000004,paper_single_prompt,3794.7375,mistralai/Mistral-7B-Instruct-v0.3,TotalCharges,32,2026-04-21T15:26:26.394748+00:00
4318,3700.0,4284.65,584.6499999999996,paper_single_prompt,3700.0,mistralai/Mistral-7B-Instruct-v0.3,TotalCharges,32,2026-04-21T15:26:26.394748+00:00
4320,3794.7375,1539.75,2254.9875,paper_single_prompt,3794.7375,mistralai/Mistral-7B-Instruct-v0.3,TotalCharges,32,2026-04-21T15:26:26.394748+00:00
4343,2818.65,606.25,2212.4,paper_single_prompt,2818.65,mistralai/Mistral-7B-Instruct-v0.3,TotalCharges,32,2026-04-21T15:26:26.394748+00:00
4357,3366.85,330.8,3036.05,paper_single_prompt,3366.85,mistralai/Mistral-7B-Instruct-v0.3,TotalCharges,32,2026-04-21T15:26:26.394748+00:00
4359,3794.7375,2249.1,1545.6375000000005,paper_single_prompt,3794.7375,mistralai/Mistral-7B-Instruct-v0.3,TotalCharges,32,2026-04-21T15:26:26.394748+00:00
4380,1397.475,,,paper_single_prompt,1397.475,mistralai/Mistral-7B-Instruct-v0.3,TotalCharges,32,2026-04-21T15:26:26.394748+00:00
4386,3794.7375,3046.4,748.3375000000001,paper_single_prompt,3794.7375,mistralai/Mistral-7B-Instruct-v0.3,TotalCharges,32,2026-04-21T15:26:26.394748+00:00
4398,3794.7375,4858.7,1063.9624999999996,paper_single_prompt,3794.7375,mistralai/Mistral-7B-Instruct-v0.3,TotalCharges,32,2026-04-21T15:26:26.394748+00:00
4427,3794.7375,4917.75,1123.0124999999998,paper_single_prompt,3794.7375,mistralai/Mistral-7B-Instruct-v0.3,TotalCharges,32,2026-04-21T15:26:26.394748+00:00
4436,3600.6,1297.8,2302.8,paper_single_prompt,3600.6,mistralai/Mistral-7B-Instruct-v0.3,TotalCharges,32,2026-04-21T15:26:26.394748+00:00
4456,3794.7375,1614.9,2179.8375,paper_single_prompt,3794.7375,mistralai/Mistral-7B-Instruct-v0.3,TotalCharges,32,2026-04-21T15:26:26.394748+00:00
4457,3794.7375,1573.95,2220.7875000000004,paper_single_prompt,3794.7375,mistralai/Mistral-7B-Instruct-v0.3,TotalCharges,32,2026-04-21T15:26:26.394748+00:00
4463,1794.71,69.85,1724.86,paper_single_prompt,1794.71,mistralai/Mistral-7B-Instruct-v0.3,TotalCharges,32,2026-04-21T15:26:26.394748+00:00
4470,2809.85,322.5,2487.35,paper_single_prompt,2809.85,mistralai/Mistral-7B-Instruct-v0.3,TotalCharges,32,2026-04-21T15:26:26.394748+00:00
4481,3794.7375,1626.05,2168.6875,paper_single_prompt,3794.7375,mistralai/Mistral-7B-Instruct-v0.3,TotalCharges,32,2026-04-21T15:26:26.394748+00:00
4486,3794.7375,5500.6,1705.8625000000002,paper_single_prompt,3794.7375,mistralai/Mistral-7B-Instruct-v0.3,TotalCharges,32,2026-04-21T15:26:26.394748+00:00
4488,3794.7375,3229.4,565.3375000000001,paper_single_prompt,3794.7375,mistralai/Mistral-7B-Instruct-v0.3,TotalCharges,32,2026-04-21T15:26:26.394748+00:00
4491,1397.475,19.75,1377.725,paper_single_prompt,1397.475,mistralai/Mistral-7B-Instruct-v0.3,TotalCharges,32,2026-04-21T15:26:26.394748+00:00
4492,3794.7375,1230.9,2563.8375,paper_single_prompt,3794.7375,mistralai/Mistral-7B-Instruct-v0.3,TotalCharges,32,2026-04-21T15:26:26.394748+00:00
4504,37.0,785.75,748.75,paper_single_prompt,37 * 20.15 + 20.15 = 748.45,mistralai/Mistral-7B-Instruct-v0.3,TotalCharges,32,2026-04-21T15:26:26.394748+00:00
4507,2688.65,574.5,2114.15,paper_single_prompt,2688.65,mistralai/Mistral-7B-Instruct-v0.3,TotalCharges,32,2026-04-21T15:26:26.394748+00:00
4512,3794.7375,5212.65,1417.9124999999997,paper_single_prompt,3794.7375,mistralai/Mistral-7B-Instruct-v0.3,TotalCharges,32,2026-04-21T15:26:26.394748+00:00
4525,3794.7375,2979.3,815.4375,paper_single_prompt,3794.7375,mistralai/Mistral-7B-Instruct-v0.3,TotalCharges,32,2026-04-21T15:26:26.394748+00:00
4535,3794.7375,3046.15,748.5875000000001,paper_single_prompt,3794.7375,mistralai/Mistral-7B-Instruct-v0.3,TotalCharges,32,2026-04-21T15:26:26.394748+00:00
4550,3794.7375,1988.05,1806.6875,paper_single_prompt,3794.7375,mistralai/Mistral-7B-Instruct-v0.3,TotalCharges,32,2026-04-21T15:26:26.394748+00:00
4561,2842.85,446.8,2396.05,paper_single_prompt,2842.85,mistralai/Mistral-7B-Instruct-v0.3,TotalCharges,32,2026-04-21T15:26:26.394748+00:00
4584,3794.7375,5031.0,1236.2624999999998,paper_single_prompt,3794.7375,mistralai/Mistral-7B-Instruct-v0.3,TotalCharges,32,2026-04-21T15:26:26.394748+00:00
4593,3794.7375,246.3,3548.4375,paper_single_prompt,3794.7375,mistralai/Mistral-7B-Instruct-v0.3,TotalCharges,32,2026-04-21T15:26:26.394748+00:00
4594,3794.7375,2110.15,1684.5875,paper_single_prompt,3794.7375,mistralai/Mistral-7B-Instruct-v0.3,TotalCharges,32,2026-04-21T15:26:26.394748+00:00
4598,3794.7375,969.85,2824.8875000000003,paper_single_prompt,3794.7375,mistralai/Mistral-7B-Instruct-v0.3,TotalCharges,32,2026-04-21T15:26:26.394748+00:00
4600,3794.7375,6567.9,2773.1624999999995,paper_single_prompt,3794.7375,mistralai/Mistral-7B-Instruct-v0.3,TotalCharges,32,2026-04-21T15:26:26.394748+00:00
4610,3794.7375,8684.8,4890.062499999999,paper_single_prompt,3794.7375,mistralai/Mistral-7B-Instruct-v0.3,TotalCharges,32,2026-04-21T15:26:26.394748+00:00
4611,3794.7375,1776.45,2018.2875,paper_single_prompt,3794.7375,mistralai/Mistral-7B-Instruct-v0.3,TotalCharges,32,2026-04-21T15:26:26.394748+00:00
4612,2834.15,2933.95,99.79999999999971,paper_single_prompt,2834.15,mistralai/Mistral-7B-Instruct-v0.3,TotalCharges,32,2026-04-21T15:26:26.394748+00:00
4613,3297.35,4370.25,1072.9,paper_single_prompt,3297.35,mistralai/Mistral-7B-Instruct-v0.3,TotalCharges,32,2026-04-21T15:26:26.394748+00:00
4620,3794.7375,8332.15,4537.412499999999,paper_single_prompt,3794.7375,mistralai/Mistral-7B-Instruct-v0.3,TotalCharges,32,2026-04-21T15:26:26.394748+00:00
4624,3794.7375,740.3,3054.4375,paper_single_prompt,3794.7375,mistralai/Mistral-7B-Instruct-v0.3,TotalCharges,32,2026-04-21T15:26:26.394748+00:00
4642,3794.7375,4820.15,1025.4124999999997,paper_single_prompt,3794.7375,mistralai/Mistral-7B-Instruct-v0.3,TotalCharges,32,2026-04-21T15:26:26.394748+00:00
4656,3794.7375,1615.1,2179.6375000000003,paper_single_prompt,3794.7375,mistralai/Mistral-7B-Instruct-v0.3,TotalCharges,32,2026-04-21T15:26:26.394748+00:00
4667,3794.7375,375.25,3419.4875,paper_single_prompt,3794.7375,mistralai/Mistral-7B-Instruct-v0.3,TotalCharges,32,2026-04-21T15:26:26.394748+00:00
4684,3794.7375,7262.0,3467.2625,paper_single_prompt,3794.7375,mistralai/Mistral-7B-Instruct-v0.3,TotalCharges,32,2026-04-21T15:26:26.394748+00:00
4686,3794.7375,7748.75,3954.0125,paper_single_prompt,3794.7375,mistralai/Mistral-7B-Instruct-v0.3,TotalCharges,32,2026-04-21T15:26:26.394748+00:00
4691,3794.7375,5688.05,1893.3125,paper_single_prompt,3794.7375,mistralai/Mistral-7B-Instruct-v0.3,TotalCharges,32,2026-04-21T15:26:26.394748+00:00
4699,3794.7375,5174.35,1379.6125000000002,paper_single_prompt,3794.7375,mistralai/Mistral-7B-Instruct-v0.3,TotalCharges,32,2026-04-21T15:26:26.394748+00:00
4703,3794.7375,1772.25,2022.4875,paper_single_prompt,3794.7375,mistralai/Mistral-7B-Instruct-v0.3,TotalCharges,32,2026-04-21T15:26:26.394748+00:00
4710,2811.65,217.5,2594.15,paper_single_prompt,2811.65,mistralai/Mistral-7B-Instruct-v0.3,TotalCharges,32,2026-04-21T15:26:26.394748+00:00
4726,3794.7375,3580.95,213.7875000000004,paper_single_prompt,3794.7375,mistralai/Mistral-7B-Instruct-v0.3,TotalCharges,32,2026-04-21T15:26:26.394748+00:00
4734,3794.7375,3182.95,611.7875000000004,paper_single_prompt,3794.7375,mistralai/Mistral-7B-Instruct-v0.3,TotalCharges,32,2026-04-21T15:26:26.394748+00:00
4736,3700.0,4620.4,920.3999999999996,paper_single_prompt,3700.0,mistralai/Mistral-7B-Instruct-v0.3,TotalCharges,32,2026-04-21T15:26:26.394748+00:00
4743,3697.15,3389.25,307.9000000000001,paper_single_prompt,3697.15,mistralai/Mistral-7B-Instruct-v0.3,TotalCharges,32,2026-04-21T15:26:26.394748+00:00
4744,3794.7375,1198.05,2596.6875,paper_single_prompt,3794.7375,mistralai/Mistral-7B-Instruct-v0.3,TotalCharges,32,2026-04-21T15:26:26.394748+00:00
4751,3794.7375,245.2,3549.5375000000004,paper_single_prompt,3794.7375,mistralai/Mistral-7B-Instruct-v0.3,TotalCharges,32,2026-04-21T15:26:26.394748+00:00
4768,3794.7375,1388.45,2406.2875000000004,paper_single_prompt,3794.7375,mistralai/Mistral-7B-Instruct-v0.3,TotalCharges,32,2026-04-21T15:26:26.394748+00:00
4772,3600.0,4134.7,534.6999999999998,paper_single_prompt,3600.0,mistralai/Mistral-7B-Instruct-v0.3,TotalCharges,32,2026-04-21T15:26:26.394748+00:00
4786,3794.7375,7634.8,3840.0625,paper_single_prompt,3794.7375,mistralai/Mistral-7B-Instruct-v0.3,TotalCharges,32,2026-04-21T15:26:26.394748+00:00
4790,3794.7375,2633.4,1161.3375,paper_single_prompt,3794.7375,mistralai/Mistral-7B-Instruct-v0.3,TotalCharges,32,2026-04-21T15:26:26.394748+00:00
4808,3700.0,4299.95,599.9499999999998,paper_single_prompt,3700.0,mistralai/Mistral-7B-Instruct-v0.3,TotalCharges,32,2026-04-21T15:26:26.394748+00:00
4821,3700.0,2959.8,740.1999999999998,paper_single_prompt,3700.0,mistralai/Mistral-7B-Instruct-v0.3,TotalCharges,32,2026-04-21T15:26:26.394748+00:00
4824,3794.7375,7133.1,3338.3625,paper_single_prompt,3794.7375,mistralai/Mistral-7B-Instruct-v0.3,TotalCharges,32,2026-04-21T15:26:26.394748+00:00
4842,3794.7375,494.05,3300.6875,paper_single_prompt,3794.7375,mistralai/Mistral-7B-Instruct-v0.3,TotalCharges,32,2026-04-21T15:26:26.394748+00:00
4844,37.0,755.4,718.4,paper_single_prompt,"37 * 20.3 + 20.3 = 750.1

Explanation:
The imput",mistralai/Mistral-7B-Instruct-v0.3,TotalCharges,32,2026-04-21T15:26:26.394748+00:00
4855,3794.7375,6605.55,2810.8125,paper_single_prompt,3794.7375,mistralai/Mistral-7B-Instruct-v0.3,TotalCharges,32,2026-04-21T15:26:26.394748+00:00
4897,2803.15,469.65,2333.5,paper_single_prompt,2803.15,mistralai/Mistral-7B-Instruct-v0.3,TotalCharges,32,2026-04-21T15:26:26.394748+00:00
4904,3794.7375,3645.5,149.23750000000018,paper_single_prompt,3794.7375,mistralai/Mistral-7B-Instruct-v0.3,TotalCharges,32,2026-04-21T15:26:26.394748+00:00
4911,3794.7375,6141.65,2346.9124999999995,paper_single_prompt,3794.7375,mistralai/Mistral-7B-Instruct-v0.3,TotalCharges,32,2026-04-21T15:26:26.394748+00:00
4918,3794.7375,1086.75,2707.9875,paper_single_prompt,3794.7375,mistralai/Mistral-7B-Instruct-v0.3,TotalCharges,32,2026-04-21T15:26:26.394748+00:00
4921,3794.7375,3767.4,27.33750000000009,paper_single_prompt,3794.7375,mistralai/Mistral-7B-Instruct-v0.3,TotalCharges,32,2026-04-21T15:26:26.394748+00:00
4922,3794.7375,3641.5,153.23750000000018,paper_single_prompt,3794.7375,mistralai/Mistral-7B-Instruct-v0.3,TotalCharges,32,2026-04-21T15:26:26.394748+00:00
4933,1846.64,223.75,1622.89,paper_single_prompt,1846.64,mistralai/Mistral-7B-Instruct-v0.3,TotalCharges,32,2026-04-21T15:26:26.394748+00:00
4934,3794.7375,7751.7,3956.9625,paper_single_prompt,3794.7375,mistralai/Mistral-7B-Instruct-v0.3,TotalCharges,32,2026-04-21T15:26:26.394748+00:00
4936,3794.7375,4385.05,590.3125,paper_single_prompt,3794.7375,mistralai/Mistral-7B-Instruct-v0.3,TotalCharges,32,2026-04-21T15:26:26.394748+00:00
4943,3794.7375,5969.3,2174.5625,paper_single_prompt,3794.7375,mistralai/Mistral-7B-Instruct-v0.3,TotalCharges,32,2026-04-21T15:26:26.394748+00:00
4956,2637.85,742.95,1894.9,paper_single_prompt,2637.85,mistralai/Mistral-7B-Instruct-v0.3,TotalCharges,32,2026-04-21T15:26:26.394748+00:00
4964,3794.7375,1834.95,1959.7875,paper_single_prompt,3794.7375,mistralai/Mistral-7B-Instruct-v0.3,TotalCharges,32,2026-04-21T15:26:26.394748+00:00
4981,2866.15,712.75,2153.4,paper_single_prompt,2866.15,mistralai/Mistral-7B-Instruct-v0.3,TotalCharges,32,2026-04-21T15:26:26.394748+00:00
4982,3794.7375,6405.0,2610.2625,paper_single_prompt,3794.7375,mistralai/Mistral-7B-Instruct-v0.3,TotalCharges,32,2026-04-21T15:26:26.394748+00:00
5010,3794.7375,5321.25,1526.5124999999998,paper_single_prompt,3794.7375,mistralai/Mistral-7B-Instruct-v0.3,TotalCharges,32,2026-04-21T15:26:26.394748+00:00
5011,3794.7375,4156.8,362.0625,paper_single_prompt,3794.7375,mistralai/Mistral-7B-Instruct-v0.3,TotalCharges,32,2026-04-21T15:26:26.394748+00:00
5036,3794.7375,1375.15,2419.5875,paper_single_prompt,3794.7375,mistralai/Mistral-7B-Instruct-v0.3,TotalCharges,32,2026-04-21T15:26:26.394748+00:00
5054,3794.7375,3674.95,119.78750000000036,paper_single_prompt,3794.7375,mistralai/Mistral-7B-Instruct-v0.3,TotalCharges,32,2026-04-21T15:26:26.394748+00:00
5063,3794.7375,1852.85,1941.8875000000005,paper_single_prompt,3794.7375,mistralai/Mistral-7B-Instruct-v0.3,TotalCharges,32,2026-04-21T15:26:26.394748+00:00
5068,3794.7375,1493.2,2301.5375000000004,paper_single_prompt,3794.7375,mistralai/Mistral-7B-Instruct-v0.3,TotalCharges,32,2026-04-21T15:26:26.394748+00:00
5070,3794.7375,3030.6,764.1375000000003,paper_single_prompt,3794.7375,mistralai/Mistral-7B-Instruct-v0.3,TotalCharges,32,2026-04-21T15:26:26.394748+00:00
5081,3600.0,3729.6,129.5999999999999,paper_single_prompt,3600.0,mistralai/Mistral-7B-Instruct-v0.3,TotalCharges,32,2026-04-21T15:26:26.394748+00:00
5090,2896.85,673.1,2223.75,paper_single_prompt,2896.85,mistralai/Mistral-7B-Instruct-v0.3,TotalCharges,32,2026-04-21T15:26:26.394748+00:00
5102,3794.7375,7881.2,4086.4625,paper_single_prompt,3794.7375,mistralai/Mistral-7B-Instruct-v0.3,TotalCharges,32,2026-04-21T15:26:26.394748+00:00
5126,3794.7375,5925.75,2131.0125,paper_single_prompt,3794.7375,mistralai/Mistral-7B-Instruct-v0.3,TotalCharges,32,2026-04-21T15:26:26.394748+00:00
5133,3794.7375,2433.9,1360.8375,paper_single_prompt,3794.7375,mistralai/Mistral-7B-Instruct-v0.3,TotalCharges,32,2026-04-21T15:26:26.394748+00:00
5153,3794.7375,3851.45,56.71249999999964,paper_single_prompt,3794.7375,mistralai/Mistral-7B-Instruct-v0.3,TotalCharges,32,2026-04-21T15:26:26.394748+00:00
5177,3794.7375,3021.6,773.1375000000003,paper_single_prompt,3794.7375,mistralai/Mistral-7B-Instruct-v0.3,TotalCharges,32,2026-04-21T15:26:26.394748+00:00
5185,2741.85,3478.15,736.3000000000002,paper_single_prompt,2741.85,mistralai/Mistral-7B-Instruct-v0.3,TotalCharges,32,2026-04-21T15:26:26.394748+00:00
5192,3794.7375,1189.9,2604.8375,paper_single_prompt,3794.7375,mistralai/Mistral-7B-Instruct-v0.3,TotalCharges,32,2026-04-21T15:26:26.394748+00:00
5193,3794.7375,1914.5,1880.2375,paper_single_prompt,3794.7375,mistralai/Mistral-7B-Instruct-v0.3,TotalCharges,32,2026-04-21T15:26:26.394748+00:00
5202,3794.7375,6555.2,2760.4625,paper_single_prompt,3794.7375,mistralai/Mistral-7B-Instruct-v0.3,TotalCharges,32,2026-04-21T15:26:26.394748+00:00
5218,1397.475,,,paper_single_prompt,1397.475,mistralai/Mistral-7B-Instruct-v0.3,TotalCharges,32,2026-04-21T15:26:26.394748+00:00
5220,3794.7375,1734.5,2060.2375,paper_single_prompt,3794.7375,mistralai/Mistral-7B-Instruct-v0.3,TotalCharges,32,2026-04-21T15:26:26.394748+00:00
5223,3794.7375,1538.6,2256.1375000000003,paper_single_prompt,3794.7375,mistralai/Mistral-7B-Instruct-v0.3,TotalCharges,32,2026-04-21T15:26:26.394748+00:00
5241,3700.0,3627.3,72.69999999999982,paper_single_prompt,3700.0,mistralai/Mistral-7B-Instruct-v0.3,TotalCharges,32,2026-04-21T15:26:26.394748+00:00
5244,3366.55,4192.15,825.5999999999995,paper_single_prompt,3366.55,mistralai/Mistral-7B-Instruct-v0.3,TotalCharges,32,2026-04-21T15:26:26.394748+00:00
5257,3794.7375,3744.05,50.6875,paper_single_prompt,3794.7375,mistralai/Mistral-7B-Instruct-v0.3,TotalCharges,32,2026-04-21T15:26:26.394748+00:00
5259,3794.7375,2351.45,1443.2875000000004,paper_single_prompt,3794.7375,mistralai/Mistral-7B-Instruct-v0.3,TotalCharges,32,2026-04-21T15:26:26.394748+00:00
5263,2892.36,2479.05,413.31,paper_single_prompt,2892.36,mistralai/Mistral-7B-Instruct-v0.3,TotalCharges,32,2026-04-21T15:26:26.394748+00:00
5267,3794.7375,183.15,3611.5875,paper_single_prompt,3794.7375,mistralai/Mistral-7B-Instruct-v0.3,TotalCharges,32,2026-04-21T15:26:26.394748+00:00
5279,3457.15,1790.15,1667.0,paper_single_prompt,3457.15,mistralai/Mistral-7B-Instruct-v0.3,TotalCharges,32,2026-04-21T15:26:26.394748+00:00
5289,3794.7375,6993.65,3198.9124999999995,paper_single_prompt,3794.7375,mistralai/Mistral-7B-Instruct-v0.3,TotalCharges,32,2026-04-21T15:26:26.394748+00:00
5299,3794.7375,2812.2,982.5375000000004,paper_single_prompt,3794.7375,mistralai/Mistral-7B-Instruct-v0.3,TotalCharges,32,2026-04-21T15:26:26.394748+00:00
5323,3600.0,6225.4,2625.4,paper_single_prompt,3600.0,mistralai/Mistral-7B-Instruct-v0.3,TotalCharges,32,2026-04-21T15:26:26.394748+00:00
5343,3700.0,3330.1,369.9000000000001,paper_single_prompt,3700.0,mistralai/Mistral-7B-Instruct-v0.3,TotalCharges,32,2026-04-21T15:26:26.394748+00:00
5344,3769.55,5522.7,1753.1499999999996,paper_single_prompt,3769.55,mistralai/Mistral-7B-Instruct-v0.3,TotalCharges,32,2026-04-21T15:26:26.394748+00:00
5362,3794.7375,1715.1,2079.6375000000003,paper_single_prompt,3794.7375,mistralai/Mistral-7B-Instruct-v0.3,TotalCharges,32,2026-04-21T15:26:26.394748+00:00
5363,3496.85,1715.15,1781.6999999999998,paper_single_prompt,3496.85,mistralai/Mistral-7B-Instruct-v0.3,TotalCharges,32,2026-04-21T15:26:26.394748+00:00
5370,3794.7375,1442.2,2352.5375000000004,paper_single_prompt,3794.7375,mistralai/Mistral-7B-Instruct-v0.3,TotalCharges,32,2026-04-21T15:26:26.394748+00:00
5372,3124.36,5222.35,2097.99,paper_single_prompt,3124.36,mistralai/Mistral-7B-Instruct-v0.3,TotalCharges,32,2026-04-21T15:26:26.394748+00:00
5379,3794.7375,5270.6,1475.8625000000002,paper_single_prompt,3794.7375,mistralai/Mistral-7B-Instruct-v0.3,TotalCharges,32,2026-04-21T15:26:26.394748+00:00
5389,3794.7375,3649.6,145.13750000000027,paper_single_prompt,3794.7375,mistralai/Mistral-7B-Instruct-v0.3,TotalCharges,32,2026-04-21T15:26:26.394748+00:00
5414,3794.7375,6903.1,3108.3625,paper_single_prompt,3794.7375,mistralai/Mistral-7B-Instruct-v0.3,TotalCharges,32,2026-04-21T15:26:26.394748+00:00
5434,3794.7375,3275.15,519.5875000000001,paper_single_prompt,3794.7375,mistralai/Mistral-7B-Instruct-v0.3,TotalCharges,32,2026-04-21T15:26:26.394748+00:00
5435,3700.0,4236.6,536.6000000000004,paper_single_prompt,3700.00,mistralai/Mistral-7B-Instruct-v0.3,TotalCharges,32,2026-04-21T15:26:26.394748+00:00
5445,3794.7375,5411.65,1616.9124999999997,paper_single_prompt,3794.7375,mistralai/Mistral-7B-Instruct-v0.3,TotalCharges,32,2026-04-21T15:26:26.394748+00:00
5449,3794.7375,6895.5,3100.7625,paper_single_prompt,3794.7375,mistralai/Mistral-7B-Instruct-v0.3,TotalCharges,32,2026-04-21T15:26:26.394748+00:00
5451,3794.7375,6856.95,3062.2125,paper_single_prompt,3794.7375,mistralai/Mistral-7B-Instruct-v0.3,TotalCharges,32,2026-04-21T15:26:26.394748+00:00
5470,3794.7375,6435.25,2640.5125,paper_single_prompt,3794.7375,mistralai/Mistral-7B-Instruct-v0.3,TotalCharges,32,2026-04-21T15:26:26.394748+00:00
5475,2834.35,3092.65,258.3000000000002,paper_single_prompt,2834.35,mistralai/Mistral-7B-Instruct-v0.3,TotalCharges,32,2026-04-21T15:26:26.394748+00:00
5483,3338.85,4458.15,1119.2999999999995,paper_single_prompt,3338.85,mistralai/Mistral-7B-Instruct-v0.3,TotalCharges,32,2026-04-21T15:26:26.394748+00:00
5484,3794.7375,6856.45,3061.7125,paper_single_prompt,3794.7375,mistralai/Mistral-7B-Instruct-v0.3,TotalCharges,32,2026-04-21T15:26:26.394748+00:00
5486,3794.7375,4735.2,940.4624999999996,paper_single_prompt,3794.7375,mistralai/Mistral-7B-Instruct-v0.3,TotalCharges,32,2026-04-21T15:26:26.394748+00:00
5491,3794.7375,1424.4,2370.3375,paper_single_prompt,3794.7375,mistralai/Mistral-7B-Instruct-v0.3,TotalCharges,32,2026-04-21T15:26:26.394748+00:00
5497,3794.7375,2541.25,1253.4875000000002,paper_single_prompt,3794.7375,mistralai/Mistral-7B-Instruct-v0.3,TotalCharges,32,2026-04-21T15:26:26.394748+00:00
5500,3794.7375,3694.45,100.28750000000036,paper_single_prompt,3794.7375,mistralai/Mistral-7B-Instruct-v0.3,TotalCharges,32,2026-04-21T15:26:26.394748+00:00
5504,3794.7375,3912.9,118.16249999999992,paper_single_prompt,3794.7375,mistralai/Mistral-7B-Instruct-v0.3,TotalCharges,32,2026-04-21T15:26:26.394748+00:00
5511,3769.74,5289.8,1520.0600000000004,paper_single_prompt,3769.74,mistralai/Mistral-7B-Instruct-v0.3,TotalCharges,32,2026-04-21T15:26:26.394748+00:00
5515,3794.7375,309.25,3485.4875,paper_single_prompt,3794.7375,mistralai/Mistral-7B-Instruct-v0.3,TotalCharges,32,2026-04-21T15:26:26.394748+00:00
5516,2686.15,201.1,2485.05,paper_single_prompt,2686.15,mistralai/Mistral-7B-Instruct-v0.3,TotalCharges,32,2026-04-21T15:26:26.394748+00:00
5517,3794.7375,6179.35,2384.6125,paper_single_prompt,3794.7375,mistralai/Mistral-7B-Instruct-v0.3,TotalCharges,32,2026-04-21T15:26:26.394748+00:00
5525,3794.7375,1342.15,2452.5875,paper_single_prompt,3794.7375,mistralai/Mistral-7B-Instruct-v0.3,TotalCharges,32,2026-04-21T15:26:26.394748+00:00
5526,3794.7375,1216.35,2578.3875000000003,paper_single_prompt,3794.7375,mistralai/Mistral-7B-Instruct-v0.3,TotalCharges,32,2026-04-21T15:26:26.394748+00:00
5530,3794.7375,6056.9,2262.1624999999995,paper_single_prompt,3794.7375,mistralai/Mistral-7B-Instruct-v0.3,TotalCharges,32,2026-04-21T15:26:26.394748+00:00
5537,3794.7375,8016.6,4221.8625,paper_single_prompt,3794.7375,mistralai/Mistral-7B-Instruct-v0.3,TotalCharges,32,2026-04-21T15:26:26.394748+00:00
5542,3794.7375,5883.85,2089.1125,paper_single_prompt,3794.7375,mistralai/Mistral-7B-Instruct-v0.3,TotalCharges,32,2026-04-21T15:26:26.394748+00:00
5544,3794.7375,6252.9,2458.1624999999995,paper_single_prompt,3794.7375,mistralai/Mistral-7B-Instruct-v0.3,TotalCharges,32,2026-04-21T15:26:26.394748+00:00
5548,3794.7375,1724.15,2070.5875,paper_single_prompt,3794.7375,mistralai/Mistral-7B-Instruct-v0.3,TotalCharges,32,2026-04-21T15:26:26.394748+00:00
5570,3794.7375,3532.85,261.8875000000003,paper_single_prompt,3794.7375,mistralai/Mistral-7B-Instruct-v0.3,TotalCharges,32,2026-04-21T15:26:26.394748+00:00
5590,3483.71,477.6,3006.11,paper_single_prompt,3483.71,mistralai/Mistral-7B-Instruct-v0.3,TotalCharges,32,2026-04-21T15:26:26.394748+00:00
5597,3794.7375,1910.6,1884.1375000000005,paper_single_prompt,3794.7375,mistralai/Mistral-7B-Instruct-v0.3,TotalCharges,32,2026-04-21T15:26:26.394748+00:00
5604,3794.7375,1207.0,2587.7375,paper_single_prompt,3794.7375,mistralai/Mistral-7B-Instruct-v0.3,TotalCharges,32,2026-04-21T15:26:26.394748+00:00
5616,3794.7375,2076.05,1718.6875,paper_single_prompt,3794.7375,mistralai/Mistral-7B-Instruct-v0.3,TotalCharges,32,2026-04-21T15:26:26.394748+00:00
5637,3700.0,5629.15,1929.15,paper_single_prompt,3700.0,mistralai/Mistral-7B-Instruct-v0.3,TotalCharges,32,2026-04-21T15:26:26.394748+00:00
5645,3794.7375,4392.5,597.7624999999998,paper_single_prompt,3794.7375,mistralai/Mistral-7B-Instruct-v0.3,TotalCharges,32,2026-04-21T15:26:26.394748+00:00
5654,3794.7375,7511.9,3717.1625,paper_single_prompt,3794.7375,mistralai/Mistral-7B-Instruct-v0.3,TotalCharges,32,2026-04-21T15:26:26.394748+00:00
5658,3794.7375,2248.05,1546.6875,paper_single_prompt,3794.7375,mistralai/Mistral-7B-Instruct-v0.3,TotalCharges,32,2026-04-21T15:26:26.394748+00:00
5661,3981.45,63.0,3918.45,paper_single_prompt,3981.45,mistralai/Mistral-7B-Instruct-v0.3,TotalCharges,32,2026-04-21T15:26:26.394748+00:00
5663,3794.7375,3314.15,480.5875000000001,paper_single_prompt,3794.7375,mistralai/Mistral-7B-Instruct-v0.3,TotalCharges,32,2026-04-21T15:26:26.394748+00:00
5680,1397.475,20.85,1376.625,paper_single_prompt,1397.475,mistralai/Mistral-7B-Instruct-v0.3,TotalCharges,32,2026-04-21T15:26:26.394748+00:00
5683,3794.7375,2011.4,1783.3375,paper_single_prompt,3794.7375,mistralai/Mistral-7B-Instruct-v0.3,TotalCharges,32,2026-04-21T15:26:26.394748+00:00
5685,3794.7375,903.7,2891.0375000000004,paper_single_prompt,3794.7375,mistralai/Mistral-7B-Instruct-v0.3,TotalCharges,32,2026-04-21T15:26:26.394748+00:00
5702,3794.7375,7548.1,3753.3625,paper_single_prompt,3794.7375,mistralai/Mistral-7B-Instruct-v0.3,TotalCharges,32,2026-04-21T15:26:26.394748+00:00
5710,3794.7375,7752.05,3957.3125,paper_single_prompt,3794.7375,mistralai/Mistral-7B-Instruct-v0.3,TotalCharges,32,2026-04-21T15:26:26.394748+00:00
5748,3794.7375,1992.55,1802.1875,paper_single_prompt,3794.7375,mistralai/Mistral-7B-Instruct-v0.3,TotalCharges,32,2026-04-21T15:26:26.394748+00:00
5766,3794.7375,1347.15,2447.5875,paper_single_prompt,3794.7375,mistralai/Mistral-7B-Instruct-v0.3,TotalCharges,32,2026-04-21T15:26:26.394748+00:00
5767,2874.55,3808.2,933.6499999999996,paper_single_prompt,2874.55,mistralai/Mistral-7B-Instruct-v0.3,TotalCharges,32,2026-04-21T15:26:26.394748+00:00
5805,3700.0,1286.05,2413.95,paper_single_prompt,3700,mistralai/Mistral-7B-Instruct-v0.3,TotalCharges,32,2026-04-21T15:26:26.394748+00:00
5807,3794.7375,1094.35,2700.3875000000003,paper_single_prompt,3794.7375,mistralai/Mistral-7B-Instruct-v0.3,TotalCharges,32,2026-04-21T15:26:26.394748+00:00
5820,3600.0,3561.15,38.84999999999991,paper_single_prompt,3600.0,mistralai/Mistral-7B-Instruct-v0.3,TotalCharges,32,2026-04-21T15:26:26.394748+00:00
5824,3794.7375,5234.95,1440.2124999999996,paper_single_prompt,3794.7375,mistralai/Mistral-7B-Instruct-v0.3,TotalCharges,32,2026-04-21T15:26:26.394748+00:00
5831,2283.300441,809.75,1473.550441,paper_single_prompt,2283.300441 * 9 + 90.8 = 20621.776,mistralai/Mistral-7B-Instruct-v0.3,TotalCharges,32,2026-04-21T15:26:26.394748+00:00
5838,3794.7375,3827.9,33.16249999999991,paper_single_prompt,3794.7375,mistralai/Mistral-7B-Instruct-v0.3,TotalCharges,32,2026-04-21T15:26:26.394748+00:00
5841,3794.7375,3264.45,530.2875000000004,paper_single_prompt,3794.7375,mistralai/Mistral-7B-Instruct-v0.3,TotalCharges,32,2026-04-21T15:26:26.394748+00:00
5853,3794.7375,6001.45,2206.7125,paper_single_prompt,3794.7375,mistralai/Mistral-7B-Instruct-v0.3,TotalCharges,32,2026-04-21T15:26:26.394748+00:00
5855,2792.71,2832.75,40.03999999999997,paper_single_prompt,2792.71,mistralai/Mistral-7B-Instruct-v0.3,TotalCharges,32,2026-04-21T15:26:26.394748+00:00
5865,1397.475,72.0,1325.475,paper_single_prompt,1397.475,mistralai/Mistral-7B-Instruct-v0.3,TotalCharges,32,2026-04-21T15:26:26.394748+00:00
5877,3794.7375,5785.5,1990.7625,paper_single_prompt,3794.7375,mistralai/Mistral-7B-Instruct-v0.3,TotalCharges,32,2026-04-21T15:26:26.394748+00:00
5881,3794.7375,2727.3,1067.4375,paper_single_prompt,3794.7375,mistralai/Mistral-7B-Instruct-v0.3,TotalCharges,32,2026-04-21T15:26:26.394748+00:00
5886,3794.7375,948.9,2845.8375,paper_single_prompt,3794.7375,mistralai/Mistral-7B-Instruct-v0.3,TotalCharges,32,2026-04-21T15:26:26.394748+00:00
5903,3794.7375,4627.8,833.0625,paper_single_prompt,3794.7375,mistralai/Mistral-7B-Instruct-v0.3,TotalCharges,32,2026-04-21T15:26:26.394748+00:00
5909,3794.7375,4297.6,502.8625000000002,paper_single_prompt,3794.7375,mistralai/Mistral-7B-Instruct-v0.3,TotalCharges,32,2026-04-21T15:26:26.394748+00:00
5913,3700.0,2274.1,1425.9,paper_single_prompt,3700.0,mistralai/Mistral-7B-Instruct-v0.3,TotalCharges,32,2026-04-21T15:26:26.394748+00:00
5916,3794.7375,8192.6,4397.8625,paper_single_prompt,3794.7375,mistralai/Mistral-7B-Instruct-v0.3,TotalCharges,32,2026-04-21T15:26:26.394748+00:00
5922,3794.7375,7609.75,3815.0125,paper_single_prompt,3794.7375,mistralai/Mistral-7B-Instruct-v0.3,TotalCharges,32,2026-04-21T15:26:26.394748+00:00
5944,3800.0,654.85,3145.15,paper_single_prompt,3800,mistralai/Mistral-7B-Instruct-v0.3,TotalCharges,32,2026-04-21T15:26:26.394748+00:00
5955,3794.7375,4855.35,1060.6125000000002,paper_single_prompt,3794.7375,mistralai/Mistral-7B-Instruct-v0.3,TotalCharges,32,2026-04-21T15:26:26.394748+00:00
5957,3794.7375,1422.65,2372.0875,paper_single_prompt,3794.7375,mistralai/Mistral-7B-Instruct-v0.3,TotalCharges,32,2026-04-21T15:26:26.394748+00:00
5962,3794.7375,1321.3,2473.4375,paper_single_prompt,3794.7375,mistralai/Mistral-7B-Instruct-v0.3,TotalCharges,32,2026-04-21T15:26:26.394748+00:00
5993,2998.85,151.75,2847.1,paper_single_prompt,2998.85,mistralai/Mistral-7B-Instruct-v0.3,TotalCharges,32,2026-04-21T15:26:26.394748+00:00
5998,3794.7375,1036.0,2758.7375,paper_single_prompt,3794.7375,mistralai/Mistral-7B-Instruct-v0.3,TotalCharges,32,2026-04-21T15:26:26.394748+00:00
6004,3794.7375,5598.3,1803.5625,paper_single_prompt,3794.7375,mistralai/Mistral-7B-Instruct-v0.3,TotalCharges,32,2026-04-21T15:26:26.394748+00:00
6005,3794.7375,4374.55,579.8125,paper_single_prompt,3794.7375,mistralai/Mistral-7B-Instruct-v0.3,TotalCharges,32,2026-04-21T15:26:26.394748+00:00
6009,3794.7375,5485.5,1690.7624999999998,paper_single_prompt,3794.7375,mistralai/Mistral-7B-Instruct-v0.3,TotalCharges,32,2026-04-21T15:26:26.394748+00:00
6014,3700.0,5060.9,1360.8999999999996,paper_single_prompt,3700.0,mistralai/Mistral-7B-Instruct-v0.3,TotalCharges,32,2026-04-21T15:26:26.394748+00:00
6020,3794.7375,1993.2,1801.5375,paper_single_prompt,3794.7375,mistralai/Mistral-7B-Instruct-v0.3,TotalCharges,32,2026-04-21T15:26:26.394748+00:00
6025,3246.75,1841.9,1404.85,paper_single_prompt,3246.75,mistralai/Mistral-7B-Instruct-v0.3,TotalCharges,32,2026-04-21T15:26:26.394748+00:00
6049,3794.7375,1016.7,2778.0375000000004,paper_single_prompt,3794.7375,mistralai/Mistral-7B-Instruct-v0.3,TotalCharges,32,2026-04-21T15:26:26.394748+00:00
6056,3700.0,4299.2,599.1999999999998,paper_single_prompt,3700.0,mistralai/Mistral-7B-Instruct-v0.3,TotalCharges,32,2026-04-21T15:26:26.394748+00:00
6059,3794.7375,1630.4,2164.3375,paper_single_prompt,3794.7375,mistralai/Mistral-7B-Instruct-v0.3,TotalCharges,32,2026-04-21T15:26:26.394748+00:00
6063,3794.7375,1401.4,2393.3375,paper_single_prompt,3794.7375,mistralai/Mistral-7B-Instruct-v0.3,TotalCharges,32,2026-04-21T15:26:26.394748+00:00
6077,3794.7375,6891.4,3096.6624999999995,paper_single_prompt,3794.7375,mistralai/Mistral-7B-Instruct-v0.3,TotalCharges,32,2026-04-21T15:26:26.394748+00:00
6111,3794.7375,3532.25,262.4875000000002,paper_single_prompt,3794.7375,mistralai/Mistral-7B-Instruct-v0.3,TotalCharges,32,2026-04-21T15:26:26.394748+00:00
6112,3794.7375,6891.45,3096.7125,paper_single_prompt,3794.7375,mistralai/Mistral-7B-Instruct-v0.3,TotalCharges,32,2026-04-21T15:26:26.394748+00:00
6118,3794.7375,8547.15,4752.412499999999,paper_single_prompt,3794.7375,mistralai/Mistral-7B-Instruct-v0.3,TotalCharges,32,2026-04-21T15:26:26.394748+00:00
6124,3496.85,3274.35,222.5,paper_single_prompt,3496.85,mistralai/Mistral-7B-Instruct-v0.3,TotalCharges,32,2026-04-21T15:26:26.394748+00:00
6125,3794.7375,1359.0,2435.7375,paper_single_prompt,3794.7375,mistralai/Mistral-7B-Instruct-v0.3,TotalCharges,32,2026-04-21T15:26:26.394748+00:00
6175,3794.7375,3023.85,770.8875000000003,paper_single_prompt,3794.7375,mistralai/Mistral-7B-Instruct-v0.3,TotalCharges,32,2026-04-21T15:26:26.394748+00:00
6176,3794.7375,3365.85,428.8875000000003,paper_single_prompt,3794.7375,mistralai/Mistral-7B-Instruct-v0.3,TotalCharges,32,2026-04-21T15:26:26.394748+00:00
6180,3794.7375,6471.85,2677.1125,paper_single_prompt,3794.7375,mistralai/Mistral-7B-Instruct-v0.3,TotalCharges,32,2026-04-21T15:26:26.394748+00:00
6206,3794.7375,5088.4,1293.6624999999997,paper_single_prompt,3794.7375,mistralai/Mistral-7B-Instruct-v0.3,TotalCharges,32,2026-04-21T15:26:26.394748+00:00
6239,3794.7375,7285.7,3490.9625,paper_single_prompt,3794.7375,mistralai/Mistral-7B-Instruct-v0.3,TotalCharges,32,2026-04-21T15:26:26.394748+00:00
6252,2773.65,2021.35,752.3000000000002,paper_single_prompt,2773.65,mistralai/Mistral-7B-Instruct-v0.3,TotalCharges,32,2026-04-21T15:26:26.394748+00:00
6253,2803.75,2564.95,238.80000000000013,paper_single_prompt,2803.75,mistralai/Mistral-7B-Instruct-v0.3,TotalCharges,32,2026-04-21T15:26:26.394748+00:00
6287,3794.7375,2254.2,1540.5375000000004,paper_single_prompt,3794.7375,mistralai/Mistral-7B-Instruct-v0.3,TotalCharges,32,2026-04-21T15:26:26.394748+00:00
6292,3794.7375,3835.55,40.8125,paper_single_prompt,3794.7375,mistralai/Mistral-7B-Instruct-v0.3,TotalCharges,32,2026-04-21T15:26:26.394748+00:00
6300,3600.0,1680.25,1919.75,paper_single_prompt,3600.0,mistralai/Mistral-7B-Instruct-v0.3,TotalCharges,32,2026-04-21T15:26:26.394748+00:00
6302,2777.7,413.65,2364.05,paper_single_prompt,2777.70,mistralai/Mistral-7B-Instruct-v0.3,TotalCharges,32,2026-04-21T15:26:26.394748+00:00
6316,3794.7375,1573.05,2221.6875,paper_single_prompt,3794.7375,mistralai/Mistral-7B-Instruct-v0.3,TotalCharges,32,2026-04-21T15:26:26.394748+00:00
6320,3980.0,1985.15,1994.85,paper_single_prompt,3980.0,mistralai/Mistral-7B-Instruct-v0.3,TotalCharges,32,2026-04-21T15:26:26.394748+00:00
6326,3794.7375,2748.7,1046.0375000000004,paper_single_prompt,3794.7375,mistralai/Mistral-7B-Instruct-v0.3,TotalCharges,32,2026-04-21T15:26:26.394748+00:00
6333,3794.7375,6441.4,2646.6624999999995,paper_single_prompt,3794.7375,mistralai/Mistral-7B-Instruct-v0.3,TotalCharges,32,2026-04-21T15:26:26.394748+00:00
6366,3794.7375,4378.8,584.0625,paper_single_prompt,3794.7375,mistralai/Mistral-7B-Instruct-v0.3,TotalCharges,32,2026-04-21T15:26:26.394748+00:00
6370,3366.55,4016.85,650.2999999999997,paper_single_prompt,3366.55,mistralai/Mistral-7B-Instruct-v0.3,TotalCharges,32,2026-04-21T15:26:26.394748+00:00
6378,3794.7375,1095.3,2699.4375,paper_single_prompt,3794.7375,mistralai/Mistral-7B-Instruct-v0.3,TotalCharges,32,2026-04-21T15:26:26.394748+00:00
6397,3794.7375,3529.95,264.7875000000004,paper_single_prompt,3794.7375,mistralai/Mistral-7B-Instruct-v0.3,TotalCharges,32,2026-04-21T15:26:26.394748+00:00
6403,3794.7375,8337.45,4542.712500000001,paper_single_prompt,3794.7375,mistralai/Mistral-7B-Instruct-v0.3,TotalCharges,32,2026-04-21T15:26:26.394748+00:00
6406,3794.7375,1905.4,1889.3375,paper_single_prompt,3794.7375,mistralai/Mistral-7B-Instruct-v0.3,TotalCharges,32,2026-04-21T15:26:26.394748+00:00
6409,3794.7375,776.25,3018.4875,paper_single_prompt,3794.7375,mistralai/Mistral-7B-Instruct-v0.3,TotalCharges,32,2026-04-21T15:26:26.394748+00:00
6415,3794.7375,2540.1,1254.6375000000005,paper_single_prompt,3794.7375,mistralai/Mistral-7B-Instruct-v0.3,TotalCharges,32,2026-04-21T15:26:26.394748+00:00
6442,3600.0,3431.75,168.25,paper_single_prompt,3600.0,mistralai/Mistral-7B-Instruct-v0.3,TotalCharges,32,2026-04-21T15:26:26.394748+00:00
6447,3496.95,4801.1,1304.1500000000003,paper_single_prompt,3496.95,mistralai/Mistral-7B-Instruct-v0.3,TotalCharges,32,2026-04-21T15:26:26.394748+00:00
6450,3794.7375,550.1,3244.6375000000003,paper_single_prompt,3794.7375,mistralai/Mistral-7B-Instruct-v0.3,TotalCharges,32,2026-04-21T15:26:26.394748+00:00
6455,3794.7375,2666.75,1127.9875000000002,paper_single_prompt,3794.7375,mistralai/Mistral-7B-Instruct-v0.3,TotalCharges,32,2026-04-21T15:26:26.394748+00:00
6463,3700.0,4096.9,396.8999999999997,paper_single_prompt,3700.0,mistralai/Mistral-7B-Instruct-v0.3,TotalCharges,32,2026-04-21T15:26:26.394748+00:00
6483,3794.7375,1334.45,2460.2875000000004,paper_single_prompt,3794.7375,mistralai/Mistral-7B-Instruct-v0.3,TotalCharges,32,2026-04-21T15:26:26.394748+00:00
6484,3794.7375,3358.65,436.0875000000001,paper_single_prompt,3794.7375,mistralai/Mistral-7B-Instruct-v0.3,TotalCharges,32,2026-04-21T15:26:26.394748+00:00
6512,3999.0,688.5,3310.5,paper_single_prompt,3999.0,mistralai/Mistral-7B-Instruct-v0.3,TotalCharges,32,2026-04-21T15:26:26.394748+00:00
6514,3794.7375,4746.05,951.3125,paper_single_prompt,3794.7375,mistralai/Mistral-7B-Instruct-v0.3,TotalCharges,32,2026-04-21T15:26:26.394748+00:00
6515,3794.7375,712.85,3081.8875000000003,paper_single_prompt,3794.7375,mistralai/Mistral-7B-Instruct-v0.3,TotalCharges,32,2026-04-21T15:26:26.394748+00:00
6529,2996.65,156.4,2840.25,paper_single_prompt,2996.65,mistralai/Mistral-7B-Instruct-v0.3,TotalCharges,32,2026-04-21T15:26:26.394748+00:00
6534,3794.7375,5206.55,1411.8125,paper_single_prompt,3794.7375,mistralai/Mistral-7B-Instruct-v0.3,TotalCharges,32,2026-04-21T15:26:26.394748+00:00
6537,3794.7375,7968.85,4174.1125,paper_single_prompt,3794.7375,mistralai/Mistral-7B-Instruct-v0.3,TotalCharges,32,2026-04-21T15:26:26.394748+00:00
6564,2613.525,95.55,2517.975,paper_single_prompt,2613.525,mistralai/Mistral-7B-Instruct-v0.3,TotalCharges,32,2026-04-21T15:26:26.394748+00:00
6577,3794.7375,5265.55,1470.8125,paper_single_prompt,3794.7375,mistralai/Mistral-7B-Instruct-v0.3,TotalCharges,32,2026-04-21T15:26:26.394748+00:00
6595,3794.7375,5832.65,2037.9125,paper_single_prompt,3794.7375,mistralai/Mistral-7B-Instruct-v0.3,TotalCharges,32,2026-04-21T15:26:26.394748+00:00
6600,1814.15,91.7,1722.45,paper_single_prompt,1814.15,mistralai/Mistral-7B-Instruct-v0.3,TotalCharges,32,2026-04-21T15:26:26.394748+00:00
6606,3794.7375,4026.4,231.6624999999999,paper_single_prompt,3794.7375,mistralai/Mistral-7B-Instruct-v0.3,TotalCharges,32,2026-04-21T15:26:26.394748+00:00
6632,3794.7375,2274.9,1519.8375,paper_single_prompt,3794.7375,mistralai/Mistral-7B-Instruct-v0.3,TotalCharges,32,2026-04-21T15:26:26.394748+00:00
6670,1800.0,,,paper_single_prompt,1800.0,mistralai/Mistral-7B-Instruct-v0.3,TotalCharges,32,2026-04-21T15:26:26.394748+00:00
6671,3700.0,6034.85,2334.8500000000004,paper_single_prompt,3700.00,mistralai/Mistral-7B-Instruct-v0.3,TotalCharges,32,2026-04-21T15:26:26.394748+00:00
6690,3794.7375,3460.95,333.7875000000004,paper_single_prompt,3794.7375,mistralai/Mistral-7B-Instruct-v0.3,TotalCharges,32,2026-04-21T15:26:26.394748+00:00
6706,1397.475,19.9,1377.5749999999998,paper_single_prompt,1397.475,mistralai/Mistral-7B-Instruct-v0.3,TotalCharges,32,2026-04-21T15:26:26.394748+00:00
6717,3794.7375,5746.15,1951.4125,paper_single_prompt,3794.7375,mistralai/Mistral-7B-Instruct-v0.3,TotalCharges,32,2026-04-21T15:26:26.394748+00:00
6733,3794.7375,1411.35,2383.3875000000003,paper_single_prompt,3794.7375,mistralai/Mistral-7B-Instruct-v0.3,TotalCharges,32,2026-04-21T15:26:26.394748+00:00
6734,2803.06,593.75,2209.31,paper_single_prompt,2803.06,mistralai/Mistral-7B-Instruct-v0.3,TotalCharges,32,2026-04-21T15:26:26.394748+00:00
6751,3794.7375,1025.05,2769.6875,paper_single_prompt,3794.7375,mistralai/Mistral-7B-Instruct-v0.3,TotalCharges,32,2026-04-21T15:26:26.394748+00:00
6752,3800.0,552.1,3247.9,paper_single_prompt,3800,mistralai/Mistral-7B-Instruct-v0.3,TotalCharges,32,2026-04-21T15:26:26.394748+00:00
6754,2757.64,,,paper_single_prompt,2757.64,mistralai/Mistral-7B-Instruct-v0.3,TotalCharges,32,2026-04-21T15:26:26.394748+00:00
6755,3794.7375,3313.4,481.3375000000001,paper_single_prompt,3794.7375,mistralai/Mistral-7B-Instruct-v0.3,TotalCharges,32,2026-04-21T15:26:26.394748+00:00
6757,3794.7375,3014.65,780.0875000000001,paper_single_prompt,3794.7375,mistralai/Mistral-7B-Instruct-v0.3,TotalCharges,32,2026-04-21T15:26:26.394748+00:00
6765,3794.7375,1673.4,2121.3375,paper_single_prompt,3794.7375,mistralai/Mistral-7B-Instruct-v0.3,TotalCharges,32,2026-04-21T15:26:26.394748+00:00
6775,3794.7375,4438.2,643.4624999999996,paper_single_prompt,3794.7375,mistralai/Mistral-7B-Instruct-v0.3,TotalCharges,32,2026-04-21T15:26:26.394748+00:00
6785,3794.7375,6876.05,3081.3125,paper_single_prompt,3794.7375,mistralai/Mistral-7B-Instruct-v0.3,TotalCharges,32,2026-04-21T15:26:26.394748+00:00
6805,3794.7375,7195.35,3400.6125,paper_single_prompt,3794.7375,mistralai/Mistral-7B-Instruct-v0.3,TotalCharges,32,2026-04-21T15:26:26.394748+00:00
6815,3794.7375,5102.35,1307.6125000000002,paper_single_prompt,3794.7375,mistralai/Mistral-7B-Instruct-v0.3,TotalCharges,32,2026-04-21T15:26:26.394748+00:00
6825,3794.7375,2272.8,1521.9375,paper_single_prompt,3794.7375,mistralai/Mistral-7B-Instruct-v0.3,TotalCharges,32,2026-04-21T15:26:26.394748+00:00
6831,2800.55,620.35,2180.2000000000003,paper_single_prompt,2800.55,mistralai/Mistral-7B-Instruct-v0.3,TotalCharges,32,2026-04-21T15:26:26.394748+00:00
6839,3794.7375,1129.75,2664.9875,paper_single_prompt,3794.7375,mistralai/Mistral-7B-Instruct-v0.3,TotalCharges,32,2026-04-21T15:26:26.394748+00:00
6851,3794.7375,3616.25,178.48750000000018,paper_single_prompt,3794.7375,mistralai/Mistral-7B-Instruct-v0.3,TotalCharges,32,2026-04-21T15:26:26.394748+00:00
6875,3794.7375,1208.6,2586.1375000000003,paper_single_prompt,3794.7375,mistralai/Mistral-7B-Instruct-v0.3,TotalCharges,32,2026-04-21T15:26:26.394748+00:00
6894,3179.85,334.65,2845.2,paper_single_prompt,3179.85,mistralai/Mistral-7B-Instruct-v0.3,TotalCharges,32,2026-04-21T15:26:26.394748+00:00
6905,3794.7375,1307.8,2486.9375,paper_single_prompt,3794.7375,mistralai/Mistral-7B-Instruct-v0.3,TotalCharges,32,2026-04-21T15:26:26.394748+00:00
6910,3794.7375,7882.5,4087.7625,paper_single_prompt,3794.7375,mistralai/Mistral-7B-Instruct-v0.3,TotalCharges,32,2026-04-21T15:26:26.394748+00:00
6918,3794.7375,3361.05,433.6875,paper_single_prompt,3794.7375,mistralai/Mistral-7B-Instruct-v0.3,TotalCharges,32,2026-04-21T15:26:26.394748+00:00
6938,3794.7375,4615.9,821.1624999999995,paper_single_prompt,3794.7375,mistralai/Mistral-7B-Instruct-v0.3,TotalCharges,32,2026-04-21T15:26:26.394748+00:00
6942,3794.7375,1396.0,2398.7375,paper_single_prompt,3794.7375,mistralai/Mistral-7B-Instruct-v0.3,TotalCharges,32,2026-04-21T15:26:26.394748+00:00
6949,3794.7375,1151.05,2643.6875,paper_single_prompt,3794.7375,mistralai/Mistral-7B-Instruct-v0.3,TotalCharges,32,2026-04-21T15:26:26.394748+00:00
6967,3794.7375,2196.15,1598.5875,paper_single_prompt,3794.7375,mistralai/Mistral-7B-Instruct-v0.3,TotalCharges,32,2026-04-21T15:26:26.394748+00:00
6976,3794.7375,4284.2,489.4624999999997,paper_single_prompt,3794.7375,mistralai/Mistral-7B-Instruct-v0.3,TotalCharges,32,2026-04-21T15:26:26.394748+00:00
6990,3794.7375,3366.05,428.6875,paper_single_prompt,3794.7375,mistralai/Mistral-7B-Instruct-v0.3,TotalCharges,32,2026-04-21T15:26:26.394748+00:00
7002,3700.0,6794.75,3094.75,paper_single_prompt,3700.0,mistralai/Mistral-7B-Instruct-v0.3,TotalCharges,32,2026-04-21T15:26:26.394748+00:00
7011,2657.86,272.15,2385.71,paper_single_prompt,2657.86,mistralai/Mistral-7B-Instruct-v0.3,TotalCharges,32,2026-04-21T15:26:26.394748+00:00
7022,3794.7375,7544.3,3749.5625,paper_single_prompt,3794.7375,mistralai/Mistral-7B-Instruct-v0.3,TotalCharges,32,2026-04-21T15:26:26.394748+00:00
7025,3794.7375,1679.4,2115.3375,paper_single_prompt,3794.7375,mistralai/Mistral-7B-Instruct-v0.3,TotalCharges,32,2026-04-21T15:26:26.394748+00:00
7034,3794.7375,6886.25,3091.5125,paper_single_prompt,3794.7375,mistralai/Mistral-7B-Instruct-v0.3,TotalCharges,32,2026-04-21T15:26:26.394748+00:00
7037,3794.7375,1419.4,2375.3375,paper_single_prompt,3794.7375,mistralai/Mistral-7B-Instruct-v0.3,TotalCharges,32,2026-04-21T15:26:26.394748+00:00
10,1649.85,587.45,1062.4,paper_single_prompt,1649.85,mistralai/Mistral-7B-Instruct-v0.3,TotalCharges,32,2026-04-21T16:00:21.773668+00:00
12,2793.15,5681.1,2887.9500000000003,paper_single_prompt,2793.15,mistralai/Mistral-7B-Instruct-v0.3,TotalCharges,32,2026-04-21T16:00:21.773668+00:00
35,1843.64,7251.7,5408.06,paper_single_prompt,1843.64,mistralai/Mistral-7B-Instruct-v0.3,TotalCharges,32,2026-04-21T16:00:21.773668+00:00
41,1654.4,4872.35,3217.9500000000003,paper_single_prompt,"1654.4

Explanation:
- The given record has a tenure of 70 and a MonthlyCharg",mistralai/Mistral-7B-Instruct-v0.3,TotalCharges,32,2026-04-21T16:00:21.773668+00:00
54,1677.05,4456.35,2779.3,paper_single_prompt,1677.05,mistralai/Mistral-7B-Instruct-v0.3,TotalCharges,32,2026-04-21T16:00:21.773668+00:00
55,1847.15,1752.55,94.60000000000014,paper_single_prompt,1847.15,mistralai/Mistral-7B-Instruct-v0.3,TotalCharges,32,2026-04-21T16:00:21.773668+00:00
75,2413.5,6139.5,3726.0,paper_single_prompt,2413.5,mistralai/Mistral-7B-Instruct-v0.3,TotalCharges,32,2026-04-21T16:00:21.773668+00:00
87,1847.65,1057.0,790.6500000000001,paper_single_prompt,1847.65,mistralai/Mistral-7B-Instruct-v0.3,TotalCharges,32,2026-04-21T16:00:21.773668+00:00
96,1843.15,4748.7,2905.55,paper_single_prompt,1843.15,mistralai/Mistral-7B-Instruct-v0.3,TotalCharges,32,2026-04-21T16:00:21.773668+00:00
103,1111.1,3027.25,1916.15,paper_single_prompt,1111.10,mistralai/Mistral-7B-Instruct-v0.3,TotalCharges,32,2026-04-21T16:00:21.773668+00:00
120,1884.52,5515.45,3630.93,paper_single_prompt,1884.52,mistralai/Mistral-7B-Instruct-v0.3,TotalCharges,32,2026-04-21T16:00:21.773668+00:00
121,1042.9,112.75,930.15,paper_single_prompt,"1042.9

Explanation:
- The given record has a tenure of 6 and a MonthlyCharges",mistralai/Mistral-7B-Instruct-v0.3,TotalCharges,32,2026-04-21T16:00:21.773668+00:00
144,1678.65,1756.2,77.54999999999995,paper_single_prompt,1678.65,mistralai/Mistral-7B-Instruct-v0.3,TotalCharges,32,2026-04-21T16:00:21.773668+00:00
148,2085.5,1929.95,155.54999999999995,paper_single_prompt,2085.5,mistralai/Mistral-7B-Instruct-v0.3,TotalCharges,32,2026-04-21T16:00:21.773668+00:00
157,2459.65,419.9,2039.75,paper_single_prompt,2459.65,mistralai/Mistral-7B-Instruct-v0.3,TotalCharges,32,2026-04-21T16:00:21.773668+00:00
158,1846.5,1024.0,822.5,paper_single_prompt,"1846.5

Explanation:
- The given record has a tenure of 16 and a MonthlyCharg",mistralai/Mistral-7B-Instruct-v0.3,TotalCharges,32,2026-04-21T16:00:21.773668+00:00
173,3442.7,5000.2,1557.5,paper_single_prompt,"3442.7

Explanation:
- The given record has a tenure of 53 and MonthlyCharges",mistralai/Mistral-7B-Instruct-v0.3,TotalCharges,32,2026-04-21T16:00:21.773668+00:00
205,2698.55,2684.85,13.700000000000273,paper_single_prompt,2698.55,mistralai/Mistral-7B-Instruct-v0.3,TotalCharges,32,2026-04-21T16:00:21.773668+00:00
209,2019.07,6654.1,4635.030000000001,paper_single_prompt,"2019.07

Explanation:
- The given record has a tenure of 64 and a MonthlyCh",mistralai/Mistral-7B-Instruct-v0.3,TotalCharges,32,2026-04-21T16:00:21.773668+00:00
217,1600.0,3789.2,2189.2,paper_single_prompt,1600.0,mistralai/Mistral-7B-Instruct-v0.3,TotalCharges,32,2026-04-21T16:00:21.773668+00:00
247,1641.36,1074.3,567.06,paper_single_prompt,"1641.36

Explanation:
- The given record has a tenure of 15 and MonthlyCharg",mistralai/Mistral-7B-Instruct-v0.3,TotalCharges,32,2026-04-21T16:00:21.773668+00:00
256,2461.6,7008.15,4546.549999999999,paper_single_prompt,"2461.6

Explanation:
- The given record has a tenure of 61 and a MonthlyCharg",mistralai/Mistral-7B-Instruct-v0.3,TotalCharges,32,2026-04-21T16:00:21.773668+00:00
257,2717.05,5791.1,3074.05,paper_single_prompt,2717.05,mistralai/Mistral-7B-Instruct-v0.3,TotalCharges,32,2026-04-21T16:00:21.773668+00:00
263,1685.55,1520.1,165.45000000000005,paper_single_prompt,1685.55,mistralai/Mistral-7B-Instruct-v0.3,TotalCharges,32,2026-04-21T16:00:21.773668+00:00
265,1665.6,5526.75,3861.15,paper_single_prompt,"1665.6

Explanation:
- The given record has a tenure of 61, and MonthlyCharg",mistralai/Mistral-7B-Instruct-v0.3,TotalCharges,32,2026-04-21T16:00:21.773668+00:00
290,2369.2,1712.7,656.4999999999998,paper_single_prompt,"2369.2

Explanation:
- The given record has a tenure of 24, and MonthlyCharg",mistralai/Mistral-7B-Instruct-v0.3,TotalCharges,32,2026-04-21T16:00:21.773668+00:00
292,1843.52,1940.8,97.27999999999996,paper_single_prompt,1843.52,mistralai/Mistral-7B-Instruct-v0.3,TotalCharges,32,2026-04-21T16:00:21.773668+00:00
297,3324.8,3437.5,112.69999999999982,paper_single_prompt,"3324.8

Explanation:
- The given record has a tenure of 35 and a MonthlyCharg",mistralai/Mistral-7B-Instruct-v0.3,TotalCharges,32,2026-04-21T16:00:21.773668+00:00
303,1609.42,4109.0,2499.58,paper_single_prompt,1609.42,mistralai/Mistral-7B-Instruct-v0.3,TotalCharges,32,2026-04-21T16:00:21.773668+00:00
307,2096.55,2054.4,42.15000000000009,paper_single_prompt,2096.55,mistralai/Mistral-7B-Instruct-v0.3,TotalCharges,32,2026-04-21T16:00:21.773668+00:00
316,1397.475,1355.1,42.375,paper_single_prompt,1397.475 * 71 + 19.9,mistralai/Mistral-7B-Instruct-v0.3,TotalCharges,32,2026-04-21T16:00:21.773668+00:00
317,2859.1,3058.65,199.55000000000015,paper_single_prompt,"2859.1

Explanation:
- The given record has a tenure of 38 and a MonthlyCharg",mistralai/Mistral-7B-Instruct-v0.3,TotalCharges,32,2026-04-21T16:00:21.773668+00:00
323,1289.42,422.3,867.1200000000001,paper_single_prompt,1289.42,mistralai/Mistral-7B-Instruct-v0.3,TotalCharges,32,2026-04-21T16:00:21.773668+00:00
324,1654.275,4176.7,2522.425,paper_single_prompt,1654.275,mistralai/Mistral-7B-Instruct-v0.3,TotalCharges,32,2026-04-21T16:00:21.773668+00:00
349,1844.84,6430.9,4586.06,paper_single_prompt,1844.84,mistralai/Mistral-7B-Instruct-v0.3,TotalCharges,32,2026-04-21T16:00:21.773668+00:00
350,2808.4,2278.75,529.6500000000001,paper_single_prompt,"2808.4

Explanation:
- The given record has a tenure of 37 and a MonthlyCharg",mistralai/Mistral-7B-Instruct-v0.3,TotalCharges,32,2026-04-21T16:00:21.773668+00:00
354,1843.85,840.1,1003.75,paper_single_prompt,1843.85,mistralai/Mistral-7B-Instruct-v0.3,TotalCharges,32,2026-04-21T16:00:21.773668+00:00
368,1848.91,6962.85,5113.9400000000005,paper_single_prompt,1848.91,mistralai/Mistral-7B-Instruct-v0.3,TotalCharges,32,2026-04-21T16:00:21.773668+00:00
370,1848.32,690.25,1158.07,paper_single_prompt,1848.32,mistralai/Mistral-7B-Instruct-v0.3,TotalCharges,32,2026-04-21T16:00:21.773668+00:00
373,2496.5625,5608.4,3111.8375,paper_single_prompt,2496.5625,mistralai/Mistral-7B-Instruct-v0.3,TotalCharges,32,2026-04-21T16:00:21.773668+00:00
384,3604.4,5067.45,1463.0499999999995,paper_single_prompt,"3604.4

Explanation:
- The given record has a tenure of 48, and MonthlyCharg",mistralai/Mistral-7B-Instruct-v0.3,TotalCharges,32,2026-04-21T16:00:21.773668+00:00
393,1636.3,367.55,1268.75,paper_single_prompt,"1636.3

Explanation:
- The given record has a tenure of 19, and MonthlyCharg",mistralai/Mistral-7B-Instruct-v0.3,TotalCharges,32,2026-04-21T16:00:21.773668+00:00
398,1641.52,1803.7,162.18000000000006,paper_single_prompt,"1641.52

Explanation:
- The given record has a tenure of 33 and MonthlyCharg",mistralai/Mistral-7B-Instruct-v0.3,TotalCharges,32,2026-04-21T16:00:21.773668+00:00
399,1841.15,415.1,1426.0500000000002,paper_single_prompt,1841.15,mistralai/Mistral-7B-Instruct-v0.3,TotalCharges,32,2026-04-21T16:00:21.773668+00:00
411,1843.65,1066.15,777.5,paper_single_prompt,1843.65,mistralai/Mistral-7B-Instruct-v0.3,TotalCharges,32,2026-04-21T16:00:21.773668+00:00
416,1843.64,6858.9,5015.259999999999,paper_single_prompt,1843.64,mistralai/Mistral-7B-Instruct-v0.3,TotalCharges,32,2026-04-21T16:00:21.773668+00:00
417,1632.8,1024.7,608.0999999999999,paper_single_prompt,1632.8,mistralai/Mistral-7B-Instruct-v0.3,TotalCharges,32,2026-04-21T16:00:21.773668+00:00
436,1844.35,720.05,1124.3,paper_single_prompt,1844.35,mistralai/Mistral-7B-Instruct-v0.3,TotalCharges,32,2026-04-21T16:00:21.773668+00:00
454,1668.8,1417.9,250.89999999999984,paper_single_prompt,"1668.8

Explanation:
- The given record has a tenure of 61, and MonthlyCharg",mistralai/Mistral-7B-Instruct-v0.3,TotalCharges,32,2026-04-21T16:00:21.773668+00:00
467,1843.85,6588.95,4745.1,paper_single_prompt,1843.85,mistralai/Mistral-7B-Instruct-v0.3,TotalCharges,32,2026-04-21T16:00:21.773668+00:00
476,2416.55,2747.2,330.64999999999964,paper_single_prompt,2416.55,mistralai/Mistral-7B-Instruct-v0.3,TotalCharges,32,2026-04-21T16:00:21.773668+00:00
481,1634.725,2145.0,510.2750000000001,paper_single_prompt,1634.725,mistralai/Mistral-7B-Instruct-v0.3,TotalCharges,32,2026-04-21T16:00:21.773668+00:00
488,1397.475,,,paper_single_prompt,1397.475 + (0 * 52.55),mistralai/Mistral-7B-Instruct-v0.3,TotalCharges,32,2026-04-21T16:00:21.773668+00:00
518,2080.8,1929.35,151.45000000000027,paper_single_prompt,"2080.8

Explanation:
- The given record has a tenure of 27 and MonthlyCharges",mistralai/Mistral-7B-Instruct-v0.3,TotalCharges,32,2026-04-21T16:00:21.773668+00:00
568,3306.5,3527.6,221.0999999999999,paper_single_prompt,3306.5,mistralai/Mistral-7B-Instruct-v0.3,TotalCharges,32,2026-04-21T16:00:21.773668+00:00
589,1844.84,6668.05,4823.21,paper_single_prompt,1844.84,mistralai/Mistral-7B-Instruct-v0.3,TotalCharges,32,2026-04-21T16:00:21.773668+00:00
599,1397.475,1414.45,16.975000000000136,paper_single_prompt,1397.475 + (65 * 20.4),mistralai/Mistral-7B-Instruct-v0.3,TotalCharges,32,2026-04-21T16:00:21.773668+00:00
602,1657.5,4859.25,3201.75,paper_single_prompt,"1657.5

Explanation:
- The given record has a tenure of 66 and MonthlyCharges",mistralai/Mistral-7B-Instruct-v0.3,TotalCharges,32,2026-04-21T16:00:21.773668+00:00
603,3453.9,4903.2,1449.2999999999995,paper_single_prompt,"3453.9

Explanation:
- The given record has a tenure of 46 and a MonthlyCharg",mistralai/Mistral-7B-Instruct-v0.3,TotalCharges,32,2026-04-21T16:00:21.773668+00:00
620,1397.475,362.6,1034.875,paper_single_prompt,1397.475 + (10 - 1) * 34.55 = 1626.4,mistralai/Mistral-7B-Instruct-v0.3,TotalCharges,32,2026-04-21T16:00:21.773668+00:00
634,1618.15,2236.2,618.0499999999997,paper_single_prompt,1618.15,mistralai/Mistral-7B-Instruct-v0.3,TotalCharges,32,2026-04-21T16:00:21.773668+00:00
636,2883.55,3109.9,226.3499999999999,paper_single_prompt,2883.55,mistralai/Mistral-7B-Instruct-v0.3,TotalCharges,32,2026-04-21T16:00:21.773668+00:00
643,1646.15,4287.2,2641.05,paper_single_prompt,1646.15,mistralai/Mistral-7B-Instruct-v0.3,TotalCharges,32,2026-04-21T16:00:21.773668+00:00
667,1164.8,1453.1,288.29999999999995,paper_single_prompt,"1164.8

Explanation:
- The given record has a tenure of 49, and MonthlyCharg",mistralai/Mistral-7B-Instruct-v0.3,TotalCharges,32,2026-04-21T16:00:21.773668+00:00
669,1262.56,4039.3,2776.74,paper_single_prompt,"1262.56

Explanation:
- The given record has a tenure of 70 and a MonthlyCh",mistralai/Mistral-7B-Instruct-v0.3,TotalCharges,32,2026-04-21T16:00:21.773668+00:00
673,2836.4,493.4,2343.0,paper_single_prompt,2836.4,mistralai/Mistral-7B-Instruct-v0.3,TotalCharges,32,2026-04-21T16:00:21.773668+00:00
683,3450.0,4188.4,738.3999999999996,paper_single_prompt,3450.0,mistralai/Mistral-7B-Instruct-v0.3,TotalCharges,32,2026-04-21T16:00:21.773668+00:00
705,2496.45,2015.35,481.0999999999999,paper_single_prompt,2496.45,mistralai/Mistral-7B-Instruct-v0.3,TotalCharges,32,2026-04-21T16:00:21.773668+00:00
714,1648.8,1710.9,62.100000000000136,paper_single_prompt,"1648.8

Explanation:
- The given record has a tenure of 72 and a MonthlyCharg",mistralai/Mistral-7B-Instruct-v0.3,TotalCharges,32,2026-04-21T16:00:21.773668+00:00
719,1648.05,5589.3,3941.25,paper_single_prompt,1648.05,mistralai/Mistral-7B-Instruct-v0.3,TotalCharges,32,2026-04-21T16:00:21.773668+00:00
721,1666.3,1305.95,360.3499999999999,paper_single_prompt,1666.3,mistralai/Mistral-7B-Instruct-v0.3,TotalCharges,32,2026-04-21T16:00:21.773668+00:00
734,2079.65,2423.4,343.75,paper_single_prompt,2079.65,mistralai/Mistral-7B-Instruct-v0.3,TotalCharges,32,2026-04-21T16:00:21.773668+00:00
743,1649.44,1551.6,97.84000000000016,paper_single_prompt,1649.44,mistralai/Mistral-7B-Instruct-v0.3,TotalCharges,32,2026-04-21T16:00:21.773668+00:00
745,2431.2,7882.25,5451.05,paper_single_prompt,"2431.2

Explanation:
- The given record has a tenure of 72 and a MonthlyCharg",mistralai/Mistral-7B-Instruct-v0.3,TotalCharges,32,2026-04-21T16:00:21.773668+00:00
749,1651.35,5817.0,4165.65,paper_single_prompt,1651.35,mistralai/Mistral-7B-Instruct-v0.3,TotalCharges,32,2026-04-21T16:00:21.773668+00:00
751,1641.95,5600.15,3958.2,paper_single_prompt,1641.95,mistralai/Mistral-7B-Instruct-v0.3,TotalCharges,32,2026-04-21T16:00:21.773668+00:00
753,1397.475,,,paper_single_prompt,1397.475 + (0 * 20.25),mistralai/Mistral-7B-Instruct-v0.3,TotalCharges,32,2026-04-21T16:00:21.773668+00:00
763,1843.15,4758.8,2915.65,paper_single_prompt,1843.15,mistralai/Mistral-7B-Instruct-v0.3,TotalCharges,32,2026-04-21T16:00:21.773668+00:00
769,1843.52,1175.6,667.9200000000001,paper_single_prompt,1843.52,mistralai/Mistral-7B-Instruct-v0.3,TotalCharges,32,2026-04-21T16:00:21.773668+00:00
775,2419.9,8065.65,5645.75,paper_single_prompt,"2419.9

Explanation:
- The given record has a tenure of 72 months and a MonthlyCh",mistralai/Mistral-7B-Instruct-v0.3,TotalCharges,32,2026-04-21T16:00:21.773668+00:00
776,1149.05,92.5,1056.55,paper_single_prompt,1149.05,mistralai/Mistral-7B-Instruct-v0.3,TotalCharges,32,2026-04-21T16:00:21.773668+00:00
786,1846.72,3983.6,2136.88,paper_single_prompt,1846.72,mistralai/Mistral-7B-Instruct-v0.3,TotalCharges,32,2026-04-21T16:00:21.773668+00:00
790,1397.475,3590.2,2192.725,paper_single_prompt,1397.475 + (60 * 59.85),mistralai/Mistral-7B-Instruct-v0.3,TotalCharges,32,2026-04-21T16:00:21.773668+00:00
791,1843.64,5023.0,3179.36,paper_single_prompt,1843.64,mistralai/Mistral-7B-Instruct-v0.3,TotalCharges,32,2026-04-21T16:00:21.773668+00:00
808,3251.2,4113.1,861.9000000000005,paper_single_prompt,"3251.2

Explanation:
- The given record has a tenure of 40, and MonthlyCharg",mistralai/Mistral-7B-Instruct-v0.3,TotalCharges,32,2026-04-21T16:00:21.773668+00:00
811,2488.0,7250.15,4762.15,paper_single_prompt,"2488

Explanation:
The imputed value is calculated by considering the given constraints and domain hints. The tenure",mistralai/Mistral-7B-Instruct-v0.3,TotalCharges,32,2026-04-21T16:00:21.773668+00:00
818,2654.4,2317.1,337.3000000000002,paper_single_prompt,"2654.4

Explanation:
- The given record has a tenure of 21, and MonthlyCharg",mistralai/Mistral-7B-Instruct-v0.3,TotalCharges,32,2026-04-21T16:00:21.773668+00:00
820,1688.05,6751.35,5063.3,paper_single_prompt,1688.05,mistralai/Mistral-7B-Instruct-v0.3,TotalCharges,32,2026-04-21T16:00:21.773668+00:00
828,3428.7,5453.4,2024.7,paper_single_prompt,"3428.7

Explanation:
- The given record has a tenure of 60, and MonthlyCharg",mistralai/Mistral-7B-Instruct-v0.3,TotalCharges,32,2026-04-21T16:00:21.773668+00:00
833,1843.2,3340.55,1497.35,paper_single_prompt,"1843.2

Explanation:
- The given record has a tenure of 37 and MonthlyCharges",mistralai/Mistral-7B-Instruct-v0.3,TotalCharges,32,2026-04-21T16:00:21.773668+00:00
836,1656.84,4487.3,2830.46,paper_single_prompt,"1656.84

Explanation:
- The given record has a tenure of 62 and a MonthlyCh",mistralai/Mistral-7B-Instruct-v0.3,TotalCharges,32,2026-04-21T16:00:21.773668+00:00
841,2460.0,7589.8,5129.8,paper_single_prompt,2460,mistralai/Mistral-7B-Instruct-v0.3,TotalCharges,32,2026-04-21T16:00:21.773668+00:00
845,1684.25,295.95,1388.3,paper_single_prompt,1684.25,mistralai/Mistral-7B-Instruct-v0.3,TotalCharges,32,2026-04-21T16:00:21.773668+00:00
856,1632.13,6309.65,4677.52,paper_single_prompt,1632.13,mistralai/Mistral-7B-Instruct-v0.3,TotalCharges,32,2026-04-21T16:00:21.773668+00:00
861,1886.84,5822.3,3935.46,paper_single_prompt,1886.84,mistralai/Mistral-7B-Instruct-v0.3,TotalCharges,32,2026-04-21T16:00:21.773668+00:00
870,1846.44,7015.9,5169.459999999999,paper_single_prompt,"1846.44

Explanation:
- The given record has a tenure of 72 and a MonthlyCh",mistralai/Mistral-7B-Instruct-v0.3,TotalCharges,32,2026-04-21T16:00:21.773668+00:00
876,1626.65,1582.75,43.90000000000009,paper_single_prompt,1626.65,mistralai/Mistral-7B-Instruct-v0.3,TotalCharges,32,2026-04-21T16:00:21.773668+00:00
897,2783.275,5682.25,2898.975,paper_single_prompt,2783.275,mistralai/Mistral-7B-Instruct-v0.3,TotalCharges,32,2026-04-21T16:00:21.773668+00:00
911,1634.0,1288.3,345.70000000000005,paper_single_prompt,1634.0,mistralai/Mistral-7B-Instruct-v0.3,TotalCharges,32,2026-04-21T16:00:21.773668+00:00
918,1843.85,2193.0,349.1500000000001,paper_single_prompt,1843.85,mistralai/Mistral-7B-Instruct-v0.3,TotalCharges,32,2026-04-21T16:00:21.773668+00:00
923,1660.41,4786.15,3125.74,paper_single_prompt,"1660.41

Explanation:
- The given record has a tenure of 63 and a MonthlyCh",mistralai/Mistral-7B-Instruct-v0.3,TotalCharges,32,2026-04-21T16:00:21.773668+00:00
925,2419.2,2404.15,15.049999999999727,paper_single_prompt,"2419.2

Explanation:
- The given record has a tenure of 32 and MonthlyCharges",mistralai/Mistral-7B-Instruct-v0.3,TotalCharges,32,2026-04-21T16:00:21.773668+00:00
936,1397.475,,,paper_single_prompt,1397.475 + (0 * 80.85),mistralai/Mistral-7B-Instruct-v0.3,TotalCharges,32,2026-04-21T16:00:21.773668+00:00
942,2039.64,2001.0,38.6400000000001,paper_single_prompt,2039.64,mistralai/Mistral-7B-Instruct-v0.3,TotalCharges,32,2026-04-21T16:00:21.773668+00:00
943,1644.0,4919.7,3275.7,paper_single_prompt,1644.0,mistralai/Mistral-7B-Instruct-v0.3,TotalCharges,32,2026-04-21T16:00:21.773668+00:00
944,1887.85,5645.8,3757.95,paper_single_prompt,1887.85,mistralai/Mistral-7B-Instruct-v0.3,TotalCharges,32,2026-04-21T16:00:21.773668+00:00
966,1397.475,112.3,1285.175,paper_single_prompt,1397.475 + (7 - 1) * 19.25 = 1154.62,mistralai/Mistral-7B-Instruct-v0.3,TotalCharges,32,2026-04-21T16:00:21.773668+00:00
972,1642.7,4048.95,2406.25,paper_single_prompt,"1642.7

Explanation:
- The given record has a tenure of 58 and a MonthlyCharg",mistralai/Mistral-7B-Instruct-v0.3,TotalCharges,32,2026-04-21T16:00:21.773668+00:00
987,1397.475,19.75,1377.725,paper_single_prompt,1397.475 + (1 * 19.75),mistralai/Mistral-7B-Instruct-v0.3,TotalCharges,32,2026-04-21T16:00:21.773668+00:00
988,2466.55,537.35,1929.2000000000005,paper_single_prompt,2466.55,mistralai/Mistral-7B-Instruct-v0.3,TotalCharges,32,2026-04-21T16:00:21.773668+00:00
990,1684.2,4513.65,2829.45,paper_single_prompt,"1684.2

Explanation:
- The given record has a tenure of 56 and a MonthlyCharg",mistralai/Mistral-7B-Instruct-v0.3,TotalCharges,32,2026-04-21T16:00:21.773668+00:00
991,1630.55,1423.85,206.70000000000005,paper_single_prompt,1630.55,mistralai/Mistral-7B-Instruct-v0.3,TotalCharges,32,2026-04-21T16:00:21.773668+00:00
1001,2066.5,1893.95,172.54999999999995,paper_single_prompt,2066.5,mistralai/Mistral-7B-Instruct-v0.3,TotalCharges,32,2026-04-21T16:00:21.773668+00:00
1014,1846.35,990.85,855.4999999999999,paper_single_prompt,1846.35,mistralai/Mistral-7B-Instruct-v0.3,TotalCharges,32,2026-04-21T16:00:21.773668+00:00
1020,1686.15,2066.0,379.8499999999999,paper_single_prompt,1686.15,mistralai/Mistral-7B-Instruct-v0.3,TotalCharges,32,2026-04-21T16:00:21.773668+00:00
1024,1844.35,2552.9,708.5500000000002,paper_single_prompt,1844.35,mistralai/Mistral-7B-Instruct-v0.3,TotalCharges,32,2026-04-21T16:00:21.773668+00:00
1028,2183.25,2070.6,112.65000000000008,paper_single_prompt,2183.25,mistralai/Mistral-7B-Instruct-v0.3,TotalCharges,32,2026-04-21T16:00:21.773668+00:00
1035,1682.34,1697.7,15.360000000000127,paper_single_prompt,1682.34,mistralai/Mistral-7B-Instruct-v0.3,TotalCharges,32,2026-04-21T16:00:21.773668+00:00
1046,1887.4,3877.65,1990.25,paper_single_prompt,"1887.4

Explanation:
- The given record has a tenure of 52 and a MonthlyCharg",mistralai/Mistral-7B-Instruct-v0.3,TotalCharges,32,2026-04-21T16:00:21.773668+00:00
1052,1623.5,3208.65,1585.15,paper_single_prompt,1623.5,mistralai/Mistral-7B-Instruct-v0.3,TotalCharges,32,2026-04-21T16:00:21.773668+00:00
1069,1848.0,1055.9,792.0999999999999,paper_single_prompt,"1848

Explanation:
- The given record has a tenure of 20, and MonthlyCharges of",mistralai/Mistral-7B-Instruct-v0.3,TotalCharges,32,2026-04-21T16:00:21.773668+00:00
1082,1397.475,,,paper_single_prompt,1397.475 + (0 * 25.75),mistralai/Mistral-7B-Instruct-v0.3,TotalCharges,32,2026-04-21T16:00:21.773668+00:00
1084,1397.475,1012.4,385.07499999999993,paper_single_prompt,1397.475 + (52 * 19.6),mistralai/Mistral-7B-Instruct-v0.3,TotalCharges,32,2026-04-21T16:00:21.773668+00:00
1092,1697.65,4523.25,2825.6,paper_single_prompt,1697.65,mistralai/Mistral-7B-Instruct-v0.3,TotalCharges,32,2026-04-21T16:00:21.773668+00:00
1093,1846.85,7159.7,5312.85,paper_single_prompt,1846.85,mistralai/Mistral-7B-Instruct-v0.3,TotalCharges,32,2026-04-21T16:00:21.773668+00:00
1098,1664.35,6038.55,4374.200000000001,paper_single_prompt,1664.35,mistralai/Mistral-7B-Instruct-v0.3,TotalCharges,32,2026-04-21T16:00:21.773668+00:00
1106,1886.85,6253.0,4366.15,paper_single_prompt,1886.85,mistralai/Mistral-7B-Instruct-v0.3,TotalCharges,32,2026-04-21T16:00:21.773668+00:00
1107,1658.5,1641.8,16.700000000000045,paper_single_prompt,1658.5,mistralai/Mistral-7B-Instruct-v0.3,TotalCharges,32,2026-04-21T16:00:21.773668+00:00
1118,2645.5,4997.5,2352.0,paper_single_prompt,2645.5,mistralai/Mistral-7B-Instruct-v0.3,TotalCharges,32,2026-04-21T16:00:21.773668+00:00
1146,1164.8,1072.6,92.20000000000005,paper_single_prompt,"1164.8

Explanation:
- The given record has a tenure of 29 and a MonthlyCharg",mistralai/Mistral-7B-Instruct-v0.3,TotalCharges,32,2026-04-21T16:00:21.773668+00:00
1164,1688.54,5831.2,4142.66,paper_single_prompt,"1688.54

Explanation:
- The given record has a tenure of 71 and MonthlyCharg",mistralai/Mistral-7B-Instruct-v0.3,TotalCharges,32,2026-04-21T16:00:21.773668+00:00
1170,3088.0,8093.15,5005.15,paper_single_prompt,"3088

Explanation:
The imputed value is calculated by considering the given constraints and domain hints. The typical center",mistralai/Mistral-7B-Instruct-v0.3,TotalCharges,32,2026-04-21T16:00:21.773668+00:00
1178,1844.7,1553.95,290.75,paper_single_prompt,"1844.7

Explanation:
- The given record has a tenure of 15 and MonthlyCharges",mistralai/Mistral-7B-Instruct-v0.3,TotalCharges,32,2026-04-21T16:00:21.773668+00:00
1180,1846.32,1971.15,124.83000000000015,paper_single_prompt,1846.32,mistralai/Mistral-7B-Instruct-v0.3,TotalCharges,32,2026-04-21T16:00:21.773668+00:00
1187,2451.05,7413.55,4962.5,paper_single_prompt,2451.05,mistralai/Mistral-7B-Instruct-v0.3,TotalCharges,32,2026-04-21T16:00:21.773668+00:00
1216,1622.8,1090.6,532.2,paper_single_prompt,"1622.8

Explanation:
- The given record has a tenure of 54 and a MonthlyCharg",mistralai/Mistral-7B-Instruct-v0.3,TotalCharges,32,2026-04-21T16:00:21.773668+00:00
1219,1414.35,4300.45,2886.1,paper_single_prompt,1414.35,mistralai/Mistral-7B-Instruct-v0.3,TotalCharges,32,2026-04-21T16:00:21.773668+00:00
1231,1847.2,1398.6,448.60000000000014,paper_single_prompt,1847.2,mistralai/Mistral-7B-Instruct-v0.3,TotalCharges,32,2026-04-21T16:00:21.773668+00:00
1232,3348.9,2564.3,784.5999999999999,paper_single_prompt,"3348.9

Explanation:
- The given record has a tenure of 34, and MonthlyCharg",mistralai/Mistral-7B-Instruct-v0.3,TotalCharges,32,2026-04-21T16:00:21.773668+00:00
1245,2303.65,2117.25,186.4000000000001,paper_single_prompt,2303.65,mistralai/Mistral-7B-Instruct-v0.3,TotalCharges,32,2026-04-21T16:00:21.773668+00:00
1263,1662.72,6127.6,4464.88,paper_single_prompt,1662.72,mistralai/Mistral-7B-Instruct-v0.3,TotalCharges,32,2026-04-21T16:00:21.773668+00:00
1267,1886.72,4818.8,2932.08,paper_single_prompt,1886.72,mistralai/Mistral-7B-Instruct-v0.3,TotalCharges,32,2026-04-21T16:00:21.773668+00:00
1275,1397.475,3112.05,1714.5750000000005,paper_single_prompt,1397.475 + (55 - 1) * 56.8,mistralai/Mistral-7B-Instruct-v0.3,TotalCharges,32,2026-04-21T16:00:21.773668+00:00
1284,1397.475,1188.25,209.2249999999999,paper_single_prompt,1397.475 + (59 * 19.85),mistralai/Mistral-7B-Instruct-v0.3,TotalCharges,32,2026-04-21T16:00:21.773668+00:00
1288,1397.475,1240.15,157.32499999999982,paper_single_prompt,1397.475 * 64 + 19.55 = 8868.645,mistralai/Mistral-7B-Instruct-v0.3,TotalCharges,32,2026-04-21T16:00:21.773668+00:00
1300,3415.2,7962.2,4547.0,paper_single_prompt,"3415.2

Explanation:
- The given record has a tenure of 72 and a MonthlyCharg",mistralai/Mistral-7B-Instruct-v0.3,TotalCharges,32,2026-04-21T16:00:21.773668+00:00
1327,3497.5,5961.1,2463.6000000000004,paper_single_prompt,"3497.5

Explanation:
- The given record has a tenure of 59 and MonthlyCharges",mistralai/Mistral-7B-Instruct-v0.3,TotalCharges,32,2026-04-21T16:00:21.773668+00:00
1329,1397.475,1496.45,98.97500000000014,paper_single_prompt,1397.475 * 72 + 19.4,mistralai/Mistral-7B-Instruct-v0.3,TotalCharges,32,2026-04-21T16:00:21.773668+00:00
1340,1397.475,,,paper_single_prompt,1397.475 + (0 * 56.05),mistralai/Mistral-7B-Instruct-v0.3,TotalCharges,32,2026-04-21T16:00:21.773668+00:00
1345,2426.5625,5985.0,3558.4375,paper_single_prompt,2426.5625,mistralai/Mistral-7B-Instruct-v0.3,TotalCharges,32,2026-04-21T16:00:21.773668+00:00
1359,1242.125,889.9,352.225,paper_single_prompt,1242.125,mistralai/Mistral-7B-Instruct-v0.3,TotalCharges,32,2026-04-21T16:00:21.773668+00:00
1369,1843.85,2033.85,190.0,paper_single_prompt,1843.85,mistralai/Mistral-7B-Instruct-v0.3,TotalCharges,32,2026-04-21T16:00:21.773668+00:00
1380,3053.675,6145.2,3091.525,paper_single_prompt,3053.675,mistralai/Mistral-7B-Instruct-v0.3,TotalCharges,32,2026-04-21T16:00:21.773668+00:00
1391,1843.25,2440.25,597.0,paper_single_prompt,1843.25,mistralai/Mistral-7B-Instruct-v0.3,TotalCharges,32,2026-04-21T16:00:21.773668+00:00
1406,1618.2,1673.8,55.59999999999991,paper_single_prompt,"1618.2

Explanation:
- The given record has a tenure of 66 and a MonthlyCharg",mistralai/Mistral-7B-Instruct-v0.3,TotalCharges,32,2026-04-21T16:00:21.773668+00:00
1416,1194.5,3166.9,1972.4,paper_single_prompt,1194.5,mistralai/Mistral-7B-Instruct-v0.3,TotalCharges,32,2026-04-21T16:00:21.773668+00:00
1427,1847.35,3122.4,1275.0500000000002,paper_single_prompt,1847.35,mistralai/Mistral-7B-Instruct-v0.3,TotalCharges,32,2026-04-21T16:00:21.773668+00:00
1429,1843.75,1088.25,755.5,paper_single_prompt,1843.75,mistralai/Mistral-7B-Instruct-v0.3,TotalCharges,32,2026-04-21T16:00:21.773668+00:00
1431,2485.2,2908.2,423.0,paper_single_prompt,"2485.2

Explanation:
- The given record has a tenure of 43 and a MonthlyCharg",mistralai/Mistral-7B-Instruct-v0.3,TotalCharges,32,2026-04-21T16:00:21.773668+00:00
1481,1843.25,4754.3,2911.05,paper_single_prompt,1843.25,mistralai/Mistral-7B-Instruct-v0.3,TotalCharges,32,2026-04-21T16:00:21.773668+00:00
1483,1846.125,3562.5,1716.375,paper_single_prompt,1846.125,mistralai/Mistral-7B-Instruct-v0.3,TotalCharges,32,2026-04-21T16:00:21.773668+00:00
1524,1666.95,7002.95,5336.0,paper_single_prompt,1666.95,mistralai/Mistral-7B-Instruct-v0.3,TotalCharges,32,2026-04-21T16:00:21.773668+00:00
1545,3026.5,6536.5,3510.0,paper_single_prompt,3026.5,mistralai/Mistral-7B-Instruct-v0.3,TotalCharges,32,2026-04-21T16:00:21.773668+00:00
1604,1846.15,6511.25,4665.1,paper_single_prompt,1846.15,mistralai/Mistral-7B-Instruct-v0.3,TotalCharges,32,2026-04-21T16:00:21.773668+00:00
1611,1887.65,6468.6,4580.950000000001,paper_single_prompt,1887.65,mistralai/Mistral-7B-Instruct-v0.3,TotalCharges,32,2026-04-21T16:00:21.773668+00:00
1612,1844.32,5918.8,4074.480000000001,paper_single_prompt,1844.32,mistralai/Mistral-7B-Instruct-v0.3,TotalCharges,32,2026-04-21T16:00:21.773668+00:00
1628,2101.55,2627.2,525.6499999999996,paper_single_prompt,2101.55,mistralai/Mistral-7B-Instruct-v0.3,TotalCharges,32,2026-04-21T16:00:21.773668+00:00
1631,1844.75,1463.45,381.3,paper_single_prompt,1844.75,mistralai/Mistral-7B-Instruct-v0.3,TotalCharges,32,2026-04-21T16:00:21.773668+00:00
1646,1614.5,3801.3,2186.8,paper_single_prompt,1614.5,mistralai/Mistral-7B-Instruct-v0.3,TotalCharges,32,2026-04-21T16:00:21.773668+00:00
1647,1474.5,868.5,606.0,paper_single_prompt,1474.5,mistralai/Mistral-7B-Instruct-v0.3,TotalCharges,32,2026-04-21T16:00:21.773668+00:00
1657,1844.8,901.25,943.55,paper_single_prompt,1844.8,mistralai/Mistral-7B-Instruct-v0.3,TotalCharges,32,2026-04-21T16:00:21.773668+00:00
1660,1844.36,1139.2,705.1599999999999,paper_single_prompt,1844.36,mistralai/Mistral-7B-Instruct-v0.3,TotalCharges,32,2026-04-21T16:00:21.773668+00:00
1663,3443.25,4812.75,1369.5,paper_single_prompt,3443.25,mistralai/Mistral-7B-Instruct-v0.3,TotalCharges,32,2026-04-21T16:00:21.773668+00:00
1675,1846.22,2384.15,537.9300000000001,paper_single_prompt,1846.22,mistralai/Mistral-7B-Instruct-v0.3,TotalCharges,32,2026-04-21T16:00:21.773668+00:00
1681,1650.0,1849.2,199.20000000000005,paper_single_prompt,1650,mistralai/Mistral-7B-Instruct-v0.3,TotalCharges,32,2026-04-21T16:00:21.773668+00:00
1687,1696.48,314.95,1381.53,paper_single_prompt,1696.48,mistralai/Mistral-7B-Instruct-v0.3,TotalCharges,32,2026-04-21T16:00:21.773668+00:00
1700,1846.15,943.0,903.15,paper_single_prompt,1846.15,mistralai/Mistral-7B-Instruct-v0.3,TotalCharges,32,2026-04-21T16:00:21.773668+00:00
1701,3081.65,6615.15,3533.4999999999995,paper_single_prompt,3081.65,mistralai/Mistral-7B-Instruct-v0.3,TotalCharges,32,2026-04-21T16:00:21.773668+00:00
1705,1612.35,5044.8,3432.4500000000003,paper_single_prompt,1612.35,mistralai/Mistral-7B-Instruct-v0.3,TotalCharges,32,2026-04-21T16:00:21.773668+00:00
1717,1397.475,1421.9,24.425000000000185,paper_single_prompt,1397.475 * 72 + 19.7 = 10068.495,mistralai/Mistral-7B-Instruct-v0.3,TotalCharges,32,2026-04-21T16:00:21.773668+00:00
1720,1675.52,163.7,1511.82,paper_single_prompt,1675.52,mistralai/Mistral-7B-Instruct-v0.3,TotalCharges,32,2026-04-21T16:00:21.773668+00:00
1745,1397.475,1119.9,277.5749999999998,paper_single_prompt,1397.475 + (56 * 19.8),mistralai/Mistral-7B-Instruct-v0.3,TotalCharges,32,2026-04-21T16:00:21.773668+00:00
1752,2164.2,1421.75,742.4499999999998,paper_single_prompt,"2164.2

Explanation:
- The given record has a tenure of 27 and a MonthlyCharg",mistralai/Mistral-7B-Instruct-v0.3,TotalCharges,32,2026-04-21T16:00:21.773668+00:00
1760,1648.5,2614.1,965.6,paper_single_prompt,"1648.5

Explanation:
- The given record has a tenure of 50 and a MonthlyCharg",mistralai/Mistral-7B-Instruct-v0.3,TotalCharges,32,2026-04-21T16:00:21.773668+00:00
1785,1846.4,6392.85,4546.450000000001,paper_single_prompt,"1846.4

Explanation:
- The given record has a tenure of 68 and a MonthlyCharg",mistralai/Mistral-7B-Instruct-v0.3,TotalCharges,32,2026-04-21T16:00:21.773668+00:00
1801,1843.64,1490.4,353.24,paper_single_prompt,1843.64,mistralai/Mistral-7B-Instruct-v0.3,TotalCharges,32,2026-04-21T16:00:21.773668+00:00
1826,1669.15,5931.0,4261.85,paper_single_prompt,1669.15,mistralai/Mistral-7B-Instruct-v0.3,TotalCharges,32,2026-04-21T16:00:21.773668+00:00
1845,1186.625,2492.25,1305.625,paper_single_prompt,1186.625,mistralai/Mistral-7B-Instruct-v0.3,TotalCharges,32,2026-04-21T16:00:21.773668+00:00
1871,1679.52,4539.35,2859.8300000000004,paper_single_prompt,1679.52,mistralai/Mistral-7B-Instruct-v0.3,TotalCharges,32,2026-04-21T16:00:21.773668+00:00
1873,1843.75,5011.15,3167.4,paper_single_prompt,1843.75,mistralai/Mistral-7B-Instruct-v0.3,TotalCharges,32,2026-04-21T16:00:21.773668+00:00
1876,3464.8,4563.0,1098.1999999999998,paper_single_prompt,"3464.8

Explanation:
- The given record has a tenure of 47 and a MonthlyCharg",mistralai/Mistral-7B-Instruct-v0.3,TotalCharges,32,2026-04-21T16:00:21.773668+00:00
1905,1684.45,962.25,722.2,paper_single_prompt,1684.45,mistralai/Mistral-7B-Instruct-v0.3,TotalCharges,32,2026-04-21T16:00:21.773668+00:00
1906,1632.8,1382.9,249.89999999999984,paper_single_prompt,"1632.8

Explanation:
- The given record has a tenure of 40 and a MonthlyCharg",mistralai/Mistral-7B-Instruct-v0.3,TotalCharges,32,2026-04-21T16:00:21.773668+00:00
1916,1843.52,3862.55,2019.03,paper_single_prompt,1843.52,mistralai/Mistral-7B-Instruct-v0.3,TotalCharges,32,2026-04-21T16:00:21.773668+00:00
1935,1397.475,996.95,400.5249999999999,paper_single_prompt,1397.475 + (51 - 10) * 19.85 = 2484.,mistralai/Mistral-7B-Instruct-v0.3,TotalCharges,32,2026-04-21T16:00:21.773668+00:00
1958,2036.4,2048.8,12.400000000000093,paper_single_prompt,2036.4,mistralai/Mistral-7B-Instruct-v0.3,TotalCharges,32,2026-04-21T16:00:21.773668+00:00
1959,1171.25,163.55,1007.7,paper_single_prompt,1171.25,mistralai/Mistral-7B-Instruct-v0.3,TotalCharges,32,2026-04-21T16:00:21.773668+00:00
1977,2421.1,2845.15,424.0500000000002,paper_single_prompt,"2421.1

Explanation:
- The given record has a tenure of 31, and MonthlyCharg",mistralai/Mistral-7B-Instruct-v0.3,TotalCharges,32,2026-04-21T16:00:21.773668+00:00
1981,1884.7,5885.4,4000.7,paper_single_prompt,"1884.7

Explanation:
- The given record has a tenure of 58 and a MonthlyCharg",mistralai/Mistral-7B-Instruct-v0.3,TotalCharges,32,2026-04-21T16:00:21.773668+00:00
1987,2228.85,2257.75,28.90000000000009,paper_single_prompt,2228.85,mistralai/Mistral-7B-Instruct-v0.3,TotalCharges,32,2026-04-21T16:00:21.773668+00:00
2001,1107.25,117.95,989.3,paper_single_prompt,1107.25,mistralai/Mistral-7B-Instruct-v0.3,TotalCharges,32,2026-04-21T16:00:21.773668+00:00
2005,3418.65,4941.8,1523.15,paper_single_prompt,3418.65,mistralai/Mistral-7B-Instruct-v0.3,TotalCharges,32,2026-04-21T16:00:21.773668+00:00
2006,1397.475,223.15,1174.3249999999998,paper_single_prompt,1397.475 + (5 - 1) * 47.15 = 1036.72,mistralai/Mistral-7B-Instruct-v0.3,TotalCharges,32,2026-04-21T16:00:21.773668+00:00
2020,1844.8,3865.45,2020.65,paper_single_prompt,"1844.8

Explanation:
The imputed value is calculated by considering the domain hints and critical anti-collapse",mistralai/Mistral-7B-Instruct-v0.3,TotalCharges,32,2026-04-21T16:00:21.773668+00:00
2031,1126.25,125.5,1000.75,paper_single_prompt,1126.25,mistralai/Mistral-7B-Instruct-v0.3,TotalCharges,32,2026-04-21T16:00:21.773668+00:00
2032,1622.65,1390.6,232.05000000000015,paper_single_prompt,1622.65,mistralai/Mistral-7B-Instruct-v0.3,TotalCharges,32,2026-04-21T16:00:21.773668+00:00
2034,3012.9,2511.3,501.5999999999999,paper_single_prompt,"3012.9

Explanation:
- The given record has a tenure of 41, and MonthlyCharg",mistralai/Mistral-7B-Instruct-v0.3,TotalCharges,32,2026-04-21T16:00:21.773668+00:00
2052,2354.7,4946.05,2591.3500000000004,paper_single_prompt,"2354.7

Explanation:
- The given record has a tenure of 48, and MonthlyCharg",mistralai/Mistral-7B-Instruct-v0.3,TotalCharges,32,2026-04-21T16:00:21.773668+00:00
2059,3488.55,3415.25,73.30000000000018,paper_single_prompt,3488.55,mistralai/Mistral-7B-Instruct-v0.3,TotalCharges,32,2026-04-21T16:00:21.773668+00:00
2067,2018.95,6792.45,4773.5,paper_single_prompt,2018.95,mistralai/Mistral-7B-Instruct-v0.3,TotalCharges,32,2026-04-21T16:00:21.773668+00:00
2079,1843.05,7554.05,5711.0,paper_single_prompt,1843.05,mistralai/Mistral-7B-Instruct-v0.3,TotalCharges,32,2026-04-21T16:00:21.773668+00:00
2088,1684.8,1941.5,256.70000000000005,paper_single_prompt,"1684.8

Explanation:
- The given record has a tenure of 36 months and a MonthlyCh",mistralai/Mistral-7B-Instruct-v0.3,TotalCharges,32,2026-04-21T16:00:21.773668+00:00
2091,1107.25,970.85,136.39999999999998,paper_single_prompt,1107.25,mistralai/Mistral-7B-Instruct-v0.3,TotalCharges,32,2026-04-21T16:00:21.773668+00:00
2108,1199.75,2168.9,969.15,paper_single_prompt,1199.75,mistralai/Mistral-7B-Instruct-v0.3,TotalCharges,32,2026-04-21T16:00:21.773668+00:00
2111,1847.5,711.9,1135.6,paper_single_prompt,1847.5,mistralai/Mistral-7B-Instruct-v0.3,TotalCharges,32,2026-04-21T16:00:21.773668+00:00
2120,1397.475,1210.3,187.17499999999995,paper_single_prompt,1397.475 + (55 - 1) * 21,mistralai/Mistral-7B-Instruct-v0.3,TotalCharges,32,2026-04-21T16:00:21.773668+00:00
2124,1148.75,100.4,1048.35,paper_single_prompt,1148.75,mistralai/Mistral-7B-Instruct-v0.3,TotalCharges,32,2026-04-21T16:00:21.773668+00:00
2125,1663.5,5229.45,3565.95,paper_single_prompt,"1663.5

Explanation:
- The given record has a tenure of 67 and a MonthlyCharg",mistralai/Mistral-7B-Instruct-v0.3,TotalCharges,32,2026-04-21T16:00:21.773668+00:00
2130,3446.8,4837.6,1390.8000000000002,paper_single_prompt,"3446.8

Explanation:
- The given record has a tenure of 51 and a MonthlyCharg",mistralai/Mistral-7B-Instruct-v0.3,TotalCharges,32,2026-04-21T16:00:21.773668+00:00
2146,2431.05,7133.45,4702.4,paper_single_prompt,2431.05,mistralai/Mistral-7B-Instruct-v0.3,TotalCharges,32,2026-04-21T16:00:21.773668+00:00
2153,1849.7,1797.75,51.950000000000045,paper_single_prompt,"1849.7

Explanation:
- The given record has a tenure of 25 and MonthlyCharges",mistralai/Mistral-7B-Instruct-v0.3,TotalCharges,32,2026-04-21T16:00:21.773668+00:00
2162,2300.8,2684.35,383.5499999999997,paper_single_prompt,2300.8,mistralai/Mistral-7B-Instruct-v0.3,TotalCharges,32,2026-04-21T16:00:21.773668+00:00
2175,1887.25,2555.9,668.6500000000001,paper_single_prompt,1887.25,mistralai/Mistral-7B-Instruct-v0.3,TotalCharges,32,2026-04-21T16:00:21.773668+00:00
2190,1674.44,5956.85,4282.41,paper_single_prompt,"1674.44

Explanation:
- The given record has a tenure of 71 and a MonthlyCh",mistralai/Mistral-7B-Instruct-v0.3,TotalCharges,32,2026-04-21T16:00:21.773668+00:00
2195,1844.4,672.2,1172.2,paper_single_prompt,1844.4,mistralai/Mistral-7B-Instruct-v0.3,TotalCharges,32,2026-04-21T16:00:21.773668+00:00
2202,1470.95,467.55,1003.4,paper_single_prompt,1470.95,mistralai/Mistral-7B-Instruct-v0.3,TotalCharges,32,2026-04-21T16:00:21.773668+00:00
2204,3441.9,7482.1,4040.2,paper_single_prompt,"3441.9

Explanation:
- The given record has a tenure of 67 and MonthlyCharges",mistralai/Mistral-7B-Instruct-v0.3,TotalCharges,32,2026-04-21T16:00:21.773668+00:00
2215,1197.05,3370.2,2173.15,paper_single_prompt,1197.05,mistralai/Mistral-7B-Instruct-v0.3,TotalCharges,32,2026-04-21T16:00:21.773668+00:00
2217,1665.64,5958.85,4293.21,paper_single_prompt,1665.64,mistralai/Mistral-7B-Instruct-v0.3,TotalCharges,32,2026-04-21T16:00:21.773668+00:00
2225,1677.27,1309.0,368.27,paper_single_prompt,"1677.27

Explanation:
- The given record has a tenure of 33 and a MonthlyCh",mistralai/Mistral-7B-Instruct-v0.3,TotalCharges,32,2026-04-21T16:00:21.773668+00:00
2227,1397.475,1108.8,288.67499999999995,paper_single_prompt,1397.475 + (58 * 19.55),mistralai/Mistral-7B-Instruct-v0.3,TotalCharges,32,2026-04-21T16:00:21.773668+00:00
2232,1843.55,754.5,1089.05,paper_single_prompt,1843.55,mistralai/Mistral-7B-Instruct-v0.3,TotalCharges,32,2026-04-21T16:00:21.773668+00:00
2233,1648.55,3883.3,2234.75,paper_single_prompt,1648.55,mistralai/Mistral-7B-Instruct-v0.3,TotalCharges,32,2026-04-21T16:00:21.773668+00:00
2239,1182.55,2545.7,1363.15,paper_single_prompt,"1182.55

Explanation:
- The given record has a tenure of 67 and a MonthlyCh",mistralai/Mistral-7B-Instruct-v0.3,TotalCharges,32,2026-04-21T16:00:21.773668+00:00
2267,2485.6,8124.2,5638.6,paper_single_prompt,"2485.6

Explanation:
- The given record has a tenure of 72 months and a MonthlyCh",mistralai/Mistral-7B-Instruct-v0.3,TotalCharges,32,2026-04-21T16:00:21.773668+00:00
2269,1400.9,70.9,1330.0,paper_single_prompt,1400.9,mistralai/Mistral-7B-Instruct-v0.3,TotalCharges,32,2026-04-21T16:00:21.773668+00:00
2290,1665.25,633.4,1031.85,paper_single_prompt,1665.25,mistralai/Mistral-7B-Instruct-v0.3,TotalCharges,32,2026-04-21T16:00:21.773668+00:00
2293,1843.85,6151.9,4308.049999999999,paper_single_prompt,1843.85,mistralai/Mistral-7B-Instruct-v0.3,TotalCharges,32,2026-04-21T16:00:21.773668+00:00
2305,3648.1,3410.0,238.0999999999999,paper_single_prompt,"3648.1

Explanation:
- The given record has a tenure of 34, and MonthlyCharg",mistralai/Mistral-7B-Instruct-v0.3,TotalCharges,32,2026-04-21T16:00:21.773668+00:00
2310,1843.85,4464.8,2620.9500000000003,paper_single_prompt,1843.85,mistralai/Mistral-7B-Instruct-v0.3,TotalCharges,32,2026-04-21T16:00:21.773668+00:00
2318,2413.5,7030.65,4617.15,paper_single_prompt,2413.5,mistralai/Mistral-7B-Instruct-v0.3,TotalCharges,32,2026-04-21T16:00:21.773668+00:00
2329,1884.75,5468.95,3584.2,paper_single_prompt,1884.75,mistralai/Mistral-7B-Instruct-v0.3,TotalCharges,32,2026-04-21T16:00:21.773668+00:00
2339,2789.5,1973.75,815.75,paper_single_prompt,"2789.5

Explanation:
- The given record has a tenure of 21, and MonthlyCharg",mistralai/Mistral-7B-Instruct-v0.3,TotalCharges,32,2026-04-21T16:00:21.773668+00:00
2341,2498.2,7843.55,5345.35,paper_single_prompt,"2498.2

Explanation:
- The given record has a tenure of 68 and a MonthlyCharg",mistralai/Mistral-7B-Instruct-v0.3,TotalCharges,32,2026-04-21T16:00:21.773668+00:00
2346,1843.625,6849.4,5005.775,paper_single_prompt,1843.625,mistralai/Mistral-7B-Instruct-v0.3,TotalCharges,32,2026-04-21T16:00:21.773668+00:00
2375,2468.1,7904.25,5436.15,paper_single_prompt,"2468.1

Explanation:
- The given record has a tenure of 71 and a MonthlyCharg",mistralai/Mistral-7B-Instruct-v0.3,TotalCharges,32,2026-04-21T16:00:21.773668+00:00
2377,1646.2,2654.05,1007.85,paper_single_prompt,"1646.2

Explanation:
- The given record has a tenure of 47 and MonthlyCharges",mistralai/Mistral-7B-Instruct-v0.3,TotalCharges,32,2026-04-21T16:00:21.773668+00:00
2390,1397.475,160.05,1237.425,paper_single_prompt,1397.475 * 8 + 19.8 = 11179.6,mistralai/Mistral-7B-Instruct-v0.3,TotalCharges,32,2026-04-21T16:00:21.773668+00:00
2403,1661.96,6046.1,4384.14,paper_single_prompt,"1661.96

Explanation:
- The given record has a tenure of 71 and a MonthlyCh",mistralai/Mistral-7B-Instruct-v0.3,TotalCharges,32,2026-04-21T16:00:21.773668+00:00
2412,1847.45,1445.3,402.1500000000001,paper_single_prompt,1847.45,mistralai/Mistral-7B-Instruct-v0.3,TotalCharges,32,2026-04-21T16:00:21.773668+00:00
2440,3103.65,674.55,2429.1000000000004,paper_single_prompt,3103.65,mistralai/Mistral-7B-Instruct-v0.3,TotalCharges,32,2026-04-21T16:00:21.773668+00:00
2443,3054.35,7887.25,4832.9,paper_single_prompt,3054.35,mistralai/Mistral-7B-Instruct-v0.3,TotalCharges,32,2026-04-21T16:00:21.773668+00:00
2452,1616.8,1133.9,482.8999999999999,paper_single_prompt,"1616.8

Explanation:
- The given record has a tenure of 15 and a MonthlyCharg",mistralai/Mistral-7B-Instruct-v0.3,TotalCharges,32,2026-04-21T16:00:21.773668+00:00
2498,1843.52,1389.85,453.6700000000001,paper_single_prompt,1843.52,mistralai/Mistral-7B-Instruct-v0.3,TotalCharges,32,2026-04-21T16:00:21.773668+00:00
2534,3048.8,7317.1,4268.3,paper_single_prompt,"3048.8

Explanation:
- The given record has a tenure of 69 and MonthlyCharges",mistralai/Mistral-7B-Instruct-v0.3,TotalCharges,32,2026-04-21T16:00:21.773668+00:00
2540,1843.85,7795.95,5952.1,paper_single_prompt,1843.85,mistralai/Mistral-7B-Instruct-v0.3,TotalCharges,32,2026-04-21T16:00:21.773668+00:00
2557,1163.35,141.7,1021.65,paper_single_prompt,1163.35,mistralai/Mistral-7B-Instruct-v0.3,TotalCharges,32,2026-04-21T16:00:21.773668+00:00
2561,1843.8,7061.65,5217.849999999999,paper_single_prompt,"1843.8

Explanation:
- The given record has a tenure of 71 and a MonthlyCharg",mistralai/Mistral-7B-Instruct-v0.3,TotalCharges,32,2026-04-21T16:00:21.773668+00:00
2563,3448.825,2655.25,793.5749999999998,paper_single_prompt,3448.825,mistralai/Mistral-7B-Instruct-v0.3,TotalCharges,32,2026-04-21T16:00:21.773668+00:00
2569,1684.45,1871.85,187.39999999999984,paper_single_prompt,1684.45,mistralai/Mistral-7B-Instruct-v0.3,TotalCharges,32,2026-04-21T16:00:21.773668+00:00
2570,2121.55,2866.45,744.8999999999996,paper_single_prompt,2121.55,mistralai/Mistral-7B-Instruct-v0.3,TotalCharges,32,2026-04-21T16:00:21.773668+00:00
2576,1846.5,5935.1,4088.6,paper_single_prompt,1846.5,mistralai/Mistral-7B-Instruct-v0.3,TotalCharges,32,2026-04-21T16:00:21.773668+00:00
2595,1685.85,5662.25,3976.4,paper_single_prompt,1685.85,mistralai/Mistral-7B-Instruct-v0.3,TotalCharges,32,2026-04-21T16:00:21.773668+00:00
2597,2457.6,7854.15,5396.549999999999,paper_single_prompt,"2457.6

Explanation:
- The given record has a tenure of 71 and a MonthlyCharg",mistralai/Mistral-7B-Instruct-v0.3,TotalCharges,32,2026-04-21T16:00:21.773668+00:00
2598,1276.95,525.0,751.95,paper_single_prompt,1276.95,mistralai/Mistral-7B-Instruct-v0.3,TotalCharges,32,2026-04-21T16:00:21.773668+00:00
2605,1654.8,261.3,1393.5,paper_single_prompt,"1654.8

Explanation:
- The given record has a tenure of 13, and MonthlyCharg",mistralai/Mistral-7B-Instruct-v0.3,TotalCharges,32,2026-04-21T16:00:21.773668+00:00
2609,3466.65,6281.45,2814.8,paper_single_prompt,3466.65,mistralai/Mistral-7B-Instruct-v0.3,TotalCharges,32,2026-04-21T16:00:21.773668+00:00
2616,1107.52,260.8,846.72,paper_single_prompt,1107.52,mistralai/Mistral-7B-Instruct-v0.3,TotalCharges,32,2026-04-21T16:00:21.773668+00:00
2617,1397.475,19.6,1377.875,paper_single_prompt,1397.475,mistralai/Mistral-7B-Instruct-v0.3,TotalCharges,32,2026-04-21T16:00:21.773668+00:00
2621,1657.1,5564.85,3907.750000000001,paper_single_prompt,"1657.1

Explanation:
- The given record has a tenure of 71 and a MonthlyCharg",mistralai/Mistral-7B-Instruct-v0.3,TotalCharges,32,2026-04-21T16:00:21.773668+00:00
2636,1841.0,7987.6,6146.6,paper_single_prompt,1841,mistralai/Mistral-7B-Instruct-v0.3,TotalCharges,32,2026-04-21T16:00:21.773668+00:00
2660,1409.34,670.65,738.6899999999999,paper_single_prompt,1409.34,mistralai/Mistral-7B-Instruct-v0.3,TotalCharges,32,2026-04-21T16:00:21.773668+00:00
2669,1846.35,1789.25,57.09999999999991,paper_single_prompt,1846.35,mistralai/Mistral-7B-Instruct-v0.3,TotalCharges,32,2026-04-21T16:00:21.773668+00:00
2685,2419.9,7334.05,4914.15,paper_single_prompt,"2419.9

Explanation:
- The given record has a tenure of 72 months and a MonthlyCh",mistralai/Mistral-7B-Instruct-v0.3,TotalCharges,32,2026-04-21T16:00:21.773668+00:00
2690,1444.35,583.45,860.8999999999999,paper_single_prompt,1444.35,mistralai/Mistral-7B-Instruct-v0.3,TotalCharges,32,2026-04-21T16:00:21.773668+00:00
2697,1645.85,6365.35,4719.5,paper_single_prompt,1645.85,mistralai/Mistral-7B-Instruct-v0.3,TotalCharges,32,2026-04-21T16:00:21.773668+00:00
2715,1847.5,996.45,851.05,paper_single_prompt,1847.5,mistralai/Mistral-7B-Instruct-v0.3,TotalCharges,32,2026-04-21T16:00:21.773668+00:00
2717,2459.9,6733.0,4273.1,paper_single_prompt,"2459.9

Explanation:
- The given record has a tenure of 72 months and a MonthlyCh",mistralai/Mistral-7B-Instruct-v0.3,TotalCharges,32,2026-04-21T16:00:21.773668+00:00
2752,1844.36,1077.5,766.8599999999999,paper_single_prompt,1844.36,mistralai/Mistral-7B-Instruct-v0.3,TotalCharges,32,2026-04-21T16:00:21.773668+00:00
2755,1397.475,851.2,546.2749999999999,paper_single_prompt,1397.475 * 46 + 19.6,mistralai/Mistral-7B-Instruct-v0.3,TotalCharges,32,2026-04-21T16:00:21.773668+00:00
2763,1642.1,5135.35,3493.2500000000005,paper_single_prompt,"1642.1

Explanation:
- The given record has a tenure of 64 and MonthlyCharges",mistralai/Mistral-7B-Instruct-v0.3,TotalCharges,32,2026-04-21T16:00:21.773668+00:00
2764,2038.8,2000.2,38.59999999999991,paper_single_prompt,2038.8,mistralai/Mistral-7B-Instruct-v0.3,TotalCharges,32,2026-04-21T16:00:21.773668+00:00
2788,1643.65,6028.95,4385.299999999999,paper_single_prompt,1643.65,mistralai/Mistral-7B-Instruct-v0.3,TotalCharges,32,2026-04-21T16:00:21.773668+00:00
2791,1843.05,4317.35,2474.3,paper_single_prompt,1843.05,mistralai/Mistral-7B-Instruct-v0.3,TotalCharges,32,2026-04-21T16:00:21.773668+00:00
2800,2467.0,442.6,2024.4,paper_single_prompt,2467.0,mistralai/Mistral-7B-Instruct-v0.3,TotalCharges,32,2026-04-21T16:00:21.773668+00:00
2816,2454.35,8165.1,5710.75,paper_single_prompt,2454.35,mistralai/Mistral-7B-Instruct-v0.3,TotalCharges,32,2026-04-21T16:00:21.773668+00:00
2836,1668.54,4920.55,3252.01,paper_single_prompt,"1668.54

Explanation:
- The given record has a tenure of 49, and MonthlyCh",mistralai/Mistral-7B-Instruct-v0.3,TotalCharges,32,2026-04-21T16:00:21.773668+00:00
2853,1667.2,4765.0,3097.8,paper_single_prompt,"1667.2

Explanation:
- The given record has a tenure of 60, and MonthlyCharg",mistralai/Mistral-7B-Instruct-v0.3,TotalCharges,32,2026-04-21T16:00:21.773668+00:00
2867,2045.0,527.35,1517.65,paper_single_prompt,2045 * 24 + 20.45 = 5094.4,mistralai/Mistral-7B-Instruct-v0.3,TotalCharges,32,2026-04-21T16:00:21.773668+00:00
2871,1649.2,1235.55,413.6500000000001,paper_single_prompt,"1649.2

Explanation:
- The given record has a tenure of 14 and MonthlyCharges",mistralai/Mistral-7B-Instruct-v0.3,TotalCharges,32,2026-04-21T16:00:21.773668+00:00
2873,2467.7,2362.1,105.59999999999992,paper_single_prompt,"2467.7

Explanation:
- The given record has a tenure of 25, and MonthlyCharg",mistralai/Mistral-7B-Instruct-v0.3,TotalCharges,32,2026-04-21T16:00:21.773668+00:00
2890,1843.65,3309.25,1465.6,paper_single_prompt,1843.65,mistralai/Mistral-7B-Instruct-v0.3,TotalCharges,32,2026-04-21T16:00:21.773668+00:00
2893,1844.8,1254.7,590.0999999999999,paper_single_prompt,1844.8,mistralai/Mistral-7B-Instruct-v0.3,TotalCharges,32,2026-04-21T16:00:21.773668+00:00
2899,1187.85,3888.65,2700.8,paper_single_prompt,1187.85,mistralai/Mistral-7B-Instruct-v0.3,TotalCharges,32,2026-04-21T16:00:21.773668+00:00
2920,1640.34,6155.4,4515.06,paper_single_prompt,"1640.34

Explanation:
- The given record has a tenure of 72 and a MonthlyCh",mistralai/Mistral-7B-Instruct-v0.3,TotalCharges,32,2026-04-21T16:00:21.773668+00:00
2922,2110.45,2602.9,492.4500000000003,paper_single_prompt,2110.45,mistralai/Mistral-7B-Instruct-v0.3,TotalCharges,32,2026-04-21T16:00:21.773668+00:00
2923,1649.2,4667.0,3017.8,paper_single_prompt,"1649.2

Explanation:
- The given record has a tenure of 54 and a MonthlyCharg",mistralai/Mistral-7B-Instruct-v0.3,TotalCharges,32,2026-04-21T16:00:21.773668+00:00
2928,1886.85,6683.4,4796.549999999999,paper_single_prompt,1886.85,mistralai/Mistral-7B-Instruct-v0.3,TotalCharges,32,2026-04-21T16:00:21.773668+00:00
2935,1649.3,6045.9,4396.599999999999,paper_single_prompt,"1649.3

Explanation:
- The given record has a tenure of 71, and MonthlyCharg",mistralai/Mistral-7B-Instruct-v0.3,TotalCharges,32,2026-04-21T16:00:21.773668+00:00
2937,1885.25,5980.75,4095.5,paper_single_prompt,1885.25,mistralai/Mistral-7B-Instruct-v0.3,TotalCharges,32,2026-04-21T16:00:21.773668+00:00
2940,1847.65,2854.55,1006.9,paper_single_prompt,1847.65,mistralai/Mistral-7B-Instruct-v0.3,TotalCharges,32,2026-04-21T16:00:21.773668+00:00
2947,1655.2,4494.65,2839.45,paper_single_prompt,"1655.2

Explanation:
- The given record has a tenure of 49, and MonthlyCharg",mistralai/Mistral-7B-Instruct-v0.3,TotalCharges,32,2026-04-21T16:00:21.773668+00:00
2986,1846.15,3842.6,1996.45,paper_single_prompt,1846.15,mistralai/Mistral-7B-Instruct-v0.3,TotalCharges,32,2026-04-21T16:00:21.773668+00:00
3003,2097.5,2180.55,83.05000000000018,paper_single_prompt,2097.5,mistralai/Mistral-7B-Instruct-v0.3,TotalCharges,32,2026-04-21T16:00:21.773668+00:00
3025,1694.55,1688.9,5.649999999999864,paper_single_prompt,1694.55,mistralai/Mistral-7B-Instruct-v0.3,TotalCharges,32,2026-04-21T16:00:21.773668+00:00
3032,1843.65,369.05,1474.6,paper_single_prompt,1843.65,mistralai/Mistral-7B-Instruct-v0.3,TotalCharges,32,2026-04-21T16:00:21.773668+00:00
3036,1136.55,3321.35,2184.8,paper_single_prompt,1136.55,mistralai/Mistral-7B-Instruct-v0.3,TotalCharges,32,2026-04-21T16:00:21.773668+00:00
3038,2441.6,7112.15,4670.549999999999,paper_single_prompt,"2441.6

Explanation:
- The given record has a tenure of 67 and a MonthlyCharg",mistralai/Mistral-7B-Instruct-v0.3,TotalCharges,32,2026-04-21T16:00:21.773668+00:00
3047,2886.35,2585.95,300.4000000000001,paper_single_prompt,2886.35,mistralai/Mistral-7B-Instruct-v0.3,TotalCharges,32,2026-04-21T16:00:21.773668+00:00
3055,1846.8,3678.3,1831.5,paper_single_prompt,"1846.8

Explanation:
- The given record has a tenure of 49, and MonthlyCharg",mistralai/Mistral-7B-Instruct-v0.3,TotalCharges,32,2026-04-21T16:00:21.773668+00:00
3068,3088.8,4911.05,1822.25,paper_single_prompt,3088.8,mistralai/Mistral-7B-Instruct-v0.3,TotalCharges,32,2026-04-21T16:00:21.773668+00:00
3071,3463.5,4318.35,854.8500000000004,paper_single_prompt,"3463.5

Explanation:
- The given record has a tenure of 47 and a MonthlyCharg",mistralai/Mistral-7B-Instruct-v0.3,TotalCharges,32,2026-04-21T16:00:21.773668+00:00
3075,3469.9,7472.15,4002.25,paper_single_prompt,"3469.9

Explanation:
- The given record has a tenure of 71 and a MonthlyCharg",mistralai/Mistral-7B-Instruct-v0.3,TotalCharges,32,2026-04-21T16:00:21.773668+00:00
3077,1846.52,2296.25,449.73,paper_single_prompt,1846.52,mistralai/Mistral-7B-Instruct-v0.3,TotalCharges,32,2026-04-21T16:00:21.773668+00:00
3084,1206.65,163.7,1042.95,paper_single_prompt,1206.65,mistralai/Mistral-7B-Instruct-v0.3,TotalCharges,32,2026-04-21T16:00:21.773668+00:00
3096,1644.86,4310.35,2665.4900000000007,paper_single_prompt,"1644.86

Explanation:
- The given record has a tenure of 71 and a MonthlyCh",mistralai/Mistral-7B-Instruct-v0.3,TotalCharges,32,2026-04-21T16:00:21.773668+00:00
3111,3400.2,7372.65,3972.45,paper_single_prompt,"3400.2

Explanation:
- The given record has a tenure of 72 and MonthlyCharges",mistralai/Mistral-7B-Instruct-v0.3,TotalCharges,32,2026-04-21T16:00:21.773668+00:00
3117,1843.6,7475.85,5632.25,paper_single_prompt,"1843.6

Explanation:
- The given record has a tenure of 70, and the monthly charges are",mistralai/Mistral-7B-Instruct-v0.3,TotalCharges,32,2026-04-21T16:00:21.773668+00:00
3134,1397.475,702.9,694.5749999999999,paper_single_prompt,1397.475 + (36 * 19.2),mistralai/Mistral-7B-Instruct-v0.3,TotalCharges,32,2026-04-21T16:00:21.773668+00:00
3156,1887.125,461.3,1425.825,paper_single_prompt,1887.125,mistralai/Mistral-7B-Instruct-v0.3,TotalCharges,32,2026-04-21T16:00:21.773668+00:00
3157,1148.85,431.0,717.8499999999999,paper_single_prompt,1148.85,mistralai/Mistral-7B-Instruct-v0.3,TotalCharges,32,2026-04-21T16:00:21.773668+00:00
3166,1661.12,664.4,996.72,paper_single_prompt,1661.12,mistralai/Mistral-7B-Instruct-v0.3,TotalCharges,32,2026-04-21T16:00:21.773668+00:00
3172,2497.25,2448.75,48.5,paper_single_prompt,2497.25,mistralai/Mistral-7B-Instruct-v0.3,TotalCharges,32,2026-04-21T16:00:21.773668+00:00
3190,1649.17,3632.0,1982.83,paper_single_prompt,1649.17,mistralai/Mistral-7B-Instruct-v0.3,TotalCharges,32,2026-04-21T16:00:21.773668+00:00
3196,1107.5,71.2,1036.3,paper_single_prompt,1107.5,mistralai/Mistral-7B-Instruct-v0.3,TotalCharges,32,2026-04-21T16:00:21.773668+00:00
3199,1644.0,1821.8,177.79999999999995,paper_single_prompt,1644.0,mistralai/Mistral-7B-Instruct-v0.3,TotalCharges,32,2026-04-21T16:00:21.773668+00:00
3201,1696.8,4024.2,2327.4,paper_single_prompt,"1696.8

Explanation:
- The given record has a tenure of 50 and a MonthlyCharg",mistralai/Mistral-7B-Instruct-v0.3,TotalCharges,32,2026-04-21T16:00:21.773668+00:00
3208,3622.25,3420.5,201.75,paper_single_prompt,3622.25,mistralai/Mistral-7B-Instruct-v0.3,TotalCharges,32,2026-04-21T16:00:21.773668+00:00
3230,1397.475,1245.6,151.875,paper_single_prompt,1397.475 * 63 + 19.55 = 8784.385,mistralai/Mistral-7B-Instruct-v0.3,TotalCharges,32,2026-04-21T16:00:21.773668+00:00
3234,1844.8,452.55,1392.25,paper_single_prompt,1844.8,mistralai/Mistral-7B-Instruct-v0.3,TotalCharges,32,2026-04-21T16:00:21.773668+00:00
3256,1668.64,5264.5,3595.86,paper_single_prompt,"1668.64

Explanation:
- The given record has a tenure of 61, and MonthlyCh",mistralai/Mistral-7B-Instruct-v0.3,TotalCharges,32,2026-04-21T16:00:21.773668+00:00
3263,1684.4,4433.3,2748.9,paper_single_prompt,1684.4,mistralai/Mistral-7B-Instruct-v0.3,TotalCharges,32,2026-04-21T16:00:21.773668+00:00
3279,2486.8,1423.35,1063.4500000000005,paper_single_prompt,"2486.8

Explanation:
- The given record has a tenure of 23, and MonthlyCharg",mistralai/Mistral-7B-Instruct-v0.3,TotalCharges,32,2026-04-21T16:00:21.773668+00:00
3284,1699.55,3369.05,1669.5000000000002,paper_single_prompt,1699.55,mistralai/Mistral-7B-Instruct-v0.3,TotalCharges,32,2026-04-21T16:00:21.773668+00:00
3289,1847.5,3645.05,1797.5500000000002,paper_single_prompt,1847.5,mistralai/Mistral-7B-Instruct-v0.3,TotalCharges,32,2026-04-21T16:00:21.773668+00:00
3295,1682.74,5714.2,4031.46,paper_single_prompt,"1682.74

Explanation:
- The given record has a tenure of 72 and a MonthlyCh",mistralai/Mistral-7B-Instruct-v0.3,TotalCharges,32,2026-04-21T16:00:21.773668+00:00
3311,1123.2,2104.55,981.35,paper_single_prompt,"1123.2

Explanation:
- The given record has a tenure of 48, and MonthlyCharg",mistralai/Mistral-7B-Instruct-v0.3,TotalCharges,32,2026-04-21T16:00:21.773668+00:00
3314,1842.15,3019.1,1176.9499999999998,paper_single_prompt,1842.15,mistralai/Mistral-7B-Instruct-v0.3,TotalCharges,32,2026-04-21T16:00:21.773668+00:00
3326,3364.55,2497.35,867.2000000000003,paper_single_prompt,3364.55,mistralai/Mistral-7B-Instruct-v0.3,TotalCharges,32,2026-04-21T16:00:21.773668+00:00
3331,1397.475,,,paper_single_prompt,1397.475 * 0 + 19.85 * 0 = 19.85,mistralai/Mistral-7B-Instruct-v0.3,TotalCharges,32,2026-04-21T16:00:21.773668+00:00
3345,2499.15,7323.15,4824.0,paper_single_prompt,2499.15,mistralai/Mistral-7B-Instruct-v0.3,TotalCharges,32,2026-04-21T16:00:21.773668+00:00
3351,1602.86,834.15,768.7099999999999,paper_single_prompt,"1602.86

Explanation:
- The given record has a tenure of 16 and a MonthlyCh",mistralai/Mistral-7B-Instruct-v0.3,TotalCharges,32,2026-04-21T16:00:21.773668+00:00
3364,2602.86,2254.2,348.6600000000003,paper_single_prompt,"2602.86

Explanation:
- The given record has a tenure of 21, and MonthlyCh",mistralai/Mistral-7B-Instruct-v0.3,TotalCharges,32,2026-04-21T16:00:21.773668+00:00
3367,1846.5,4652.4,2805.9,paper_single_prompt,"1846.5

Explanation:
- The given record has a tenure of 52, and MonthlyCharg",mistralai/Mistral-7B-Instruct-v0.3,TotalCharges,32,2026-04-21T16:00:21.773668+00:00
3377,1651.35,1629.2,22.149999999999864,paper_single_prompt,1651.35,mistralai/Mistral-7B-Instruct-v0.3,TotalCharges,32,2026-04-21T16:00:21.773668+00:00
3378,1668.35,6033.1,4364.75,paper_single_prompt,1668.35,mistralai/Mistral-7B-Instruct-v0.3,TotalCharges,32,2026-04-21T16:00:21.773668+00:00
3392,1220.7,2413.05,1192.35,paper_single_prompt,"1220.7

Explanation:
- The given record has a tenure of 58 and a MonthlyCharg",mistralai/Mistral-7B-Instruct-v0.3,TotalCharges,32,2026-04-21T16:00:21.773668+00:00
3399,2483.6,3373.4,889.8000000000002,paper_single_prompt,"2483.6

Explanation:
- The given record has a tenure of 42 and a MonthlyCharg",mistralai/Mistral-7B-Instruct-v0.3,TotalCharges,32,2026-04-21T16:00:21.773668+00:00
3408,1228.95,151.3,1077.65,paper_single_prompt,1228.95,mistralai/Mistral-7B-Instruct-v0.3,TotalCharges,32,2026-04-21T16:00:21.773668+00:00
3409,1846.85,7714.65,5867.799999999999,paper_single_prompt,1846.85,mistralai/Mistral-7B-Instruct-v0.3,TotalCharges,32,2026-04-21T16:00:21.773668+00:00
3437,1847.64,2364.0,516.3599999999999,paper_single_prompt,1847.64,mistralai/Mistral-7B-Instruct-v0.3,TotalCharges,32,2026-04-21T16:00:21.773668+00:00
3447,2658.2,3213.75,555.5500000000002,paper_single_prompt,"2658.2

Explanation:
- The given record has a tenure of 39 and a MonthlyCharg",mistralai/Mistral-7B-Instruct-v0.3,TotalCharges,32,2026-04-21T16:00:21.773668+00:00
3451,1646.85,4555.2,2908.35,paper_single_prompt,1646.85,mistralai/Mistral-7B-Instruct-v0.3,TotalCharges,32,2026-04-21T16:00:21.773668+00:00
3454,1166.55,1025.15,141.39999999999986,paper_single_prompt,1166.55,mistralai/Mistral-7B-Instruct-v0.3,TotalCharges,32,2026-04-21T16:00:21.773668+00:00
3459,1843.25,789.55,1053.7,paper_single_prompt,1843.25,mistralai/Mistral-7B-Instruct-v0.3,TotalCharges,32,2026-04-21T16:00:21.773668+00:00
3461,1286.75,3131.8,1845.05,paper_single_prompt,1286.75,mistralai/Mistral-7B-Instruct-v0.3,TotalCharges,32,2026-04-21T16:00:21.773668+00:00
3473,3645.4,4512.7,867.2999999999997,paper_single_prompt,3645.4,mistralai/Mistral-7B-Instruct-v0.3,TotalCharges,32,2026-04-21T16:00:21.773668+00:00
3482,1397.475,865.85,531.6249999999999,paper_single_prompt,1397.475 + (19 - 10) * 45,mistralai/Mistral-7B-Instruct-v0.3,TotalCharges,32,2026-04-21T16:00:21.773668+00:00
3487,1887.475,1078.75,808.7249999999999,paper_single_prompt,1887.475,mistralai/Mistral-7B-Instruct-v0.3,TotalCharges,32,2026-04-21T16:00:21.773668+00:00
3488,1255.6,542.4,713.1999999999999,paper_single_prompt,"1255.6

Explanation:
- The given record has a tenure of 9, and MonthlyCharges",mistralai/Mistral-7B-Instruct-v0.3,TotalCharges,32,2026-04-21T16:00:21.773668+00:00
3511,1687.24,1279.0,408.24,paper_single_prompt,1687.24,mistralai/Mistral-7B-Instruct-v0.3,TotalCharges,32,2026-04-21T16:00:21.773668+00:00
3523,2445.2,7965.95,5520.75,paper_single_prompt,"2445.2

Explanation:
- The given record has a tenure of 72 and a MonthlyCharg",mistralai/Mistral-7B-Instruct-v0.3,TotalCharges,32,2026-04-21T16:00:21.773668+00:00
3540,3058.9,7726.35,4667.450000000001,paper_single_prompt,"3058.9

Explanation:
- The given record has a tenure of 72 months and a MonthlyCh",mistralai/Mistral-7B-Instruct-v0.3,TotalCharges,32,2026-04-21T16:00:21.773668+00:00
3541,1245.95,2070.75,824.8,paper_single_prompt,1245.95,mistralai/Mistral-7B-Instruct-v0.3,TotalCharges,32,2026-04-21T16:00:21.773668+00:00
3555,2705.0,1734.5,970.5,paper_single_prompt,"2705

Explanation:
- The given record has a tenure of 20, and MonthlyCharges of",mistralai/Mistral-7B-Instruct-v0.3,TotalCharges,32,2026-04-21T16:00:21.773668+00:00
3563,2115.5,2595.85,480.3499999999999,paper_single_prompt,2115.5,mistralai/Mistral-7B-Instruct-v0.3,TotalCharges,32,2026-04-21T16:00:21.773668+00:00
3565,1414.925,50.75,1364.175,paper_single_prompt,1414.925,mistralai/Mistral-7B-Instruct-v0.3,TotalCharges,32,2026-04-21T16:00:21.773668+00:00
3576,1666.6,1623.15,43.44999999999982,paper_single_prompt,"1666.6

Explanation:
- The given record has a tenure of 72 and a MonthlyCharg",mistralai/Mistral-7B-Instruct-v0.3,TotalCharges,32,2026-04-21T16:00:21.773668+00:00
3593,1240.8,551.35,689.4499999999999,paper_single_prompt,"1240.8

Explanation:
- The given record has a tenure of 8 and a MonthlyCharges",mistralai/Mistral-7B-Instruct-v0.3,TotalCharges,32,2026-04-21T16:00:21.773668+00:00
3595,1644.9,115.95,1528.95,paper_single_prompt,"1644.9

Explanation:
- The given record has a tenure of 2 and MonthlyCharges of",mistralai/Mistral-7B-Instruct-v0.3,TotalCharges,32,2026-04-21T16:00:21.773668+00:00
3620,1650.0,1750.85,100.84999999999992,paper_single_prompt,1650,mistralai/Mistral-7B-Instruct-v0.3,TotalCharges,32,2026-04-21T16:00:21.773668+00:00
3623,2887.25,2575.45,311.8000000000002,paper_single_prompt,2887.25,mistralai/Mistral-7B-Instruct-v0.3,TotalCharges,32,2026-04-21T16:00:21.773668+00:00
3634,3483.36,7845.8,4362.4400000000005,paper_single_prompt,3483.36,mistralai/Mistral-7B-Instruct-v0.3,TotalCharges,32,2026-04-21T16:00:21.773668+00:00
3637,1217.125,178.5,1038.625,paper_single_prompt,1217.125,mistralai/Mistral-7B-Instruct-v0.3,TotalCharges,32,2026-04-21T16:00:21.773668+00:00
3640,2499.65,2745.2,245.54999999999973,paper_single_prompt,2499.65,mistralai/Mistral-7B-Instruct-v0.3,TotalCharges,32,2026-04-21T16:00:21.773668+00:00
3646,1845.25,3219.75,1374.5,paper_single_prompt,1845.25,mistralai/Mistral-7B-Instruct-v0.3,TotalCharges,32,2026-04-21T16:00:21.773668+00:00
3665,1843.8,6994.6,5150.8,paper_single_prompt,"1843.8

Explanation:
- The given record has a tenure of 71 and a MonthlyCharg",mistralai/Mistral-7B-Instruct-v0.3,TotalCharges,32,2026-04-21T16:00:21.773668+00:00
3676,1880.2,2044.75,164.54999999999995,paper_single_prompt,"1880.2

Explanation:
- The given record has a tenure of 30, and MonthlyCharg",mistralai/Mistral-7B-Instruct-v0.3,TotalCharges,32,2026-04-21T16:00:21.773668+00:00
3681,3442.0,4680.05,1238.0500000000002,paper_single_prompt,3442,mistralai/Mistral-7B-Instruct-v0.3,TotalCharges,32,2026-04-21T16:00:21.773668+00:00
3695,3685.55,3089.6,595.9500000000003,paper_single_prompt,3685.55,mistralai/Mistral-7B-Instruct-v0.3,TotalCharges,32,2026-04-21T16:00:21.773668+00:00
3704,1611.0,5163.0,3552.0,paper_single_prompt,1611.0,mistralai/Mistral-7B-Instruct-v0.3,TotalCharges,32,2026-04-21T16:00:21.773668+00:00
3712,1843.68,2774.55,930.87,paper_single_prompt,1843.68,mistralai/Mistral-7B-Instruct-v0.3,TotalCharges,32,2026-04-21T16:00:21.773668+00:00
3748,1846.32,3771.5,1925.18,paper_single_prompt,1846.32,mistralai/Mistral-7B-Instruct-v0.3,TotalCharges,32,2026-04-21T16:00:21.773668+00:00
3761,1683.95,5919.35,4235.400000000001,paper_single_prompt,1683.95,mistralai/Mistral-7B-Instruct-v0.3,TotalCharges,32,2026-04-21T16:00:21.773668+00:00
3767,3458.34,8240.85,4782.51,paper_single_prompt,"3458.34

Explanation:
- The given record has a tenure of 72 and a MonthlyCh",mistralai/Mistral-7B-Instruct-v0.3,TotalCharges,32,2026-04-21T16:00:21.773668+00:00
3777,1658.2,890.5,767.7,paper_single_prompt,"1658.2

Explanation:
- The given record has a tenure of 47 and a MonthlyCharg",mistralai/Mistral-7B-Instruct-v0.3,TotalCharges,32,2026-04-21T16:00:21.773668+00:00
3797,2358.8,3581.6,1222.7999999999995,paper_single_prompt,"2358.8

Explanation:
- The given record has a tenure of 43 and a MonthlyCharg",mistralai/Mistral-7B-Instruct-v0.3,TotalCharges,32,2026-04-21T16:00:21.773668+00:00
3801,1643.35,1505.85,137.5,paper_single_prompt,1643.35,mistralai/Mistral-7B-Instruct-v0.3,TotalCharges,32,2026-04-21T16:00:21.773668+00:00
3826,1397.475,,,paper_single_prompt,1397.475 + (0 * 25.35),mistralai/Mistral-7B-Instruct-v0.3,TotalCharges,32,2026-04-21T16:00:21.773668+00:00
3828,1397.475,1319.95,77.52499999999986,paper_single_prompt,1397.475 + (65 * 19.35),mistralai/Mistral-7B-Instruct-v0.3,TotalCharges,32,2026-04-21T16:00:21.773668+00:00
3837,1622.45,443.9,1178.5500000000002,paper_single_prompt,1622.45,mistralai/Mistral-7B-Instruct-v0.3,TotalCharges,32,2026-04-21T16:00:21.773668+00:00
3897,2444.0,8425.15,5981.15,paper_single_prompt,2444.0,mistralai/Mistral-7B-Instruct-v0.3,TotalCharges,32,2026-04-21T16:00:21.773668+00:00
3924,3381.2,4029.95,648.75,paper_single_prompt,"3381.2

Explanation:
- The given record has a tenure of 48, and MonthlyCharg",mistralai/Mistral-7B-Instruct-v0.3,TotalCharges,32,2026-04-21T16:00:21.773668+00:00
3929,1696.8,2230.85,534.05,paper_single_prompt,1696.8,mistralai/Mistral-7B-Instruct-v0.3,TotalCharges,32,2026-04-21T16:00:21.773668+00:00
3931,1843.55,1837.7,5.849999999999909,paper_single_prompt,1843.55,mistralai/Mistral-7B-Instruct-v0.3,TotalCharges,32,2026-04-21T16:00:21.773668+00:00
3936,1147.75,576.95,570.8,paper_single_prompt,1147.75,mistralai/Mistral-7B-Instruct-v0.3,TotalCharges,32,2026-04-21T16:00:21.773668+00:00
3941,1015.75,174.7,841.05,paper_single_prompt,1015.75,mistralai/Mistral-7B-Instruct-v0.3,TotalCharges,32,2026-04-21T16:00:21.773668+00:00
3948,1663.4,4968.0,3304.6,paper_single_prompt,"1663.4

Explanation:
- The given record has a tenure of 56 and a MonthlyCharg",mistralai/Mistral-7B-Instruct-v0.3,TotalCharges,32,2026-04-21T16:00:21.773668+00:00
3949,1665.2,992.7,672.5,paper_single_prompt,"1665.2

Explanation:
- The given record has a tenure of 18, and MonthlyCharg",mistralai/Mistral-7B-Instruct-v0.3,TotalCharges,32,2026-04-21T16:00:21.773668+00:00
3952,2496.35,7806.6,5310.25,paper_single_prompt,2496.35,mistralai/Mistral-7B-Instruct-v0.3,TotalCharges,32,2026-04-21T16:00:21.773668+00:00
3959,1843.05,3645.5,1802.45,paper_single_prompt,1843.05,mistralai/Mistral-7B-Instruct-v0.3,TotalCharges,32,2026-04-21T16:00:21.773668+00:00
3972,1223.6,2298.55,1074.9500000000005,paper_single_prompt,"1223.6

Explanation:
- The given record has a tenure of 45 and a MonthlyCharg",mistralai/Mistral-7B-Instruct-v0.3,TotalCharges,32,2026-04-21T16:00:21.773668+00:00
3980,2369.6,2979.5,609.9000000000001,paper_single_prompt,"2369.6

Explanation:
- The given record has a tenure of 28, and MonthlyCharg",mistralai/Mistral-7B-Instruct-v0.3,TotalCharges,32,2026-04-21T16:00:21.773668+00:00
3984,1682.34,1857.85,175.51,paper_single_prompt,1682.34,mistralai/Mistral-7B-Instruct-v0.3,TotalCharges,32,2026-04-21T16:00:21.773668+00:00
4008,1683.75,2898.95,1215.1999999999998,paper_single_prompt,1683.75,mistralai/Mistral-7B-Instruct-v0.3,TotalCharges,32,2026-04-21T16:00:21.773668+00:00
4009,1600.21,5309.5,3709.29,paper_single_prompt,1600.21,mistralai/Mistral-7B-Instruct-v0.3,TotalCharges,32,2026-04-21T16:00:21.773668+00:00
4015,1643.35,1893.5,250.1500000000001,paper_single_prompt,1643.35,mistralai/Mistral-7B-Instruct-v0.3,TotalCharges,32,2026-04-21T16:00:21.773668+00:00
4035,3068.5,4631.7,1563.1999999999998,paper_single_prompt,3068.5,mistralai/Mistral-7B-Instruct-v0.3,TotalCharges,32,2026-04-21T16:00:21.773668+00:00
4049,3451.5,4753.85,1302.3500000000004,paper_single_prompt,3451.5,mistralai/Mistral-7B-Instruct-v0.3,TotalCharges,32,2026-04-21T16:00:21.773668+00:00
4051,1843.04,6869.7,5026.66,paper_single_prompt,1843.04,mistralai/Mistral-7B-Instruct-v0.3,TotalCharges,32,2026-04-21T16:00:21.773668+00:00
4057,1678.62,1859.2,180.58000000000013,paper_single_prompt,"1678.62

Explanation:
- The given record has a tenure of 72 and a MonthlyCh",mistralai/Mistral-7B-Instruct-v0.3,TotalCharges,32,2026-04-21T16:00:21.773668+00:00
4075,1159.15,2546.85,1387.6999999999998,paper_single_prompt,1159.15,mistralai/Mistral-7B-Instruct-v0.3,TotalCharges,32,2026-04-21T16:00:21.773668+00:00
4103,2422.4,6511.8,4089.4,paper_single_prompt,"2422.4

Explanation:
- The given record has a tenure of 72 and a MonthlyCharg",mistralai/Mistral-7B-Instruct-v0.3,TotalCharges,32,2026-04-21T16:00:21.773668+00:00
4110,1648.85,4664.15,3015.3,paper_single_prompt,1648.85,mistralai/Mistral-7B-Instruct-v0.3,TotalCharges,32,2026-04-21T16:00:21.773668+00:00
4121,2066.65,2510.2,443.5499999999997,paper_single_prompt,2066.65,mistralai/Mistral-7B-Instruct-v0.3,TotalCharges,32,2026-04-21T16:00:21.773668+00:00
4142,1663.5,3870.0,2206.5,paper_single_prompt,1663.5,mistralai/Mistral-7B-Instruct-v0.3,TotalCharges,32,2026-04-21T16:00:21.773668+00:00
4155,2499.15,8436.25,5937.1,paper_single_prompt,2499.15,mistralai/Mistral-7B-Instruct-v0.3,TotalCharges,32,2026-04-21T16:00:21.773668+00:00
4162,1642.14,4575.35,2933.21,paper_single_prompt,"1642.14

Explanation:
- The given record has a tenure of 72 and a MonthlyCh",mistralai/Mistral-7B-Instruct-v0.3,TotalCharges,32,2026-04-21T16:00:21.773668+00:00
4164,3458.36,7922.75,4464.389999999999,paper_single_prompt,"3458.36

Explanation:
- The given record has a tenure of 72 and a MonthlyCh",mistralai/Mistral-7B-Instruct-v0.3,TotalCharges,32,2026-04-21T16:00:21.773668+00:00
4167,1673.5,3876.2,2202.7,paper_single_prompt,"1673.5

Explanation:
- The given record has a tenure of 50 and a MonthlyCharg",mistralai/Mistral-7B-Instruct-v0.3,TotalCharges,32,2026-04-21T16:00:21.773668+00:00
4168,1843.65,3778.85,1935.2,paper_single_prompt,1843.65,mistralai/Mistral-7B-Instruct-v0.3,TotalCharges,32,2026-04-21T16:00:21.773668+00:00
4181,1651.05,6164.7,4513.65,paper_single_prompt,1651.05,mistralai/Mistral-7B-Instruct-v0.3,TotalCharges,32,2026-04-21T16:00:21.773668+00:00
4182,2466.55,2862.75,396.1999999999998,paper_single_prompt,2466.55,mistralai/Mistral-7B-Instruct-v0.3,TotalCharges,32,2026-04-21T16:00:21.773668+00:00
4186,2441.3,6590.5,4149.2,paper_single_prompt,"2441.3

Explanation:
- The given record has a tenure of 62 and MonthlyCharges",mistralai/Mistral-7B-Instruct-v0.3,TotalCharges,32,2026-04-21T16:00:21.773668+00:00
4188,2300.85,2890.65,589.8000000000002,paper_single_prompt,2300.85,mistralai/Mistral-7B-Instruct-v0.3,TotalCharges,32,2026-04-21T16:00:21.773668+00:00
4189,1664.26,4885.85,3221.59,paper_single_prompt,"1664.26

Explanation:
- The given record has a tenure of 69 and a MonthlyCh",mistralai/Mistral-7B-Instruct-v0.3,TotalCharges,32,2026-04-21T16:00:21.773668+00:00
4203,1141.35,96.8,1044.55,paper_single_prompt,1141.35,mistralai/Mistral-7B-Instruct-v0.3,TotalCharges,32,2026-04-21T16:00:21.773668+00:00
4208,1666.48,4263.4,2596.92,paper_single_prompt,1666.48,mistralai/Mistral-7B-Instruct-v0.3,TotalCharges,32,2026-04-21T16:00:21.773668+00:00
4215,2497.4,7840.6,5343.200000000001,paper_single_prompt,"2497.4

Explanation:
- The given record has a tenure of 72 and a MonthlyCharg",mistralai/Mistral-7B-Instruct-v0.3,TotalCharges,32,2026-04-21T16:00:21.773668+00:00
4219,1843.85,3772.65,1928.8,paper_single_prompt,1843.85,mistralai/Mistral-7B-Instruct-v0.3,TotalCharges,32,2026-04-21T16:00:21.773668+00:00
4238,1397.475,1061.6,335.875,paper_single_prompt,1397.475 + (57 * 19.4),mistralai/Mistral-7B-Instruct-v0.3,TotalCharges,32,2026-04-21T16:00:21.773668+00:00
4245,1397.475,1275.85,121.625,paper_single_prompt,1397.475 * 63 + 19.7 = 8768.815,mistralai/Mistral-7B-Instruct-v0.3,TotalCharges,32,2026-04-21T16:00:21.773668+00:00
4252,1682.1,1033.9,648.1999999999998,paper_single_prompt,"1682.1

Explanation:
- The given record has a tenure of 19, and MonthlyCharg",mistralai/Mistral-7B-Instruct-v0.3,TotalCharges,32,2026-04-21T16:00:21.773668+00:00
4266,3454.2,6529.25,3075.05,paper_single_prompt,"3454.2

Explanation:
- The given record has a tenure of 62 and a MonthlyCharg",mistralai/Mistral-7B-Instruct-v0.3,TotalCharges,32,2026-04-21T16:00:21.773668+00:00
4284,2823.55,2897.95,74.39999999999964,paper_single_prompt,2823.55,mistralai/Mistral-7B-Instruct-v0.3,TotalCharges,32,2026-04-21T16:00:21.773668+00:00
4318,1843.625,4284.65,2441.025,paper_single_prompt,1843.625,mistralai/Mistral-7B-Instruct-v0.3,TotalCharges,32,2026-04-21T16:00:21.773668+00:00
4320,1461.025,1539.75,78.72499999999991,paper_single_prompt,1461.025,mistralai/Mistral-7B-Instruct-v0.3,TotalCharges,32,2026-04-21T16:00:21.773668+00:00
4343,1246.15,606.25,639.9000000000001,paper_single_prompt,1246.15,mistralai/Mistral-7B-Instruct-v0.3,TotalCharges,32,2026-04-21T16:00:21.773668+00:00
4357,1841.35,330.8,1510.55,paper_single_prompt,1841.35,mistralai/Mistral-7B-Instruct-v0.3,TotalCharges,32,2026-04-21T16:00:21.773668+00:00
4359,2481.4,2249.1,232.30000000000015,paper_single_prompt,"2481.4

Explanation:
- The given record has a tenure of 23, and MonthlyCharg",mistralai/Mistral-7B-Instruct-v0.3,TotalCharges,32,2026-04-21T16:00:21.773668+00:00
4380,1397.475,,,paper_single_prompt,1397.475 + (0 * 20),mistralai/Mistral-7B-Instruct-v0.3,TotalCharges,32,2026-04-21T16:00:21.773668+00:00
4386,2788.25,3046.4,258.1500000000001,paper_single_prompt,2788.25,mistralai/Mistral-7B-Instruct-v0.3,TotalCharges,32,2026-04-21T16:00:21.773668+00:00
4398,1662.85,4858.7,3195.85,paper_single_prompt,1662.85,mistralai/Mistral-7B-Instruct-v0.3,TotalCharges,32,2026-04-21T16:00:21.773668+00:00
4427,2622.65,4917.75,2295.1,paper_single_prompt,2622.65,mistralai/Mistral-7B-Instruct-v0.3,TotalCharges,32,2026-04-21T16:00:21.773668+00:00
4436,1665.2,1297.8,367.4000000000001,paper_single_prompt,"1665.2

Explanation:
- The given record has a tenure of 19, and MonthlyCharg",mistralai/Mistral-7B-Instruct-v0.3,TotalCharges,32,2026-04-21T16:00:21.773668+00:00
4456,1678.65,1614.9,63.75,paper_single_prompt,1678.65,mistralai/Mistral-7B-Instruct-v0.3,TotalCharges,32,2026-04-21T16:00:21.773668+00:00
4457,2340.0,1573.95,766.05,paper_single_prompt,2340,mistralai/Mistral-7B-Instruct-v0.3,TotalCharges,32,2026-04-21T16:00:21.773668+00:00
4463,1469.55,69.85,1399.7,paper_single_prompt,1469.55,mistralai/Mistral-7B-Instruct-v0.3,TotalCharges,32,2026-04-21T16:00:21.773668+00:00
4470,1191.95,322.5,869.45,paper_single_prompt,1191.95,mistralai/Mistral-7B-Instruct-v0.3,TotalCharges,32,2026-04-21T16:00:21.773668+00:00
4481,1847.85,1626.05,221.79999999999995,paper_single_prompt,1847.85,mistralai/Mistral-7B-Instruct-v0.3,TotalCharges,32,2026-04-21T16:00:21.773668+00:00
4486,1650.72,5500.6,3849.88,paper_single_prompt,1650.72,mistralai/Mistral-7B-Instruct-v0.3,TotalCharges,32,2026-04-21T16:00:21.773668+00:00
4488,3487.4,3229.4,258.0,paper_single_prompt,"3487.4

Explanation:
- The given record has a tenure of 42 and MonthlyCharges",mistralai/Mistral-7B-Instruct-v0.3,TotalCharges,32,2026-04-21T16:00:21.773668+00:00
4491,1397.475,19.75,1377.725,paper_single_prompt,1397.475 + (1 * 19.75),mistralai/Mistral-7B-Instruct-v0.3,TotalCharges,32,2026-04-21T16:00:21.773668+00:00
4492,1842.15,1230.9,611.25,paper_single_prompt,1842.15,mistralai/Mistral-7B-Instruct-v0.3,TotalCharges,32,2026-04-21T16:00:21.773668+00:00
4504,1843.85,785.75,1058.1,paper_single_prompt,1843.85,mistralai/Mistral-7B-Instruct-v0.3,TotalCharges,32,2026-04-21T16:00:21.773668+00:00
4507,1249.35,574.5,674.8499999999999,paper_single_prompt,1249.35,mistralai/Mistral-7B-Instruct-v0.3,TotalCharges,32,2026-04-21T16:00:21.773668+00:00
4512,1446.5,5212.65,3766.15,paper_single_prompt,1446.5,mistralai/Mistral-7B-Instruct-v0.3,TotalCharges,32,2026-04-21T16:00:21.773668+00:00
4525,3682.2,2979.3,702.8999999999996,paper_single_prompt,"3682.2

Explanation:
- The given record has a tenure of 32 and MonthlyCharges",mistralai/Mistral-7B-Instruct-v0.3,TotalCharges,32,2026-04-21T16:00:21.773668+00:00
4535,2101.55,3046.15,944.6,paper_single_prompt,2101.55,mistralai/Mistral-7B-Instruct-v0.3,TotalCharges,32,2026-04-21T16:00:21.773668+00:00
4550,1845.0,1988.05,143.04999999999995,paper_single_prompt,1845.0,mistralai/Mistral-7B-Instruct-v0.3,TotalCharges,32,2026-04-21T16:00:21.773668+00:00
4561,1246.5,446.8,799.7,paper_single_prompt,1246.5,mistralai/Mistral-7B-Instruct-v0.3,TotalCharges,32,2026-04-21T16:00:21.773668+00:00
4584,1843.26,5031.0,3187.74,paper_single_prompt,1843.26,mistralai/Mistral-7B-Instruct-v0.3,TotalCharges,32,2026-04-21T16:00:21.773668+00:00
4593,1639.1,246.3,1392.8,paper_single_prompt,1639.1,mistralai/Mistral-7B-Instruct-v0.3,TotalCharges,32,2026-04-21T16:00:21.773668+00:00
4594,2585.6,2110.15,475.4499999999998,paper_single_prompt,2585.6,mistralai/Mistral-7B-Instruct-v0.3,TotalCharges,32,2026-04-21T16:00:21.773668+00:00
4598,1650.0,969.85,680.15,paper_single_prompt,1650.0,mistralai/Mistral-7B-Instruct-v0.3,TotalCharges,32,2026-04-21T16:00:21.773668+00:00
4600,3084.7,6567.9,3483.2,paper_single_prompt,"3084.7

Explanation:
- The given record has a tenure of 56 and a MonthlyCharg",mistralai/Mistral-7B-Instruct-v0.3,TotalCharges,32,2026-04-21T16:00:21.773668+00:00
4610,3486.4,8684.8,5198.4,paper_single_prompt,"3486.4

Explanation:
- The given record has a tenure of 72 and a MonthlyCharg",mistralai/Mistral-7B-Instruct-v0.3,TotalCharges,32,2026-04-21T16:00:21.773668+00:00
4611,1653.95,1776.45,122.5,paper_single_prompt,1653.95,mistralai/Mistral-7B-Instruct-v0.3,TotalCharges,32,2026-04-21T16:00:21.773668+00:00
4612,1231.5,2933.95,1702.4499999999998,paper_single_prompt,1231.50,mistralai/Mistral-7B-Instruct-v0.3,TotalCharges,32,2026-04-21T16:00:21.773668+00:00
4613,1847.5,4370.25,2522.75,paper_single_prompt,1847.5,mistralai/Mistral-7B-Instruct-v0.3,TotalCharges,32,2026-04-21T16:00:21.773668+00:00
4620,3083.6,8332.15,5248.549999999999,paper_single_prompt,"3083.6

Explanation:
- The given record has a tenure of 72 and a MonthlyCharg",mistralai/Mistral-7B-Instruct-v0.3,TotalCharges,32,2026-04-21T16:00:21.773668+00:00
4624,1236.85,740.3,496.55,paper_single_prompt,1236.85,mistralai/Mistral-7B-Instruct-v0.3,TotalCharges,32,2026-04-21T16:00:21.773668+00:00
4642,1843.52,4820.15,2976.63,paper_single_prompt,1843.52,mistralai/Mistral-7B-Instruct-v0.3,TotalCharges,32,2026-04-21T16:00:21.773668+00:00
4656,2823.6,1615.1,1208.5,paper_single_prompt,"2823.6

Explanation:
- The given record has a tenure of 22 and MonthlyCharges",mistralai/Mistral-7B-Instruct-v0.3,TotalCharges,32,2026-04-21T16:00:21.773668+00:00
4667,2385.0,375.25,2009.75,paper_single_prompt,2385.0,mistralai/Mistral-7B-Instruct-v0.3,TotalCharges,32,2026-04-21T16:00:21.773668+00:00
4684,3481.55,7262.0,3780.45,paper_single_prompt,3481.55,mistralai/Mistral-7B-Instruct-v0.3,TotalCharges,32,2026-04-21T16:00:21.773668+00:00
4686,2498.8,7748.75,5249.95,paper_single_prompt,"2498.8

Explanation:
- The given record has a tenure of 72 months and a MonthlyCh",mistralai/Mistral-7B-Instruct-v0.3,TotalCharges,32,2026-04-21T16:00:21.773668+00:00
4691,2419.25,5688.05,3268.8,paper_single_prompt,2419.25,mistralai/Mistral-7B-Instruct-v0.3,TotalCharges,32,2026-04-21T16:00:21.773668+00:00
4699,3666.6,5174.35,1507.7500000000005,paper_single_prompt,3666.6,mistralai/Mistral-7B-Instruct-v0.3,TotalCharges,32,2026-04-21T16:00:21.773668+00:00
4703,2400.44,1772.25,628.19,paper_single_prompt,2400.44,mistralai/Mistral-7B-Instruct-v0.3,TotalCharges,32,2026-04-21T16:00:21.773668+00:00
4710,1306.65,217.5,1089.15,paper_single_prompt,1306.65,mistralai/Mistral-7B-Instruct-v0.3,TotalCharges,32,2026-04-21T16:00:21.773668+00:00
4726,1188.8,3580.95,2392.15,paper_single_prompt,"1188.8

Explanation:
- The given record has a tenure of 72 months and a MonthlyCh",mistralai/Mistral-7B-Instruct-v0.3,TotalCharges,32,2026-04-21T16:00:21.773668+00:00
4734,2850.0,3182.95,332.9499999999998,paper_single_prompt,2850,mistralai/Mistral-7B-Instruct-v0.3,TotalCharges,32,2026-04-21T16:00:21.773668+00:00
4736,1843.75,4620.4,2776.65,paper_single_prompt,1843.75,mistralai/Mistral-7B-Instruct-v0.3,TotalCharges,32,2026-04-21T16:00:21.773668+00:00
4743,1664.5,3389.25,1724.75,paper_single_prompt,1664.5,mistralai/Mistral-7B-Instruct-v0.3,TotalCharges,32,2026-04-21T16:00:21.773668+00:00
4744,1681.3,1198.05,483.25,paper_single_prompt,"1681.3

Explanation:
- The given record has a tenure of 64 and a MonthlyCharg",mistralai/Mistral-7B-Instruct-v0.3,TotalCharges,32,2026-04-21T16:00:21.773668+00:00
4751,1654.65,245.2,1409.45,paper_single_prompt,1654.65,mistralai/Mistral-7B-Instruct-v0.3,TotalCharges,32,2026-04-21T16:00:21.773668+00:00
4768,1397.475,1388.45,9.024999999999864,paper_single_prompt,1397.475 + (71 * 19.8),mistralai/Mistral-7B-Instruct-v0.3,TotalCharges,32,2026-04-21T16:00:21.773668+00:00
4772,1617.8,4134.7,2516.9,paper_single_prompt,"1617.8

Explanation:
- The given record has a tenure of 69 and a MonthlyCharg",mistralai/Mistral-7B-Instruct-v0.3,TotalCharges,32,2026-04-21T16:00:21.773668+00:00
4786,2485.65,7634.8,5149.15,paper_single_prompt,2485.65,mistralai/Mistral-7B-Instruct-v0.3,TotalCharges,32,2026-04-21T16:00:21.773668+00:00
4790,1646.55,2633.4,986.85,paper_single_prompt,1646.55,mistralai/Mistral-7B-Instruct-v0.3,TotalCharges,32,2026-04-21T16:00:21.773668+00:00
4808,1613.4,4299.95,2686.55,paper_single_prompt,"1613.4

Explanation:
- The given record has a tenure of 54 and a MonthlyCharg",mistralai/Mistral-7B-Instruct-v0.3,TotalCharges,32,2026-04-21T16:00:21.773668+00:00
4821,1642.15,2959.8,1317.65,paper_single_prompt,1642.15,mistralai/Mistral-7B-Instruct-v0.3,TotalCharges,32,2026-04-21T16:00:21.773668+00:00
4824,3439.5,7133.1,3693.6,paper_single_prompt,3439.5,mistralai/Mistral-7B-Instruct-v0.3,TotalCharges,32,2026-04-21T16:00:21.773668+00:00
4842,1191.95,494.05,697.9000000000001,paper_single_prompt,1191.95,mistralai/Mistral-7B-Instruct-v0.3,TotalCharges,32,2026-04-21T16:00:21.773668+00:00
4844,1844.25,755.4,1088.85,paper_single_prompt,1844.25,mistralai/Mistral-7B-Instruct-v0.3,TotalCharges,32,2026-04-21T16:00:21.773668+00:00
4855,2017.15,6605.55,4588.4,paper_single_prompt,2017.15,mistralai/Mistral-7B-Instruct-v0.3,TotalCharges,32,2026-04-21T16:00:21.773668+00:00
4897,1623.6,469.65,1153.9499999999998,paper_single_prompt,"1623.6

Explanation:
- The given record has a tenure of 15 and a MonthlyCharg",mistralai/Mistral-7B-Instruct-v0.3,TotalCharges,32,2026-04-21T16:00:21.773668+00:00
4904,2826.55,3645.5,818.9499999999998,paper_single_prompt,2826.55,mistralai/Mistral-7B-Instruct-v0.3,TotalCharges,32,2026-04-21T16:00:21.773668+00:00
4911,1667.52,6141.65,4474.129999999999,paper_single_prompt,"1667.52

Explanation:
- The given record has a tenure of 72 and a MonthlyCh",mistralai/Mistral-7B-Instruct-v0.3,TotalCharges,32,2026-04-21T16:00:21.773668+00:00
4918,1644.275,1086.75,557.5250000000001,paper_single_prompt,1644.275,mistralai/Mistral-7B-Instruct-v0.3,TotalCharges,32,2026-04-21T16:00:21.773668+00:00
4921,1846.35,3767.4,1921.05,paper_single_prompt,1846.35,mistralai/Mistral-7B-Instruct-v0.3,TotalCharges,32,2026-04-21T16:00:21.773668+00:00
4922,1638.54,3641.5,2002.96,paper_single_prompt,1638.54,mistralai/Mistral-7B-Instruct-v0.3,TotalCharges,32,2026-04-21T16:00:21.773668+00:00
4933,1244.8,223.75,1021.05,paper_single_prompt,1244.8,mistralai/Mistral-7B-Instruct-v0.3,TotalCharges,32,2026-04-21T16:00:21.773668+00:00
4934,2418.5,7751.7,5333.2,paper_single_prompt,2418.5,mistralai/Mistral-7B-Instruct-v0.3,TotalCharges,32,2026-04-21T16:00:21.773668+00:00
4936,3462.75,4385.05,922.3000000000002,paper_single_prompt,3462.75,mistralai/Mistral-7B-Instruct-v0.3,TotalCharges,32,2026-04-21T16:00:21.773668+00:00
4943,1630.8,5969.3,4338.5,paper_single_prompt,"1630.8

Explanation:
- The given record has a tenure of 71 and a MonthlyCharg",mistralai/Mistral-7B-Instruct-v0.3,TotalCharges,32,2026-04-21T16:00:21.773668+00:00
4956,1236.35,742.95,493.3999999999999,paper_single_prompt,1236.35,mistralai/Mistral-7B-Instruct-v0.3,TotalCharges,32,2026-04-21T16:00:21.773668+00:00
4964,2177.85,1834.95,342.89999999999986,paper_single_prompt,2177.85,mistralai/Mistral-7B-Instruct-v0.3,TotalCharges,32,2026-04-21T16:00:21.773668+00:00
4981,1686.625,712.75,973.875,paper_single_prompt,1686.625,mistralai/Mistral-7B-Instruct-v0.3,TotalCharges,32,2026-04-21T16:00:21.773668+00:00
4982,3844.8,6405.0,2560.2,paper_single_prompt,"3844.8

Explanation:
- The given record has a tenure of 61 and MonthlyCharges",mistralai/Mistral-7B-Instruct-v0.3,TotalCharges,32,2026-04-21T16:00:21.773668+00:00
5010,1661.9,5321.25,3659.35,paper_single_prompt,"1661.9

Explanation:
- The given record has a tenure of 61, and MonthlyCharg",mistralai/Mistral-7B-Instruct-v0.3,TotalCharges,32,2026-04-21T16:00:21.773668+00:00
5011,3486.5,4156.8,670.3000000000002,paper_single_prompt,3486.5,mistralai/Mistral-7B-Instruct-v0.3,TotalCharges,32,2026-04-21T16:00:21.773668+00:00
5036,1661.05,1375.15,285.89999999999986,paper_single_prompt,1661.05,mistralai/Mistral-7B-Instruct-v0.3,TotalCharges,32,2026-04-21T16:00:21.773668+00:00
5054,1236.63,3674.95,2438.32,paper_single_prompt,1236.63,mistralai/Mistral-7B-Instruct-v0.3,TotalCharges,32,2026-04-21T16:00:21.773668+00:00
5063,2379.25,1852.85,526.4000000000001,paper_single_prompt,2379.25,mistralai/Mistral-7B-Instruct-v0.3,TotalCharges,32,2026-04-21T16:00:21.773668+00:00
5068,1662.1,1493.2,168.89999999999986,paper_single_prompt,"1662.1

Explanation:
- The given record has a tenure of 71 and a MonthlyCharg",mistralai/Mistral-7B-Instruct-v0.3,TotalCharges,32,2026-04-21T16:00:21.773668+00:00
5070,3328.55,3030.6,297.9500000000003,paper_single_prompt,3328.55,mistralai/Mistral-7B-Instruct-v0.3,TotalCharges,32,2026-04-21T16:00:21.773668+00:00
5081,1843.75,3729.6,1885.85,paper_single_prompt,1843.75,mistralai/Mistral-7B-Instruct-v0.3,TotalCharges,32,2026-04-21T16:00:21.773668+00:00
5090,1496.185,673.1,823.0849999999999,paper_single_prompt,1496.185,mistralai/Mistral-7B-Instruct-v0.3,TotalCharges,32,2026-04-21T16:00:21.773668+00:00
5102,2461.65,7881.2,5419.549999999999,paper_single_prompt,2461.65,mistralai/Mistral-7B-Instruct-v0.3,TotalCharges,32,2026-04-21T16:00:21.773668+00:00
5126,2461.55,5925.75,3464.2,paper_single_prompt,2461.55,mistralai/Mistral-7B-Instruct-v0.3,TotalCharges,32,2026-04-21T16:00:21.773668+00:00
5133,3456.5,2433.9,1022.6,paper_single_prompt,3456.50,mistralai/Mistral-7B-Instruct-v0.3,TotalCharges,32,2026-04-21T16:00:21.773668+00:00
5153,3682.25,3851.45,169.19999999999982,paper_single_prompt,3682.25,mistralai/Mistral-7B-Instruct-v0.3,TotalCharges,32,2026-04-21T16:00:21.773668+00:00
5177,2407.2,3021.6,614.4000000000001,paper_single_prompt,"2407.2

Explanation:
- The given record has a tenure of 36 and MonthlyCharges",mistralai/Mistral-7B-Instruct-v0.3,TotalCharges,32,2026-04-21T16:00:21.773668+00:00
5185,1644.0,3478.15,1834.15,paper_single_prompt,1644.0,mistralai/Mistral-7B-Instruct-v0.3,TotalCharges,32,2026-04-21T16:00:21.773668+00:00
5192,1397.475,1189.9,207.57499999999985,paper_single_prompt,1397.475 + (60 * 19.95),mistralai/Mistral-7B-Instruct-v0.3,TotalCharges,32,2026-04-21T16:00:21.773668+00:00
5193,1653.65,1914.5,260.8499999999999,paper_single_prompt,1653.65,mistralai/Mistral-7B-Instruct-v0.3,TotalCharges,32,2026-04-21T16:00:21.773668+00:00
5202,2452.65,6555.2,4102.549999999999,paper_single_prompt,2452.65,mistralai/Mistral-7B-Instruct-v0.3,TotalCharges,32,2026-04-21T16:00:21.773668+00:00
5218,1397.475,,,paper_single_prompt,1397.475 * 19.7,mistralai/Mistral-7B-Instruct-v0.3,TotalCharges,32,2026-04-21T16:00:21.773668+00:00
5220,1144.0,1734.5,590.5,paper_single_prompt,1144.0,mistralai/Mistral-7B-Instruct-v0.3,TotalCharges,32,2026-04-21T16:00:21.773668+00:00
5223,1843.67,1538.6,305.07000000000016,paper_single_prompt,1843.67,mistralai/Mistral-7B-Instruct-v0.3,TotalCharges,32,2026-04-21T16:00:21.773668+00:00
5241,1683.6,3627.3,1943.7000000000005,paper_single_prompt,"1683.6

Explanation:
- The given record has a tenure of 55 and a MonthlyCharg",mistralai/Mistral-7B-Instruct-v0.3,TotalCharges,32,2026-04-21T16:00:21.773668+00:00
5244,1647.45,4192.15,2544.7,paper_single_prompt,1647.45,mistralai/Mistral-7B-Instruct-v0.3,TotalCharges,32,2026-04-21T16:00:21.773668+00:00
5257,3403.3,3744.05,340.75,paper_single_prompt,"3403.3

Explanation:
- The given record has a tenure of 37, and the monthly charges are",mistralai/Mistral-7B-Instruct-v0.3,TotalCharges,32,2026-04-21T16:00:21.773668+00:00
5259,2131.7,2351.45,219.75,paper_single_prompt,"2131.7

Explanation:
- The given record has a tenure of 30, and MonthlyCharg",mistralai/Mistral-7B-Instruct-v0.3,TotalCharges,32,2026-04-21T16:00:21.773668+00:00
5263,1124.25,2479.05,1354.8000000000002,paper_single_prompt,1124.25,mistralai/Mistral-7B-Instruct-v0.3,TotalCharges,32,2026-04-21T16:00:21.773668+00:00
5267,1397.475,183.15,1214.3249999999998,paper_single_prompt,1397.475 + (9 * 19.85),mistralai/Mistral-7B-Instruct-v0.3,TotalCharges,32,2026-04-21T16:00:21.773668+00:00
5279,1397.475,1790.15,392.6750000000002,paper_single_prompt,1397.475 + (70 * 25.15),mistralai/Mistral-7B-Instruct-v0.3,TotalCharges,32,2026-04-21T16:00:21.773668+00:00
5289,2461.6,6993.65,4532.049999999999,paper_single_prompt,"2461.6

Explanation:
- The given record has a tenure of 61, and MonthlyCharg",mistralai/Mistral-7B-Instruct-v0.3,TotalCharges,32,2026-04-21T16:00:21.773668+00:00
5299,2358.4,2812.2,453.7999999999997,paper_single_prompt,"2358.4

Explanation:
- The given record has a tenure of 28, and MonthlyCharg",mistralai/Mistral-7B-Instruct-v0.3,TotalCharges,32,2026-04-21T16:00:21.773668+00:00
5323,2403.2,6225.4,3822.2,paper_single_prompt,"2403.2

Explanation:
- The given record has a tenure of 58 and a MonthlyCharg",mistralai/Mistral-7B-Instruct-v0.3,TotalCharges,32,2026-04-21T16:00:21.773668+00:00
5343,1843.5,3330.1,1486.6,paper_single_prompt,1843.5,mistralai/Mistral-7B-Instruct-v0.3,TotalCharges,32,2026-04-21T16:00:21.773668+00:00
5344,1603.1,5522.7,3919.6,paper_single_prompt,"1603.1

Explanation:
- The given record has a tenure of 71 and a MonthlyCharg",mistralai/Mistral-7B-Instruct-v0.3,TotalCharges,32,2026-04-21T16:00:21.773668+00:00
5362,1665.55,1715.1,49.54999999999996,paper_single_prompt,1665.55,mistralai/Mistral-7B-Instruct-v0.3,TotalCharges,32,2026-04-21T16:00:21.773668+00:00
5363,1397.475,1715.15,317.6750000000002,paper_single_prompt,1397.475 + (70 * 25.35),mistralai/Mistral-7B-Instruct-v0.3,TotalCharges,32,2026-04-21T16:00:21.773668+00:00
5370,1846.48,1442.2,404.28,paper_single_prompt,1846.48,mistralai/Mistral-7B-Instruct-v0.3,TotalCharges,32,2026-04-21T16:00:21.773668+00:00
5372,1648.85,5222.35,3573.5000000000005,paper_single_prompt,1648.85,mistralai/Mistral-7B-Instruct-v0.3,TotalCharges,32,2026-04-21T16:00:21.773668+00:00
5379,1846.8,5270.6,3423.8,paper_single_prompt,"1846.8

Explanation:
- The given record has a tenure of 56 and a MonthlyCharg",mistralai/Mistral-7B-Instruct-v0.3,TotalCharges,32,2026-04-21T16:00:21.773668+00:00
5389,1643.725,3649.6,2005.875,paper_single_prompt,1643.725,mistralai/Mistral-7B-Instruct-v0.3,TotalCharges,32,2026-04-21T16:00:21.773668+00:00
5414,3424.85,6903.1,3478.2500000000005,paper_single_prompt,3424.85,mistralai/Mistral-7B-Instruct-v0.3,TotalCharges,32,2026-04-21T16:00:21.773668+00:00
5434,2869.9,3275.15,405.25,paper_single_prompt,2869.9,mistralai/Mistral-7B-Instruct-v0.3,TotalCharges,32,2026-04-21T16:00:21.773668+00:00
5435,3478.65,4236.6,757.9500000000003,paper_single_prompt,3478.65,mistralai/Mistral-7B-Instruct-v0.3,TotalCharges,32,2026-04-21T16:00:21.773668+00:00
5445,1670.2,5411.65,3741.45,paper_single_prompt,"1670.2

Explanation:
- The given record has a tenure of 62 and a MonthlyCharg",mistralai/Mistral-7B-Instruct-v0.3,TotalCharges,32,2026-04-21T16:00:21.773668+00:00
5449,2498.15,6895.5,4397.35,paper_single_prompt,2498.15,mistralai/Mistral-7B-Instruct-v0.3,TotalCharges,32,2026-04-21T16:00:21.773668+00:00
5451,1843.75,6856.95,5013.2,paper_single_prompt,1843.75,mistralai/Mistral-7B-Instruct-v0.3,TotalCharges,32,2026-04-21T16:00:21.773668+00:00
5470,1657.65,6435.25,4777.6,paper_single_prompt,1657.65,mistralai/Mistral-7B-Instruct-v0.3,TotalCharges,32,2026-04-21T16:00:21.773668+00:00
5475,1845.0,3092.65,1247.65,paper_single_prompt,1845,mistralai/Mistral-7B-Instruct-v0.3,TotalCharges,32,2026-04-21T16:00:21.773668+00:00
5483,1846.125,4458.15,2612.025,paper_single_prompt,1846.125,mistralai/Mistral-7B-Instruct-v0.3,TotalCharges,32,2026-04-21T16:00:21.773668+00:00
5484,1846.85,6856.45,5009.6,paper_single_prompt,1846.85,mistralai/Mistral-7B-Instruct-v0.3,TotalCharges,32,2026-04-21T16:00:21.773668+00:00
5486,1843.7,4735.2,2891.5,paper_single_prompt,"1843.7

Explanation:
- The given record has a tenure of 54 and a MonthlyCharg",mistralai/Mistral-7B-Instruct-v0.3,TotalCharges,32,2026-04-21T16:00:21.773668+00:00
5491,1844.75,1424.4,420.3499999999999,paper_single_prompt,1844.75,mistralai/Mistral-7B-Instruct-v0.3,TotalCharges,32,2026-04-21T16:00:21.773668+00:00
5497,2486.4,2541.25,54.84999999999991,paper_single_prompt,"2486.4

Explanation:
- The given record has a tenure of 49 and a MonthlyCharg",mistralai/Mistral-7B-Instruct-v0.3,TotalCharges,32,2026-04-21T16:00:21.773668+00:00
5500,1887.45,3694.45,1807.0,paper_single_prompt,1887.45,mistralai/Mistral-7B-Instruct-v0.3,TotalCharges,32,2026-04-21T16:00:21.773668+00:00
5504,3457.6,3912.9,455.3000000000002,paper_single_prompt,"3457.6

Explanation:
- The given record has a tenure of 44 and a MonthlyCharg",mistralai/Mistral-7B-Instruct-v0.3,TotalCharges,32,2026-04-21T16:00:21.773668+00:00
5511,1649.65,5289.8,3640.15,paper_single_prompt,1649.65,mistralai/Mistral-7B-Instruct-v0.3,TotalCharges,32,2026-04-21T16:00:21.773668+00:00
5515,1661.05,309.25,1351.8,paper_single_prompt,1661.05,mistralai/Mistral-7B-Instruct-v0.3,TotalCharges,32,2026-04-21T16:00:21.773668+00:00
5516,1397.475,201.1,1196.375,paper_single_prompt,1397.475 + (4 - 1) * 51.75 = 678.5,mistralai/Mistral-7B-Instruct-v0.3,TotalCharges,32,2026-04-21T16:00:21.773668+00:00
5517,1600.29,6179.35,4579.06,paper_single_prompt,1600.29,mistralai/Mistral-7B-Instruct-v0.3,TotalCharges,32,2026-04-21T16:00:21.773668+00:00
5525,1686.625,1342.15,344.4749999999999,paper_single_prompt,1686.625,mistralai/Mistral-7B-Instruct-v0.3,TotalCharges,32,2026-04-21T16:00:21.773668+00:00
5526,1658.85,1216.35,442.5,paper_single_prompt,1658.85,mistralai/Mistral-7B-Instruct-v0.3,TotalCharges,32,2026-04-21T16:00:21.773668+00:00
5530,1653.9,6056.9,4403.0,paper_single_prompt,"1653.9

Explanation:
- The given record has a tenure of 66 and a MonthlyCharg",mistralai/Mistral-7B-Instruct-v0.3,TotalCharges,32,2026-04-21T16:00:21.773668+00:00
5537,3431.55,8016.6,4585.05,paper_single_prompt,3431.55,mistralai/Mistral-7B-Instruct-v0.3,TotalCharges,32,2026-04-21T16:00:21.773668+00:00
5542,1683.95,5883.85,4199.900000000001,paper_single_prompt,1683.95,mistralai/Mistral-7B-Instruct-v0.3,TotalCharges,32,2026-04-21T16:00:21.773668+00:00
5544,3400.25,6252.9,2852.65,paper_single_prompt,3400.25,mistralai/Mistral-7B-Instruct-v0.3,TotalCharges,32,2026-04-21T16:00:21.773668+00:00
5548,1397.475,1724.15,326.6750000000002,paper_single_prompt,1397.475 + (70 * 24.25),mistralai/Mistral-7B-Instruct-v0.3,TotalCharges,32,2026-04-21T16:00:21.773668+00:00
5570,2487.05,3532.85,1045.7999999999995,paper_single_prompt,2487.05,mistralai/Mistral-7B-Instruct-v0.3,TotalCharges,32,2026-04-21T16:00:21.773668+00:00
5590,2483.75,477.6,2006.15,paper_single_prompt,2483.75,mistralai/Mistral-7B-Instruct-v0.3,TotalCharges,32,2026-04-21T16:00:21.773668+00:00
5597,2811.0,1910.6,900.4000000000001,paper_single_prompt,2811.0,mistralai/Mistral-7B-Instruct-v0.3,TotalCharges,32,2026-04-21T16:00:21.773668+00:00
5604,1684.8,1207.0,477.8,paper_single_prompt,1684.8,mistralai/Mistral-7B-Instruct-v0.3,TotalCharges,32,2026-04-21T16:00:21.773668+00:00
5616,1636.5,2076.05,439.5500000000002,paper_single_prompt,1636.5,mistralai/Mistral-7B-Instruct-v0.3,TotalCharges,32,2026-04-21T16:00:21.773668+00:00
5637,2403.75,5629.15,3225.4,paper_single_prompt,2403.75,mistralai/Mistral-7B-Instruct-v0.3,TotalCharges,32,2026-04-21T16:00:21.773668+00:00
5645,1886.925,4392.5,2505.575,paper_single_prompt,1886.925,mistralai/Mistral-7B-Instruct-v0.3,TotalCharges,32,2026-04-21T16:00:21.773668+00:00
5654,1846.05,7511.9,5665.849999999999,paper_single_prompt,1846.05,mistralai/Mistral-7B-Instruct-v0.3,TotalCharges,32,2026-04-21T16:00:21.773668+00:00
5658,2312.0,2248.05,63.94999999999982,paper_single_prompt,"2312

Explanation:
- The given record has a tenure of 24 months and a MonthlyCharges",mistralai/Mistral-7B-Instruct-v0.3,TotalCharges,32,2026-04-21T16:00:21.773668+00:00
5661,1397.475,63.0,1334.475,paper_single_prompt,1397.475 * 4 + 19.85 = 1636.3,mistralai/Mistral-7B-Instruct-v0.3,TotalCharges,32,2026-04-21T16:00:21.773668+00:00
5663,2481.5,3314.15,832.6500000000001,paper_single_prompt,2481.5,mistralai/Mistral-7B-Instruct-v0.3,TotalCharges,32,2026-04-21T16:00:21.773668+00:00
5680,1436.35,20.85,1415.5,paper_single_prompt,1436.35,mistralai/Mistral-7B-Instruct-v0.3,TotalCharges,32,2026-04-21T16:00:21.773668+00:00
5683,1662.125,2011.4,349.2750000000001,paper_single_prompt,1662.125,mistralai/Mistral-7B-Instruct-v0.3,TotalCharges,32,2026-04-21T16:00:21.773668+00:00
5685,1648.8,903.7,745.0999999999999,paper_single_prompt,1648.8,mistralai/Mistral-7B-Instruct-v0.3,TotalCharges,32,2026-04-21T16:00:21.773668+00:00
5702,2436.6,7548.1,5111.5,paper_single_prompt,"2436.6

Explanation:
- The given record has a tenure of 71, and the monthly charges are",mistralai/Mistral-7B-Instruct-v0.3,TotalCharges,32,2026-04-21T16:00:21.773668+00:00
5710,1846.5,7752.05,5905.55,paper_single_prompt,1846.5,mistralai/Mistral-7B-Instruct-v0.3,TotalCharges,32,2026-04-21T16:00:21.773668+00:00
5748,2438.65,1992.55,446.10000000000014,paper_single_prompt,2438.65,mistralai/Mistral-7B-Instruct-v0.3,TotalCharges,32,2026-04-21T16:00:21.773668+00:00
5766,2300.0,1347.15,952.85,paper_single_prompt,2300,mistralai/Mistral-7B-Instruct-v0.3,TotalCharges,32,2026-04-21T16:00:21.773668+00:00
5767,1397.475,3808.2,2410.725,paper_single_prompt,1397.475 + (65 * 59.8),mistralai/Mistral-7B-Instruct-v0.3,TotalCharges,32,2026-04-21T16:00:21.773668+00:00
5805,1657.12,1286.05,371.07,paper_single_prompt,1657.12,mistralai/Mistral-7B-Instruct-v0.3,TotalCharges,32,2026-04-21T16:00:21.773668+00:00
5807,1397.475,1094.35,303.125,paper_single_prompt,1397.475 * 57 + 18.8,mistralai/Mistral-7B-Instruct-v0.3,TotalCharges,32,2026-04-21T16:00:21.773668+00:00
5820,1397.475,3561.15,2163.675,paper_single_prompt,1397.475 + (60 - 10) * 59.8,mistralai/Mistral-7B-Instruct-v0.3,TotalCharges,32,2026-04-21T16:00:21.773668+00:00
5824,1843.75,5234.95,3391.2,paper_single_prompt,1843.75,mistralai/Mistral-7B-Instruct-v0.3,TotalCharges,32,2026-04-21T16:00:21.773668+00:00
5831,1286.72,809.75,476.97,paper_single_prompt,1286.72,mistralai/Mistral-7B-Instruct-v0.3,TotalCharges,32,2026-04-21T16:00:21.773668+00:00
5838,1843.75,3827.9,1984.15,paper_single_prompt,1843.75,mistralai/Mistral-7B-Instruct-v0.3,TotalCharges,32,2026-04-21T16:00:21.773668+00:00
5841,1237.5,3264.45,2026.95,paper_single_prompt,1237.50,mistralai/Mistral-7B-Instruct-v0.3,TotalCharges,32,2026-04-21T16:00:21.773668+00:00
5853,1886.72,6001.45,4114.73,paper_single_prompt,1886.72,mistralai/Mistral-7B-Instruct-v0.3,TotalCharges,32,2026-04-21T16:00:21.773668+00:00
5855,1227.75,2832.75,1605.0,paper_single_prompt,1227.75,mistralai/Mistral-7B-Instruct-v0.3,TotalCharges,32,2026-04-21T16:00:21.773668+00:00
5865,1125.95,72.0,1053.95,paper_single_prompt,1125.95,mistralai/Mistral-7B-Instruct-v0.3,TotalCharges,32,2026-04-21T16:00:21.773668+00:00
5877,3688.75,5785.5,2096.75,paper_single_prompt,3688.75,mistralai/Mistral-7B-Instruct-v0.3,TotalCharges,32,2026-04-21T16:00:21.773668+00:00
5881,3098.55,2727.3,371.25,paper_single_prompt,3098.55,mistralai/Mistral-7B-Instruct-v0.3,TotalCharges,32,2026-04-21T16:00:21.773668+00:00
5886,1397.475,948.9,448.57499999999993,paper_single_prompt,1397.475 * 47 + 19.75 = 6638.8625,mistralai/Mistral-7B-Instruct-v0.3,TotalCharges,32,2026-04-21T16:00:21.773668+00:00
5903,3481.2,4627.8,1146.6000000000004,paper_single_prompt,"3481.2

Explanation:
- The given record has a tenure of 52 and a MonthlyCharg",mistralai/Mistral-7B-Instruct-v0.3,TotalCharges,32,2026-04-21T16:00:21.773668+00:00
5909,1684.4,4297.6,2613.2000000000003,paper_single_prompt,"1684.4

Explanation:
- The given record has a tenure of 52, and MonthlyCharg",mistralai/Mistral-7B-Instruct-v0.3,TotalCharges,32,2026-04-21T16:00:21.773668+00:00
5913,1843.85,2274.1,430.25,paper_single_prompt,1843.85,mistralai/Mistral-7B-Instruct-v0.3,TotalCharges,32,2026-04-21T16:00:21.773668+00:00
5916,2485.55,8192.6,5707.05,paper_single_prompt,2485.55,mistralai/Mistral-7B-Instruct-v0.3,TotalCharges,32,2026-04-21T16:00:21.773668+00:00
5922,3461.5,7609.75,4148.25,paper_single_prompt,3461.5,mistralai/Mistral-7B-Instruct-v0.3,TotalCharges,32,2026-04-21T16:00:21.773668+00:00
5944,1439.95,654.85,785.1,paper_single_prompt,1439.95,mistralai/Mistral-7B-Instruct-v0.3,TotalCharges,32,2026-04-21T16:00:21.773668+00:00
5955,1843.2,4855.35,3012.1500000000005,paper_single_prompt,1843.2,mistralai/Mistral-7B-Instruct-v0.3,TotalCharges,32,2026-04-21T16:00:21.773668+00:00
5957,1847.15,1422.65,424.5,paper_single_prompt,1847.15,mistralai/Mistral-7B-Instruct-v0.3,TotalCharges,32,2026-04-21T16:00:21.773668+00:00
5962,1600.12,1321.3,278.81999999999994,paper_single_prompt,1600.12,mistralai/Mistral-7B-Instruct-v0.3,TotalCharges,32,2026-04-21T16:00:21.773668+00:00
5993,1698.85,151.75,1547.1,paper_single_prompt,1698.85,mistralai/Mistral-7B-Instruct-v0.3,TotalCharges,32,2026-04-21T16:00:21.773668+00:00
5998,1681.1,1036.0,645.0999999999999,paper_single_prompt,1681.1,mistralai/Mistral-7B-Instruct-v0.3,TotalCharges,32,2026-04-21T16:00:21.773668+00:00
6004,1648.32,5598.3,3949.980000000001,paper_single_prompt,"1648.32

Explanation:
- The given record has a tenure of 67 and a MonthlyCh",mistralai/Mistral-7B-Instruct-v0.3,TotalCharges,32,2026-04-21T16:00:21.773668+00:00
6005,1676.55,4374.55,2698.0,paper_single_prompt,1676.55,mistralai/Mistral-7B-Instruct-v0.3,TotalCharges,32,2026-04-21T16:00:21.773668+00:00
6009,3446.55,5485.5,2038.95,paper_single_prompt,3446.55,mistralai/Mistral-7B-Instruct-v0.3,TotalCharges,32,2026-04-21T16:00:21.773668+00:00
6014,1649.7,5060.9,3411.2,paper_single_prompt,"1649.7

Explanation:
- The given record has a tenure of 54 and a MonthlyCharg",mistralai/Mistral-7B-Instruct-v0.3,TotalCharges,32,2026-04-21T16:00:21.773668+00:00
6020,2437.5,1993.2,444.3,paper_single_prompt,2437.5,mistralai/Mistral-7B-Instruct-v0.3,TotalCharges,32,2026-04-21T16:00:21.773668+00:00
6025,1654.88,1841.9,187.02,paper_single_prompt,1654.88,mistralai/Mistral-7B-Instruct-v0.3,TotalCharges,32,2026-04-21T16:00:21.773668+00:00
6049,1843.65,1016.7,826.95,paper_single_prompt,1843.65,mistralai/Mistral-7B-Instruct-v0.3,TotalCharges,32,2026-04-21T16:00:21.773668+00:00
6056,1663.6,4299.2,2635.6,paper_single_prompt,"1663.6

Explanation:
- The given record has a tenure of 58 and a MonthlyCharg",mistralai/Mistral-7B-Instruct-v0.3,TotalCharges,32,2026-04-21T16:00:21.773668+00:00
6059,1159.21,1630.4,471.19000000000005,paper_single_prompt,"1159.21

Explanation:
- The given record has a tenure of 39 and a MonthlyCh",mistralai/Mistral-7B-Instruct-v0.3,TotalCharges,32,2026-04-21T16:00:21.773668+00:00
6063,1397.475,1401.4,3.925000000000182,paper_single_prompt,1397.475 * 70 + 19.2,mistralai/Mistral-7B-Instruct-v0.3,TotalCharges,32,2026-04-21T16:00:21.773668+00:00
6077,2478.7,6891.4,4412.7,paper_single_prompt,"2478.7

Explanation:
- The given record has a tenure of 62 and a MonthlyCharg",mistralai/Mistral-7B-Instruct-v0.3,TotalCharges,32,2026-04-21T16:00:21.773668+00:00
6111,1674.05,3532.25,1858.2,paper_single_prompt,1674.05,mistralai/Mistral-7B-Instruct-v0.3,TotalCharges,32,2026-04-21T16:00:21.773668+00:00
6112,1886.44,6891.45,5005.01,paper_single_prompt,1886.44,mistralai/Mistral-7B-Instruct-v0.3,TotalCharges,32,2026-04-21T16:00:21.773668+00:00
6118,2497.4,8547.15,6049.75,paper_single_prompt,"2497.4

Explanation:
- The given record has a tenure of 72 months and a MonthlyCh",mistralai/Mistral-7B-Instruct-v0.3,TotalCharges,32,2026-04-21T16:00:21.773668+00:00
6124,1618.1,3274.35,1656.25,paper_single_prompt,"1618.1

Explanation:
- The given record has a tenure of 57 and a MonthlyCharg",mistralai/Mistral-7B-Instruct-v0.3,TotalCharges,32,2026-04-21T16:00:21.773668+00:00
6125,1626.75,1359.0,267.75,paper_single_prompt,1626.75,mistralai/Mistral-7B-Instruct-v0.3,TotalCharges,32,2026-04-21T16:00:21.773668+00:00
6175,3622.4,3023.85,598.5500000000002,paper_single_prompt,"3622.4

Explanation:
- The given record has a tenure of 32 and a MonthlyCharg",mistralai/Mistral-7B-Instruct-v0.3,TotalCharges,32,2026-04-21T16:00:21.773668+00:00
6176,3454.55,3365.85,88.70000000000027,paper_single_prompt,3454.55,mistralai/Mistral-7B-Instruct-v0.3,TotalCharges,32,2026-04-21T16:00:21.773668+00:00
6180,1864.48,6471.85,4607.370000000001,paper_single_prompt,1864.48,mistralai/Mistral-7B-Instruct-v0.3,TotalCharges,32,2026-04-21T16:00:21.773668+00:00
6206,1887.65,5088.4,3200.7499999999995,paper_single_prompt,1887.65,mistralai/Mistral-7B-Instruct-v0.3,TotalCharges,32,2026-04-21T16:00:21.773668+00:00
6239,1846.84,7285.7,5438.86,paper_single_prompt,1846.84,mistralai/Mistral-7B-Instruct-v0.3,TotalCharges,32,2026-04-21T16:00:21.773668+00:00
6252,1174.7,2021.35,846.6499999999999,paper_single_prompt,"1174.7

Explanation:
- The given record has a tenure of 50 and MonthlyCharges",mistralai/Mistral-7B-Instruct-v0.3,TotalCharges,32,2026-04-21T16:00:21.773668+00:00
6253,1124.25,2564.95,1440.6999999999998,paper_single_prompt,1124.25,mistralai/Mistral-7B-Instruct-v0.3,TotalCharges,32,2026-04-21T16:00:21.773668+00:00
6287,2203.85,2254.2,50.34999999999991,paper_single_prompt,2203.85,mistralai/Mistral-7B-Instruct-v0.3,TotalCharges,32,2026-04-21T16:00:21.773668+00:00
6292,3630.0,3835.55,205.55000000000015,paper_single_prompt,3630,mistralai/Mistral-7B-Instruct-v0.3,TotalCharges,32,2026-04-21T16:00:21.773668+00:00
6300,1674.6,1680.25,5.650000000000091,paper_single_prompt,"1674.6

Explanation:
- The given record has a tenure of 67 and a MonthlyCharg",mistralai/Mistral-7B-Instruct-v0.3,TotalCharges,32,2026-04-21T16:00:21.773668+00:00
6302,1441.65,413.65,1028.0,paper_single_prompt,1441.65,mistralai/Mistral-7B-Instruct-v0.3,TotalCharges,32,2026-04-21T16:00:21.773668+00:00
6316,1668.5,1573.05,95.45000000000005,paper_single_prompt,1668.5,mistralai/Mistral-7B-Instruct-v0.3,TotalCharges,32,2026-04-21T16:00:21.773668+00:00
6320,1841.5,1985.15,143.6500000000001,paper_single_prompt,1841.5,mistralai/Mistral-7B-Instruct-v0.3,TotalCharges,32,2026-04-21T16:00:21.773668+00:00
6326,1105.2,2748.7,1643.4999999999998,paper_single_prompt,"1105.2

Explanation:
- The given record has a tenure of 62 and a MonthlyCharg",mistralai/Mistral-7B-Instruct-v0.3,TotalCharges,32,2026-04-21T16:00:21.773668+00:00
6333,3012.0,6441.4,3429.4,paper_single_prompt,"3012

Explanation:
- The given record has a tenure of 60, and MonthlyCharges of",mistralai/Mistral-7B-Instruct-v0.3,TotalCharges,32,2026-04-21T16:00:21.773668+00:00
6366,1651.2,4378.8,2727.6000000000004,paper_single_prompt,"1651.2

Explanation:
- The given record has a tenure of 64 and a MonthlyCharg",mistralai/Mistral-7B-Instruct-v0.3,TotalCharges,32,2026-04-21T16:00:21.773668+00:00
6370,1846.75,4016.85,2170.1,paper_single_prompt,1846.75,mistralai/Mistral-7B-Instruct-v0.3,TotalCharges,32,2026-04-21T16:00:21.773668+00:00
6378,1664.55,1095.3,569.25,paper_single_prompt,1664.55,mistralai/Mistral-7B-Instruct-v0.3,TotalCharges,32,2026-04-21T16:00:21.773668+00:00
6397,2466.5,3529.95,1063.4499999999998,paper_single_prompt,2466.5,mistralai/Mistral-7B-Instruct-v0.3,TotalCharges,32,2026-04-21T16:00:21.773668+00:00
6403,3465.2,8337.45,4872.250000000001,paper_single_prompt,"3465.2

Explanation:
- The given record has a tenure of 72 and a MonthlyCharg",mistralai/Mistral-7B-Instruct-v0.3,TotalCharges,32,2026-04-21T16:00:21.773668+00:00
6406,1226.95,1905.4,678.45,paper_single_prompt,1226.95,mistralai/Mistral-7B-Instruct-v0.3,TotalCharges,32,2026-04-21T16:00:21.773668+00:00
6409,1654.72,776.25,878.47,paper_single_prompt,1654.72,mistralai/Mistral-7B-Instruct-v0.3,TotalCharges,32,2026-04-21T16:00:21.773668+00:00
6415,1194.75,2540.1,1345.35,paper_single_prompt,1194.75,mistralai/Mistral-7B-Instruct-v0.3,TotalCharges,32,2026-04-21T16:00:21.773668+00:00
6442,1663.3,3431.75,1768.45,paper_single_prompt,1663.3,mistralai/Mistral-7B-Instruct-v0.3,TotalCharges,32,2026-04-21T16:00:21.773668+00:00
6447,1397.475,4801.1,3403.6250000000005,paper_single_prompt,1397.475 + (60 * 79) - 18.8,mistralai/Mistral-7B-Instruct-v0.3,TotalCharges,32,2026-04-21T16:00:21.773668+00:00
6450,1843.7,550.1,1293.6,paper_single_prompt,"1843.7

Explanation:
- The given record has a tenure of 27 and a MonthlyCharg",mistralai/Mistral-7B-Instruct-v0.3,TotalCharges,32,2026-04-21T16:00:21.773668+00:00
6455,1107.15,2666.75,1559.6,paper_single_prompt,1107.15,mistralai/Mistral-7B-Instruct-v0.3,TotalCharges,32,2026-04-21T16:00:21.773668+00:00
6463,1843.25,4096.9,2253.65,paper_single_prompt,1843.25,mistralai/Mistral-7B-Instruct-v0.3,TotalCharges,32,2026-04-21T16:00:21.773668+00:00
6483,1641.04,1334.45,306.5899999999999,paper_single_prompt,1641.04,mistralai/Mistral-7B-Instruct-v0.3,TotalCharges,32,2026-04-21T16:00:21.773668+00:00
6484,3322.86,3358.65,35.789999999999964,paper_single_prompt,"3322.86

Explanation:
- The given record has a tenure of 37 and a MonthlyCh",mistralai/Mistral-7B-Instruct-v0.3,TotalCharges,32,2026-04-21T16:00:21.773668+00:00
6512,1450.8,688.5,762.3,paper_single_prompt,"1450.8

Explanation:
- The given record has a tenure of 11 and a MonthlyCharg",mistralai/Mistral-7B-Instruct-v0.3,TotalCharges,32,2026-04-21T16:00:21.773668+00:00
6514,1660.44,4746.05,3085.61,paper_single_prompt,"1660.44

Explanation:
- The given record has a tenure of 72 and a MonthlyCh",mistralai/Mistral-7B-Instruct-v0.3,TotalCharges,32,2026-04-21T16:00:21.773668+00:00
6515,1127.7,712.85,414.85,paper_single_prompt,"1127.7

Explanation:
- The given record has a tenure of 29 and a MonthlyCharg",mistralai/Mistral-7B-Instruct-v0.3,TotalCharges,32,2026-04-21T16:00:21.773668+00:00
6529,1695.35,156.4,1538.9499999999998,paper_single_prompt,1695.35,mistralai/Mistral-7B-Instruct-v0.3,TotalCharges,32,2026-04-21T16:00:21.773668+00:00
6534,1887.65,5206.55,3318.9,paper_single_prompt,1887.65,mistralai/Mistral-7B-Instruct-v0.3,TotalCharges,32,2026-04-21T16:00:21.773668+00:00
6537,3469.55,7968.85,4499.3,paper_single_prompt,3469.55,mistralai/Mistral-7B-Instruct-v0.3,TotalCharges,32,2026-04-21T16:00:21.773668+00:00
6564,1101.25,95.55,1005.7,paper_single_prompt,1101.25,mistralai/Mistral-7B-Instruct-v0.3,TotalCharges,32,2026-04-21T16:00:21.773668+00:00
6577,1687.65,5265.55,3577.9,paper_single_prompt,1687.65,mistralai/Mistral-7B-Instruct-v0.3,TotalCharges,32,2026-04-21T16:00:21.773668+00:00
6595,1683.05,5832.65,4149.599999999999,paper_single_prompt,1683.05,mistralai/Mistral-7B-Instruct-v0.3,TotalCharges,32,2026-04-21T16:00:21.773668+00:00
6600,1188.85,91.7,1097.15,paper_single_prompt,1188.85,mistralai/Mistral-7B-Instruct-v0.3,TotalCharges,32,2026-04-21T16:00:21.773668+00:00
6606,3330.0,4026.4,696.4000000000001,paper_single_prompt,3330,mistralai/Mistral-7B-Instruct-v0.3,TotalCharges,32,2026-04-21T16:00:21.773668+00:00
6632,2485.85,2274.9,210.94999999999985,paper_single_prompt,2485.85,mistralai/Mistral-7B-Instruct-v0.3,TotalCharges,32,2026-04-21T16:00:21.773668+00:00
6670,1397.475,,,paper_single_prompt,1397.475 + (0 * 73.35),mistralai/Mistral-7B-Instruct-v0.3,TotalCharges,32,2026-04-21T16:00:21.773668+00:00
6671,1646.15,6034.85,4388.700000000001,paper_single_prompt,1646.15,mistralai/Mistral-7B-Instruct-v0.3,TotalCharges,32,2026-04-21T16:00:21.773668+00:00
6690,3349.1,3460.95,111.84999999999992,paper_single_prompt,"3349.1

Explanation:
- The given record has a tenure of 37 and a MonthlyCharg",mistralai/Mistral-7B-Instruct-v0.3,TotalCharges,32,2026-04-21T16:00:21.773668+00:00
6706,1397.475,19.9,1377.5749999999998,paper_single_prompt,1397.475,mistralai/Mistral-7B-Instruct-v0.3,TotalCharges,32,2026-04-21T16:00:21.773668+00:00
6717,3413.5,5746.15,2332.65,paper_single_prompt,"3413.5

Explanation:
- The given record has a tenure of 57 and MonthlyCharges",mistralai/Mistral-7B-Instruct-v0.3,TotalCharges,32,2026-04-21T16:00:21.773668+00:00
6733,1841.05,1411.35,429.7000000000001,paper_single_prompt,1841.05,mistralai/Mistral-7B-Instruct-v0.3,TotalCharges,32,2026-04-21T16:00:21.773668+00:00
6734,1397.475,593.75,803.7249999999999,paper_single_prompt,1397.475 + (12 * 50.25),mistralai/Mistral-7B-Instruct-v0.3,TotalCharges,32,2026-04-21T16:00:21.773668+00:00
6751,1397.475,1025.05,372.425,paper_single_prompt,1397.475 * 52 + 19.65 = 71803.45,mistralai/Mistral-7B-Instruct-v0.3,TotalCharges,32,2026-04-21T16:00:21.773668+00:00
6752,1437.05,552.1,884.9499999999999,paper_single_prompt,1437.05,mistralai/Mistral-7B-Instruct-v0.3,TotalCharges,32,2026-04-21T16:00:21.773668+00:00
6754,1397.475,,,paper_single_prompt,1397.475 + (0 * 61.9),mistralai/Mistral-7B-Instruct-v0.3,TotalCharges,32,2026-04-21T16:00:21.773668+00:00
6755,2358.8,3313.4,954.6,paper_single_prompt,"2358.8

Explanation:
- The given record has a tenure of 42 and MonthlyCharges",mistralai/Mistral-7B-Instruct-v0.3,TotalCharges,32,2026-04-21T16:00:21.773668+00:00
6757,1846.75,3014.65,1167.9,paper_single_prompt,1846.75,mistralai/Mistral-7B-Instruct-v0.3,TotalCharges,32,2026-04-21T16:00:21.773668+00:00
6765,1662.44,1673.4,10.960000000000036,paper_single_prompt,1662.44,mistralai/Mistral-7B-Instruct-v0.3,TotalCharges,32,2026-04-21T16:00:21.773668+00:00
6775,2486.75,4438.2,1951.45,paper_single_prompt,2486.75,mistralai/Mistral-7B-Instruct-v0.3,TotalCharges,32,2026-04-21T16:00:21.773668+00:00
6785,3861.6,6876.05,3014.4500000000003,paper_single_prompt,3861.6,mistralai/Mistral-7B-Instruct-v0.3,TotalCharges,32,2026-04-21T16:00:21.773668+00:00
6805,1846.65,7195.35,5348.700000000001,paper_single_prompt,1846.65,mistralai/Mistral-7B-Instruct-v0.3,TotalCharges,32,2026-04-21T16:00:21.773668+00:00
6815,2466.1,5102.35,2636.2500000000005,paper_single_prompt,"2466.1

Explanation:
- The given record has a tenure of 72 and a MonthlyCharg",mistralai/Mistral-7B-Instruct-v0.3,TotalCharges,32,2026-04-21T16:00:21.773668+00:00
6825,1886.55,2272.8,386.2500000000002,paper_single_prompt,1886.55,mistralai/Mistral-7B-Instruct-v0.3,TotalCharges,32,2026-04-21T16:00:21.773668+00:00
6831,1397.475,620.35,777.1249999999999,paper_single_prompt,1397.475 + (7 - 1) * 86.8,mistralai/Mistral-7B-Instruct-v0.3,TotalCharges,32,2026-04-21T16:00:21.773668+00:00
6839,1408.125,1129.75,278.375,paper_single_prompt,1408.125,mistralai/Mistral-7B-Instruct-v0.3,TotalCharges,32,2026-04-21T16:00:21.773668+00:00
6851,3346.7,3616.25,269.5500000000002,paper_single_prompt,"3346.7

Explanation:
- The given record has a tenure of 38 and a MonthlyCharg",mistralai/Mistral-7B-Instruct-v0.3,TotalCharges,32,2026-04-21T16:00:21.773668+00:00
6875,1397.475,1208.6,188.875,paper_single_prompt,1397.475 + (64 * 19.45),mistralai/Mistral-7B-Instruct-v0.3,TotalCharges,32,2026-04-21T16:00:21.773668+00:00
6894,1675.65,334.65,1341.0,paper_single_prompt,1675.65,mistralai/Mistral-7B-Instruct-v0.3,TotalCharges,32,2026-04-21T16:00:21.773668+00:00
6905,1135.5,1307.8,172.29999999999995,paper_single_prompt,"1135.5

Explanation:
- The given record has a tenure of 30, and MonthlyCharg",mistralai/Mistral-7B-Instruct-v0.3,TotalCharges,32,2026-04-21T16:00:21.773668+00:00
6910,1847.4,7882.5,6035.1,paper_single_prompt,"1847.4

Explanation:
- The given record has a tenure of 70, and MonthlyCharg",mistralai/Mistral-7B-Instruct-v0.3,TotalCharges,32,2026-04-21T16:00:21.773668+00:00
6918,3611.25,3361.05,250.19999999999985,paper_single_prompt,3611.25,mistralai/Mistral-7B-Instruct-v0.3,TotalCharges,32,2026-04-21T16:00:21.773668+00:00
6938,1843.64,4615.9,2772.26,paper_single_prompt,1843.64,mistralai/Mistral-7B-Instruct-v0.3,TotalCharges,32,2026-04-21T16:00:21.773668+00:00
6942,1648.0,1396.0,252.0,paper_single_prompt,1648.0,mistralai/Mistral-7B-Instruct-v0.3,TotalCharges,32,2026-04-21T16:00:21.773668+00:00
6949,2475.0,1151.05,1323.95,paper_single_prompt,2475.0,mistralai/Mistral-7B-Instruct-v0.3,TotalCharges,32,2026-04-21T16:00:21.773668+00:00
6967,2242.5,2196.15,46.34999999999991,paper_single_prompt,2242.5,mistralai/Mistral-7B-Instruct-v0.3,TotalCharges,32,2026-04-21T16:00:21.773668+00:00
6976,1632.0,4284.2,2652.2,paper_single_prompt,"1632

Explanation:
The imputed value is calculated by considering the domain hints and critical anti-collapse rules.",mistralai/Mistral-7B-Instruct-v0.3,TotalCharges,32,2026-04-21T16:00:21.773668+00:00
6990,1842.32,3366.05,1523.7300000000002,paper_single_prompt,1842.32,mistralai/Mistral-7B-Instruct-v0.3,TotalCharges,32,2026-04-21T16:00:21.773668+00:00
7002,2440.8,6794.75,4353.95,paper_single_prompt,"2440.8

Explanation:
- The given record has a tenure of 64 and a MonthlyCharg",mistralai/Mistral-7B-Instruct-v0.3,TotalCharges,32,2026-04-21T16:00:21.773668+00:00
7011,1444.32,272.15,1172.17,paper_single_prompt,1444.32,mistralai/Mistral-7B-Instruct-v0.3,TotalCharges,32,2026-04-21T16:00:21.773668+00:00
7022,2499.7,7544.3,5044.6,paper_single_prompt,"2499.7

Explanation:
- The given record has a tenure of 72 months and a MonthlyCh",mistralai/Mistral-7B-Instruct-v0.3,TotalCharges,32,2026-04-21T16:00:21.773668+00:00
7025,1887.15,1679.4,207.75,paper_single_prompt,1887.15,mistralai/Mistral-7B-Instruct-v0.3,TotalCharges,32,2026-04-21T16:00:21.773668+00:00
7034,1843.85,6886.25,5042.4,paper_single_prompt,1843.85,mistralai/Mistral-7B-Instruct-v0.3,TotalCharges,32,2026-04-21T16:00:21.773668+00:00
7037,1653.95,1419.4,234.54999999999995,paper_single_prompt,1653.95,mistralai/Mistral-7B-Instruct-v0.3,TotalCharges,32,2026-04-21T16:00:21.773668+00:00
10,1649.85,587.45,1062.4,paper_single_prompt,1649.85,mistralai/Mistral-7B-Instruct-v0.3,TotalCharges,32,2026-04-22T07:43:23.130935+00:00
12,2793.15,5681.1,2887.9500000000003,paper_single_prompt,2793.15,mistralai/Mistral-7B-Instruct-v0.3,TotalCharges,32,2026-04-22T07:43:23.130935+00:00
35,1843.64,7251.7,5408.0599999999995,paper_single_prompt,1843.64,mistralai/Mistral-7B-Instruct-v0.3,TotalCharges,32,2026-04-22T07:43:23.130935+00:00
41,1654.4,4872.35,3217.9500000000003,paper_single_prompt,"1654.4

Explanation:
- The given record has a tenure of 70 and a MonthlyCharg",mistralai/Mistral-7B-Instruct-v0.3,TotalCharges,32,2026-04-22T07:43:23.130935+00:00
54,1677.05,4456.35,2779.3,paper_single_prompt,1677.05,mistralai/Mistral-7B-Instruct-v0.3,TotalCharges,32,2026-04-22T07:43:23.130935+00:00
55,1847.15,1752.55,94.60000000000014,paper_single_prompt,1847.15,mistralai/Mistral-7B-Instruct-v0.3,TotalCharges,32,2026-04-22T07:43:23.130935+00:00
75,2413.5,6139.5,3726.0,paper_single_prompt,2413.5,mistralai/Mistral-7B-Instruct-v0.3,TotalCharges,32,2026-04-22T07:43:23.130935+00:00
87,1847.65,1057.0,790.6500000000001,paper_single_prompt,1847.65,mistralai/Mistral-7B-Instruct-v0.3,TotalCharges,32,2026-04-22T07:43:23.130935+00:00
96,1843.15,4748.7,2905.5499999999997,paper_single_prompt,1843.15,mistralai/Mistral-7B-Instruct-v0.3,TotalCharges,32,2026-04-22T07:43:23.130935+00:00
103,1111.1,3027.25,1916.15,paper_single_prompt,1111.10,mistralai/Mistral-7B-Instruct-v0.3,TotalCharges,32,2026-04-22T07:43:23.130935+00:00
120,1884.52,5515.45,3630.93,paper_single_prompt,1884.52,mistralai/Mistral-7B-Instruct-v0.3,TotalCharges,32,2026-04-22T07:43:23.130935+00:00
121,1042.9,112.75,930.15,paper_single_prompt,"1042.9

Explanation:
- The given record has a tenure of 6 and a MonthlyCharges",mistralai/Mistral-7B-Instruct-v0.3,TotalCharges,32,2026-04-22T07:43:23.130935+00:00
144,1678.65,1756.2,77.54999999999995,paper_single_prompt,1678.65,mistralai/Mistral-7B-Instruct-v0.3,TotalCharges,32,2026-04-22T07:43:23.130935+00:00
148,2085.5,1929.95,155.54999999999995,paper_single_prompt,2085.5,mistralai/Mistral-7B-Instruct-v0.3,TotalCharges,32,2026-04-22T07:43:23.130935+00:00
157,2459.65,419.9,2039.75,paper_single_prompt,2459.65,mistralai/Mistral-7B-Instruct-v0.3,TotalCharges,32,2026-04-22T07:43:23.130935+00:00
158,1846.5,1024.0,822.5,paper_single_prompt,"1846.5

Explanation:
- The given record has a tenure of 16 and a MonthlyCharg",mistralai/Mistral-7B-Instruct-v0.3,TotalCharges,32,2026-04-22T07:43:23.130935+00:00
173,3442.7,5000.2,1557.5,paper_single_prompt,"3442.7

Explanation:
- The given record has a tenure of 53 and MonthlyCharges",mistralai/Mistral-7B-Instruct-v0.3,TotalCharges,32,2026-04-22T07:43:23.130935+00:00
205,2698.55,2684.85,13.700000000000273,paper_single_prompt,2698.55,mistralai/Mistral-7B-Instruct-v0.3,TotalCharges,32,2026-04-22T07:43:23.130935+00:00
209,2019.07,6654.1,4635.030000000001,paper_single_prompt,"2019.07

Explanation:
- The given record has a tenure of 64 and a MonthlyCh",mistralai/Mistral-7B-Instruct-v0.3,TotalCharges,32,2026-04-22T07:43:23.130935+00:00
217,1600.0,3789.2,2189.2,paper_single_prompt,1600.0,mistralai/Mistral-7B-Instruct-v0.3,TotalCharges,32,2026-04-22T07:43:23.130935+00:00
247,1641.36,1074.3,567.06,paper_single_prompt,"1641.36

Explanation:
- The given record has a tenure of 15 and MonthlyCharg",mistralai/Mistral-7B-Instruct-v0.3,TotalCharges,32,2026-04-22T07:43:23.130935+00:00
256,2461.6,7008.15,4546.549999999999,paper_single_prompt,"2461.6

Explanation:
- The given record has a tenure of 61 and a MonthlyCharg",mistralai/Mistral-7B-Instruct-v0.3,TotalCharges,32,2026-04-22T07:43:23.130935+00:00
257,2717.05,5791.1,3074.05,paper_single_prompt,2717.05,mistralai/Mistral-7B-Instruct-v0.3,TotalCharges,32,2026-04-22T07:43:23.130935+00:00
263,1685.55,1520.1,165.45000000000005,paper_single_prompt,1685.55,mistralai/Mistral-7B-Instruct-v0.3,TotalCharges,32,2026-04-22T07:43:23.130935+00:00
265,1665.6,5526.75,3861.15,paper_single_prompt,"1665.6

Explanation:
- The given record has a tenure of 61, and MonthlyCharg",mistralai/Mistral-7B-Instruct-v0.3,TotalCharges,32,2026-04-22T07:43:23.130935+00:00
290,2369.2,1712.7,656.4999999999998,paper_single_prompt,"2369.2

Explanation:
- The given record has a tenure of 24, and MonthlyCharg",mistralai/Mistral-7B-Instruct-v0.3,TotalCharges,32,2026-04-22T07:43:23.130935+00:00
292,1843.52,1940.8,97.27999999999996,paper_single_prompt,1843.52,mistralai/Mistral-7B-Instruct-v0.3,TotalCharges,32,2026-04-22T07:43:23.130935+00:00
297,3324.8,3437.5,112.69999999999982,paper_single_prompt,"3324.8

Explanation:
- The given record has a tenure of 35 and a MonthlyCharg",mistralai/Mistral-7B-Instruct-v0.3,TotalCharges,32,2026-04-22T07:43:23.130935+00:00
303,1609.42,4109.0,2499.58,paper_single_prompt,1609.42,mistralai/Mistral-7B-Instruct-v0.3,TotalCharges,32,2026-04-22T07:43:23.130935+00:00
307,2096.55,2054.4,42.15000000000009,paper_single_prompt,2096.55,mistralai/Mistral-7B-Instruct-v0.3,TotalCharges,32,2026-04-22T07:43:23.130935+00:00
316,1397.475,1355.1,42.375,paper_single_prompt,1397.475 * 71 + 19.9,mistralai/Mistral-7B-Instruct-v0.3,TotalCharges,32,2026-04-22T07:43:23.130935+00:00
317,2859.1,3058.65,199.55000000000015,paper_single_prompt,"2859.1

Explanation:
- The given record has a tenure of 38 and a MonthlyCharg",mistralai/Mistral-7B-Instruct-v0.3,TotalCharges,32,2026-04-22T07:43:23.130935+00:00
323,1289.42,422.3,867.1200000000001,paper_single_prompt,1289.42,mistralai/Mistral-7B-Instruct-v0.3,TotalCharges,32,2026-04-22T07:43:23.130935+00:00
324,1654.275,4176.7,2522.4249999999997,paper_single_prompt,1654.275,mistralai/Mistral-7B-Instruct-v0.3,TotalCharges,32,2026-04-22T07:43:23.130935+00:00
349,1844.84,6430.9,4586.0599999999995,paper_single_prompt,1844.84,mistralai/Mistral-7B-Instruct-v0.3,TotalCharges,32,2026-04-22T07:43:23.130935+00:00
350,2808.4,2278.75,529.6500000000001,paper_single_prompt,"2808.4

Explanation:
- The given record has a tenure of 37 and a MonthlyCharg",mistralai/Mistral-7B-Instruct-v0.3,TotalCharges,32,2026-04-22T07:43:23.130935+00:00
354,1843.85,840.1,1003.75,paper_single_prompt,1843.85,mistralai/Mistral-7B-Instruct-v0.3,TotalCharges,32,2026-04-22T07:43:23.130935+00:00
368,1848.91,6962.85,5113.9400000000005,paper_single_prompt,1848.91,mistralai/Mistral-7B-Instruct-v0.3,TotalCharges,32,2026-04-22T07:43:23.130935+00:00
370,1848.32,690.25,1158.07,paper_single_prompt,1848.32,mistralai/Mistral-7B-Instruct-v0.3,TotalCharges,32,2026-04-22T07:43:23.130935+00:00
373,2496.5625,5608.4,3111.8374999999996,paper_single_prompt,2496.5625,mistralai/Mistral-7B-Instruct-v0.3,TotalCharges,32,2026-04-22T07:43:23.130935+00:00
384,3604.4,5067.45,1463.0499999999995,paper_single_prompt,"3604.4

Explanation:
- The given record has a tenure of 48, and MonthlyCharg",mistralai/Mistral-7B-Instruct-v0.3,TotalCharges,32,2026-04-22T07:43:23.130935+00:00
393,1636.3,367.55,1268.75,paper_single_prompt,"1636.3

Explanation:
- The given record has a tenure of 19, and MonthlyCharg",mistralai/Mistral-7B-Instruct-v0.3,TotalCharges,32,2026-04-22T07:43:23.130935+00:00
398,1641.52,1803.7,162.18000000000006,paper_single_prompt,"1641.52

Explanation:
- The given record has a tenure of 33 and MonthlyCharg",mistralai/Mistral-7B-Instruct-v0.3,TotalCharges,32,2026-04-22T07:43:23.130935+00:00
399,1841.15,415.1,1426.0500000000002,paper_single_prompt,1841.15,mistralai/Mistral-7B-Instruct-v0.3,TotalCharges,32,2026-04-22T07:43:23.130935+00:00
411,1843.65,1066.15,777.5,paper_single_prompt,1843.65,mistralai/Mistral-7B-Instruct-v0.3,TotalCharges,32,2026-04-22T07:43:23.130935+00:00
416,1843.64,6858.9,5015.259999999999,paper_single_prompt,1843.64,mistralai/Mistral-7B-Instruct-v0.3,TotalCharges,32,2026-04-22T07:43:23.130935+00:00
417,1632.8,1024.7,608.0999999999999,paper_single_prompt,1632.8,mistralai/Mistral-7B-Instruct-v0.3,TotalCharges,32,2026-04-22T07:43:23.130935+00:00
436,1844.35,720.05,1124.3,paper_single_prompt,1844.35,mistralai/Mistral-7B-Instruct-v0.3,TotalCharges,32,2026-04-22T07:43:23.130935+00:00
454,1668.8,1417.9,250.89999999999984,paper_single_prompt,"1668.8

Explanation:
- The given record has a tenure of 61, and MonthlyCharg",mistralai/Mistral-7B-Instruct-v0.3,TotalCharges,32,2026-04-22T07:43:23.130935+00:00
467,1843.85,6588.95,4745.1,paper_single_prompt,1843.85,mistralai/Mistral-7B-Instruct-v0.3,TotalCharges,32,2026-04-22T07:43:23.130935+00:00
476,2416.55,2747.2,330.64999999999964,paper_single_prompt,2416.55,mistralai/Mistral-7B-Instruct-v0.3,TotalCharges,32,2026-04-22T07:43:23.130935+00:00
481,1634.725,2145.0,510.2750000000001,paper_single_prompt,1634.725,mistralai/Mistral-7B-Instruct-v0.3,TotalCharges,32,2026-04-22T07:43:23.130935+00:00
488,1397.475,,,paper_single_prompt,1397.475 + (0 * 52.55),mistralai/Mistral-7B-Instruct-v0.3,TotalCharges,32,2026-04-22T07:43:23.130935+00:00
518,2080.8,1929.35,151.45000000000027,paper_single_prompt,"2080.8

Explanation:
- The given record has a tenure of 27 and MonthlyCharges",mistralai/Mistral-7B-Instruct-v0.3,TotalCharges,32,2026-04-22T07:43:23.130935+00:00
568,3306.5,3527.6,221.0999999999999,paper_single_prompt,3306.5,mistralai/Mistral-7B-Instruct-v0.3,TotalCharges,32,2026-04-22T07:43:23.130935+00:00
589,1844.84,6668.05,4823.21,paper_single_prompt,1844.84,mistralai/Mistral-7B-Instruct-v0.3,TotalCharges,32,2026-04-22T07:43:23.130935+00:00
599,1397.475,1414.45,16.975000000000136,paper_single_prompt,1397.475 + (65 * 20.4),mistralai/Mistral-7B-Instruct-v0.3,TotalCharges,32,2026-04-22T07:43:23.130935+00:00
602,1657.5,4859.25,3201.75,paper_single_prompt,"1657.5

Explanation:
- The given record has a tenure of 66 and MonthlyCharges",mistralai/Mistral-7B-Instruct-v0.3,TotalCharges,32,2026-04-22T07:43:23.130935+00:00
603,3453.9,4903.2,1449.2999999999995,paper_single_prompt,"3453.9

Explanation:
- The given record has a tenure of 46 and a MonthlyCharg",mistralai/Mistral-7B-Instruct-v0.3,TotalCharges,32,2026-04-22T07:43:23.130935+00:00
620,1397.475,362.6,1034.875,paper_single_prompt,1397.475 + (10 - 1) * 34.55 = 1626.4,mistralai/Mistral-7B-Instruct-v0.3,TotalCharges,32,2026-04-22T07:43:23.130935+00:00
634,1618.15,2236.2,618.0499999999997,paper_single_prompt,1618.15,mistralai/Mistral-7B-Instruct-v0.3,TotalCharges,32,2026-04-22T07:43:23.130935+00:00
636,2883.55,3109.9,226.3499999999999,paper_single_prompt,2883.55,mistralai/Mistral-7B-Instruct-v0.3,TotalCharges,32,2026-04-22T07:43:23.130935+00:00
643,1646.15,4287.2,2641.0499999999997,paper_single_prompt,1646.15,mistralai/Mistral-7B-Instruct-v0.3,TotalCharges,32,2026-04-22T07:43:23.130935+00:00
667,1164.8,1453.1,288.29999999999995,paper_single_prompt,"1164.8

Explanation:
- The given record has a tenure of 49, and MonthlyCharg",mistralai/Mistral-7B-Instruct-v0.3,TotalCharges,32,2026-04-22T07:43:23.130935+00:00
669,1262.56,4039.3,2776.74,paper_single_prompt,"1262.56

Explanation:
- The given record has a tenure of 70 and a MonthlyCh",mistralai/Mistral-7B-Instruct-v0.3,TotalCharges,32,2026-04-22T07:43:23.130935+00:00
673,2836.4,493.4,2343.0,paper_single_prompt,2836.4,mistralai/Mistral-7B-Instruct-v0.3,TotalCharges,32,2026-04-22T07:43:23.130935+00:00
683,3450.0,4188.4,738.3999999999996,paper_single_prompt,3450.0,mistralai/Mistral-7B-Instruct-v0.3,TotalCharges,32,2026-04-22T07:43:23.130935+00:00
705,2496.45,2015.35,481.0999999999999,paper_single_prompt,2496.45,mistralai/Mistral-7B-Instruct-v0.3,TotalCharges,32,2026-04-22T07:43:23.130935+00:00
714,1648.8,1710.9,62.100000000000136,paper_single_prompt,"1648.8

Explanation:
- The given record has a tenure of 72 and a MonthlyCharg",mistralai/Mistral-7B-Instruct-v0.3,TotalCharges,32,2026-04-22T07:43:23.130935+00:00
719,1648.05,5589.3,3941.25,paper_single_prompt,1648.05,mistralai/Mistral-7B-Instruct-v0.3,TotalCharges,32,2026-04-22T07:43:23.130935+00:00
721,1666.3,1305.95,360.3499999999999,paper_single_prompt,1666.3,mistralai/Mistral-7B-Instruct-v0.3,TotalCharges,32,2026-04-22T07:43:23.130935+00:00
734,2079.65,2423.4,343.75,paper_single_prompt,2079.65,mistralai/Mistral-7B-Instruct-v0.3,TotalCharges,32,2026-04-22T07:43:23.130935+00:00
743,1649.44,1551.6,97.84000000000016,paper_single_prompt,1649.44,mistralai/Mistral-7B-Instruct-v0.3,TotalCharges,32,2026-04-22T07:43:23.130935+00:00
745,2431.2,7882.25,5451.05,paper_single_prompt,"2431.2

Explanation:
- The given record has a tenure of 72 and a MonthlyCharg",mistralai/Mistral-7B-Instruct-v0.3,TotalCharges,32,2026-04-22T07:43:23.130935+00:00
749,1651.35,5817.0,4165.65,paper_single_prompt,1651.35,mistralai/Mistral-7B-Instruct-v0.3,TotalCharges,32,2026-04-22T07:43:23.130935+00:00
751,1641.95,5600.15,3958.2,paper_single_prompt,1641.95,mistralai/Mistral-7B-Instruct-v0.3,TotalCharges,32,2026-04-22T07:43:23.130935+00:00
753,1397.475,,,paper_single_prompt,1397.475 + (0 * 20.25),mistralai/Mistral-7B-Instruct-v0.3,TotalCharges,32,2026-04-22T07:43:23.130935+00:00
763,1843.15,4758.8,2915.65,paper_single_prompt,1843.15,mistralai/Mistral-7B-Instruct-v0.3,TotalCharges,32,2026-04-22T07:43:23.130935+00:00
769,1843.52,1175.6,667.9200000000001,paper_single_prompt,1843.52,mistralai/Mistral-7B-Instruct-v0.3,TotalCharges,32,2026-04-22T07:43:23.130935+00:00
775,2419.9,8065.65,5645.75,paper_single_prompt,"2419.9

Explanation:
- The given record has a tenure of 72 months and a MonthlyCh",mistralai/Mistral-7B-Instruct-v0.3,TotalCharges,32,2026-04-22T07:43:23.130935+00:00
776,1149.05,92.5,1056.55,paper_single_prompt,1149.05,mistralai/Mistral-7B-Instruct-v0.3,TotalCharges,32,2026-04-22T07:43:23.130935+00:00
786,1846.72,3983.6,2136.88,paper_single_prompt,1846.72,mistralai/Mistral-7B-Instruct-v0.3,TotalCharges,32,2026-04-22T07:43:23.130935+00:00
790,1397.475,3590.2,2192.725,paper_single_prompt,1397.475 + (60 * 59.85),mistralai/Mistral-7B-Instruct-v0.3,TotalCharges,32,2026-04-22T07:43:23.130935+00:00
791,1843.64,5023.0,3179.3599999999997,paper_single_prompt,1843.64,mistralai/Mistral-7B-Instruct-v0.3,TotalCharges,32,2026-04-22T07:43:23.130935+00:00
808,3251.2,4113.1,861.9000000000005,paper_single_prompt,"3251.2

Explanation:
- The given record has a tenure of 40, and MonthlyCharg",mistralai/Mistral-7B-Instruct-v0.3,TotalCharges,32,2026-04-22T07:43:23.130935+00:00
811,2488.0,7250.15,4762.15,paper_single_prompt,"2488

Explanation:
The imputed value is calculated by considering the given constraints and domain hints. The tenure",mistralai/Mistral-7B-Instruct-v0.3,TotalCharges,32,2026-04-22T07:43:23.130935+00:00
818,2654.4,2317.1,337.3000000000002,paper_single_prompt,"2654.4

Explanation:
- The given record has a tenure of 21, and MonthlyCharg",mistralai/Mistral-7B-Instruct-v0.3,TotalCharges,32,2026-04-22T07:43:23.130935+00:00
820,1688.05,6751.35,5063.3,paper_single_prompt,1688.05,mistralai/Mistral-7B-Instruct-v0.3,TotalCharges,32,2026-04-22T07:43:23.130935+00:00
828,3428.7,5453.4,2024.7,paper_single_prompt,"3428.7

Explanation:
- The given record has a tenure of 60, and MonthlyCharg",mistralai/Mistral-7B-Instruct-v0.3,TotalCharges,32,2026-04-22T07:43:23.130935+00:00
833,1843.2,3340.55,1497.35,paper_single_prompt,"1843.2

Explanation:
- The given record has a tenure of 37 and MonthlyCharges",mistralai/Mistral-7B-Instruct-v0.3,TotalCharges,32,2026-04-22T07:43:23.130935+00:00
836,1656.84,4487.3,2830.46,paper_single_prompt,"1656.84

Explanation:
- The given record has a tenure of 62 and a MonthlyCh",mistralai/Mistral-7B-Instruct-v0.3,TotalCharges,32,2026-04-22T07:43:23.130935+00:00
841,2460.0,7589.8,5129.8,paper_single_prompt,2460,mistralai/Mistral-7B-Instruct-v0.3,TotalCharges,32,2026-04-22T07:43:23.130935+00:00
845,1684.25,295.95,1388.3,paper_single_prompt,1684.25,mistralai/Mistral-7B-Instruct-v0.3,TotalCharges,32,2026-04-22T07:43:23.130935+00:00
856,1632.13,6309.65,4677.5199999999995,paper_single_prompt,1632.13,mistralai/Mistral-7B-Instruct-v0.3,TotalCharges,32,2026-04-22T07:43:23.130935+00:00
861,1886.84,5822.3,3935.46,paper_single_prompt,1886.84,mistralai/Mistral-7B-Instruct-v0.3,TotalCharges,32,2026-04-22T07:43:23.130935+00:00
870,1846.44,7015.9,5169.459999999999,paper_single_prompt,"1846.44

Explanation:
- The given record has a tenure of 72 and a MonthlyCh",mistralai/Mistral-7B-Instruct-v0.3,TotalCharges,32,2026-04-22T07:43:23.130935+00:00
876,1626.65,1582.75,43.90000000000009,paper_single_prompt,1626.65,mistralai/Mistral-7B-Instruct-v0.3,TotalCharges,32,2026-04-22T07:43:23.130935+00:00
897,2783.275,5682.25,2898.975,paper_single_prompt,2783.275,mistralai/Mistral-7B-Instruct-v0.3,TotalCharges,32,2026-04-22T07:43:23.130935+00:00
911,1634.0,1288.3,345.70000000000005,paper_single_prompt,1634.0,mistralai/Mistral-7B-Instruct-v0.3,TotalCharges,32,2026-04-22T07:43:23.130935+00:00
918,1843.85,2193.0,349.1500000000001,paper_single_prompt,1843.85,mistralai/Mistral-7B-Instruct-v0.3,TotalCharges,32,2026-04-22T07:43:23.130935+00:00
923,1660.41,4786.15,3125.74,paper_single_prompt,"1660.41

Explanation:
- The given record has a tenure of 63 and a MonthlyCh",mistralai/Mistral-7B-Instruct-v0.3,TotalCharges,32,2026-04-22T07:43:23.130935+00:00
925,2419.2,2404.15,15.049999999999727,paper_single_prompt,"2419.2

Explanation:
- The given record has a tenure of 32 and MonthlyCharges",mistralai/Mistral-7B-Instruct-v0.3,TotalCharges,32,2026-04-22T07:43:23.130935+00:00
936,1397.475,,,paper_single_prompt,1397.475 + (0 * 80.85),mistralai/Mistral-7B-Instruct-v0.3,TotalCharges,32,2026-04-22T07:43:23.130935+00:00
942,2039.64,2001.0,38.6400000000001,paper_single_prompt,2039.64,mistralai/Mistral-7B-Instruct-v0.3,TotalCharges,32,2026-04-22T07:43:23.130935+00:00
943,1644.0,4919.7,3275.7,paper_single_prompt,1644.0,mistralai/Mistral-7B-Instruct-v0.3,TotalCharges,32,2026-04-22T07:43:23.130935+00:00
944,1887.85,5645.8,3757.95,paper_single_prompt,1887.85,mistralai/Mistral-7B-Instruct-v0.3,TotalCharges,32,2026-04-22T07:43:23.130935+00:00
966,1397.475,112.3,1285.175,paper_single_prompt,1397.475 + (7 - 1) * 19.25 = 1154.62,mistralai/Mistral-7B-Instruct-v0.3,TotalCharges,32,2026-04-22T07:43:23.130935+00:00
972,1642.7,4048.95,2406.25,paper_single_prompt,"1642.7

Explanation:
- The given record has a tenure of 58 and a MonthlyCharg",mistralai/Mistral-7B-Instruct-v0.3,TotalCharges,32,2026-04-22T07:43:23.130935+00:00
987,1397.475,19.75,1377.725,paper_single_prompt,1397.475 + (1 * 19.75),mistralai/Mistral-7B-Instruct-v0.3,TotalCharges,32,2026-04-22T07:43:23.130935+00:00
988,2466.55,537.35,1929.2000000000005,paper_single_prompt,2466.55,mistralai/Mistral-7B-Instruct-v0.3,TotalCharges,32,2026-04-22T07:43:23.130935+00:00
990,1684.2,4513.65,2829.45,paper_single_prompt,"1684.2

Explanation:
- The given record has a tenure of 56 and a MonthlyCharg",mistralai/Mistral-7B-Instruct-v0.3,TotalCharges,32,2026-04-22T07:43:23.130935+00:00
991,1630.55,1423.85,206.70000000000005,paper_single_prompt,1630.55,mistralai/Mistral-7B-Instruct-v0.3,TotalCharges,32,2026-04-22T07:43:23.130935+00:00
1001,2066.5,1893.95,172.54999999999995,paper_single_prompt,2066.5,mistralai/Mistral-7B-Instruct-v0.3,TotalCharges,32,2026-04-22T07:43:23.130935+00:00
1014,1846.35,990.85,855.4999999999999,paper_single_prompt,1846.35,mistralai/Mistral-7B-Instruct-v0.3,TotalCharges,32,2026-04-22T07:43:23.130935+00:00
1020,1686.15,2066.0,379.8499999999999,paper_single_prompt,1686.15,mistralai/Mistral-7B-Instruct-v0.3,TotalCharges,32,2026-04-22T07:43:23.130935+00:00
1024,1844.35,2552.9,708.5500000000002,paper_single_prompt,1844.35,mistralai/Mistral-7B-Instruct-v0.3,TotalCharges,32,2026-04-22T07:43:23.130935+00:00
1028,2183.25,2070.6,112.65000000000008,paper_single_prompt,2183.25,mistralai/Mistral-7B-Instruct-v0.3,TotalCharges,32,2026-04-22T07:43:23.130935+00:00
1035,1682.34,1697.7,15.360000000000127,paper_single_prompt,1682.34,mistralai/Mistral-7B-Instruct-v0.3,TotalCharges,32,2026-04-22T07:43:23.130935+00:00
1046,1887.4,3877.65,1990.25,paper_single_prompt,"1887.4

Explanation:
- The given record has a tenure of 52 and a MonthlyCharg",mistralai/Mistral-7B-Instruct-v0.3,TotalCharges,32,2026-04-22T07:43:23.130935+00:00
1052,1623.5,3208.65,1585.15,paper_single_prompt,1623.5,mistralai/Mistral-7B-Instruct-v0.3,TotalCharges,32,2026-04-22T07:43:23.130935+00:00
1069,1848.0,1055.9,792.0999999999999,paper_single_prompt,"1848

Explanation:
- The given record has a tenure of 20, and MonthlyCharges of",mistralai/Mistral-7B-Instruct-v0.3,TotalCharges,32,2026-04-22T07:43:23.130935+00:00
1082,1397.475,,,paper_single_prompt,1397.475 + (0 * 25.75),mistralai/Mistral-7B-Instruct-v0.3,TotalCharges,32,2026-04-22T07:43:23.130935+00:00
1084,1397.475,1012.4,385.07499999999993,paper_single_prompt,1397.475 + (52 * 19.6),mistralai/Mistral-7B-Instruct-v0.3,TotalCharges,32,2026-04-22T07:43:23.130935+00:00
1092,1697.65,4523.25,2825.6,paper_single_prompt,1697.65,mistralai/Mistral-7B-Instruct-v0.3,TotalCharges,32,2026-04-22T07:43:23.130935+00:00
1093,1846.85,7159.7,5312.85,paper_single_prompt,1846.85,mistralai/Mistral-7B-Instruct-v0.3,TotalCharges,32,2026-04-22T07:43:23.130935+00:00
1098,1664.35,6038.55,4374.200000000001,paper_single_prompt,1664.35,mistralai/Mistral-7B-Instruct-v0.3,TotalCharges,32,2026-04-22T07:43:23.130935+00:00
1106,1886.85,6253.0,4366.15,paper_single_prompt,1886.85,mistralai/Mistral-7B-Instruct-v0.3,TotalCharges,32,2026-04-22T07:43:23.130935+00:00
1107,1658.5,1641.8,16.700000000000045,paper_single_prompt,1658.5,mistralai/Mistral-7B-Instruct-v0.3,TotalCharges,32,2026-04-22T07:43:23.130935+00:00
1118,2645.5,4997.5,2352.0,paper_single_prompt,2645.5,mistralai/Mistral-7B-Instruct-v0.3,TotalCharges,32,2026-04-22T07:43:23.130935+00:00
1146,1164.8,1072.6,92.20000000000005,paper_single_prompt,"1164.8

Explanation:
- The given record has a tenure of 29 and a MonthlyCharg",mistralai/Mistral-7B-Instruct-v0.3,TotalCharges,32,2026-04-22T07:43:23.130935+00:00
1164,1688.54,5831.2,4142.66,paper_single_prompt,"1688.54

Explanation:
- The given record has a tenure of 71 and MonthlyCharg",mistralai/Mistral-7B-Instruct-v0.3,TotalCharges,32,2026-04-22T07:43:23.130935+00:00
1170,3088.0,8093.15,5005.15,paper_single_prompt,"3088

Explanation:
The imputed value is calculated by considering the given constraints and domain hints. The typical center",mistralai/Mistral-7B-Instruct-v0.3,TotalCharges,32,2026-04-22T07:43:23.130935+00:00
1178,1844.7,1553.95,290.75,paper_single_prompt,"1844.7

Explanation:
- The given record has a tenure of 15 and MonthlyCharges",mistralai/Mistral-7B-Instruct-v0.3,TotalCharges,32,2026-04-22T07:43:23.130935+00:00
1180,1846.32,1971.15,124.83000000000015,paper_single_prompt,1846.32,mistralai/Mistral-7B-Instruct-v0.3,TotalCharges,32,2026-04-22T07:43:23.130935+00:00
1187,2451.05,7413.55,4962.5,paper_single_prompt,2451.05,mistralai/Mistral-7B-Instruct-v0.3,TotalCharges,32,2026-04-22T07:43:23.130935+00:00
1216,1622.8,1090.6,532.2,paper_single_prompt,"1622.8

Explanation:
- The given record has a tenure of 54 and a MonthlyCharg",mistralai/Mistral-7B-Instruct-v0.3,TotalCharges,32,2026-04-22T07:43:23.130935+00:00
1219,1414.35,4300.45,2886.1,paper_single_prompt,1414.35,mistralai/Mistral-7B-Instruct-v0.3,TotalCharges,32,2026-04-22T07:43:23.130935+00:00
1231,1847.2,1398.6,448.60000000000014,paper_single_prompt,1847.2,mistralai/Mistral-7B-Instruct-v0.3,TotalCharges,32,2026-04-22T07:43:23.130935+00:00
1232,3348.9,2564.3,784.5999999999999,paper_single_prompt,"3348.9

Explanation:
- The given record has a tenure of 34, and MonthlyCharg",mistralai/Mistral-7B-Instruct-v0.3,TotalCharges,32,2026-04-22T07:43:23.130935+00:00
1245,2303.65,2117.25,186.4000000000001,paper_single_prompt,2303.65,mistralai/Mistral-7B-Instruct-v0.3,TotalCharges,32,2026-04-22T07:43:23.130935+00:00
1263,1662.72,6127.6,4464.88,paper_single_prompt,1662.72,mistralai/Mistral-7B-Instruct-v0.3,TotalCharges,32,2026-04-22T07:43:23.130935+00:00
1267,1886.72,4818.8,2932.08,paper_single_prompt,1886.72,mistralai/Mistral-7B-Instruct-v0.3,TotalCharges,32,2026-04-22T07:43:23.130935+00:00
1275,1397.475,3112.05,1714.5750000000005,paper_single_prompt,1397.475 + (55 - 1) * 56.8,mistralai/Mistral-7B-Instruct-v0.3,TotalCharges,32,2026-04-22T07:43:23.130935+00:00
1284,1397.475,1188.25,209.2249999999999,paper_single_prompt,1397.475 + (59 * 19.85),mistralai/Mistral-7B-Instruct-v0.3,TotalCharges,32,2026-04-22T07:43:23.130935+00:00
1288,1397.475,1240.15,157.32499999999982,paper_single_prompt,1397.475 * 64 + 19.55 = 8868.645,mistralai/Mistral-7B-Instruct-v0.3,TotalCharges,32,2026-04-22T07:43:23.130935+00:00
1300,3415.2,7962.2,4547.0,paper_single_prompt,"3415.2

Explanation:
- The given record has a tenure of 72 and a MonthlyCharg",mistralai/Mistral-7B-Instruct-v0.3,TotalCharges,32,2026-04-22T07:43:23.130935+00:00
1327,3497.5,5961.1,2463.6000000000004,paper_single_prompt,"3497.5

Explanation:
- The given record has a tenure of 59 and MonthlyCharges",mistralai/Mistral-7B-Instruct-v0.3,TotalCharges,32,2026-04-22T07:43:23.130935+00:00
1329,1397.475,1496.45,98.97500000000014,paper_single_prompt,1397.475 * 72 + 19.4,mistralai/Mistral-7B-Instruct-v0.3,TotalCharges,32,2026-04-22T07:43:23.130935+00:00
1340,1397.475,,,paper_single_prompt,1397.475 + (0 * 56.05),mistralai/Mistral-7B-Instruct-v0.3,TotalCharges,32,2026-04-22T07:43:23.130935+00:00
1345,2426.5625,5985.0,3558.4375,paper_single_prompt,2426.5625,mistralai/Mistral-7B-Instruct-v0.3,TotalCharges,32,2026-04-22T07:43:23.130935+00:00
1359,1242.125,889.9,352.225,paper_single_prompt,1242.125,mistralai/Mistral-7B-Instruct-v0.3,TotalCharges,32,2026-04-22T07:43:23.130935+00:00
1369,1843.85,2033.85,190.0,paper_single_prompt,1843.85,mistralai/Mistral-7B-Instruct-v0.3,TotalCharges,32,2026-04-22T07:43:23.130935+00:00
1380,3053.675,6145.2,3091.5249999999996,paper_single_prompt,3053.675,mistralai/Mistral-7B-Instruct-v0.3,TotalCharges,32,2026-04-22T07:43:23.130935+00:00
1391,1843.25,2440.25,597.0,paper_single_prompt,1843.25,mistralai/Mistral-7B-Instruct-v0.3,TotalCharges,32,2026-04-22T07:43:23.130935+00:00
1406,1618.2,1673.8,55.59999999999991,paper_single_prompt,"1618.2

Explanation:
- The given record has a tenure of 66 and a MonthlyCharg",mistralai/Mistral-7B-Instruct-v0.3,TotalCharges,32,2026-04-22T07:43:23.130935+00:00
1416,1194.5,3166.9,1972.4,paper_single_prompt,1194.5,mistralai/Mistral-7B-Instruct-v0.3,TotalCharges,32,2026-04-22T07:43:23.130935+00:00
1427,1847.35,3122.4,1275.0500000000002,paper_single_prompt,1847.35,mistralai/Mistral-7B-Instruct-v0.3,TotalCharges,32,2026-04-22T07:43:23.130935+00:00
1429,1843.75,1088.25,755.5,paper_single_prompt,1843.75,mistralai/Mistral-7B-Instruct-v0.3,TotalCharges,32,2026-04-22T07:43:23.130935+00:00
1431,2485.2,2908.2,423.0,paper_single_prompt,"2485.2

Explanation:
- The given record has a tenure of 43 and a MonthlyCharg",mistralai/Mistral-7B-Instruct-v0.3,TotalCharges,32,2026-04-22T07:43:23.130935+00:00
1481,1843.25,4754.3,2911.05,paper_single_prompt,1843.25,mistralai/Mistral-7B-Instruct-v0.3,TotalCharges,32,2026-04-22T07:43:23.130935+00:00
1483,1846.125,3562.5,1716.375,paper_single_prompt,1846.125,mistralai/Mistral-7B-Instruct-v0.3,TotalCharges,32,2026-04-22T07:43:23.130935+00:00
1524,1666.95,7002.95,5336.0,paper_single_prompt,1666.95,mistralai/Mistral-7B-Instruct-v0.3,TotalCharges,32,2026-04-22T07:43:23.130935+00:00
1545,3026.5,6536.5,3510.0,paper_single_prompt,3026.5,mistralai/Mistral-7B-Instruct-v0.3,TotalCharges,32,2026-04-22T07:43:23.130935+00:00
1604,1846.15,6511.25,4665.1,paper_single_prompt,1846.15,mistralai/Mistral-7B-Instruct-v0.3,TotalCharges,32,2026-04-22T07:43:23.130935+00:00
1611,1887.65,6468.6,4580.950000000001,paper_single_prompt,1887.65,mistralai/Mistral-7B-Instruct-v0.3,TotalCharges,32,2026-04-22T07:43:23.130935+00:00
1612,1844.32,5918.8,4074.480000000001,paper_single_prompt,1844.32,mistralai/Mistral-7B-Instruct-v0.3,TotalCharges,32,2026-04-22T07:43:23.130935+00:00
1628,2101.55,2627.2,525.6499999999996,paper_single_prompt,2101.55,mistralai/Mistral-7B-Instruct-v0.3,TotalCharges,32,2026-04-22T07:43:23.130935+00:00
1631,1844.75,1463.45,381.2999999999999,paper_single_prompt,1844.75,mistralai/Mistral-7B-Instruct-v0.3,TotalCharges,32,2026-04-22T07:43:23.130935+00:00
1646,1614.5,3801.3,2186.8,paper_single_prompt,1614.5,mistralai/Mistral-7B-Instruct-v0.3,TotalCharges,32,2026-04-22T07:43:23.130935+00:00
1647,1474.5,868.5,606.0,paper_single_prompt,1474.5,mistralai/Mistral-7B-Instruct-v0.3,TotalCharges,32,2026-04-22T07:43:23.130935+00:00
1657,1844.8,901.25,943.55,paper_single_prompt,1844.8,mistralai/Mistral-7B-Instruct-v0.3,TotalCharges,32,2026-04-22T07:43:23.130935+00:00
1660,1844.36,1139.2,705.1599999999999,paper_single_prompt,1844.36,mistralai/Mistral-7B-Instruct-v0.3,TotalCharges,32,2026-04-22T07:43:23.130935+00:00
1663,3443.25,4812.75,1369.5,paper_single_prompt,3443.25,mistralai/Mistral-7B-Instruct-v0.3,TotalCharges,32,2026-04-22T07:43:23.130935+00:00
1675,1846.22,2384.15,537.9300000000001,paper_single_prompt,1846.22,mistralai/Mistral-7B-Instruct-v0.3,TotalCharges,32,2026-04-22T07:43:23.130935+00:00
1681,1650.0,1849.2,199.20000000000005,paper_single_prompt,1650,mistralai/Mistral-7B-Instruct-v0.3,TotalCharges,32,2026-04-22T07:43:23.130935+00:00
1687,1696.48,314.95,1381.53,paper_single_prompt,1696.48,mistralai/Mistral-7B-Instruct-v0.3,TotalCharges,32,2026-04-22T07:43:23.130935+00:00
1700,1846.15,943.0,903.15,paper_single_prompt,1846.15,mistralai/Mistral-7B-Instruct-v0.3,TotalCharges,32,2026-04-22T07:43:23.130935+00:00
1701,3081.65,6615.15,3533.4999999999995,paper_single_prompt,3081.65,mistralai/Mistral-7B-Instruct-v0.3,TotalCharges,32,2026-04-22T07:43:23.130935+00:00
1705,1612.35,5044.8,3432.4500000000003,paper_single_prompt,1612.35,mistralai/Mistral-7B-Instruct-v0.3,TotalCharges,32,2026-04-22T07:43:23.130935+00:00
1717,1397.475,1421.9,24.425000000000185,paper_single_prompt,1397.475 * 72 + 19.7 = 10068.495,mistralai/Mistral-7B-Instruct-v0.3,TotalCharges,32,2026-04-22T07:43:23.130935+00:00
1720,1675.52,163.7,1511.82,paper_single_prompt,1675.52,mistralai/Mistral-7B-Instruct-v0.3,TotalCharges,32,2026-04-22T07:43:23.130935+00:00
1745,1397.475,1119.9,277.5749999999998,paper_single_prompt,1397.475 + (56 * 19.8),mistralai/Mistral-7B-Instruct-v0.3,TotalCharges,32,2026-04-22T07:43:23.130935+00:00
1752,2164.2,1421.75,742.4499999999998,paper_single_prompt,"2164.2

Explanation:
- The given record has a tenure of 27 and a MonthlyCharg",mistralai/Mistral-7B-Instruct-v0.3,TotalCharges,32,2026-04-22T07:43:23.130935+00:00
1760,1648.5,2614.1,965.6,paper_single_prompt,"1648.5

Explanation:
- The given record has a tenure of 50 and a MonthlyCharg",mistralai/Mistral-7B-Instruct-v0.3,TotalCharges,32,2026-04-22T07:43:23.130935+00:00
1785,1846.4,6392.85,4546.450000000001,paper_single_prompt,"1846.4

Explanation:
- The given record has a tenure of 68 and a MonthlyCharg",mistralai/Mistral-7B-Instruct-v0.3,TotalCharges,32,2026-04-22T07:43:23.130935+00:00
1801,1843.64,1490.4,353.24,paper_single_prompt,1843.64,mistralai/Mistral-7B-Instruct-v0.3,TotalCharges,32,2026-04-22T07:43:23.130935+00:00
1826,1669.15,5931.0,4261.85,paper_single_prompt,1669.15,mistralai/Mistral-7B-Instruct-v0.3,TotalCharges,32,2026-04-22T07:43:23.130935+00:00
1845,1186.625,2492.25,1305.625,paper_single_prompt,1186.625,mistralai/Mistral-7B-Instruct-v0.3,TotalCharges,32,2026-04-22T07:43:23.130935+00:00
1871,1679.52,4539.35,2859.8300000000004,paper_single_prompt,1679.52,mistralai/Mistral-7B-Instruct-v0.3,TotalCharges,32,2026-04-22T07:43:23.130935+00:00
1873,1843.75,5011.15,3167.3999999999996,paper_single_prompt,1843.75,mistralai/Mistral-7B-Instruct-v0.3,TotalCharges,32,2026-04-22T07:43:23.130935+00:00
1876,3464.8,4563.0,1098.1999999999998,paper_single_prompt,"3464.8

Explanation:
- The given record has a tenure of 47 and a MonthlyCharg",mistralai/Mistral-7B-Instruct-v0.3,TotalCharges,32,2026-04-22T07:43:23.130935+00:00
1905,1684.45,962.25,722.2,paper_single_prompt,1684.45,mistralai/Mistral-7B-Instruct-v0.3,TotalCharges,32,2026-04-22T07:43:23.130935+00:00
1906,1632.8,1382.9,249.89999999999984,paper_single_prompt,"1632.8

Explanation:
- The given record has a tenure of 40 and a MonthlyCharg",mistralai/Mistral-7B-Instruct-v0.3,TotalCharges,32,2026-04-22T07:43:23.130935+00:00
1916,1843.52,3862.55,2019.03,paper_single_prompt,1843.52,mistralai/Mistral-7B-Instruct-v0.3,TotalCharges,32,2026-04-22T07:43:23.130935+00:00
1935,1397.475,996.95,400.52499999999986,paper_single_prompt,1397.475 + (51 - 10) * 19.85 = 2484.,mistralai/Mistral-7B-Instruct-v0.3,TotalCharges,32,2026-04-22T07:43:23.130935+00:00
1958,2036.4,2048.8,12.400000000000093,paper_single_prompt,2036.4,mistralai/Mistral-7B-Instruct-v0.3,TotalCharges,32,2026-04-22T07:43:23.130935+00:00
1959,1171.25,163.55,1007.7,paper_single_prompt,1171.25,mistralai/Mistral-7B-Instruct-v0.3,TotalCharges,32,2026-04-22T07:43:23.130935+00:00
1977,2421.1,2845.15,424.0500000000002,paper_single_prompt,"2421.1

Explanation:
- The given record has a tenure of 31, and MonthlyCharg",mistralai/Mistral-7B-Instruct-v0.3,TotalCharges,32,2026-04-22T07:43:23.130935+00:00
1981,1884.7,5885.4,4000.7,paper_single_prompt,"1884.7

Explanation:
- The given record has a tenure of 58 and a MonthlyCharg",mistralai/Mistral-7B-Instruct-v0.3,TotalCharges,32,2026-04-22T07:43:23.130935+00:00
1987,2228.85,2257.75,28.90000000000009,paper_single_prompt,2228.85,mistralai/Mistral-7B-Instruct-v0.3,TotalCharges,32,2026-04-22T07:43:23.130935+00:00
2001,1107.25,117.95,989.3,paper_single_prompt,1107.25,mistralai/Mistral-7B-Instruct-v0.3,TotalCharges,32,2026-04-22T07:43:23.130935+00:00
2005,3418.65,4941.8,1523.15,paper_single_prompt,3418.65,mistralai/Mistral-7B-Instruct-v0.3,TotalCharges,32,2026-04-22T07:43:23.130935+00:00
2006,1397.475,223.15,1174.3249999999998,paper_single_prompt,1397.475 + (5 - 1) * 47.15 = 1036.72,mistralai/Mistral-7B-Instruct-v0.3,TotalCharges,32,2026-04-22T07:43:23.130935+00:00
2020,1844.8,3865.45,2020.65,paper_single_prompt,"1844.8

Explanation:
The imputed value is calculated by considering the domain hints and critical anti-collapse",mistralai/Mistral-7B-Instruct-v0.3,TotalCharges,32,2026-04-22T07:43:23.130935+00:00
2031,1126.25,125.5,1000.75,paper_single_prompt,1126.25,mistralai/Mistral-7B-Instruct-v0.3,TotalCharges,32,2026-04-22T07:43:23.130935+00:00
2032,1622.65,1390.6,232.05000000000015,paper_single_prompt,1622.65,mistralai/Mistral-7B-Instruct-v0.3,TotalCharges,32,2026-04-22T07:43:23.130935+00:00
2034,3012.9,2511.3,501.5999999999999,paper_single_prompt,"3012.9

Explanation:
- The given record has a tenure of 41, and MonthlyCharg",mistralai/Mistral-7B-Instruct-v0.3,TotalCharges,32,2026-04-22T07:43:23.130935+00:00
2052,2354.7,4946.05,2591.3500000000004,paper_single_prompt,"2354.7

Explanation:
- The given record has a tenure of 48, and MonthlyCharg",mistralai/Mistral-7B-Instruct-v0.3,TotalCharges,32,2026-04-22T07:43:23.130935+00:00
2059,3488.55,3415.25,73.30000000000018,paper_single_prompt,3488.55,mistralai/Mistral-7B-Instruct-v0.3,TotalCharges,32,2026-04-22T07:43:23.130935+00:00
2067,2018.95,6792.45,4773.5,paper_single_prompt,2018.95,mistralai/Mistral-7B-Instruct-v0.3,TotalCharges,32,2026-04-22T07:43:23.130935+00:00
2079,1843.05,7554.05,5711.0,paper_single_prompt,1843.05,mistralai/Mistral-7B-Instruct-v0.3,TotalCharges,32,2026-04-22T07:43:23.130935+00:00
2088,1684.8,1941.5,256.70000000000005,paper_single_prompt,"1684.8

Explanation:
- The given record has a tenure of 36 months and a MonthlyCh",mistralai/Mistral-7B-Instruct-v0.3,TotalCharges,32,2026-04-22T07:43:23.130935+00:00
2091,1107.25,970.85,136.39999999999998,paper_single_prompt,1107.25,mistralai/Mistral-7B-Instruct-v0.3,TotalCharges,32,2026-04-22T07:43:23.130935+00:00
2108,1199.75,2168.9,969.15,paper_single_prompt,1199.75,mistralai/Mistral-7B-Instruct-v0.3,TotalCharges,32,2026-04-22T07:43:23.130935+00:00
2111,1847.5,711.9,1135.6,paper_single_prompt,1847.5,mistralai/Mistral-7B-Instruct-v0.3,TotalCharges,32,2026-04-22T07:43:23.130935+00:00
2120,1397.475,1210.3,187.17499999999995,paper_single_prompt,1397.475 + (55 - 1) * 21,mistralai/Mistral-7B-Instruct-v0.3,TotalCharges,32,2026-04-22T07:43:23.130935+00:00
2124,1148.75,100.4,1048.35,paper_single_prompt,1148.75,mistralai/Mistral-7B-Instruct-v0.3,TotalCharges,32,2026-04-22T07:43:23.130935+00:00
2125,1663.5,5229.45,3565.95,paper_single_prompt,"1663.5

Explanation:
- The given record has a tenure of 67 and a MonthlyCharg",mistralai/Mistral-7B-Instruct-v0.3,TotalCharges,32,2026-04-22T07:43:23.130935+00:00
2130,3446.8,4837.6,1390.8000000000002,paper_single_prompt,"3446.8

Explanation:
- The given record has a tenure of 51 and a MonthlyCharg",mistralai/Mistral-7B-Instruct-v0.3,TotalCharges,32,2026-04-22T07:43:23.130935+00:00
2146,2431.05,7133.45,4702.4,paper_single_prompt,2431.05,mistralai/Mistral-7B-Instruct-v0.3,TotalCharges,32,2026-04-22T07:43:23.130935+00:00
2153,1849.7,1797.75,51.950000000000045,paper_single_prompt,"1849.7

Explanation:
- The given record has a tenure of 25 and MonthlyCharges",mistralai/Mistral-7B-Instruct-v0.3,TotalCharges,32,2026-04-22T07:43:23.130935+00:00
2162,2300.8,2684.35,383.5499999999997,paper_single_prompt,2300.8,mistralai/Mistral-7B-Instruct-v0.3,TotalCharges,32,2026-04-22T07:43:23.130935+00:00
2175,1887.25,2555.9,668.6500000000001,paper_single_prompt,1887.25,mistralai/Mistral-7B-Instruct-v0.3,TotalCharges,32,2026-04-22T07:43:23.130935+00:00
2190,1674.44,5956.85,4282.41,paper_single_prompt,"1674.44

Explanation:
- The given record has a tenure of 71 and a MonthlyCh",mistralai/Mistral-7B-Instruct-v0.3,TotalCharges,32,2026-04-22T07:43:23.130935+00:00
2195,1844.4,672.2,1172.2,paper_single_prompt,1844.4,mistralai/Mistral-7B-Instruct-v0.3,TotalCharges,32,2026-04-22T07:43:23.130935+00:00
2202,1470.95,467.55,1003.4,paper_single_prompt,1470.95,mistralai/Mistral-7B-Instruct-v0.3,TotalCharges,32,2026-04-22T07:43:23.130935+00:00
2204,3441.9,7482.1,4040.2,paper_single_prompt,"3441.9

Explanation:
- The given record has a tenure of 67 and MonthlyCharges",mistralai/Mistral-7B-Instruct-v0.3,TotalCharges,32,2026-04-22T07:43:23.130935+00:00
2215,1197.05,3370.2,2173.1499999999996,paper_single_prompt,1197.05,mistralai/Mistral-7B-Instruct-v0.3,TotalCharges,32,2026-04-22T07:43:23.130935+00:00
2217,1665.64,5958.85,4293.21,paper_single_prompt,1665.64,mistralai/Mistral-7B-Instruct-v0.3,TotalCharges,32,2026-04-22T07:43:23.130935+00:00
2225,1677.27,1309.0,368.27,paper_single_prompt,"1677.27

Explanation:
- The given record has a tenure of 33 and a MonthlyCh",mistralai/Mistral-7B-Instruct-v0.3,TotalCharges,32,2026-04-22T07:43:23.130935+00:00
2227,1397.475,1108.8,288.67499999999995,paper_single_prompt,1397.475 + (58 * 19.55),mistralai/Mistral-7B-Instruct-v0.3,TotalCharges,32,2026-04-22T07:43:23.130935+00:00
2232,1843.55,754.5,1089.05,paper_single_prompt,1843.55,mistralai/Mistral-7B-Instruct-v0.3,TotalCharges,32,2026-04-22T07:43:23.130935+00:00
2233,1648.55,3883.3,2234.75,paper_single_prompt,1648.55,mistralai/Mistral-7B-Instruct-v0.3,TotalCharges,32,2026-04-22T07:43:23.130935+00:00
2239,1182.55,2545.7,1363.15,paper_single_prompt,"1182.55

Explanation:
- The given record has a tenure of 67 and a MonthlyCh",mistralai/Mistral-7B-Instruct-v0.3,TotalCharges,32,2026-04-22T07:43:23.130935+00:00
2267,2485.6,8124.2,5638.6,paper_single_prompt,"2485.6

Explanation:
- The given record has a tenure of 72 months and a MonthlyCh",mistralai/Mistral-7B-Instruct-v0.3,TotalCharges,32,2026-04-22T07:43:23.130935+00:00
2269,1400.9,70.9,1330.0,paper_single_prompt,1400.9,mistralai/Mistral-7B-Instruct-v0.3,TotalCharges,32,2026-04-22T07:43:23.130935+00:00
2290,1665.25,633.4,1031.85,paper_single_prompt,1665.25,mistralai/Mistral-7B-Instruct-v0.3,TotalCharges,32,2026-04-22T07:43:23.130935+00:00
2293,1843.85,6151.9,4308.049999999999,paper_single_prompt,1843.85,mistralai/Mistral-7B-Instruct-v0.3,TotalCharges,32,2026-04-22T07:43:23.130935+00:00
2305,3648.1,3410.0,238.0999999999999,paper_single_prompt,"3648.1

Explanation:
- The given record has a tenure of 34, and MonthlyCharg",mistralai/Mistral-7B-Instruct-v0.3,TotalCharges,32,2026-04-22T07:43:23.130935+00:00
2310,1843.85,4464.8,2620.9500000000003,paper_single_prompt,1843.85,mistralai/Mistral-7B-Instruct-v0.3,TotalCharges,32,2026-04-22T07:43:23.130935+00:00
2318,2413.5,7030.65,4617.15,paper_single_prompt,2413.5,mistralai/Mistral-7B-Instruct-v0.3,TotalCharges,32,2026-04-22T07:43:23.130935+00:00
2329,1884.75,5468.95,3584.2,paper_single_prompt,1884.75,mistralai/Mistral-7B-Instruct-v0.3,TotalCharges,32,2026-04-22T07:43:23.130935+00:00
2339,2789.5,1973.75,815.75,paper_single_prompt,"2789.5

Explanation:
- The given record has a tenure of 21, and MonthlyCharg",mistralai/Mistral-7B-Instruct-v0.3,TotalCharges,32,2026-04-22T07:43:23.130935+00:00
2341,2498.2,7843.55,5345.35,paper_single_prompt,"2498.2

Explanation:
- The given record has a tenure of 68 and a MonthlyCharg",mistralai/Mistral-7B-Instruct-v0.3,TotalCharges,32,2026-04-22T07:43:23.130935+00:00
2346,1843.625,6849.4,5005.775,paper_single_prompt,1843.625,mistralai/Mistral-7B-Instruct-v0.3,TotalCharges,32,2026-04-22T07:43:23.130935+00:00
2375,2468.1,7904.25,5436.15,paper_single_prompt,"2468.1

Explanation:
- The given record has a tenure of 71 and a MonthlyCharg",mistralai/Mistral-7B-Instruct-v0.3,TotalCharges,32,2026-04-22T07:43:23.130935+00:00
2377,1646.2,2654.05,1007.85,paper_single_prompt,"1646.2

Explanation:
- The given record has a tenure of 47 and MonthlyCharges",mistralai/Mistral-7B-Instruct-v0.3,TotalCharges,32,2026-04-22T07:43:23.130935+00:00
2390,1397.475,160.05,1237.425,paper_single_prompt,1397.475 * 8 + 19.8 = 11179.6,mistralai/Mistral-7B-Instruct-v0.3,TotalCharges,32,2026-04-22T07:43:23.130935+00:00
2403,1661.96,6046.1,4384.14,paper_single_prompt,"1661.96

Explanation:
- The given record has a tenure of 71 and a MonthlyCh",mistralai/Mistral-7B-Instruct-v0.3,TotalCharges,32,2026-04-22T07:43:23.130935+00:00
2412,1847.45,1445.3,402.1500000000001,paper_single_prompt,1847.45,mistralai/Mistral-7B-Instruct-v0.3,TotalCharges,32,2026-04-22T07:43:23.130935+00:00
2440,3103.65,674.55,2429.1000000000004,paper_single_prompt,3103.65,mistralai/Mistral-7B-Instruct-v0.3,TotalCharges,32,2026-04-22T07:43:23.130935+00:00
2443,3054.35,7887.25,4832.9,paper_single_prompt,3054.35,mistralai/Mistral-7B-Instruct-v0.3,TotalCharges,32,2026-04-22T07:43:23.130935+00:00
2452,1616.8,1133.9,482.89999999999986,paper_single_prompt,"1616.8

Explanation:
- The given record has a tenure of 15 and a MonthlyCharg",mistralai/Mistral-7B-Instruct-v0.3,TotalCharges,32,2026-04-22T07:43:23.130935+00:00
2498,1843.52,1389.85,453.6700000000001,paper_single_prompt,1843.52,mistralai/Mistral-7B-Instruct-v0.3,TotalCharges,32,2026-04-22T07:43:23.130935+00:00
2534,3048.8,7317.1,4268.3,paper_single_prompt,"3048.8

Explanation:
- The given record has a tenure of 69 and MonthlyCharges",mistralai/Mistral-7B-Instruct-v0.3,TotalCharges,32,2026-04-22T07:43:23.130935+00:00
2540,1843.85,7795.95,5952.1,paper_single_prompt,1843.85,mistralai/Mistral-7B-Instruct-v0.3,TotalCharges,32,2026-04-22T07:43:23.130935+00:00
2557,1163.35,141.7,1021.65,paper_single_prompt,1163.35,mistralai/Mistral-7B-Instruct-v0.3,TotalCharges,32,2026-04-22T07:43:23.130935+00:00
2561,1843.8,7061.65,5217.849999999999,paper_single_prompt,"1843.8

Explanation:
- The given record has a tenure of 71 and a MonthlyCharg",mistralai/Mistral-7B-Instruct-v0.3,TotalCharges,32,2026-04-22T07:43:23.130935+00:00
2563,3448.825,2655.25,793.5749999999998,paper_single_prompt,3448.825,mistralai/Mistral-7B-Instruct-v0.3,TotalCharges,32,2026-04-22T07:43:23.130935+00:00
2569,1684.45,1871.85,187.39999999999984,paper_single_prompt,1684.45,mistralai/Mistral-7B-Instruct-v0.3,TotalCharges,32,2026-04-22T07:43:23.130935+00:00
2570,2121.55,2866.45,744.8999999999996,paper_single_prompt,2121.55,mistralai/Mistral-7B-Instruct-v0.3,TotalCharges,32,2026-04-22T07:43:23.130935+00:00
2576,1846.5,5935.1,4088.6,paper_single_prompt,1846.5,mistralai/Mistral-7B-Instruct-v0.3,TotalCharges,32,2026-04-22T07:43:23.130935+00:00
2595,1685.85,5662.25,3976.4,paper_single_prompt,1685.85,mistralai/Mistral-7B-Instruct-v0.3,TotalCharges,32,2026-04-22T07:43:23.130935+00:00
2597,2457.6,7854.15,5396.549999999999,paper_single_prompt,"2457.6

Explanation:
- The given record has a tenure of 71 and a MonthlyCharg",mistralai/Mistral-7B-Instruct-v0.3,TotalCharges,32,2026-04-22T07:43:23.130935+00:00
2598,1276.95,525.0,751.95,paper_single_prompt,1276.95,mistralai/Mistral-7B-Instruct-v0.3,TotalCharges,32,2026-04-22T07:43:23.130935+00:00
2605,1654.8,261.3,1393.5,paper_single_prompt,"1654.8

Explanation:
- The given record has a tenure of 13, and MonthlyCharg",mistralai/Mistral-7B-Instruct-v0.3,TotalCharges,32,2026-04-22T07:43:23.130935+00:00
2609,3466.65,6281.45,2814.7999999999997,paper_single_prompt,3466.65,mistralai/Mistral-7B-Instruct-v0.3,TotalCharges,32,2026-04-22T07:43:23.130935+00:00
2616,1107.52,260.8,846.72,paper_single_prompt,1107.52,mistralai/Mistral-7B-Instruct-v0.3,TotalCharges,32,2026-04-22T07:43:23.130935+00:00
2617,1397.475,19.6,1377.875,paper_single_prompt,1397.475,mistralai/Mistral-7B-Instruct-v0.3,TotalCharges,32,2026-04-22T07:43:23.130935+00:00
2621,1657.1,5564.85,3907.750000000001,paper_single_prompt,"1657.1

Explanation:
- The given record has a tenure of 71 and a MonthlyCharg",mistralai/Mistral-7B-Instruct-v0.3,TotalCharges,32,2026-04-22T07:43:23.130935+00:00
2636,1841.0,7987.6,6146.6,paper_single_prompt,1841,mistralai/Mistral-7B-Instruct-v0.3,TotalCharges,32,2026-04-22T07:43:23.130935+00:00
2660,1409.34,670.65,738.6899999999999,paper_single_prompt,1409.34,mistralai/Mistral-7B-Instruct-v0.3,TotalCharges,32,2026-04-22T07:43:23.130935+00:00
2669,1846.35,1789.25,57.09999999999991,paper_single_prompt,1846.35,mistralai/Mistral-7B-Instruct-v0.3,TotalCharges,32,2026-04-22T07:43:23.130935+00:00
2685,2419.9,7334.05,4914.15,paper_single_prompt,"2419.9

Explanation:
- The given record has a tenure of 72 months and a MonthlyCh",mistralai/Mistral-7B-Instruct-v0.3,TotalCharges,32,2026-04-22T07:43:23.130935+00:00
2690,1444.35,583.45,860.8999999999999,paper_single_prompt,1444.35,mistralai/Mistral-7B-Instruct-v0.3,TotalCharges,32,2026-04-22T07:43:23.130935+00:00
2697,1645.85,6365.35,4719.5,paper_single_prompt,1645.85,mistralai/Mistral-7B-Instruct-v0.3,TotalCharges,32,2026-04-22T07:43:23.130935+00:00
2715,1847.5,996.45,851.05,paper_single_prompt,1847.5,mistralai/Mistral-7B-Instruct-v0.3,TotalCharges,32,2026-04-22T07:43:23.130935+00:00
2717,2459.9,6733.0,4273.1,paper_single_prompt,"2459.9

Explanation:
- The given record has a tenure of 72 months and a MonthlyCh",mistralai/Mistral-7B-Instruct-v0.3,TotalCharges,32,2026-04-22T07:43:23.130935+00:00
2752,1844.36,1077.5,766.8599999999999,paper_single_prompt,1844.36,mistralai/Mistral-7B-Instruct-v0.3,TotalCharges,32,2026-04-22T07:43:23.130935+00:00
2755,1397.475,851.2,546.2749999999999,paper_single_prompt,1397.475 * 46 + 19.6,mistralai/Mistral-7B-Instruct-v0.3,TotalCharges,32,2026-04-22T07:43:23.130935+00:00
2763,1642.1,5135.35,3493.2500000000005,paper_single_prompt,"1642.1

Explanation:
- The given record has a tenure of 64 and MonthlyCharges",mistralai/Mistral-7B-Instruct-v0.3,TotalCharges,32,2026-04-22T07:43:23.130935+00:00
2764,2038.8,2000.2,38.59999999999991,paper_single_prompt,2038.8,mistralai/Mistral-7B-Instruct-v0.3,TotalCharges,32,2026-04-22T07:43:23.130935+00:00
2788,1643.65,6028.95,4385.299999999999,paper_single_prompt,1643.65,mistralai/Mistral-7B-Instruct-v0.3,TotalCharges,32,2026-04-22T07:43:23.130935+00:00
2791,1843.05,4317.35,2474.3,paper_single_prompt,1843.05,mistralai/Mistral-7B-Instruct-v0.3,TotalCharges,32,2026-04-22T07:43:23.130935+00:00
2800,2467.0,442.6,2024.4,paper_single_prompt,2467.0,mistralai/Mistral-7B-Instruct-v0.3,TotalCharges,32,2026-04-22T07:43:23.130935+00:00
2816,2454.35,8165.1,5710.75,paper_single_prompt,2454.35,mistralai/Mistral-7B-Instruct-v0.3,TotalCharges,32,2026-04-22T07:43:23.130935+00:00
2836,1668.54,4920.55,3252.01,paper_single_prompt,"1668.54

Explanation:
- The given record has a tenure of 49, and MonthlyCh",mistralai/Mistral-7B-Instruct-v0.3,TotalCharges,32,2026-04-22T07:43:23.130935+00:00
2853,1667.2,4765.0,3097.8,paper_single_prompt,"1667.2

Explanation:
- The given record has a tenure of 60, and MonthlyCharg",mistralai/Mistral-7B-Instruct-v0.3,TotalCharges,32,2026-04-22T07:43:23.130935+00:00
2867,2045.0,527.35,1517.65,paper_single_prompt,2045 * 24 + 20.45 = 5094.4,mistralai/Mistral-7B-Instruct-v0.3,TotalCharges,32,2026-04-22T07:43:23.130935+00:00
2871,1649.2,1235.55,413.6500000000001,paper_single_prompt,"1649.2

Explanation:
- The given record has a tenure of 14 and MonthlyCharges",mistralai/Mistral-7B-Instruct-v0.3,TotalCharges,32,2026-04-22T07:43:23.130935+00:00
2873,2467.7,2362.1,105.59999999999992,paper_single_prompt,"2467.7

Explanation:
- The given record has a tenure of 25, and MonthlyCharg",mistralai/Mistral-7B-Instruct-v0.3,TotalCharges,32,2026-04-22T07:43:23.130935+00:00
2890,1843.65,3309.25,1465.6,paper_single_prompt,1843.65,mistralai/Mistral-7B-Instruct-v0.3,TotalCharges,32,2026-04-22T07:43:23.130935+00:00
2893,1844.8,1254.7,590.0999999999999,paper_single_prompt,1844.8,mistralai/Mistral-7B-Instruct-v0.3,TotalCharges,32,2026-04-22T07:43:23.130935+00:00
2899,1187.85,3888.65,2700.8,paper_single_prompt,1187.85,mistralai/Mistral-7B-Instruct-v0.3,TotalCharges,32,2026-04-22T07:43:23.130935+00:00
2920,1640.34,6155.4,4515.0599999999995,paper_single_prompt,"1640.34

Explanation:
- The given record has a tenure of 72 and a MonthlyCh",mistralai/Mistral-7B-Instruct-v0.3,TotalCharges,32,2026-04-22T07:43:23.130935+00:00
2922,2110.45,2602.9,492.4500000000003,paper_single_prompt,2110.45,mistralai/Mistral-7B-Instruct-v0.3,TotalCharges,32,2026-04-22T07:43:23.130935+00:00
2923,1649.2,4667.0,3017.8,paper_single_prompt,"1649.2

Explanation:
- The given record has a tenure of 54 and a MonthlyCharg",mistralai/Mistral-7B-Instruct-v0.3,TotalCharges,32,2026-04-22T07:43:23.130935+00:00
2928,1886.85,6683.4,4796.549999999999,paper_single_prompt,1886.85,mistralai/Mistral-7B-Instruct-v0.3,TotalCharges,32,2026-04-22T07:43:23.130935+00:00
2935,1649.3,6045.9,4396.599999999999,paper_single_prompt,"1649.3

Explanation:
- The given record has a tenure of 71, and MonthlyCharg",mistralai/Mistral-7B-Instruct-v0.3,TotalCharges,32,2026-04-22T07:43:23.130935+00:00
2937,1885.25,5980.75,4095.5,paper_single_prompt,1885.25,mistralai/Mistral-7B-Instruct-v0.3,TotalCharges,32,2026-04-22T07:43:23.130935+00:00
2940,1847.65,2854.55,1006.9,paper_single_prompt,1847.65,mistralai/Mistral-7B-Instruct-v0.3,TotalCharges,32,2026-04-22T07:43:23.130935+00:00
2947,1655.2,4494.65,2839.45,paper_single_prompt,"1655.2

Explanation:
- The given record has a tenure of 49, and MonthlyCharg",mistralai/Mistral-7B-Instruct-v0.3,TotalCharges,32,2026-04-22T07:43:23.130935+00:00
2986,1846.15,3842.6,1996.45,paper_single_prompt,1846.15,mistralai/Mistral-7B-Instruct-v0.3,TotalCharges,32,2026-04-22T07:43:23.130935+00:00
3003,2097.5,2180.55,83.05000000000018,paper_single_prompt,2097.5,mistralai/Mistral-7B-Instruct-v0.3,TotalCharges,32,2026-04-22T07:43:23.130935+00:00
3025,1694.55,1688.9,5.649999999999864,paper_single_prompt,1694.55,mistralai/Mistral-7B-Instruct-v0.3,TotalCharges,32,2026-04-22T07:43:23.130935+00:00
3032,1843.65,369.05,1474.6,paper_single_prompt,1843.65,mistralai/Mistral-7B-Instruct-v0.3,TotalCharges,32,2026-04-22T07:43:23.130935+00:00
3036,1136.55,3321.35,2184.8,paper_single_prompt,1136.55,mistralai/Mistral-7B-Instruct-v0.3,TotalCharges,32,2026-04-22T07:43:23.130935+00:00
3038,2441.6,7112.15,4670.549999999999,paper_single_prompt,"2441.6

Explanation:
- The given record has a tenure of 67 and a MonthlyCharg",mistralai/Mistral-7B-Instruct-v0.3,TotalCharges,32,2026-04-22T07:43:23.130935+00:00
3047,2886.35,2585.95,300.4000000000001,paper_single_prompt,2886.35,mistralai/Mistral-7B-Instruct-v0.3,TotalCharges,32,2026-04-22T07:43:23.130935+00:00
3055,1846.8,3678.3,1831.5,paper_single_prompt,"1846.8

Explanation:
- The given record has a tenure of 49, and MonthlyCharg",mistralai/Mistral-7B-Instruct-v0.3,TotalCharges,32,2026-04-22T07:43:23.130935+00:00
3068,3088.8,4911.05,1822.25,paper_single_prompt,3088.8,mistralai/Mistral-7B-Instruct-v0.3,TotalCharges,32,2026-04-22T07:43:23.130935+00:00
3071,3463.5,4318.35,854.8500000000004,paper_single_prompt,"3463.5

Explanation:
- The given record has a tenure of 47 and a MonthlyCharg",mistralai/Mistral-7B-Instruct-v0.3,TotalCharges,32,2026-04-22T07:43:23.130935+00:00
3075,3469.9,7472.15,4002.249999999999,paper_single_prompt,"3469.9

Explanation:
- The given record has a tenure of 71 and a MonthlyCharg",mistralai/Mistral-7B-Instruct-v0.3,TotalCharges,32,2026-04-22T07:43:23.130935+00:00
3077,1846.52,2296.25,449.73,paper_single_prompt,1846.52,mistralai/Mistral-7B-Instruct-v0.3,TotalCharges,32,2026-04-22T07:43:23.130935+00:00
3084,1206.65,163.7,1042.95,paper_single_prompt,1206.65,mistralai/Mistral-7B-Instruct-v0.3,TotalCharges,32,2026-04-22T07:43:23.130935+00:00
3096,1644.86,4310.35,2665.4900000000007,paper_single_prompt,"1644.86

Explanation:
- The given record has a tenure of 71 and a MonthlyCh",mistralai/Mistral-7B-Instruct-v0.3,TotalCharges,32,2026-04-22T07:43:23.130935+00:00
3111,3400.2,7372.65,3972.45,paper_single_prompt,"3400.2

Explanation:
- The given record has a tenure of 72 and MonthlyCharges",mistralai/Mistral-7B-Instruct-v0.3,TotalCharges,32,2026-04-22T07:43:23.130935+00:00
3117,1843.6,7475.85,5632.25,paper_single_prompt,"1843.6

Explanation:
- The given record has a tenure of 70, and the monthly charges are",mistralai/Mistral-7B-Instruct-v0.3,TotalCharges,32,2026-04-22T07:43:23.130935+00:00
3134,1397.475,702.9,694.5749999999999,paper_single_prompt,1397.475 + (36 * 19.2),mistralai/Mistral-7B-Instruct-v0.3,TotalCharges,32,2026-04-22T07:43:23.130935+00:00
3156,1887.125,461.3,1425.825,paper_single_prompt,1887.125,mistralai/Mistral-7B-Instruct-v0.3,TotalCharges,32,2026-04-22T07:43:23.130935+00:00
3157,1148.85,431.0,717.8499999999999,paper_single_prompt,1148.85,mistralai/Mistral-7B-Instruct-v0.3,TotalCharges,32,2026-04-22T07:43:23.130935+00:00
3166,1661.12,664.4,996.72,paper_single_prompt,1661.12,mistralai/Mistral-7B-Instruct-v0.3,TotalCharges,32,2026-04-22T07:43:23.130935+00:00
3172,2497.25,2448.75,48.5,paper_single_prompt,2497.25,mistralai/Mistral-7B-Instruct-v0.3,TotalCharges,32,2026-04-22T07:43:23.130935+00:00
3190,1649.17,3632.0,1982.83,paper_single_prompt,1649.17,mistralai/Mistral-7B-Instruct-v0.3,TotalCharges,32,2026-04-22T07:43:23.130935+00:00
3196,1107.5,71.2,1036.3,paper_single_prompt,1107.5,mistralai/Mistral-7B-Instruct-v0.3,TotalCharges,32,2026-04-22T07:43:23.130935+00:00
3199,1644.0,1821.8,177.79999999999995,paper_single_prompt,1644.0,mistralai/Mistral-7B-Instruct-v0.3,TotalCharges,32,2026-04-22T07:43:23.130935+00:00
3201,1696.8,4024.2,2327.3999999999996,paper_single_prompt,"1696.8

Explanation:
- The given record has a tenure of 50 and a MonthlyCharg",mistralai/Mistral-7B-Instruct-v0.3,TotalCharges,32,2026-04-22T07:43:23.130935+00:00
3208,3622.25,3420.5,201.75,paper_single_prompt,3622.25,mistralai/Mistral-7B-Instruct-v0.3,TotalCharges,32,2026-04-22T07:43:23.130935+00:00
3230,1397.475,1245.6,151.875,paper_single_prompt,1397.475 * 63 + 19.55 = 8784.385,mistralai/Mistral-7B-Instruct-v0.3,TotalCharges,32,2026-04-22T07:43:23.130935+00:00
3234,1844.8,452.55,1392.25,paper_single_prompt,1844.8,mistralai/Mistral-7B-Instruct-v0.3,TotalCharges,32,2026-04-22T07:43:23.130935+00:00
3256,1668.64,5264.5,3595.8599999999997,paper_single_prompt,"1668.64

Explanation:
- The given record has a tenure of 61, and MonthlyCh",mistralai/Mistral-7B-Instruct-v0.3,TotalCharges,32,2026-04-22T07:43:23.130935+00:00
3263,1684.4,4433.3,2748.9,paper_single_prompt,1684.4,mistralai/Mistral-7B-Instruct-v0.3,TotalCharges,32,2026-04-22T07:43:23.130935+00:00
3279,2486.8,1423.35,1063.4500000000005,paper_single_prompt,"2486.8

Explanation:
- The given record has a tenure of 23, and MonthlyCharg",mistralai/Mistral-7B-Instruct-v0.3,TotalCharges,32,2026-04-22T07:43:23.130935+00:00
3284,1699.55,3369.05,1669.5000000000002,paper_single_prompt,1699.55,mistralai/Mistral-7B-Instruct-v0.3,TotalCharges,32,2026-04-22T07:43:23.130935+00:00
3289,1847.5,3645.05,1797.5500000000002,paper_single_prompt,1847.5,mistralai/Mistral-7B-Instruct-v0.3,TotalCharges,32,2026-04-22T07:43:23.130935+00:00
3295,1682.74,5714.2,4031.46,paper_single_prompt,"1682.74

Explanation:
- The given record has a tenure of 72 and a MonthlyCh",mistralai/Mistral-7B-Instruct-v0.3,TotalCharges,32,2026-04-22T07:43:23.130935+00:00
3311,1123.2,2104.55,981.35,paper_single_prompt,"1123.2

Explanation:
- The given record has a tenure of 48, and MonthlyCharg",mistralai/Mistral-7B-Instruct-v0.3,TotalCharges,32,2026-04-22T07:43:23.130935+00:00
3314,1842.15,3019.1,1176.9499999999998,paper_single_prompt,1842.15,mistralai/Mistral-7B-Instruct-v0.3,TotalCharges,32,2026-04-22T07:43:23.130935+00:00
3326,3364.55,2497.35,867.2000000000003,paper_single_prompt,3364.55,mistralai/Mistral-7B-Instruct-v0.3,TotalCharges,32,2026-04-22T07:43:23.130935+00:00
3331,1397.475,,,paper_single_prompt,1397.475 * 0 + 19.85 * 0 = 19.85,mistralai/Mistral-7B-Instruct-v0.3,TotalCharges,32,2026-04-22T07:43:23.130935+00:00
3345,2499.15,7323.15,4824.0,paper_single_prompt,2499.15,mistralai/Mistral-7B-Instruct-v0.3,TotalCharges,32,2026-04-22T07:43:23.130935+00:00
3351,1602.86,834.15,768.7099999999999,paper_single_prompt,"1602.86

Explanation:
- The given record has a tenure of 16 and a MonthlyCh",mistralai/Mistral-7B-Instruct-v0.3,TotalCharges,32,2026-04-22T07:43:23.130935+00:00
3364,2602.86,2254.2,348.6600000000003,paper_single_prompt,"2602.86

Explanation:
- The given record has a tenure of 21, and MonthlyCh",mistralai/Mistral-7B-Instruct-v0.3,TotalCharges,32,2026-04-22T07:43:23.130935+00:00
3367,1846.5,4652.4,2805.8999999999996,paper_single_prompt,"1846.5

Explanation:
- The given record has a tenure of 52, and MonthlyCharg",mistralai/Mistral-7B-Instruct-v0.3,TotalCharges,32,2026-04-22T07:43:23.130935+00:00
3377,1651.35,1629.2,22.149999999999864,paper_single_prompt,1651.35,mistralai/Mistral-7B-Instruct-v0.3,TotalCharges,32,2026-04-22T07:43:23.130935+00:00
3378,1668.35,6033.1,4364.75,paper_single_prompt,1668.35,mistralai/Mistral-7B-Instruct-v0.3,TotalCharges,32,2026-04-22T07:43:23.130935+00:00
3392,1220.7,2413.05,1192.35,paper_single_prompt,"1220.7

Explanation:
- The given record has a tenure of 58 and a MonthlyCharg",mistralai/Mistral-7B-Instruct-v0.3,TotalCharges,32,2026-04-22T07:43:23.130935+00:00
3399,2483.6,3373.4,889.8000000000002,paper_single_prompt,"2483.6

Explanation:
- The given record has a tenure of 42 and a MonthlyCharg",mistralai/Mistral-7B-Instruct-v0.3,TotalCharges,32,2026-04-22T07:43:23.130935+00:00
3408,1228.95,151.3,1077.65,paper_single_prompt,1228.95,mistralai/Mistral-7B-Instruct-v0.3,TotalCharges,32,2026-04-22T07:43:23.130935+00:00
3409,1846.85,7714.65,5867.799999999999,paper_single_prompt,1846.85,mistralai/Mistral-7B-Instruct-v0.3,TotalCharges,32,2026-04-22T07:43:23.130935+00:00
3437,1847.64,2364.0,516.3599999999999,paper_single_prompt,1847.64,mistralai/Mistral-7B-Instruct-v0.3,TotalCharges,32,2026-04-22T07:43:23.130935+00:00
3447,2658.2,3213.75,555.5500000000002,paper_single_prompt,"2658.2

Explanation:
- The given record has a tenure of 39 and a MonthlyCharg",mistralai/Mistral-7B-Instruct-v0.3,TotalCharges,32,2026-04-22T07:43:23.130935+00:00
3451,1646.85,4555.2,2908.35,paper_single_prompt,1646.85,mistralai/Mistral-7B-Instruct-v0.3,TotalCharges,32,2026-04-22T07:43:23.130935+00:00
3454,1166.55,1025.15,141.39999999999986,paper_single_prompt,1166.55,mistralai/Mistral-7B-Instruct-v0.3,TotalCharges,32,2026-04-22T07:43:23.130935+00:00
3459,1843.25,789.55,1053.7,paper_single_prompt,1843.25,mistralai/Mistral-7B-Instruct-v0.3,TotalCharges,32,2026-04-22T07:43:23.130935+00:00
3461,1286.75,3131.8,1845.05,paper_single_prompt,1286.75,mistralai/Mistral-7B-Instruct-v0.3,TotalCharges,32,2026-04-22T07:43:23.130935+00:00
3473,3645.4,4512.7,867.2999999999997,paper_single_prompt,3645.4,mistralai/Mistral-7B-Instruct-v0.3,TotalCharges,32,2026-04-22T07:43:23.130935+00:00
3482,1397.475,865.85,531.6249999999999,paper_single_prompt,1397.475 + (19 - 10) * 45,mistralai/Mistral-7B-Instruct-v0.3,TotalCharges,32,2026-04-22T07:43:23.130935+00:00
3487,1887.475,1078.75,808.7249999999999,paper_single_prompt,1887.475,mistralai/Mistral-7B-Instruct-v0.3,TotalCharges,32,2026-04-22T07:43:23.130935+00:00
3488,1255.6,542.4,713.1999999999999,paper_single_prompt,"1255.6

Explanation:
- The given record has a tenure of 9, and MonthlyCharges",mistralai/Mistral-7B-Instruct-v0.3,TotalCharges,32,2026-04-22T07:43:23.130935+00:00
3511,1687.24,1279.0,408.24,paper_single_prompt,1687.24,mistralai/Mistral-7B-Instruct-v0.3,TotalCharges,32,2026-04-22T07:43:23.130935+00:00
3523,2445.2,7965.95,5520.75,paper_single_prompt,"2445.2

Explanation:
- The given record has a tenure of 72 and a MonthlyCharg",mistralai/Mistral-7B-Instruct-v0.3,TotalCharges,32,2026-04-22T07:43:23.130935+00:00
3540,3058.9,7726.35,4667.450000000001,paper_single_prompt,"3058.9

Explanation:
- The given record has a tenure of 72 months and a MonthlyCh",mistralai/Mistral-7B-Instruct-v0.3,TotalCharges,32,2026-04-22T07:43:23.130935+00:00
3541,1245.95,2070.75,824.8,paper_single_prompt,1245.95,mistralai/Mistral-7B-Instruct-v0.3,TotalCharges,32,2026-04-22T07:43:23.130935+00:00
3555,2705.0,1734.5,970.5,paper_single_prompt,"2705

Explanation:
- The given record has a tenure of 20, and MonthlyCharges of",mistralai/Mistral-7B-Instruct-v0.3,TotalCharges,32,2026-04-22T07:43:23.130935+00:00
3563,2115.5,2595.85,480.3499999999999,paper_single_prompt,2115.5,mistralai/Mistral-7B-Instruct-v0.3,TotalCharges,32,2026-04-22T07:43:23.130935+00:00
3565,1414.925,50.75,1364.175,paper_single_prompt,1414.925,mistralai/Mistral-7B-Instruct-v0.3,TotalCharges,32,2026-04-22T07:43:23.130935+00:00
3576,1666.6,1623.15,43.44999999999982,paper_single_prompt,"1666.6

Explanation:
- The given record has a tenure of 72 and a MonthlyCharg",mistralai/Mistral-7B-Instruct-v0.3,TotalCharges,32,2026-04-22T07:43:23.130935+00:00
3593,1240.8,551.35,689.4499999999999,paper_single_prompt,"1240.8

Explanation:
- The given record has a tenure of 8 and a MonthlyCharges",mistralai/Mistral-7B-Instruct-v0.3,TotalCharges,32,2026-04-22T07:43:23.130935+00:00
3595,1644.9,115.95,1528.95,paper_single_prompt,"1644.9

Explanation:
- The given record has a tenure of 2 and MonthlyCharges of",mistralai/Mistral-7B-Instruct-v0.3,TotalCharges,32,2026-04-22T07:43:23.130935+00:00
3620,1650.0,1750.85,100.84999999999992,paper_single_prompt,1650,mistralai/Mistral-7B-Instruct-v0.3,TotalCharges,32,2026-04-22T07:43:23.130935+00:00
3623,2887.25,2575.45,311.8000000000002,paper_single_prompt,2887.25,mistralai/Mistral-7B-Instruct-v0.3,TotalCharges,32,2026-04-22T07:43:23.130935+00:00
3634,3483.36,7845.8,4362.4400000000005,paper_single_prompt,3483.36,mistralai/Mistral-7B-Instruct-v0.3,TotalCharges,32,2026-04-22T07:43:23.130935+00:00
3637,1217.125,178.5,1038.625,paper_single_prompt,1217.125,mistralai/Mistral-7B-Instruct-v0.3,TotalCharges,32,2026-04-22T07:43:23.130935+00:00
3640,2499.65,2745.2,245.54999999999973,paper_single_prompt,2499.65,mistralai/Mistral-7B-Instruct-v0.3,TotalCharges,32,2026-04-22T07:43:23.130935+00:00
3646,1845.25,3219.75,1374.5,paper_single_prompt,1845.25,mistralai/Mistral-7B-Instruct-v0.3,TotalCharges,32,2026-04-22T07:43:23.130935+00:00
3665,1843.8,6994.6,5150.8,paper_single_prompt,"1843.8

Explanation:
- The given record has a tenure of 71 and a MonthlyCharg",mistralai/Mistral-7B-Instruct-v0.3,TotalCharges,32,2026-04-22T07:43:23.130935+00:00
3676,1880.2,2044.75,164.54999999999995,paper_single_prompt,"1880.2

Explanation:
- The given record has a tenure of 30, and MonthlyCharg",mistralai/Mistral-7B-Instruct-v0.3,TotalCharges,32,2026-04-22T07:43:23.130935+00:00
3681,3442.0,4680.05,1238.0500000000002,paper_single_prompt,3442,mistralai/Mistral-7B-Instruct-v0.3,TotalCharges,32,2026-04-22T07:43:23.130935+00:00
3695,3685.55,3089.6,595.9500000000003,paper_single_prompt,3685.55,mistralai/Mistral-7B-Instruct-v0.3,TotalCharges,32,2026-04-22T07:43:23.130935+00:00
3704,1611.0,5163.0,3552.0,paper_single_prompt,1611.0,mistralai/Mistral-7B-Instruct-v0.3,TotalCharges,32,2026-04-22T07:43:23.130935+00:00
3712,1843.68,2774.55,930.87,paper_single_prompt,1843.68,mistralai/Mistral-7B-Instruct-v0.3,TotalCharges,32,2026-04-22T07:43:23.130935+00:00
3748,1846.32,3771.5,1925.18,paper_single_prompt,1846.32,mistralai/Mistral-7B-Instruct-v0.3,TotalCharges,32,2026-04-22T07:43:23.130935+00:00
3761,1683.95,5919.35,4235.400000000001,paper_single_prompt,1683.95,mistralai/Mistral-7B-Instruct-v0.3,TotalCharges,32,2026-04-22T07:43:23.130935+00:00
3767,3458.34,8240.85,4782.51,paper_single_prompt,"3458.34

Explanation:
- The given record has a tenure of 72 and a MonthlyCh",mistralai/Mistral-7B-Instruct-v0.3,TotalCharges,32,2026-04-22T07:43:23.130935+00:00
3777,1658.2,890.5,767.7,paper_single_prompt,"1658.2

Explanation:
- The given record has a tenure of 47 and a MonthlyCharg",mistralai/Mistral-7B-Instruct-v0.3,TotalCharges,32,2026-04-22T07:43:23.130935+00:00
3797,2358.8,3581.6,1222.7999999999995,paper_single_prompt,"2358.8

Explanation:
- The given record has a tenure of 43 and a MonthlyCharg",mistralai/Mistral-7B-Instruct-v0.3,TotalCharges,32,2026-04-22T07:43:23.130935+00:00
3801,1643.35,1505.85,137.5,paper_single_prompt,1643.35,mistralai/Mistral-7B-Instruct-v0.3,TotalCharges,32,2026-04-22T07:43:23.130935+00:00
3826,1397.475,,,paper_single_prompt,1397.475 + (0 * 25.35),mistralai/Mistral-7B-Instruct-v0.3,TotalCharges,32,2026-04-22T07:43:23.130935+00:00
3828,1397.475,1319.95,77.52499999999986,paper_single_prompt,1397.475 + (65 * 19.35),mistralai/Mistral-7B-Instruct-v0.3,TotalCharges,32,2026-04-22T07:43:23.130935+00:00
3837,1622.45,443.9,1178.5500000000002,paper_single_prompt,1622.45,mistralai/Mistral-7B-Instruct-v0.3,TotalCharges,32,2026-04-22T07:43:23.130935+00:00
3897,2444.0,8425.15,5981.15,paper_single_prompt,2444.0,mistralai/Mistral-7B-Instruct-v0.3,TotalCharges,32,2026-04-22T07:43:23.130935+00:00
3924,3381.2,4029.95,648.75,paper_single_prompt,"3381.2

Explanation:
- The given record has a tenure of 48, and MonthlyCharg",mistralai/Mistral-7B-Instruct-v0.3,TotalCharges,32,2026-04-22T07:43:23.130935+00:00
3929,1696.8,2230.85,534.05,paper_single_prompt,1696.8,mistralai/Mistral-7B-Instruct-v0.3,TotalCharges,32,2026-04-22T07:43:23.130935+00:00
3931,1843.55,1837.7,5.849999999999909,paper_single_prompt,1843.55,mistralai/Mistral-7B-Instruct-v0.3,TotalCharges,32,2026-04-22T07:43:23.130935+00:00
3936,1147.75,576.95,570.8,paper_single_prompt,1147.75,mistralai/Mistral-7B-Instruct-v0.3,TotalCharges,32,2026-04-22T07:43:23.130935+00:00
3941,1015.75,174.7,841.05,paper_single_prompt,1015.75,mistralai/Mistral-7B-Instruct-v0.3,TotalCharges,32,2026-04-22T07:43:23.130935+00:00
3948,1663.4,4968.0,3304.6,paper_single_prompt,"1663.4

Explanation:
- The given record has a tenure of 56 and a MonthlyCharg",mistralai/Mistral-7B-Instruct-v0.3,TotalCharges,32,2026-04-22T07:43:23.130935+00:00
3949,1665.2,992.7,672.5,paper_single_prompt,"1665.2

Explanation:
- The given record has a tenure of 18, and MonthlyCharg",mistralai/Mistral-7B-Instruct-v0.3,TotalCharges,32,2026-04-22T07:43:23.130935+00:00
3952,2496.35,7806.6,5310.25,paper_single_prompt,2496.35,mistralai/Mistral-7B-Instruct-v0.3,TotalCharges,32,2026-04-22T07:43:23.130935+00:00
3959,1843.05,3645.5,1802.45,paper_single_prompt,1843.05,mistralai/Mistral-7B-Instruct-v0.3,TotalCharges,32,2026-04-22T07:43:23.130935+00:00
3972,1223.6,2298.55,1074.9500000000005,paper_single_prompt,"1223.6

Explanation:
- The given record has a tenure of 45 and a MonthlyCharg",mistralai/Mistral-7B-Instruct-v0.3,TotalCharges,32,2026-04-22T07:43:23.130935+00:00
3980,2369.6,2979.5,609.9000000000001,paper_single_prompt,"2369.6

Explanation:
- The given record has a tenure of 28, and MonthlyCharg",mistralai/Mistral-7B-Instruct-v0.3,TotalCharges,32,2026-04-22T07:43:23.130935+00:00
3984,1682.34,1857.85,175.51,paper_single_prompt,1682.34,mistralai/Mistral-7B-Instruct-v0.3,TotalCharges,32,2026-04-22T07:43:23.130935+00:00
4008,1683.75,2898.95,1215.1999999999998,paper_single_prompt,1683.75,mistralai/Mistral-7B-Instruct-v0.3,TotalCharges,32,2026-04-22T07:43:23.130935+00:00
4009,1600.21,5309.5,3709.29,paper_single_prompt,1600.21,mistralai/Mistral-7B-Instruct-v0.3,TotalCharges,32,2026-04-22T07:43:23.130935+00:00
4015,1643.35,1893.5,250.1500000000001,paper_single_prompt,1643.35,mistralai/Mistral-7B-Instruct-v0.3,TotalCharges,32,2026-04-22T07:43:23.130935+00:00
4035,3068.5,4631.7,1563.1999999999998,paper_single_prompt,3068.5,mistralai/Mistral-7B-Instruct-v0.3,TotalCharges,32,2026-04-22T07:43:23.130935+00:00
4049,3451.5,4753.85,1302.3500000000004,paper_single_prompt,3451.5,mistralai/Mistral-7B-Instruct-v0.3,TotalCharges,32,2026-04-22T07:43:23.130935+00:00
4051,1843.04,6869.7,5026.66,paper_single_prompt,1843.04,mistralai/Mistral-7B-Instruct-v0.3,TotalCharges,32,2026-04-22T07:43:23.130935+00:00
4057,1678.62,1859.2,180.58000000000015,paper_single_prompt,"1678.62

Explanation:
- The given record has a tenure of 72 and a MonthlyCh",mistralai/Mistral-7B-Instruct-v0.3,TotalCharges,32,2026-04-22T07:43:23.130935+00:00
4075,1159.15,2546.85,1387.6999999999998,paper_single_prompt,1159.15,mistralai/Mistral-7B-Instruct-v0.3,TotalCharges,32,2026-04-22T07:43:23.130935+00:00
4103,2422.4,6511.8,4089.4,paper_single_prompt,"2422.4

Explanation:
- The given record has a tenure of 72 and a MonthlyCharg",mistralai/Mistral-7B-Instruct-v0.3,TotalCharges,32,2026-04-22T07:43:23.130935+00:00
4110,1648.85,4664.15,3015.2999999999997,paper_single_prompt,1648.85,mistralai/Mistral-7B-Instruct-v0.3,TotalCharges,32,2026-04-22T07:43:23.130935+00:00
4121,2066.65,2510.2,443.5499999999997,paper_single_prompt,2066.65,mistralai/Mistral-7B-Instruct-v0.3,TotalCharges,32,2026-04-22T07:43:23.130935+00:00
4142,1663.5,3870.0,2206.5,paper_single_prompt,1663.5,mistralai/Mistral-7B-Instruct-v0.3,TotalCharges,32,2026-04-22T07:43:23.130935+00:00
4155,2499.15,8436.25,5937.1,paper_single_prompt,2499.15,mistralai/Mistral-7B-Instruct-v0.3,TotalCharges,32,2026-04-22T07:43:23.130935+00:00
4162,1642.14,4575.35,2933.21,paper_single_prompt,"1642.14

Explanation:
- The given record has a tenure of 72 and a MonthlyCh",mistralai/Mistral-7B-Instruct-v0.3,TotalCharges,32,2026-04-22T07:43:23.130935+00:00
4164,3458.36,7922.75,4464.389999999999,paper_single_prompt,"3458.36

Explanation:
- The given record has a tenure of 72 and a MonthlyCh",mistralai/Mistral-7B-Instruct-v0.3,TotalCharges,32,2026-04-22T07:43:23.130935+00:00
4167,1673.5,3876.2,2202.7,paper_single_prompt,"1673.5

Explanation:
- The given record has a tenure of 50 and a MonthlyCharg",mistralai/Mistral-7B-Instruct-v0.3,TotalCharges,32,2026-04-22T07:43:23.130935+00:00
4168,1843.65,3778.85,1935.2,paper_single_prompt,1843.65,mistralai/Mistral-7B-Instruct-v0.3,TotalCharges,32,2026-04-22T07:43:23.130935+00:00
4181,1651.05,6164.7,4513.65,paper_single_prompt,1651.05,mistralai/Mistral-7B-Instruct-v0.3,TotalCharges,32,2026-04-22T07:43:23.130935+00:00
4182,2466.55,2862.75,396.1999999999998,paper_single_prompt,2466.55,mistralai/Mistral-7B-Instruct-v0.3,TotalCharges,32,2026-04-22T07:43:23.130935+00:00
4186,2441.3,6590.5,4149.2,paper_single_prompt,"2441.3

Explanation:
- The given record has a tenure of 62 and MonthlyCharges",mistralai/Mistral-7B-Instruct-v0.3,TotalCharges,32,2026-04-22T07:43:23.130935+00:00
4188,2300.85,2890.65,589.8000000000002,paper_single_prompt,2300.85,mistralai/Mistral-7B-Instruct-v0.3,TotalCharges,32,2026-04-22T07:43:23.130935+00:00
4189,1664.26,4885.85,3221.59,paper_single_prompt,"1664.26

Explanation:
- The given record has a tenure of 69 and a MonthlyCh",mistralai/Mistral-7B-Instruct-v0.3,TotalCharges,32,2026-04-22T07:43:23.130935+00:00
4203,1141.35,96.8,1044.55,paper_single_prompt,1141.35,mistralai/Mistral-7B-Instruct-v0.3,TotalCharges,32,2026-04-22T07:43:23.130935+00:00
4208,1666.48,4263.4,2596.9199999999996,paper_single_prompt,1666.48,mistralai/Mistral-7B-Instruct-v0.3,TotalCharges,32,2026-04-22T07:43:23.130935+00:00
4215,2497.4,7840.6,5343.200000000001,paper_single_prompt,"2497.4

Explanation:
- The given record has a tenure of 72 and a MonthlyCharg",mistralai/Mistral-7B-Instruct-v0.3,TotalCharges,32,2026-04-22T07:43:23.130935+00:00
4219,1843.85,3772.65,1928.8,paper_single_prompt,1843.85,mistralai/Mistral-7B-Instruct-v0.3,TotalCharges,32,2026-04-22T07:43:23.130935+00:00
4238,1397.475,1061.6,335.875,paper_single_prompt,1397.475 + (57 * 19.4),mistralai/Mistral-7B-Instruct-v0.3,TotalCharges,32,2026-04-22T07:43:23.130935+00:00
4245,1397.475,1275.85,121.625,paper_single_prompt,1397.475 * 63 + 19.7 = 8768.815,mistralai/Mistral-7B-Instruct-v0.3,TotalCharges,32,2026-04-22T07:43:23.130935+00:00
4252,1682.1,1033.9,648.1999999999998,paper_single_prompt,"1682.1

Explanation:
- The given record has a tenure of 19, and MonthlyCharg",mistralai/Mistral-7B-Instruct-v0.3,TotalCharges,32,2026-04-22T07:43:23.130935+00:00
4266,3454.2,6529.25,3075.05,paper_single_prompt,"3454.2

Explanation:
- The given record has a tenure of 62 and a MonthlyCharg",mistralai/Mistral-7B-Instruct-v0.3,TotalCharges,32,2026-04-22T07:43:23.130935+00:00
4284,2823.55,2897.95,74.39999999999964,paper_single_prompt,2823.55,mistralai/Mistral-7B-Instruct-v0.3,TotalCharges,32,2026-04-22T07:43:23.130935+00:00
4318,1843.625,4284.65,2441.0249999999996,paper_single_prompt,1843.625,mistralai/Mistral-7B-Instruct-v0.3,TotalCharges,32,2026-04-22T07:43:23.130935+00:00
4320,1461.025,1539.75,78.72499999999991,paper_single_prompt,1461.025,mistralai/Mistral-7B-Instruct-v0.3,TotalCharges,32,2026-04-22T07:43:23.130935+00:00
4343,1246.15,606.25,639.9000000000001,paper_single_prompt,1246.15,mistralai/Mistral-7B-Instruct-v0.3,TotalCharges,32,2026-04-22T07:43:23.130935+00:00
4357,1841.35,330.8,1510.55,paper_single_prompt,1841.35,mistralai/Mistral-7B-Instruct-v0.3,TotalCharges,32,2026-04-22T07:43:23.130935+00:00
4359,2481.4,2249.1,232.30000000000015,paper_single_prompt,"2481.4

Explanation:
- The given record has a tenure of 23, and MonthlyCharg",mistralai/Mistral-7B-Instruct-v0.3,TotalCharges,32,2026-04-22T07:43:23.130935+00:00
4380,1397.475,,,paper_single_prompt,1397.475 + (0 * 20),mistralai/Mistral-7B-Instruct-v0.3,TotalCharges,32,2026-04-22T07:43:23.130935+00:00
4386,2788.25,3046.4,258.1500000000001,paper_single_prompt,2788.25,mistralai/Mistral-7B-Instruct-v0.3,TotalCharges,32,2026-04-22T07:43:23.130935+00:00
4398,1662.85,4858.7,3195.85,paper_single_prompt,1662.85,mistralai/Mistral-7B-Instruct-v0.3,TotalCharges,32,2026-04-22T07:43:23.130935+00:00
4427,2622.65,4917.75,2295.1,paper_single_prompt,2622.65,mistralai/Mistral-7B-Instruct-v0.3,TotalCharges,32,2026-04-22T07:43:23.130935+00:00
4436,1665.2,1297.8,367.4000000000001,paper_single_prompt,"1665.2

Explanation:
- The given record has a tenure of 19, and MonthlyCharg",mistralai/Mistral-7B-Instruct-v0.3,TotalCharges,32,2026-04-22T07:43:23.130935+00:00
4456,1678.65,1614.9,63.75,paper_single_prompt,1678.65,mistralai/Mistral-7B-Instruct-v0.3,TotalCharges,32,2026-04-22T07:43:23.130935+00:00
4457,2340.0,1573.95,766.05,paper_single_prompt,2340,mistralai/Mistral-7B-Instruct-v0.3,TotalCharges,32,2026-04-22T07:43:23.130935+00:00
4463,1469.55,69.85,1399.7,paper_single_prompt,1469.55,mistralai/Mistral-7B-Instruct-v0.3,TotalCharges,32,2026-04-22T07:43:23.130935+00:00
4470,1191.95,322.5,869.45,paper_single_prompt,1191.95,mistralai/Mistral-7B-Instruct-v0.3,TotalCharges,32,2026-04-22T07:43:23.130935+00:00
4481,1847.85,1626.05,221.79999999999995,paper_single_prompt,1847.85,mistralai/Mistral-7B-Instruct-v0.3,TotalCharges,32,2026-04-22T07:43:23.130935+00:00
4486,1650.72,5500.6,3849.88,paper_single_prompt,1650.72,mistralai/Mistral-7B-Instruct-v0.3,TotalCharges,32,2026-04-22T07:43:23.130935+00:00
4488,3487.4,3229.4,258.0,paper_single_prompt,"3487.4

Explanation:
- The given record has a tenure of 42 and MonthlyCharges",mistralai/Mistral-7B-Instruct-v0.3,TotalCharges,32,2026-04-22T07:43:23.130935+00:00
4491,1397.475,19.75,1377.725,paper_single_prompt,1397.475 + (1 * 19.75),mistralai/Mistral-7B-Instruct-v0.3,TotalCharges,32,2026-04-22T07:43:23.130935+00:00
4492,1842.15,1230.9,611.25,paper_single_prompt,1842.15,mistralai/Mistral-7B-Instruct-v0.3,TotalCharges,32,2026-04-22T07:43:23.130935+00:00
4504,1843.85,785.75,1058.1,paper_single_prompt,1843.85,mistralai/Mistral-7B-Instruct-v0.3,TotalCharges,32,2026-04-22T07:43:23.130935+00:00
4507,1249.35,574.5,674.8499999999999,paper_single_prompt,1249.35,mistralai/Mistral-7B-Instruct-v0.3,TotalCharges,32,2026-04-22T07:43:23.130935+00:00
4512,1446.5,5212.65,3766.15,paper_single_prompt,1446.5,mistralai/Mistral-7B-Instruct-v0.3,TotalCharges,32,2026-04-22T07:43:23.130935+00:00
4525,3682.2,2979.3,702.8999999999996,paper_single_prompt,"3682.2

Explanation:
- The given record has a tenure of 32 and MonthlyCharges",mistralai/Mistral-7B-Instruct-v0.3,TotalCharges,32,2026-04-22T07:43:23.130935+00:00
4535,2101.55,3046.15,944.6,paper_single_prompt,2101.55,mistralai/Mistral-7B-Instruct-v0.3,TotalCharges,32,2026-04-22T07:43:23.130935+00:00
4550,1845.0,1988.05,143.04999999999995,paper_single_prompt,1845.0,mistralai/Mistral-7B-Instruct-v0.3,TotalCharges,32,2026-04-22T07:43:23.130935+00:00
4561,1246.5,446.8,799.7,paper_single_prompt,1246.5,mistralai/Mistral-7B-Instruct-v0.3,TotalCharges,32,2026-04-22T07:43:23.130935+00:00
4584,1843.26,5031.0,3187.74,paper_single_prompt,1843.26,mistralai/Mistral-7B-Instruct-v0.3,TotalCharges,32,2026-04-22T07:43:23.130935+00:00
4593,1639.1,246.3,1392.8,paper_single_prompt,1639.1,mistralai/Mistral-7B-Instruct-v0.3,TotalCharges,32,2026-04-22T07:43:23.130935+00:00
4594,2585.6,2110.15,475.4499999999998,paper_single_prompt,2585.6,mistralai/Mistral-7B-Instruct-v0.3,TotalCharges,32,2026-04-22T07:43:23.130935+00:00
4598,1650.0,969.85,680.15,paper_single_prompt,1650.0,mistralai/Mistral-7B-Instruct-v0.3,TotalCharges,32,2026-04-22T07:43:23.130935+00:00
4600,3084.7,6567.9,3483.2,paper_single_prompt,"3084.7

Explanation:
- The given record has a tenure of 56 and a MonthlyCharg",mistralai/Mistral-7B-Instruct-v0.3,TotalCharges,32,2026-04-22T07:43:23.130935+00:00
4610,3486.4,8684.8,5198.4,paper_single_prompt,"3486.4

Explanation:
- The given record has a tenure of 72 and a MonthlyCharg",mistralai/Mistral-7B-Instruct-v0.3,TotalCharges,32,2026-04-22T07:43:23.130935+00:00
4611,1653.95,1776.45,122.5,paper_single_prompt,1653.95,mistralai/Mistral-7B-Instruct-v0.3,TotalCharges,32,2026-04-22T07:43:23.130935+00:00
4612,1231.5,2933.95,1702.4499999999998,paper_single_prompt,1231.50,mistralai/Mistral-7B-Instruct-v0.3,TotalCharges,32,2026-04-22T07:43:23.130935+00:00
4613,1847.5,4370.25,2522.75,paper_single_prompt,1847.5,mistralai/Mistral-7B-Instruct-v0.3,TotalCharges,32,2026-04-22T07:43:23.130935+00:00
4620,3083.6,8332.15,5248.549999999999,paper_single_prompt,"3083.6

Explanation:
- The given record has a tenure of 72 and a MonthlyCharg",mistralai/Mistral-7B-Instruct-v0.3,TotalCharges,32,2026-04-22T07:43:23.130935+00:00
4624,1236.85,740.3,496.5499999999999,paper_single_prompt,1236.85,mistralai/Mistral-7B-Instruct-v0.3,TotalCharges,32,2026-04-22T07:43:23.130935+00:00
4642,1843.52,4820.15,2976.6299999999997,paper_single_prompt,1843.52,mistralai/Mistral-7B-Instruct-v0.3,TotalCharges,32,2026-04-22T07:43:23.130935+00:00
4656,2823.6,1615.1,1208.5,paper_single_prompt,"2823.6

Explanation:
- The given record has a tenure of 22 and MonthlyCharges",mistralai/Mistral-7B-Instruct-v0.3,TotalCharges,32,2026-04-22T07:43:23.130935+00:00
4667,2385.0,375.25,2009.75,paper_single_prompt,2385.0,mistralai/Mistral-7B-Instruct-v0.3,TotalCharges,32,2026-04-22T07:43:23.130935+00:00
4684,3481.55,7262.0,3780.45,paper_single_prompt,3481.55,mistralai/Mistral-7B-Instruct-v0.3,TotalCharges,32,2026-04-22T07:43:23.130935+00:00
4686,2498.8,7748.75,5249.95,paper_single_prompt,"2498.8

Explanation:
- The given record has a tenure of 72 months and a MonthlyCh",mistralai/Mistral-7B-Instruct-v0.3,TotalCharges,32,2026-04-22T07:43:23.130935+00:00
4691,2419.25,5688.05,3268.8,paper_single_prompt,2419.25,mistralai/Mistral-7B-Instruct-v0.3,TotalCharges,32,2026-04-22T07:43:23.130935+00:00
4699,3666.6,5174.35,1507.7500000000005,paper_single_prompt,3666.6,mistralai/Mistral-7B-Instruct-v0.3,TotalCharges,32,2026-04-22T07:43:23.130935+00:00
4703,2400.44,1772.25,628.19,paper_single_prompt,2400.44,mistralai/Mistral-7B-Instruct-v0.3,TotalCharges,32,2026-04-22T07:43:23.130935+00:00
4710,1306.65,217.5,1089.15,paper_single_prompt,1306.65,mistralai/Mistral-7B-Instruct-v0.3,TotalCharges,32,2026-04-22T07:43:23.130935+00:00
4726,1188.8,3580.95,2392.1499999999996,paper_single_prompt,"1188.8

Explanation:
- The given record has a tenure of 72 months and a MonthlyCh",mistralai/Mistral-7B-Instruct-v0.3,TotalCharges,32,2026-04-22T07:43:23.130935+00:00
4734,2850.0,3182.95,332.9499999999998,paper_single_prompt,2850,mistralai/Mistral-7B-Instruct-v0.3,TotalCharges,32,2026-04-22T07:43:23.130935+00:00
4736,1843.75,4620.4,2776.6499999999996,paper_single_prompt,1843.75,mistralai/Mistral-7B-Instruct-v0.3,TotalCharges,32,2026-04-22T07:43:23.130935+00:00
4743,1664.5,3389.25,1724.75,paper_single_prompt,1664.5,mistralai/Mistral-7B-Instruct-v0.3,TotalCharges,32,2026-04-22T07:43:23.130935+00:00
4744,1681.3,1198.05,483.25,paper_single_prompt,"1681.3

Explanation:
- The given record has a tenure of 64 and a MonthlyCharg",mistralai/Mistral-7B-Instruct-v0.3,TotalCharges,32,2026-04-22T07:43:23.130935+00:00
4751,1654.65,245.2,1409.45,paper_single_prompt,1654.65,mistralai/Mistral-7B-Instruct-v0.3,TotalCharges,32,2026-04-22T07:43:23.130935+00:00
4768,1397.475,1388.45,9.024999999999864,paper_single_prompt,1397.475 + (71 * 19.8),mistralai/Mistral-7B-Instruct-v0.3,TotalCharges,32,2026-04-22T07:43:23.130935+00:00
4772,1617.8,4134.7,2516.8999999999996,paper_single_prompt,"1617.8

Explanation:
- The given record has a tenure of 69 and a MonthlyCharg",mistralai/Mistral-7B-Instruct-v0.3,TotalCharges,32,2026-04-22T07:43:23.130935+00:00
4786,2485.65,7634.8,5149.15,paper_single_prompt,2485.65,mistralai/Mistral-7B-Instruct-v0.3,TotalCharges,32,2026-04-22T07:43:23.130935+00:00
4790,1646.55,2633.4,986.85,paper_single_prompt,1646.55,mistralai/Mistral-7B-Instruct-v0.3,TotalCharges,32,2026-04-22T07:43:23.130935+00:00
4808,1613.4,4299.95,2686.5499999999997,paper_single_prompt,"1613.4

Explanation:
- The given record has a tenure of 54 and a MonthlyCharg",mistralai/Mistral-7B-Instruct-v0.3,TotalCharges,32,2026-04-22T07:43:23.130935+00:00
4821,1642.15,2959.8,1317.65,paper_single_prompt,1642.15,mistralai/Mistral-7B-Instruct-v0.3,TotalCharges,32,2026-04-22T07:43:23.130935+00:00
4824,3439.5,7133.1,3693.6,paper_single_prompt,3439.5,mistralai/Mistral-7B-Instruct-v0.3,TotalCharges,32,2026-04-22T07:43:23.130935+00:00
4842,1191.95,494.05,697.9000000000001,paper_single_prompt,1191.95,mistralai/Mistral-7B-Instruct-v0.3,TotalCharges,32,2026-04-22T07:43:23.130935+00:00
4844,1844.25,755.4,1088.85,paper_single_prompt,1844.25,mistralai/Mistral-7B-Instruct-v0.3,TotalCharges,32,2026-04-22T07:43:23.130935+00:00
4855,2017.15,6605.55,4588.4,paper_single_prompt,2017.15,mistralai/Mistral-7B-Instruct-v0.3,TotalCharges,32,2026-04-22T07:43:23.130935+00:00
4897,1623.6,469.65,1153.9499999999998,paper_single_prompt,"1623.6

Explanation:
- The given record has a tenure of 15 and a MonthlyCharg",mistralai/Mistral-7B-Instruct-v0.3,TotalCharges,32,2026-04-22T07:43:23.130935+00:00
4904,2826.55,3645.5,818.9499999999998,paper_single_prompt,2826.55,mistralai/Mistral-7B-Instruct-v0.3,TotalCharges,32,2026-04-22T07:43:23.130935+00:00
4911,1667.52,6141.65,4474.129999999999,paper_single_prompt,"1667.52

Explanation:
- The given record has a tenure of 72 and a MonthlyCh",mistralai/Mistral-7B-Instruct-v0.3,TotalCharges,32,2026-04-22T07:43:23.130935+00:00
4918,1644.275,1086.75,557.5250000000001,paper_single_prompt,1644.275,mistralai/Mistral-7B-Instruct-v0.3,TotalCharges,32,2026-04-22T07:43:23.130935+00:00
4921,1846.35,3767.4,1921.05,paper_single_prompt,1846.35,mistralai/Mistral-7B-Instruct-v0.3,TotalCharges,32,2026-04-22T07:43:23.130935+00:00
4922,1638.54,3641.5,2002.96,paper_single_prompt,1638.54,mistralai/Mistral-7B-Instruct-v0.3,TotalCharges,32,2026-04-22T07:43:23.130935+00:00
4933,1244.8,223.75,1021.05,paper_single_prompt,1244.8,mistralai/Mistral-7B-Instruct-v0.3,TotalCharges,32,2026-04-22T07:43:23.130935+00:00
4934,2418.5,7751.7,5333.2,paper_single_prompt,2418.5,mistralai/Mistral-7B-Instruct-v0.3,TotalCharges,32,2026-04-22T07:43:23.130935+00:00
4936,3462.75,4385.05,922.3000000000002,paper_single_prompt,3462.75,mistralai/Mistral-7B-Instruct-v0.3,TotalCharges,32,2026-04-22T07:43:23.130935+00:00
4943,1630.8,5969.3,4338.5,paper_single_prompt,"1630.8

Explanation:
- The given record has a tenure of 71 and a MonthlyCharg",mistralai/Mistral-7B-Instruct-v0.3,TotalCharges,32,2026-04-22T07:43:23.130935+00:00
4956,1236.35,742.95,493.39999999999986,paper_single_prompt,1236.35,mistralai/Mistral-7B-Instruct-v0.3,TotalCharges,32,2026-04-22T07:43:23.130935+00:00
4964,2177.85,1834.95,342.89999999999986,paper_single_prompt,2177.85,mistralai/Mistral-7B-Instruct-v0.3,TotalCharges,32,2026-04-22T07:43:23.130935+00:00
4981,1686.625,712.75,973.875,paper_single_prompt,1686.625,mistralai/Mistral-7B-Instruct-v0.3,TotalCharges,32,2026-04-22T07:43:23.130935+00:00
4982,3844.8,6405.0,2560.2,paper_single_prompt,"3844.8

Explanation:
- The given record has a tenure of 61 and MonthlyCharges",mistralai/Mistral-7B-Instruct-v0.3,TotalCharges,32,2026-04-22T07:43:23.130935+00:00
5010,1661.9,5321.25,3659.35,paper_single_prompt,"1661.9

Explanation:
- The given record has a tenure of 61, and MonthlyCharg",mistralai/Mistral-7B-Instruct-v0.3,TotalCharges,32,2026-04-22T07:43:23.130935+00:00
5011,3486.5,4156.8,670.3000000000002,paper_single_prompt,3486.5,mistralai/Mistral-7B-Instruct-v0.3,TotalCharges,32,2026-04-22T07:43:23.130935+00:00
5036,1661.05,1375.15,285.89999999999986,paper_single_prompt,1661.05,mistralai/Mistral-7B-Instruct-v0.3,TotalCharges,32,2026-04-22T07:43:23.130935+00:00
5054,1236.63,3674.95,2438.3199999999997,paper_single_prompt,1236.63,mistralai/Mistral-7B-Instruct-v0.3,TotalCharges,32,2026-04-22T07:43:23.130935+00:00
5063,2379.25,1852.85,526.4000000000001,paper_single_prompt,2379.25,mistralai/Mistral-7B-Instruct-v0.3,TotalCharges,32,2026-04-22T07:43:23.130935+00:00
5068,1662.1,1493.2,168.89999999999986,paper_single_prompt,"1662.1

Explanation:
- The given record has a tenure of 71 and a MonthlyCharg",mistralai/Mistral-7B-Instruct-v0.3,TotalCharges,32,2026-04-22T07:43:23.130935+00:00
5070,3328.55,3030.6,297.9500000000003,paper_single_prompt,3328.55,mistralai/Mistral-7B-Instruct-v0.3,TotalCharges,32,2026-04-22T07:43:23.130935+00:00
5081,1843.75,3729.6,1885.85,paper_single_prompt,1843.75,mistralai/Mistral-7B-Instruct-v0.3,TotalCharges,32,2026-04-22T07:43:23.130935+00:00
5090,1496.185,673.1,823.0849999999999,paper_single_prompt,1496.185,mistralai/Mistral-7B-Instruct-v0.3,TotalCharges,32,2026-04-22T07:43:23.130935+00:00
5102,2461.65,7881.2,5419.549999999999,paper_single_prompt,2461.65,mistralai/Mistral-7B-Instruct-v0.3,TotalCharges,32,2026-04-22T07:43:23.130935+00:00
5126,2461.55,5925.75,3464.2,paper_single_prompt,2461.55,mistralai/Mistral-7B-Instruct-v0.3,TotalCharges,32,2026-04-22T07:43:23.130935+00:00
5133,3456.5,2433.9,1022.6,paper_single_prompt,3456.50,mistralai/Mistral-7B-Instruct-v0.3,TotalCharges,32,2026-04-22T07:43:23.130935+00:00
5153,3682.25,3851.45,169.19999999999982,paper_single_prompt,3682.25,mistralai/Mistral-7B-Instruct-v0.3,TotalCharges,32,2026-04-22T07:43:23.130935+00:00
5177,2407.2,3021.6,614.4000000000001,paper_single_prompt,"2407.2

Explanation:
- The given record has a tenure of 36 and MonthlyCharges",mistralai/Mistral-7B-Instruct-v0.3,TotalCharges,32,2026-04-22T07:43:23.130935+00:00
5185,1644.0,3478.15,1834.15,paper_single_prompt,1644.0,mistralai/Mistral-7B-Instruct-v0.3,TotalCharges,32,2026-04-22T07:43:23.130935+00:00
5192,1397.475,1189.9,207.57499999999985,paper_single_prompt,1397.475 + (60 * 19.95),mistralai/Mistral-7B-Instruct-v0.3,TotalCharges,32,2026-04-22T07:43:23.130935+00:00
5193,1653.65,1914.5,260.8499999999999,paper_single_prompt,1653.65,mistralai/Mistral-7B-Instruct-v0.3,TotalCharges,32,2026-04-22T07:43:23.130935+00:00
5202,2452.65,6555.2,4102.549999999999,paper_single_prompt,2452.65,mistralai/Mistral-7B-Instruct-v0.3,TotalCharges,32,2026-04-22T07:43:23.130935+00:00
5218,1397.475,,,paper_single_prompt,1397.475 * 19.7,mistralai/Mistral-7B-Instruct-v0.3,TotalCharges,32,2026-04-22T07:43:23.130935+00:00
5220,1144.0,1734.5,590.5,paper_single_prompt,1144.0,mistralai/Mistral-7B-Instruct-v0.3,TotalCharges,32,2026-04-22T07:43:23.130935+00:00
5223,1843.67,1538.6,305.07000000000016,paper_single_prompt,1843.67,mistralai/Mistral-7B-Instruct-v0.3,TotalCharges,32,2026-04-22T07:43:23.130935+00:00
5241,1683.6,3627.3,1943.7000000000005,paper_single_prompt,"1683.6

Explanation:
- The given record has a tenure of 55 and a MonthlyCharg",mistralai/Mistral-7B-Instruct-v0.3,TotalCharges,32,2026-04-22T07:43:23.130935+00:00
5244,1647.45,4192.15,2544.7,paper_single_prompt,1647.45,mistralai/Mistral-7B-Instruct-v0.3,TotalCharges,32,2026-04-22T07:43:23.130935+00:00
5257,3403.3,3744.05,340.75,paper_single_prompt,"3403.3

Explanation:
- The given record has a tenure of 37, and the monthly charges are",mistralai/Mistral-7B-Instruct-v0.3,TotalCharges,32,2026-04-22T07:43:23.130935+00:00
5259,2131.7,2351.45,219.75,paper_single_prompt,"2131.7

Explanation:
- The given record has a tenure of 30, and MonthlyCharg",mistralai/Mistral-7B-Instruct-v0.3,TotalCharges,32,2026-04-22T07:43:23.130935+00:00
5263,1124.25,2479.05,1354.8000000000002,paper_single_prompt,1124.25,mistralai/Mistral-7B-Instruct-v0.3,TotalCharges,32,2026-04-22T07:43:23.130935+00:00
5267,1397.475,183.15,1214.3249999999998,paper_single_prompt,1397.475 + (9 * 19.85),mistralai/Mistral-7B-Instruct-v0.3,TotalCharges,32,2026-04-22T07:43:23.130935+00:00
5279,1397.475,1790.15,392.6750000000002,paper_single_prompt,1397.475 + (70 * 25.15),mistralai/Mistral-7B-Instruct-v0.3,TotalCharges,32,2026-04-22T07:43:23.130935+00:00
5289,2461.6,6993.65,4532.049999999999,paper_single_prompt,"2461.6

Explanation:
- The given record has a tenure of 61, and MonthlyCharg",mistralai/Mistral-7B-Instruct-v0.3,TotalCharges,32,2026-04-22T07:43:23.130935+00:00
5299,2358.4,2812.2,453.7999999999997,paper_single_prompt,"2358.4

Explanation:
- The given record has a tenure of 28, and MonthlyCharg",mistralai/Mistral-7B-Instruct-v0.3,TotalCharges,32,2026-04-22T07:43:23.130935+00:00
5323,2403.2,6225.4,3822.2,paper_single_prompt,"2403.2

Explanation:
- The given record has a tenure of 58 and a MonthlyCharg",mistralai/Mistral-7B-Instruct-v0.3,TotalCharges,32,2026-04-22T07:43:23.130935+00:00
5343,1843.5,3330.1,1486.6,paper_single_prompt,1843.5,mistralai/Mistral-7B-Instruct-v0.3,TotalCharges,32,2026-04-22T07:43:23.130935+00:00
5344,1603.1,5522.7,3919.6,paper_single_prompt,"1603.1

Explanation:
- The given record has a tenure of 71 and a MonthlyCharg",mistralai/Mistral-7B-Instruct-v0.3,TotalCharges,32,2026-04-22T07:43:23.130935+00:00
5362,1665.55,1715.1,49.549999999999955,paper_single_prompt,1665.55,mistralai/Mistral-7B-Instruct-v0.3,TotalCharges,32,2026-04-22T07:43:23.130935+00:00
5363,1397.475,1715.15,317.6750000000002,paper_single_prompt,1397.475 + (70 * 25.35),mistralai/Mistral-7B-Instruct-v0.3,TotalCharges,32,2026-04-22T07:43:23.130935+00:00
5370,1846.48,1442.2,404.28,paper_single_prompt,1846.48,mistralai/Mistral-7B-Instruct-v0.3,TotalCharges,32,2026-04-22T07:43:23.130935+00:00
5372,1648.85,5222.35,3573.5000000000005,paper_single_prompt,1648.85,mistralai/Mistral-7B-Instruct-v0.3,TotalCharges,32,2026-04-22T07:43:23.130935+00:00
5379,1846.8,5270.6,3423.8,paper_single_prompt,"1846.8

Explanation:
- The given record has a tenure of 56 and a MonthlyCharg",mistralai/Mistral-7B-Instruct-v0.3,TotalCharges,32,2026-04-22T07:43:23.130935+00:00
5389,1643.725,3649.6,2005.875,paper_single_prompt,1643.725,mistralai/Mistral-7B-Instruct-v0.3,TotalCharges,32,2026-04-22T07:43:23.130935+00:00
5414,3424.85,6903.1,3478.2500000000005,paper_single_prompt,3424.85,mistralai/Mistral-7B-Instruct-v0.3,TotalCharges,32,2026-04-22T07:43:23.130935+00:00
5434,2869.9,3275.15,405.25,paper_single_prompt,2869.9,mistralai/Mistral-7B-Instruct-v0.3,TotalCharges,32,2026-04-22T07:43:23.130935+00:00
5435,3478.65,4236.6,757.9500000000003,paper_single_prompt,3478.65,mistralai/Mistral-7B-Instruct-v0.3,TotalCharges,32,2026-04-22T07:43:23.130935+00:00
5445,1670.2,5411.65,3741.45,paper_single_prompt,"1670.2

Explanation:
- The given record has a tenure of 62 and a MonthlyCharg",mistralai/Mistral-7B-Instruct-v0.3,TotalCharges,32,2026-04-22T07:43:23.130935+00:00
5449,2498.15,6895.5,4397.35,paper_single_prompt,2498.15,mistralai/Mistral-7B-Instruct-v0.3,TotalCharges,32,2026-04-22T07:43:23.130935+00:00
5451,1843.75,6856.95,5013.2,paper_single_prompt,1843.75,mistralai/Mistral-7B-Instruct-v0.3,TotalCharges,32,2026-04-22T07:43:23.130935+00:00
5470,1657.65,6435.25,4777.6,paper_single_prompt,1657.65,mistralai/Mistral-7B-Instruct-v0.3,TotalCharges,32,2026-04-22T07:43:23.130935+00:00
5475,1845.0,3092.65,1247.65,paper_single_prompt,1845,mistralai/Mistral-7B-Instruct-v0.3,TotalCharges,32,2026-04-22T07:43:23.130935+00:00
5483,1846.125,4458.15,2612.0249999999996,paper_single_prompt,1846.125,mistralai/Mistral-7B-Instruct-v0.3,TotalCharges,32,2026-04-22T07:43:23.130935+00:00
5484,1846.85,6856.45,5009.6,paper_single_prompt,1846.85,mistralai/Mistral-7B-Instruct-v0.3,TotalCharges,32,2026-04-22T07:43:23.130935+00:00
5486,1843.7,4735.2,2891.5,paper_single_prompt,"1843.7

Explanation:
- The given record has a tenure of 54 and a MonthlyCharg",mistralai/Mistral-7B-Instruct-v0.3,TotalCharges,32,2026-04-22T07:43:23.130935+00:00
5491,1844.75,1424.4,420.3499999999999,paper_single_prompt,1844.75,mistralai/Mistral-7B-Instruct-v0.3,TotalCharges,32,2026-04-22T07:43:23.130935+00:00
5497,2486.4,2541.25,54.84999999999991,paper_single_prompt,"2486.4

Explanation:
- The given record has a tenure of 49 and a MonthlyCharg",mistralai/Mistral-7B-Instruct-v0.3,TotalCharges,32,2026-04-22T07:43:23.130935+00:00
5500,1887.45,3694.45,1807.0,paper_single_prompt,1887.45,mistralai/Mistral-7B-Instruct-v0.3,TotalCharges,32,2026-04-22T07:43:23.130935+00:00
5504,3457.6,3912.9,455.3000000000002,paper_single_prompt,"3457.6

Explanation:
- The given record has a tenure of 44 and a MonthlyCharg",mistralai/Mistral-7B-Instruct-v0.3,TotalCharges,32,2026-04-22T07:43:23.130935+00:00
5511,1649.65,5289.8,3640.15,paper_single_prompt,1649.65,mistralai/Mistral-7B-Instruct-v0.3,TotalCharges,32,2026-04-22T07:43:23.130935+00:00
5515,1661.05,309.25,1351.8,paper_single_prompt,1661.05,mistralai/Mistral-7B-Instruct-v0.3,TotalCharges,32,2026-04-22T07:43:23.130935+00:00
5516,1397.475,201.1,1196.375,paper_single_prompt,1397.475 + (4 - 1) * 51.75 = 678.5,mistralai/Mistral-7B-Instruct-v0.3,TotalCharges,32,2026-04-22T07:43:23.130935+00:00
5517,1600.29,6179.35,4579.06,paper_single_prompt,1600.29,mistralai/Mistral-7B-Instruct-v0.3,TotalCharges,32,2026-04-22T07:43:23.130935+00:00
5525,1686.625,1342.15,344.4749999999999,paper_single_prompt,1686.625,mistralai/Mistral-7B-Instruct-v0.3,TotalCharges,32,2026-04-22T07:43:23.130935+00:00
5526,1658.85,1216.35,442.5,paper_single_prompt,1658.85,mistralai/Mistral-7B-Instruct-v0.3,TotalCharges,32,2026-04-22T07:43:23.130935+00:00
5530,1653.9,6056.9,4403.0,paper_single_prompt,"1653.9

Explanation:
- The given record has a tenure of 66 and a MonthlyCharg",mistralai/Mistral-7B-Instruct-v0.3,TotalCharges,32,2026-04-22T07:43:23.130935+00:00
5537,3431.55,8016.6,4585.05,paper_single_prompt,3431.55,mistralai/Mistral-7B-Instruct-v0.3,TotalCharges,32,2026-04-22T07:43:23.130935+00:00
5542,1683.95,5883.85,4199.900000000001,paper_single_prompt,1683.95,mistralai/Mistral-7B-Instruct-v0.3,TotalCharges,32,2026-04-22T07:43:23.130935+00:00
5544,3400.25,6252.9,2852.6499999999996,paper_single_prompt,3400.25,mistralai/Mistral-7B-Instruct-v0.3,TotalCharges,32,2026-04-22T07:43:23.130935+00:00
5548,1397.475,1724.15,326.6750000000002,paper_single_prompt,1397.475 + (70 * 24.25),mistralai/Mistral-7B-Instruct-v0.3,TotalCharges,32,2026-04-22T07:43:23.130935+00:00
5570,2487.05,3532.85,1045.7999999999995,paper_single_prompt,2487.05,mistralai/Mistral-7B-Instruct-v0.3,TotalCharges,32,2026-04-22T07:43:23.130935+00:00
5590,2483.75,477.6,2006.15,paper_single_prompt,2483.75,mistralai/Mistral-7B-Instruct-v0.3,TotalCharges,32,2026-04-22T07:43:23.130935+00:00
5597,2811.0,1910.6,900.4000000000001,paper_single_prompt,2811.0,mistralai/Mistral-7B-Instruct-v0.3,TotalCharges,32,2026-04-22T07:43:23.130935+00:00
5604,1684.8,1207.0,477.7999999999999,paper_single_prompt,1684.8,mistralai/Mistral-7B-Instruct-v0.3,TotalCharges,32,2026-04-22T07:43:23.130935+00:00
5616,1636.5,2076.05,439.5500000000002,paper_single_prompt,1636.5,mistralai/Mistral-7B-Instruct-v0.3,TotalCharges,32,2026-04-22T07:43:23.130935+00:00
5637,2403.75,5629.15,3225.3999999999996,paper_single_prompt,2403.75,mistralai/Mistral-7B-Instruct-v0.3,TotalCharges,32,2026-04-22T07:43:23.130935+00:00
5645,1886.925,4392.5,2505.575,paper_single_prompt,1886.925,mistralai/Mistral-7B-Instruct-v0.3,TotalCharges,32,2026-04-22T07:43:23.130935+00:00
5654,1846.05,7511.9,5665.849999999999,paper_single_prompt,1846.05,mistralai/Mistral-7B-Instruct-v0.3,TotalCharges,32,2026-04-22T07:43:23.130935+00:00
5658,2312.0,2248.05,63.94999999999982,paper_single_prompt,"2312

Explanation:
- The given record has a tenure of 24 months and a MonthlyCharges",mistralai/Mistral-7B-Instruct-v0.3,TotalCharges,32,2026-04-22T07:43:23.130935+00:00
5661,1397.475,63.0,1334.475,paper_single_prompt,1397.475 * 4 + 19.85 = 1636.3,mistralai/Mistral-7B-Instruct-v0.3,TotalCharges,32,2026-04-22T07:43:23.130935+00:00
5663,2481.5,3314.15,832.6500000000001,paper_single_prompt,2481.5,mistralai/Mistral-7B-Instruct-v0.3,TotalCharges,32,2026-04-22T07:43:23.130935+00:00
5680,1436.35,20.85,1415.5,paper_single_prompt,1436.35,mistralai/Mistral-7B-Instruct-v0.3,TotalCharges,32,2026-04-22T07:43:23.130935+00:00
5683,1662.125,2011.4,349.2750000000001,paper_single_prompt,1662.125,mistralai/Mistral-7B-Instruct-v0.3,TotalCharges,32,2026-04-22T07:43:23.130935+00:00
5685,1648.8,903.7,745.0999999999999,paper_single_prompt,1648.8,mistralai/Mistral-7B-Instruct-v0.3,TotalCharges,32,2026-04-22T07:43:23.130935+00:00
5702,2436.6,7548.1,5111.5,paper_single_prompt,"2436.6

Explanation:
- The given record has a tenure of 71, and the monthly charges are",mistralai/Mistral-7B-Instruct-v0.3,TotalCharges,32,2026-04-22T07:43:23.130935+00:00
5710,1846.5,7752.05,5905.55,paper_single_prompt,1846.5,mistralai/Mistral-7B-Instruct-v0.3,TotalCharges,32,2026-04-22T07:43:23.130935+00:00
5748,2438.65,1992.55,446.10000000000014,paper_single_prompt,2438.65,mistralai/Mistral-7B-Instruct-v0.3,TotalCharges,32,2026-04-22T07:43:23.130935+00:00
5766,2300.0,1347.15,952.85,paper_single_prompt,2300,mistralai/Mistral-7B-Instruct-v0.3,TotalCharges,32,2026-04-22T07:43:23.130935+00:00
5767,1397.475,3808.2,2410.725,paper_single_prompt,1397.475 + (65 * 59.8),mistralai/Mistral-7B-Instruct-v0.3,TotalCharges,32,2026-04-22T07:43:23.130935+00:00
5805,1657.12,1286.05,371.06999999999994,paper_single_prompt,1657.12,mistralai/Mistral-7B-Instruct-v0.3,TotalCharges,32,2026-04-22T07:43:23.130935+00:00
5807,1397.475,1094.35,303.125,paper_single_prompt,1397.475 * 57 + 18.8,mistralai/Mistral-7B-Instruct-v0.3,TotalCharges,32,2026-04-22T07:43:23.130935+00:00
5820,1397.475,3561.15,2163.675,paper_single_prompt,1397.475 + (60 - 10) * 59.8,mistralai/Mistral-7B-Instruct-v0.3,TotalCharges,32,2026-04-22T07:43:23.130935+00:00
5824,1843.75,5234.95,3391.2,paper_single_prompt,1843.75,mistralai/Mistral-7B-Instruct-v0.3,TotalCharges,32,2026-04-22T07:43:23.130935+00:00
5831,1286.72,809.75,476.97,paper_single_prompt,1286.72,mistralai/Mistral-7B-Instruct-v0.3,TotalCharges,32,2026-04-22T07:43:23.130935+00:00
5838,1843.75,3827.9,1984.15,paper_single_prompt,1843.75,mistralai/Mistral-7B-Instruct-v0.3,TotalCharges,32,2026-04-22T07:43:23.130935+00:00
5841,1237.5,3264.45,2026.95,paper_single_prompt,1237.50,mistralai/Mistral-7B-Instruct-v0.3,TotalCharges,32,2026-04-22T07:43:23.130935+00:00
5853,1886.72,6001.45,4114.73,paper_single_prompt,1886.72,mistralai/Mistral-7B-Instruct-v0.3,TotalCharges,32,2026-04-22T07:43:23.130935+00:00
5855,1227.75,2832.75,1605.0,paper_single_prompt,1227.75,mistralai/Mistral-7B-Instruct-v0.3,TotalCharges,32,2026-04-22T07:43:23.130935+00:00
5865,1125.95,72.0,1053.95,paper_single_prompt,1125.95,mistralai/Mistral-7B-Instruct-v0.3,TotalCharges,32,2026-04-22T07:43:23.130935+00:00
5877,3688.75,5785.5,2096.75,paper_single_prompt,3688.75,mistralai/Mistral-7B-Instruct-v0.3,TotalCharges,32,2026-04-22T07:43:23.130935+00:00
5881,3098.55,2727.3,371.25,paper_single_prompt,3098.55,mistralai/Mistral-7B-Instruct-v0.3,TotalCharges,32,2026-04-22T07:43:23.130935+00:00
5886,1397.475,948.9,448.57499999999993,paper_single_prompt,1397.475 * 47 + 19.75 = 6638.8625,mistralai/Mistral-7B-Instruct-v0.3,TotalCharges,32,2026-04-22T07:43:23.130935+00:00
5903,3481.2,4627.8,1146.6000000000004,paper_single_prompt,"3481.2

Explanation:
- The given record has a tenure of 52 and a MonthlyCharg",mistralai/Mistral-7B-Instruct-v0.3,TotalCharges,32,2026-04-22T07:43:23.130935+00:00
5909,1684.4,4297.6,2613.2000000000003,paper_single_prompt,"1684.4

Explanation:
- The given record has a tenure of 52, and MonthlyCharg",mistralai/Mistral-7B-Instruct-v0.3,TotalCharges,32,2026-04-22T07:43:23.130935+00:00
5913,1843.85,2274.1,430.25,paper_single_prompt,1843.85,mistralai/Mistral-7B-Instruct-v0.3,TotalCharges,32,2026-04-22T07:43:23.130935+00:00
5916,2485.55,8192.6,5707.05,paper_single_prompt,2485.55,mistralai/Mistral-7B-Instruct-v0.3,TotalCharges,32,2026-04-22T07:43:23.130935+00:00
5922,3461.5,7609.75,4148.25,paper_single_prompt,3461.5,mistralai/Mistral-7B-Instruct-v0.3,TotalCharges,32,2026-04-22T07:43:23.130935+00:00
5944,1439.95,654.85,785.1,paper_single_prompt,1439.95,mistralai/Mistral-7B-Instruct-v0.3,TotalCharges,32,2026-04-22T07:43:23.130935+00:00
5955,1843.2,4855.35,3012.1500000000005,paper_single_prompt,1843.2,mistralai/Mistral-7B-Instruct-v0.3,TotalCharges,32,2026-04-22T07:43:23.130935+00:00
5957,1847.15,1422.65,424.5,paper_single_prompt,1847.15,mistralai/Mistral-7B-Instruct-v0.3,TotalCharges,32,2026-04-22T07:43:23.130935+00:00
5962,1600.12,1321.3,278.81999999999994,paper_single_prompt,1600.12,mistralai/Mistral-7B-Instruct-v0.3,TotalCharges,32,2026-04-22T07:43:23.130935+00:00
5993,1698.85,151.75,1547.1,paper_single_prompt,1698.85,mistralai/Mistral-7B-Instruct-v0.3,TotalCharges,32,2026-04-22T07:43:23.130935+00:00
5998,1681.1,1036.0,645.0999999999999,paper_single_prompt,1681.1,mistralai/Mistral-7B-Instruct-v0.3,TotalCharges,32,2026-04-22T07:43:23.130935+00:00
6004,1648.32,5598.3,3949.980000000001,paper_single_prompt,"1648.32

Explanation:
- The given record has a tenure of 67 and a MonthlyCh",mistralai/Mistral-7B-Instruct-v0.3,TotalCharges,32,2026-04-22T07:43:23.130935+00:00
6005,1676.55,4374.55,2698.0,paper_single_prompt,1676.55,mistralai/Mistral-7B-Instruct-v0.3,TotalCharges,32,2026-04-22T07:43:23.130935+00:00
6009,3446.55,5485.5,2038.95,paper_single_prompt,3446.55,mistralai/Mistral-7B-Instruct-v0.3,TotalCharges,32,2026-04-22T07:43:23.130935+00:00
6014,1649.7,5060.9,3411.2,paper_single_prompt,"1649.7

Explanation:
- The given record has a tenure of 54 and a MonthlyCharg",mistralai/Mistral-7B-Instruct-v0.3,TotalCharges,32,2026-04-22T07:43:23.130935+00:00
6020,2437.5,1993.2,444.2999999999999,paper_single_prompt,2437.5,mistralai/Mistral-7B-Instruct-v0.3,TotalCharges,32,2026-04-22T07:43:23.130935+00:00
6025,1654.88,1841.9,187.02,paper_single_prompt,1654.88,mistralai/Mistral-7B-Instruct-v0.3,TotalCharges,32,2026-04-22T07:43:23.130935+00:00
6049,1843.65,1016.7,826.95,paper_single_prompt,1843.65,mistralai/Mistral-7B-Instruct-v0.3,TotalCharges,32,2026-04-22T07:43:23.130935+00:00
6056,1663.6,4299.2,2635.6,paper_single_prompt,"1663.6

Explanation:
- The given record has a tenure of 58 and a MonthlyCharg",mistralai/Mistral-7B-Instruct-v0.3,TotalCharges,32,2026-04-22T07:43:23.130935+00:00
6059,1159.21,1630.4,471.19000000000005,paper_single_prompt,"1159.21

Explanation:
- The given record has a tenure of 39 and a MonthlyCh",mistralai/Mistral-7B-Instruct-v0.3,TotalCharges,32,2026-04-22T07:43:23.130935+00:00
6063,1397.475,1401.4,3.925000000000182,paper_single_prompt,1397.475 * 70 + 19.2,mistralai/Mistral-7B-Instruct-v0.3,TotalCharges,32,2026-04-22T07:43:23.130935+00:00
6077,2478.7,6891.4,4412.7,paper_single_prompt,"2478.7

Explanation:
- The given record has a tenure of 62 and a MonthlyCharg",mistralai/Mistral-7B-Instruct-v0.3,TotalCharges,32,2026-04-22T07:43:23.130935+00:00
6111,1674.05,3532.25,1858.2,paper_single_prompt,1674.05,mistralai/Mistral-7B-Instruct-v0.3,TotalCharges,32,2026-04-22T07:43:23.130935+00:00
6112,1886.44,6891.45,5005.01,paper_single_prompt,1886.44,mistralai/Mistral-7B-Instruct-v0.3,TotalCharges,32,2026-04-22T07:43:23.130935+00:00
6118,2497.4,8547.15,6049.75,paper_single_prompt,"2497.4

Explanation:
- The given record has a tenure of 72 months and a MonthlyCh",mistralai/Mistral-7B-Instruct-v0.3,TotalCharges,32,2026-04-22T07:43:23.130935+00:00
6124,1618.1,3274.35,1656.25,paper_single_prompt,"1618.1

Explanation:
- The given record has a tenure of 57 and a MonthlyCharg",mistralai/Mistral-7B-Instruct-v0.3,TotalCharges,32,2026-04-22T07:43:23.130935+00:00
6125,1626.75,1359.0,267.75,paper_single_prompt,1626.75,mistralai/Mistral-7B-Instruct-v0.3,TotalCharges,32,2026-04-22T07:43:23.130935+00:00
6175,3622.4,3023.85,598.5500000000002,paper_single_prompt,"3622.4

Explanation:
- The given record has a tenure of 32 and a MonthlyCharg",mistralai/Mistral-7B-Instruct-v0.3,TotalCharges,32,2026-04-22T07:43:23.130935+00:00
6176,3454.55,3365.85,88.70000000000027,paper_single_prompt,3454.55,mistralai/Mistral-7B-Instruct-v0.3,TotalCharges,32,2026-04-22T07:43:23.130935+00:00
6180,1864.48,6471.85,4607.370000000001,paper_single_prompt,1864.48,mistralai/Mistral-7B-Instruct-v0.3,TotalCharges,32,2026-04-22T07:43:23.130935+00:00
6206,1887.65,5088.4,3200.7499999999995,paper_single_prompt,1887.65,mistralai/Mistral-7B-Instruct-v0.3,TotalCharges,32,2026-04-22T07:43:23.130935+00:00
6239,1846.84,7285.7,5438.86,paper_single_prompt,1846.84,mistralai/Mistral-7B-Instruct-v0.3,TotalCharges,32,2026-04-22T07:43:23.130935+00:00
6252,1174.7,2021.35,846.6499999999999,paper_single_prompt,"1174.7

Explanation:
- The given record has a tenure of 50 and MonthlyCharges",mistralai/Mistral-7B-Instruct-v0.3,TotalCharges,32,2026-04-22T07:43:23.130935+00:00
6253,1124.25,2564.95,1440.6999999999998,paper_single_prompt,1124.25,mistralai/Mistral-7B-Instruct-v0.3,TotalCharges,32,2026-04-22T07:43:23.130935+00:00
6287,2203.85,2254.2,50.34999999999991,paper_single_prompt,2203.85,mistralai/Mistral-7B-Instruct-v0.3,TotalCharges,32,2026-04-22T07:43:23.130935+00:00
6292,3630.0,3835.55,205.55000000000015,paper_single_prompt,3630,mistralai/Mistral-7B-Instruct-v0.3,TotalCharges,32,2026-04-22T07:43:23.130935+00:00
6300,1674.6,1680.25,5.650000000000091,paper_single_prompt,"1674.6

Explanation:
- The given record has a tenure of 67 and a MonthlyCharg",mistralai/Mistral-7B-Instruct-v0.3,TotalCharges,32,2026-04-22T07:43:23.130935+00:00
6302,1441.65,413.65,1028.0,paper_single_prompt,1441.65,mistralai/Mistral-7B-Instruct-v0.3,TotalCharges,32,2026-04-22T07:43:23.130935+00:00
6316,1668.5,1573.05,95.45000000000005,paper_single_prompt,1668.5,mistralai/Mistral-7B-Instruct-v0.3,TotalCharges,32,2026-04-22T07:43:23.130935+00:00
6320,1841.5,1985.15,143.6500000000001,paper_single_prompt,1841.5,mistralai/Mistral-7B-Instruct-v0.3,TotalCharges,32,2026-04-22T07:43:23.130935+00:00
6326,1105.2,2748.7,1643.4999999999998,paper_single_prompt,"1105.2

Explanation:
- The given record has a tenure of 62 and a MonthlyCharg",mistralai/Mistral-7B-Instruct-v0.3,TotalCharges,32,2026-04-22T07:43:23.130935+00:00
6333,3012.0,6441.4,3429.3999999999996,paper_single_prompt,"3012

Explanation:
- The given record has a tenure of 60, and MonthlyCharges of",mistralai/Mistral-7B-Instruct-v0.3,TotalCharges,32,2026-04-22T07:43:23.130935+00:00
6366,1651.2,4378.8,2727.6000000000004,paper_single_prompt,"1651.2

Explanation:
- The given record has a tenure of 64 and a MonthlyCharg",mistralai/Mistral-7B-Instruct-v0.3,TotalCharges,32,2026-04-22T07:43:23.130935+00:00
6370,1846.75,4016.85,2170.1,paper_single_prompt,1846.75,mistralai/Mistral-7B-Instruct-v0.3,TotalCharges,32,2026-04-22T07:43:23.130935+00:00
6378,1664.55,1095.3,569.25,paper_single_prompt,1664.55,mistralai/Mistral-7B-Instruct-v0.3,TotalCharges,32,2026-04-22T07:43:23.130935+00:00
6397,2466.5,3529.95,1063.4499999999998,paper_single_prompt,2466.5,mistralai/Mistral-7B-Instruct-v0.3,TotalCharges,32,2026-04-22T07:43:23.130935+00:00
6403,3465.2,8337.45,4872.250000000001,paper_single_prompt,"3465.2

Explanation:
- The given record has a tenure of 72 and a MonthlyCharg",mistralai/Mistral-7B-Instruct-v0.3,TotalCharges,32,2026-04-22T07:43:23.130935+00:00
6406,1226.95,1905.4,678.45,paper_single_prompt,1226.95,mistralai/Mistral-7B-Instruct-v0.3,TotalCharges,32,2026-04-22T07:43:23.130935+00:00
6409,1654.72,776.25,878.47,paper_single_prompt,1654.72,mistralai/Mistral-7B-Instruct-v0.3,TotalCharges,32,2026-04-22T07:43:23.130935+00:00
6415,1194.75,2540.1,1345.35,paper_single_prompt,1194.75,mistralai/Mistral-7B-Instruct-v0.3,TotalCharges,32,2026-04-22T07:43:23.130935+00:00
6442,1663.3,3431.75,1768.45,paper_single_prompt,1663.3,mistralai/Mistral-7B-Instruct-v0.3,TotalCharges,32,2026-04-22T07:43:23.130935+00:00
6447,1397.475,4801.1,3403.6250000000005,paper_single_prompt,1397.475 + (60 * 79) - 18.8,mistralai/Mistral-7B-Instruct-v0.3,TotalCharges,32,2026-04-22T07:43:23.130935+00:00
6450,1843.7,550.1,1293.6,paper_single_prompt,"1843.7

Explanation:
- The given record has a tenure of 27 and a MonthlyCharg",mistralai/Mistral-7B-Instruct-v0.3,TotalCharges,32,2026-04-22T07:43:23.130935+00:00
6455,1107.15,2666.75,1559.6,paper_single_prompt,1107.15,mistralai/Mistral-7B-Instruct-v0.3,TotalCharges,32,2026-04-22T07:43:23.130935+00:00
6463,1843.25,4096.9,2253.6499999999996,paper_single_prompt,1843.25,mistralai/Mistral-7B-Instruct-v0.3,TotalCharges,32,2026-04-22T07:43:23.130935+00:00
6483,1641.04,1334.45,306.5899999999999,paper_single_prompt,1641.04,mistralai/Mistral-7B-Instruct-v0.3,TotalCharges,32,2026-04-22T07:43:23.130935+00:00
6484,3322.86,3358.65,35.789999999999964,paper_single_prompt,"3322.86

Explanation:
- The given record has a tenure of 37 and a MonthlyCh",mistralai/Mistral-7B-Instruct-v0.3,TotalCharges,32,2026-04-22T07:43:23.130935+00:00
6512,1450.8,688.5,762.3,paper_single_prompt,"1450.8

Explanation:
- The given record has a tenure of 11 and a MonthlyCharg",mistralai/Mistral-7B-Instruct-v0.3,TotalCharges,32,2026-04-22T07:43:23.130935+00:00
6514,1660.44,4746.05,3085.61,paper_single_prompt,"1660.44

Explanation:
- The given record has a tenure of 72 and a MonthlyCh",mistralai/Mistral-7B-Instruct-v0.3,TotalCharges,32,2026-04-22T07:43:23.130935+00:00
6515,1127.7,712.85,414.85,paper_single_prompt,"1127.7

Explanation:
- The given record has a tenure of 29 and a MonthlyCharg",mistralai/Mistral-7B-Instruct-v0.3,TotalCharges,32,2026-04-22T07:43:23.130935+00:00
6529,1695.35,156.4,1538.9499999999998,paper_single_prompt,1695.35,mistralai/Mistral-7B-Instruct-v0.3,TotalCharges,32,2026-04-22T07:43:23.130935+00:00
6534,1887.65,5206.55,3318.9,paper_single_prompt,1887.65,mistralai/Mistral-7B-Instruct-v0.3,TotalCharges,32,2026-04-22T07:43:23.130935+00:00
6537,3469.55,7968.85,4499.3,paper_single_prompt,3469.55,mistralai/Mistral-7B-Instruct-v0.3,TotalCharges,32,2026-04-22T07:43:23.130935+00:00
6564,1101.25,95.55,1005.7,paper_single_prompt,1101.25,mistralai/Mistral-7B-Instruct-v0.3,TotalCharges,32,2026-04-22T07:43:23.130935+00:00
6577,1687.65,5265.55,3577.9,paper_single_prompt,1687.65,mistralai/Mistral-7B-Instruct-v0.3,TotalCharges,32,2026-04-22T07:43:23.130935+00:00
6595,1683.05,5832.65,4149.599999999999,paper_single_prompt,1683.05,mistralai/Mistral-7B-Instruct-v0.3,TotalCharges,32,2026-04-22T07:43:23.130935+00:00
6600,1188.85,91.7,1097.15,paper_single_prompt,1188.85,mistralai/Mistral-7B-Instruct-v0.3,TotalCharges,32,2026-04-22T07:43:23.130935+00:00
6606,3330.0,4026.4,696.4000000000001,paper_single_prompt,3330,mistralai/Mistral-7B-Instruct-v0.3,TotalCharges,32,2026-04-22T07:43:23.130935+00:00
6632,2485.85,2274.9,210.94999999999985,paper_single_prompt,2485.85,mistralai/Mistral-7B-Instruct-v0.3,TotalCharges,32,2026-04-22T07:43:23.130935+00:00
6670,1397.475,,,paper_single_prompt,1397.475 + (0 * 73.35),mistralai/Mistral-7B-Instruct-v0.3,TotalCharges,32,2026-04-22T07:43:23.130935+00:00
6671,1646.15,6034.85,4388.700000000001,paper_single_prompt,1646.15,mistralai/Mistral-7B-Instruct-v0.3,TotalCharges,32,2026-04-22T07:43:23.130935+00:00
6690,3349.1,3460.95,111.84999999999992,paper_single_prompt,"3349.1

Explanation:
- The given record has a tenure of 37 and a MonthlyCharg",mistralai/Mistral-7B-Instruct-v0.3,TotalCharges,32,2026-04-22T07:43:23.130935+00:00
6706,1397.475,19.9,1377.5749999999998,paper_single_prompt,1397.475,mistralai/Mistral-7B-Instruct-v0.3,TotalCharges,32,2026-04-22T07:43:23.130935+00:00
6717,3413.5,5746.15,2332.6499999999996,paper_single_prompt,"3413.5

Explanation:
- The given record has a tenure of 57 and MonthlyCharges",mistralai/Mistral-7B-Instruct-v0.3,TotalCharges,32,2026-04-22T07:43:23.130935+00:00
6733,1841.05,1411.35,429.7000000000001,paper_single_prompt,1841.05,mistralai/Mistral-7B-Instruct-v0.3,TotalCharges,32,2026-04-22T07:43:23.130935+00:00
6734,1397.475,593.75,803.7249999999999,paper_single_prompt,1397.475 + (12 * 50.25),mistralai/Mistral-7B-Instruct-v0.3,TotalCharges,32,2026-04-22T07:43:23.130935+00:00
6751,1397.475,1025.05,372.4249999999999,paper_single_prompt,1397.475 * 52 + 19.65 = 71803.45,mistralai/Mistral-7B-Instruct-v0.3,TotalCharges,32,2026-04-22T07:43:23.130935+00:00
6752,1437.05,552.1,884.9499999999999,paper_single_prompt,1437.05,mistralai/Mistral-7B-Instruct-v0.3,TotalCharges,32,2026-04-22T07:43:23.130935+00:00
6754,1397.475,,,paper_single_prompt,1397.475 + (0 * 61.9),mistralai/Mistral-7B-Instruct-v0.3,TotalCharges,32,2026-04-22T07:43:23.130935+00:00
6755,2358.8,3313.4,954.6,paper_single_prompt,"2358.8

Explanation:
- The given record has a tenure of 42 and MonthlyCharges",mistralai/Mistral-7B-Instruct-v0.3,TotalCharges,32,2026-04-22T07:43:23.130935+00:00
6757,1846.75,3014.65,1167.9,paper_single_prompt,1846.75,mistralai/Mistral-7B-Instruct-v0.3,TotalCharges,32,2026-04-22T07:43:23.130935+00:00
6765,1662.44,1673.4,10.960000000000036,paper_single_prompt,1662.44,mistralai/Mistral-7B-Instruct-v0.3,TotalCharges,32,2026-04-22T07:43:23.130935+00:00
6775,2486.75,4438.2,1951.45,paper_single_prompt,2486.75,mistralai/Mistral-7B-Instruct-v0.3,TotalCharges,32,2026-04-22T07:43:23.130935+00:00
6785,3861.6,6876.05,3014.4500000000003,paper_single_prompt,3861.6,mistralai/Mistral-7B-Instruct-v0.3,TotalCharges,32,2026-04-22T07:43:23.130935+00:00
6805,1846.65,7195.35,5348.700000000001,paper_single_prompt,1846.65,mistralai/Mistral-7B-Instruct-v0.3,TotalCharges,32,2026-04-22T07:43:23.130935+00:00
6815,2466.1,5102.35,2636.2500000000005,paper_single_prompt,"2466.1

Explanation:
- The given record has a tenure of 72 and a MonthlyCharg",mistralai/Mistral-7B-Instruct-v0.3,TotalCharges,32,2026-04-22T07:43:23.130935+00:00
6825,1886.55,2272.8,386.2500000000002,paper_single_prompt,1886.55,mistralai/Mistral-7B-Instruct-v0.3,TotalCharges,32,2026-04-22T07:43:23.130935+00:00
6831,1397.475,620.35,777.1249999999999,paper_single_prompt,1397.475 + (7 - 1) * 86.8,mistralai/Mistral-7B-Instruct-v0.3,TotalCharges,32,2026-04-22T07:43:23.130935+00:00
6839,1408.125,1129.75,278.375,paper_single_prompt,1408.125,mistralai/Mistral-7B-Instruct-v0.3,TotalCharges,32,2026-04-22T07:43:23.130935+00:00
6851,3346.7,3616.25,269.5500000000002,paper_single_prompt,"3346.7

Explanation:
- The given record has a tenure of 38 and a MonthlyCharg",mistralai/Mistral-7B-Instruct-v0.3,TotalCharges,32,2026-04-22T07:43:23.130935+00:00
6875,1397.475,1208.6,188.875,paper_single_prompt,1397.475 + (64 * 19.45),mistralai/Mistral-7B-Instruct-v0.3,TotalCharges,32,2026-04-22T07:43:23.130935+00:00
6894,1675.65,334.65,1341.0,paper_single_prompt,1675.65,mistralai/Mistral-7B-Instruct-v0.3,TotalCharges,32,2026-04-22T07:43:23.130935+00:00
6905,1135.5,1307.8,172.29999999999995,paper_single_prompt,"1135.5

Explanation:
- The given record has a tenure of 30, and MonthlyCharg",mistralai/Mistral-7B-Instruct-v0.3,TotalCharges,32,2026-04-22T07:43:23.130935+00:00
6910,1847.4,7882.5,6035.1,paper_single_prompt,"1847.4

Explanation:
- The given record has a tenure of 70, and MonthlyCharg",mistralai/Mistral-7B-Instruct-v0.3,TotalCharges,32,2026-04-22T07:43:23.130935+00:00
6918,3611.25,3361.05,250.19999999999985,paper_single_prompt,3611.25,mistralai/Mistral-7B-Instruct-v0.3,TotalCharges,32,2026-04-22T07:43:23.130935+00:00
6938,1843.64,4615.9,2772.2599999999993,paper_single_prompt,1843.64,mistralai/Mistral-7B-Instruct-v0.3,TotalCharges,32,2026-04-22T07:43:23.130935+00:00
6942,1648.0,1396.0,252.0,paper_single_prompt,1648.0,mistralai/Mistral-7B-Instruct-v0.3,TotalCharges,32,2026-04-22T07:43:23.130935+00:00
6949,2475.0,1151.05,1323.95,paper_single_prompt,2475.0,mistralai/Mistral-7B-Instruct-v0.3,TotalCharges,32,2026-04-22T07:43:23.130935+00:00
6967,2242.5,2196.15,46.34999999999991,paper_single_prompt,2242.5,mistralai/Mistral-7B-Instruct-v0.3,TotalCharges,32,2026-04-22T07:43:23.130935+00:00
6976,1632.0,4284.2,2652.2,paper_single_prompt,"1632

Explanation:
The imputed value is calculated by considering the domain hints and critical anti-collapse rules.",mistralai/Mistral-7B-Instruct-v0.3,TotalCharges,32,2026-04-22T07:43:23.130935+00:00
6990,1842.32,3366.05,1523.7300000000002,paper_single_prompt,1842.32,mistralai/Mistral-7B-Instruct-v0.3,TotalCharges,32,2026-04-22T07:43:23.130935+00:00
7002,2440.8,6794.75,4353.95,paper_single_prompt,"2440.8

Explanation:
- The given record has a tenure of 64 and a MonthlyCharg",mistralai/Mistral-7B-Instruct-v0.3,TotalCharges,32,2026-04-22T07:43:23.130935+00:00
7011,1444.32,272.15,1172.17,paper_single_prompt,1444.32,mistralai/Mistral-7B-Instruct-v0.3,TotalCharges,32,2026-04-22T07:43:23.130935+00:00
7022,2499.7,7544.3,5044.6,paper_single_prompt,"2499.7

Explanation:
- The given record has a tenure of 72 months and a MonthlyCh",mistralai/Mistral-7B-Instruct-v0.3,TotalCharges,32,2026-04-22T07:43:23.130935+00:00
7025,1887.15,1679.4,207.75,paper_single_prompt,1887.15,mistralai/Mistral-7B-Instruct-v0.3,TotalCharges,32,2026-04-22T07:43:23.130935+00:00
7034,1843.85,6886.25,5042.4,paper_single_prompt,1843.85,mistralai/Mistral-7B-Instruct-v0.3,TotalCharges,32,2026-04-22T07:43:23.130935+00:00
7037,1653.95,1419.4,234.54999999999995,paper_single_prompt,1653.95,mistralai/Mistral-7B-Instruct-v0.3,TotalCharges,32,2026-04-22T07:43:23.130935+00:00
